ISO-10303-21;
HEADER;
/* Generated by software containing ST-Developer
 * from STEP Tools, Inc. (www.steptools.com) 
 */
/* OPTION: strings as raw bytes, not using required /X/ escapes */

FILE_DESCRIPTION(
/* description */ ('Unknown'),
/* implementation_level */ '2;1');

FILE_NAME(
/* name */ '691351500003',
/* time_stamp */ '2021-01-04T16:10:04+01:00',
/* author */ ('Unknown'),
/* organization */ ('Unknown'),
/* preprocessor_version */ 'ST-DEVELOPER v16.7',
/* originating_system */ 'DEX',
/* authorisation */ $);

FILE_SCHEMA (('AUTOMOTIVE_DESIGN {1 0 10303 214 3 1 1}'));
ENDSEC;

DATA;
#10=PROPERTY_DEFINITION_REPRESENTATION(#14,#12);
#11=PROPERTY_DEFINITION_REPRESENTATION(#15,#13);
#12=REPRESENTATION('',(#16),#15372);
#13=REPRESENTATION('',(#17),#15372);
#14=PROPERTY_DEFINITION('pmi validation property','',#15387);
#15=PROPERTY_DEFINITION('pmi validation property','',#15387);
#16=VALUE_REPRESENTATION_ITEM('number of annotations',COUNT_MEASURE(0.));
#17=VALUE_REPRESENTATION_ITEM('number of views',COUNT_MEASURE(0.));
#18=TOROIDAL_SURFACE('',#10084,1.65,0.25);
#19=TOROIDAL_SURFACE('',#10085,1.65,0.25);
#20=TOROIDAL_SURFACE('',#10091,1.65,0.25);
#21=B_SPLINE_CURVE_WITH_KNOTS('',3,(#14563,#14564,#14565,#14566),
 .UNSPECIFIED.,.F.,.F.,(4,4),(1.0842021724855E-18,0.000156343764928112),
 .UNSPECIFIED.);
#22=B_SPLINE_CURVE_WITH_KNOTS('',3,(#14568,#14569,#14570,#14571),
 .UNSPECIFIED.,.F.,.F.,(4,4),(0.,0.00015630772155572),.UNSPECIFIED.);
#23=B_SPLINE_CURVE_WITH_KNOTS('',3,(#14578,#14579,#14580,#14581),
 .UNSPECIFIED.,.F.,.F.,(4,4),(0.,0.00015621820209509),.UNSPECIFIED.);
#24=B_SPLINE_CURVE_WITH_KNOTS('',3,(#14586,#14587,#14588,#14589),
 .UNSPECIFIED.,.F.,.F.,(4,4),(0.,0.000156235097680101),.UNSPECIFIED.);
#25=B_SPLINE_CURVE_WITH_KNOTS('',3,(#14646,#14647,#14648,#14649),
 .UNSPECIFIED.,.F.,.F.,(4,4),(0.,0.00015630772155572),.UNSPECIFIED.);
#26=B_SPLINE_CURVE_WITH_KNOTS('',3,(#14654,#14655,#14656,#14657),
 .UNSPECIFIED.,.F.,.F.,(4,4),(0.,0.000156343764928112),.UNSPECIFIED.);
#27=B_SPLINE_CURVE_WITH_KNOTS('',3,(#14665,#14666,#14667,#14668),
 .UNSPECIFIED.,.F.,.F.,(4,4),(9.69739903612216E-19,0.000156235097680101),
 .UNSPECIFIED.);
#28=B_SPLINE_CURVE_WITH_KNOTS('',3,(#14669,#14670,#14671,#14672),
 .UNSPECIFIED.,.F.,.F.,(4,4),(0.,0.000156218202095091),.UNSPECIFIED.);
#29=B_SPLINE_CURVE_WITH_KNOTS('',3,(#14720,#14721,#14722,#14723),
 .UNSPECIFIED.,.F.,.F.,(4,4),(0.00154009990275975,0.00193584209078682),
 .UNSPECIFIED.);
#30=B_SPLINE_CURVE_WITH_KNOTS('',3,(#14724,#14725,#14726,#14727),
 .UNSPECIFIED.,.F.,.F.,(4,4),(0.000335381831734223,0.000731620481535628),
 .UNSPECIFIED.);
#31=B_SPLINE_CURVE_WITH_KNOTS('',3,(#14729,#14730,#14731,#14732),
 .UNSPECIFIED.,.F.,.F.,(4,4),(0.00124008248038214,0.00163609914508954),
 .UNSPECIFIED.);
#32=B_SPLINE_CURVE_WITH_KNOTS('',3,(#14733,#14734,#14735,#14736),
 .UNSPECIFIED.,.F.,.F.,(4,4),(0.000856683420757701,0.00125299707768631),
 .UNSPECIFIED.);
#33=ELLIPSE('',#10025,1.13137084989848,0.8);
#34=ELLIPSE('',#10026,1.13137084989848,0.8);
#35=ELLIPSE('',#10031,1.69705627484771,1.2);
#36=ELLIPSE('',#10032,1.69705627484771,1.2);
#37=ELLIPSE('',#10055,1.13137084989848,0.8);
#38=ELLIPSE('',#10056,1.13137084989848,0.8);
#39=ELLIPSE('',#10061,1.69705627484771,1.2);
#40=ELLIPSE('',#10062,1.69705627484771,1.2);
#41=CONTEXT_DEPENDENT_SHAPE_REPRESENTATION(#63,#15389);
#42=CONTEXT_DEPENDENT_SHAPE_REPRESENTATION(#64,#15391);
#43=CONTEXT_DEPENDENT_SHAPE_REPRESENTATION(#65,#15393);
#44=CONTEXT_DEPENDENT_SHAPE_REPRESENTATION(#66,#15395);
#45=CONTEXT_DEPENDENT_SHAPE_REPRESENTATION(#67,#15396);
#46=CONTEXT_DEPENDENT_SHAPE_REPRESENTATION(#68,#15397);
#47=CONTEXT_DEPENDENT_SHAPE_REPRESENTATION(#69,#15398);
#48=CONTEXT_DEPENDENT_SHAPE_REPRESENTATION(#70,#15400);
#49=CONTEXT_DEPENDENT_SHAPE_REPRESENTATION(#71,#15401);
#50=CONTEXT_DEPENDENT_SHAPE_REPRESENTATION(#72,#15402);
#51=CONTEXT_DEPENDENT_SHAPE_REPRESENTATION(#73,#15403);
#52=NEXT_ASSEMBLY_USAGE_OCCURRENCE('691351500003','691351500003',
'691351500003',#15404,#15405,'');
#53=NEXT_ASSEMBLY_USAGE_OCCURRENCE('6913515000xx_CAGE',
'6913515000xx_CAGE','6913515000xx_CAGE',#15404,#15406,'');
#54=NEXT_ASSEMBLY_USAGE_OCCURRENCE('6913515000xx_PIN',
'6913515000xx_PIN','6913515000xx_PIN',#15404,#15407,'');
#55=NEXT_ASSEMBLY_USAGE_OCCURRENCE('6913515000xx_VIS',
'6913515000xx_VIS','6913515000xx_VIS',#15404,#15408,'');
#56=NEXT_ASSEMBLY_USAGE_OCCURRENCE('6913515000xx_VIS',
'6913515000xx_VIS','6913515000xx_VIS',#15404,#15408,'');
#57=NEXT_ASSEMBLY_USAGE_OCCURRENCE('6913515000xx_CAGE',
'6913515000xx_CAGE','6913515000xx_CAGE',#15404,#15406,'');
#58=NEXT_ASSEMBLY_USAGE_OCCURRENCE('6913515000xx_PIN',
'6913515000xx_PIN','6913515000xx_PIN',#15404,#15407,'');
#59=NEXT_ASSEMBLY_USAGE_OCCURRENCE('691351500003_CAPOT',
'691351500003_CAPOT','691351500003_CAPOT',#15404,#15409,'');
#60=NEXT_ASSEMBLY_USAGE_OCCURRENCE('6913515000xx_VIS',
'6913515000xx_VIS','6913515000xx_VIS',#15404,#15408,'');
#61=NEXT_ASSEMBLY_USAGE_OCCURRENCE('6913515000xx_CAGE',
'6913515000xx_CAGE','6913515000xx_CAGE',#15404,#15406,'');
#62=NEXT_ASSEMBLY_USAGE_OCCURRENCE('6913515000xx_PIN',
'6913515000xx_PIN','6913515000xx_PIN',#15404,#15407,'');
#63=(
REPRESENTATION_RELATIONSHIP(' ',' ',#9539,#9540)
REPRESENTATION_RELATIONSHIP_WITH_TRANSFORMATION(#74)
SHAPE_REPRESENTATION_RELATIONSHIP()
);
#64=(
REPRESENTATION_RELATIONSHIP(' ',' ',#9541,#9540)
REPRESENTATION_RELATIONSHIP_WITH_TRANSFORMATION(#75)
SHAPE_REPRESENTATION_RELATIONSHIP()
);
#65=(
REPRESENTATION_RELATIONSHIP(' ',' ',#9542,#9540)
REPRESENTATION_RELATIONSHIP_WITH_TRANSFORMATION(#76)
SHAPE_REPRESENTATION_RELATIONSHIP()
);
#66=(
REPRESENTATION_RELATIONSHIP(' ',' ',#9543,#9540)
REPRESENTATION_RELATIONSHIP_WITH_TRANSFORMATION(#77)
SHAPE_REPRESENTATION_RELATIONSHIP()
);
#67=(
REPRESENTATION_RELATIONSHIP(' ',' ',#9543,#9540)
REPRESENTATION_RELATIONSHIP_WITH_TRANSFORMATION(#78)
SHAPE_REPRESENTATION_RELATIONSHIP()
);
#68=(
REPRESENTATION_RELATIONSHIP(' ',' ',#9541,#9540)
REPRESENTATION_RELATIONSHIP_WITH_TRANSFORMATION(#79)
SHAPE_REPRESENTATION_RELATIONSHIP()
);
#69=(
REPRESENTATION_RELATIONSHIP(' ',' ',#9542,#9540)
REPRESENTATION_RELATIONSHIP_WITH_TRANSFORMATION(#80)
SHAPE_REPRESENTATION_RELATIONSHIP()
);
#70=(
REPRESENTATION_RELATIONSHIP(' ',' ',#9544,#9540)
REPRESENTATION_RELATIONSHIP_WITH_TRANSFORMATION(#81)
SHAPE_REPRESENTATION_RELATIONSHIP()
);
#71=(
REPRESENTATION_RELATIONSHIP(' ',' ',#9543,#9540)
REPRESENTATION_RELATIONSHIP_WITH_TRANSFORMATION(#82)
SHAPE_REPRESENTATION_RELATIONSHIP()
);
#72=(
REPRESENTATION_RELATIONSHIP(' ',' ',#9541,#9540)
REPRESENTATION_RELATIONSHIP_WITH_TRANSFORMATION(#83)
SHAPE_REPRESENTATION_RELATIONSHIP()
);
#73=(
REPRESENTATION_RELATIONSHIP(' ',' ',#9542,#9540)
REPRESENTATION_RELATIONSHIP_WITH_TRANSFORMATION(#84)
SHAPE_REPRESENTATION_RELATIONSHIP()
);
#74=ITEM_DEFINED_TRANSFORMATION(' ',' ',#9545,#9874);
#75=ITEM_DEFINED_TRANSFORMATION(' ',' ',#9545,#9894);
#76=ITEM_DEFINED_TRANSFORMATION(' ',' ',#9545,#10073);
#77=ITEM_DEFINED_TRANSFORMATION(' ',' ',#9545,#10102);
#78=ITEM_DEFINED_TRANSFORMATION(' ',' ',#9545,#10103);
#79=ITEM_DEFINED_TRANSFORMATION(' ',' ',#9545,#10104);
#80=ITEM_DEFINED_TRANSFORMATION(' ',' ',#9545,#10105);
#81=ITEM_DEFINED_TRANSFORMATION(' ',' ',#9545,#10222);
#82=ITEM_DEFINED_TRANSFORMATION(' ',' ',#9545,#10223);
#83=ITEM_DEFINED_TRANSFORMATION(' ',' ',#9545,#10224);
#84=ITEM_DEFINED_TRANSFORMATION(' ',' ',#9545,#10225);
#85=SHAPE_REPRESENTATION_RELATIONSHIP('','',#9539,#90);
#86=SHAPE_REPRESENTATION_RELATIONSHIP('','',#9541,#91);
#87=SHAPE_REPRESENTATION_RELATIONSHIP('','',#9542,#92);
#88=SHAPE_REPRESENTATION_RELATIONSHIP('','',#9543,#93);
#89=SHAPE_REPRESENTATION_RELATIONSHIP('','',#9544,#94);
#90=ADVANCED_BREP_SHAPE_REPRESENTATION('',(#9528),#15373);
#91=ADVANCED_BREP_SHAPE_REPRESENTATION('',(#9529),#15374);
#92=ADVANCED_BREP_SHAPE_REPRESENTATION('',(#9530),#15375);
#93=ADVANCED_BREP_SHAPE_REPRESENTATION('',(#9531),#15376);
#94=ADVANCED_BREP_SHAPE_REPRESENTATION('',(#9532),#15377);
#95=CONICAL_SURFACE('',#9664,1.5,0.785398163397449);
#96=CONICAL_SURFACE('',#9723,1.5,0.785398163397449);
#97=CONICAL_SURFACE('',#9767,1.5,0.785398163397449);
#98=CONICAL_SURFACE('',#10101,1.45,0.785398163397447);
#99=CIRCLE('',#9554,3.32257142857141);
#100=CIRCLE('',#9555,3.32257142857141);
#101=CIRCLE('',#9556,3.32257142857141);
#102=CIRCLE('',#9565,3.32257142857141);
#103=CIRCLE('',#9566,3.32257142857141);
#104=CIRCLE('',#9567,3.32257142857141);
#105=CIRCLE('',#9569,1.9);
#106=CIRCLE('',#9570,1.9);
#107=CIRCLE('',#9571,1.9);
#108=CIRCLE('',#9574,3.32257142857141);
#109=CIRCLE('',#9577,1.25);
#110=CIRCLE('',#9579,1.9);
#111=CIRCLE('',#9580,1.25);
#112=CIRCLE('',#9582,1.92694706725432);
#113=CIRCLE('',#9583,1.92694706725432);
#114=CIRCLE('',#9584,1.92694706725432);
#115=CIRCLE('',#9585,1.92694706725432);
#116=CIRCLE('',#9586,1.5);
#117=CIRCLE('',#9587,1.5);
#118=CIRCLE('',#9588,1.5);
#119=CIRCLE('',#9589,3.1);
#120=CIRCLE('',#9590,3.1);
#121=CIRCLE('',#9591,3.1);
#122=CIRCLE('',#9595,0.8);
#123=CIRCLE('',#9604,1.25);
#124=CIRCLE('',#9606,1.9);
#125=CIRCLE('',#9607,1.25);
#126=CIRCLE('',#9610,0.8);
#127=CIRCLE('',#9618,3.32257142857141);
#128=CIRCLE('',#9619,1.25);
#129=CIRCLE('',#9621,1.9);
#130=CIRCLE('',#9622,1.25);
#131=CIRCLE('',#9626,0.8);
#132=CIRCLE('',#9653,0.8);
#133=CIRCLE('',#9663,1.5);
#134=CIRCLE('',#9671,3.1);
#135=CIRCLE('',#9672,3.1);
#136=CIRCLE('',#9674,3.1);
#137=CIRCLE('',#9681,2.);
#138=CIRCLE('',#9682,2.);
#139=CIRCLE('',#9685,2.);
#140=CIRCLE('',#9686,2.);
#141=CIRCLE('',#9688,2.);
#142=CIRCLE('',#9689,2.);
#143=CIRCLE('',#9712,0.8);
#144=CIRCLE('',#9722,1.5);
#145=CIRCLE('',#9729,3.1);
#146=CIRCLE('',#9731,3.1);
#147=CIRCLE('',#9756,0.8);
#148=CIRCLE('',#9766,1.5);
#149=CIRCLE('',#9773,3.1);
#150=CIRCLE('',#9804,0.2);
#151=CIRCLE('',#9805,0.2);
#152=CIRCLE('',#9806,0.2);
#153=CIRCLE('',#9807,0.2);
#154=CIRCLE('',#9808,0.2);
#155=CIRCLE('',#9809,0.2);
#156=CIRCLE('',#9811,0.2);
#157=CIRCLE('',#9812,0.2);
#158=CIRCLE('',#9813,0.2);
#159=CIRCLE('',#9814,0.2);
#160=CIRCLE('',#9815,0.2);
#161=CIRCLE('',#9816,0.2);
#162=CIRCLE('',#9826,1.92694706725432);
#163=CIRCLE('',#9829,1.92694706725432);
#164=CIRCLE('',#9840,1.92694706725432);
#165=CIRCLE('',#9843,1.92694706725432);
#166=CIRCLE('',#9855,0.2);
#167=CIRCLE('',#9856,0.2);
#168=CIRCLE('',#9857,0.2);
#169=CIRCLE('',#9858,0.2);
#170=CIRCLE('',#9859,0.2);
#171=CIRCLE('',#9860,0.2);
#172=CIRCLE('',#9862,0.2);
#173=CIRCLE('',#9863,0.2);
#174=CIRCLE('',#9864,0.2);
#175=CIRCLE('',#9865,0.2);
#176=CIRCLE('',#9866,0.2);
#177=CIRCLE('',#9867,0.2);
#178=CIRCLE('',#9876,1.475);
#179=CIRCLE('',#9879,1.475);
#180=CIRCLE('',#9881,1.475);
#181=CIRCLE('',#9890,1.475);
#182=CIRCLE('',#9892,1.475);
#183=CIRCLE('',#9897,1.2);
#184=CIRCLE('',#9898,1.2);
#185=CIRCLE('',#9901,0.6);
#186=CIRCLE('',#9902,0.6);
#187=CIRCLE('',#9905,0.8);
#188=CIRCLE('',#9906,0.8);
#189=CIRCLE('',#9909,0.2);
#190=CIRCLE('',#9910,0.2);
#191=CIRCLE('',#9912,0.410898595490235);
#192=CIRCLE('',#9913,0.0108985954902347);
#193=CIRCLE('',#9915,0.6);
#194=CIRCLE('',#9916,0.6);
#195=CIRCLE('',#9919,1.2);
#196=CIRCLE('',#9920,1.2);
#197=CIRCLE('',#9923,0.2);
#198=CIRCLE('',#9924,0.2);
#199=CIRCLE('',#9927,0.8);
#200=CIRCLE('',#9928,0.8);
#201=CIRCLE('',#9931,0.01);
#202=CIRCLE('',#9932,0.01);
#203=CIRCLE('',#9933,0.41);
#204=CIRCLE('',#9934,0.41);
#205=CIRCLE('',#9936,0.01);
#206=CIRCLE('',#9937,0.41);
#207=CIRCLE('',#9938,0.41);
#208=CIRCLE('',#9939,0.01);
#209=CIRCLE('',#9941,0.0108985954902347);
#210=CIRCLE('',#9942,0.410898595490235);
#211=CIRCLE('',#9946,0.547915345450313);
#212=CIRCLE('',#9947,0.547915345450313);
#213=CIRCLE('',#9948,0.547915345450313);
#214=CIRCLE('',#9949,0.547915345450313);
#215=CIRCLE('',#9950,0.547915345450313);
#216=CIRCLE('',#9951,0.819924256397548);
#217=CIRCLE('',#9952,0.01);
#218=CIRCLE('',#9953,0.41);
#219=CIRCLE('',#9954,1.21992425639755);
#220=CIRCLE('',#9955,0.147915345450313);
#221=CIRCLE('',#9956,0.947915345450313);
#222=CIRCLE('',#9957,0.147915345450313);
#223=CIRCLE('',#9958,0.947915345450313);
#224=CIRCLE('',#9959,0.147915345450313);
#225=CIRCLE('',#9962,0.147915345450313);
#226=CIRCLE('',#9963,0.947915345450313);
#227=CIRCLE('',#9964,0.147915345450313);
#228=CIRCLE('',#9965,0.947915345450313);
#229=CIRCLE('',#9966,0.147915345450313);
#230=CIRCLE('',#9967,1.21992425639755);
#231=CIRCLE('',#9968,0.41);
#232=CIRCLE('',#9969,0.01);
#233=CIRCLE('',#9970,0.819924256397548);
#234=CIRCLE('',#9971,0.547915345450313);
#235=CIRCLE('',#9972,0.547915345450313);
#236=CIRCLE('',#9973,0.547915345450313);
#237=CIRCLE('',#9974,0.547915345450313);
#238=CIRCLE('',#9975,0.547915345450313);
#239=CIRCLE('',#9979,0.2);
#240=CIRCLE('',#9980,0.2);
#241=CIRCLE('',#9989,0.2);
#242=CIRCLE('',#9990,0.2);
#243=CIRCLE('',#10018,0.8);
#244=CIRCLE('',#10019,1.2);
#245=CIRCLE('',#10022,1.2);
#246=CIRCLE('',#10023,0.8);
#247=CIRCLE('',#10028,0.2);
#248=CIRCLE('',#10029,0.2);
#249=CIRCLE('',#10034,0.2);
#250=CIRCLE('',#10035,0.2);
#251=CIRCLE('',#10045,1.2);
#252=CIRCLE('',#10046,0.8);
#253=CIRCLE('',#10048,0.8);
#254=CIRCLE('',#10049,1.2);
#255=CIRCLE('',#10052,0.2);
#256=CIRCLE('',#10053,0.2);
#257=CIRCLE('',#10058,0.2);
#258=CIRCLE('',#10059,0.2);
#259=CIRCLE('',#10075,1.9);
#260=CIRCLE('',#10076,1.9);
#261=CIRCLE('',#10077,1.9);
#262=CIRCLE('',#10078,1.9);
#263=CIRCLE('',#10079,1.9);
#264=CIRCLE('',#10081,1.65);
#265=CIRCLE('',#10083,1.65);
#266=CIRCLE('',#10087,1.45);
#267=CIRCLE('',#10088,1.45);
#268=CIRCLE('',#10090,1.65);
#269=CIRCLE('',#10096,1.1);
#270=CIRCLE('',#10097,1.1);
#271=CIRCLE('',#10099,1.25);
#272=CYLINDRICAL_SURFACE('',#9553,3.32257142857141);
#273=CYLINDRICAL_SURFACE('',#9564,3.32257142857141);
#274=CYLINDRICAL_SURFACE('',#9652,0.8);
#275=CYLINDRICAL_SURFACE('',#9662,1.5);
#276=CYLINDRICAL_SURFACE('',#9670,3.1);
#277=CYLINDRICAL_SURFACE('',#9680,2.);
#278=CYLINDRICAL_SURFACE('',#9690,1.9);
#279=CYLINDRICAL_SURFACE('',#9691,1.25);
#280=CYLINDRICAL_SURFACE('',#9700,3.32257142857141);
#281=CYLINDRICAL_SURFACE('',#9711,0.8);
#282=CYLINDRICAL_SURFACE('',#9721,1.5);
#283=CYLINDRICAL_SURFACE('',#9728,3.1);
#284=CYLINDRICAL_SURFACE('',#9733,2.);
#285=CYLINDRICAL_SURFACE('',#9735,1.9);
#286=CYLINDRICAL_SURFACE('',#9736,1.25);
#287=CYLINDRICAL_SURFACE('',#9755,0.8);
#288=CYLINDRICAL_SURFACE('',#9765,1.5);
#289=CYLINDRICAL_SURFACE('',#9772,3.1);
#290=CYLINDRICAL_SURFACE('',#9776,2.);
#291=CYLINDRICAL_SURFACE('',#9779,1.9);
#292=CYLINDRICAL_SURFACE('',#9780,1.25);
#293=CYLINDRICAL_SURFACE('',#9817,0.2);
#294=CYLINDRICAL_SURFACE('',#9818,0.2);
#295=CYLINDRICAL_SURFACE('',#9819,0.2);
#296=CYLINDRICAL_SURFACE('',#9820,0.2);
#297=CYLINDRICAL_SURFACE('',#9821,0.2);
#298=CYLINDRICAL_SURFACE('',#9822,0.2);
#299=CYLINDRICAL_SURFACE('',#9825,1.92694706725432);
#300=CYLINDRICAL_SURFACE('',#9828,1.92694706725432);
#301=CYLINDRICAL_SURFACE('',#9839,1.92694706725432);
#302=CYLINDRICAL_SURFACE('',#9842,1.92694706725432);
#303=CYLINDRICAL_SURFACE('',#9868,0.2);
#304=CYLINDRICAL_SURFACE('',#9869,0.2);
#305=CYLINDRICAL_SURFACE('',#9870,0.2);
#306=CYLINDRICAL_SURFACE('',#9871,0.2);
#307=CYLINDRICAL_SURFACE('',#9872,0.2);
#308=CYLINDRICAL_SURFACE('',#9873,0.2);
#309=CYLINDRICAL_SURFACE('',#9891,1.475);
#310=CYLINDRICAL_SURFACE('',#9896,1.2);
#311=CYLINDRICAL_SURFACE('',#9900,0.6);
#312=CYLINDRICAL_SURFACE('',#9904,0.8);
#313=CYLINDRICAL_SURFACE('',#9908,0.2);
#314=CYLINDRICAL_SURFACE('',#9914,0.6);
#315=CYLINDRICAL_SURFACE('',#9918,1.2);
#316=CYLINDRICAL_SURFACE('',#9922,0.2);
#317=CYLINDRICAL_SURFACE('',#9926,0.8);
#318=CYLINDRICAL_SURFACE('',#9981,0.547915345450313);
#319=CYLINDRICAL_SURFACE('',#9982,0.547915345450313);
#320=CYLINDRICAL_SURFACE('',#9983,0.547915345450313);
#321=CYLINDRICAL_SURFACE('',#9984,0.547915345450313);
#322=CYLINDRICAL_SURFACE('',#9985,0.547915345450313);
#323=CYLINDRICAL_SURFACE('',#9986,0.819924256397548);
#324=CYLINDRICAL_SURFACE('',#9991,0.147915345450313);
#325=CYLINDRICAL_SURFACE('',#9992,0.947915345450313);
#326=CYLINDRICAL_SURFACE('',#9993,0.147915345450313);
#327=CYLINDRICAL_SURFACE('',#9994,0.947915345450313);
#328=CYLINDRICAL_SURFACE('',#9995,0.147915345450313);
#329=CYLINDRICAL_SURFACE('',#9996,1.21992425639755);
#330=CYLINDRICAL_SURFACE('',#10000,0.41);
#331=CYLINDRICAL_SURFACE('',#10001,0.01);
#332=CYLINDRICAL_SURFACE('',#10006,0.41);
#333=CYLINDRICAL_SURFACE('',#10007,0.01);
#334=CYLINDRICAL_SURFACE('',#10010,0.41);
#335=CYLINDRICAL_SURFACE('',#10011,0.01);
#336=CYLINDRICAL_SURFACE('',#10013,0.410898595490235);
#337=CYLINDRICAL_SURFACE('',#10015,0.0108985954902347);
#338=CYLINDRICAL_SURFACE('',#10024,0.8);
#339=CYLINDRICAL_SURFACE('',#10030,1.2);
#340=CYLINDRICAL_SURFACE('',#10040,0.2);
#341=CYLINDRICAL_SURFACE('',#10041,0.2);
#342=CYLINDRICAL_SURFACE('',#10042,0.2);
#343=CYLINDRICAL_SURFACE('',#10043,0.2);
#344=CYLINDRICAL_SURFACE('',#10054,0.8);
#345=CYLINDRICAL_SURFACE('',#10060,1.2);
#346=CYLINDRICAL_SURFACE('',#10067,0.2);
#347=CYLINDRICAL_SURFACE('',#10068,0.2);
#348=CYLINDRICAL_SURFACE('',#10069,0.2);
#349=CYLINDRICAL_SURFACE('',#10070,0.2);
#350=CYLINDRICAL_SURFACE('',#10071,0.2);
#351=CYLINDRICAL_SURFACE('',#10072,0.2);
#352=CYLINDRICAL_SURFACE('',#10074,1.9);
#353=CYLINDRICAL_SURFACE('',#10086,1.45);
#354=CYLINDRICAL_SURFACE('',#10095,1.1);
#355=ORIENTED_EDGE('',*,*,#2941,.T.);
#356=ORIENTED_EDGE('',*,*,#2942,.F.);
#357=ORIENTED_EDGE('',*,*,#2943,.F.);
#358=ORIENTED_EDGE('',*,*,#2944,.T.);
#359=ORIENTED_EDGE('',*,*,#2945,.T.);
#360=ORIENTED_EDGE('',*,*,#2946,.T.);
#361=ORIENTED_EDGE('',*,*,#2947,.T.);
#362=ORIENTED_EDGE('',*,*,#2948,.T.);
#363=ORIENTED_EDGE('',*,*,#2949,.T.);
#364=ORIENTED_EDGE('',*,*,#2950,.T.);
#365=ORIENTED_EDGE('',*,*,#2951,.T.);
#366=ORIENTED_EDGE('',*,*,#2952,.T.);
#367=ORIENTED_EDGE('',*,*,#2953,.T.);
#368=ORIENTED_EDGE('',*,*,#2954,.T.);
#369=ORIENTED_EDGE('',*,*,#2955,.F.);
#370=ORIENTED_EDGE('',*,*,#2956,.F.);
#371=ORIENTED_EDGE('',*,*,#2957,.T.);
#372=ORIENTED_EDGE('',*,*,#2958,.T.);
#373=ORIENTED_EDGE('',*,*,#2959,.F.);
#374=ORIENTED_EDGE('',*,*,#2960,.T.);
#375=ORIENTED_EDGE('',*,*,#2949,.F.);
#376=ORIENTED_EDGE('',*,*,#2961,.T.);
#377=ORIENTED_EDGE('',*,*,#2962,.F.);
#378=ORIENTED_EDGE('',*,*,#2963,.F.);
#379=ORIENTED_EDGE('',*,*,#2964,.F.);
#380=ORIENTED_EDGE('',*,*,#2965,.T.);
#381=ORIENTED_EDGE('',*,*,#2966,.T.);
#382=ORIENTED_EDGE('',*,*,#2967,.T.);
#383=ORIENTED_EDGE('',*,*,#2968,.F.);
#384=ORIENTED_EDGE('',*,*,#2969,.T.);
#385=ORIENTED_EDGE('',*,*,#2970,.F.);
#386=ORIENTED_EDGE('',*,*,#2971,.T.);
#387=ORIENTED_EDGE('',*,*,#2972,.F.);
#388=ORIENTED_EDGE('',*,*,#2973,.F.);
#389=ORIENTED_EDGE('',*,*,#2974,.T.);
#390=ORIENTED_EDGE('',*,*,#2975,.T.);
#391=ORIENTED_EDGE('',*,*,#2976,.T.);
#392=ORIENTED_EDGE('',*,*,#2977,.T.);
#393=ORIENTED_EDGE('',*,*,#2978,.T.);
#394=ORIENTED_EDGE('',*,*,#2979,.T.);
#395=ORIENTED_EDGE('',*,*,#2980,.T.);
#396=ORIENTED_EDGE('',*,*,#2981,.F.);
#397=ORIENTED_EDGE('',*,*,#2982,.T.);
#398=ORIENTED_EDGE('',*,*,#2983,.T.);
#399=ORIENTED_EDGE('',*,*,#2984,.F.);
#400=ORIENTED_EDGE('',*,*,#2985,.T.);
#401=ORIENTED_EDGE('',*,*,#2986,.F.);
#402=ORIENTED_EDGE('',*,*,#2987,.T.);
#403=ORIENTED_EDGE('',*,*,#2988,.T.);
#404=ORIENTED_EDGE('',*,*,#2989,.T.);
#405=ORIENTED_EDGE('',*,*,#2990,.T.);
#406=ORIENTED_EDGE('',*,*,#2991,.T.);
#407=ORIENTED_EDGE('',*,*,#2967,.F.);
#408=ORIENTED_EDGE('',*,*,#2992,.T.);
#409=ORIENTED_EDGE('',*,*,#2993,.F.);
#410=ORIENTED_EDGE('',*,*,#2994,.T.);
#411=ORIENTED_EDGE('',*,*,#2995,.T.);
#412=ORIENTED_EDGE('',*,*,#2996,.F.);
#413=ORIENTED_EDGE('',*,*,#2997,.F.);
#414=ORIENTED_EDGE('',*,*,#2993,.T.);
#415=ORIENTED_EDGE('',*,*,#2998,.F.);
#416=ORIENTED_EDGE('',*,*,#2999,.T.);
#417=ORIENTED_EDGE('',*,*,#3000,.F.);
#418=ORIENTED_EDGE('',*,*,#3001,.T.);
#419=ORIENTED_EDGE('',*,*,#3002,.T.);
#420=ORIENTED_EDGE('',*,*,#2999,.F.);
#421=ORIENTED_EDGE('',*,*,#3003,.F.);
#422=ORIENTED_EDGE('',*,*,#2980,.F.);
#423=ORIENTED_EDGE('',*,*,#3004,.F.);
#424=ORIENTED_EDGE('',*,*,#3005,.T.);
#425=ORIENTED_EDGE('',*,*,#3006,.F.);
#426=ORIENTED_EDGE('',*,*,#3007,.T.);
#427=ORIENTED_EDGE('',*,*,#3008,.T.);
#428=ORIENTED_EDGE('',*,*,#2996,.T.);
#429=ORIENTED_EDGE('',*,*,#3009,.F.);
#430=ORIENTED_EDGE('',*,*,#3010,.T.);
#431=ORIENTED_EDGE('',*,*,#3011,.T.);
#432=ORIENTED_EDGE('',*,*,#3012,.T.);
#433=ORIENTED_EDGE('',*,*,#3013,.F.);
#434=ORIENTED_EDGE('',*,*,#3014,.T.);
#435=ORIENTED_EDGE('',*,*,#2945,.F.);
#436=ORIENTED_EDGE('',*,*,#3015,.F.);
#437=ORIENTED_EDGE('',*,*,#3016,.F.);
#438=ORIENTED_EDGE('',*,*,#3017,.T.);
#439=ORIENTED_EDGE('',*,*,#3018,.T.);
#440=ORIENTED_EDGE('',*,*,#3019,.F.);
#441=ORIENTED_EDGE('',*,*,#3020,.T.);
#442=ORIENTED_EDGE('',*,*,#3021,.F.);
#443=ORIENTED_EDGE('',*,*,#3022,.T.);
#444=ORIENTED_EDGE('',*,*,#3023,.F.);
#445=ORIENTED_EDGE('',*,*,#3024,.F.);
#446=ORIENTED_EDGE('',*,*,#3025,.T.);
#447=ORIENTED_EDGE('',*,*,#3026,.T.);
#448=ORIENTED_EDGE('',*,*,#3027,.T.);
#449=ORIENTED_EDGE('',*,*,#3028,.T.);
#450=ORIENTED_EDGE('',*,*,#3029,.T.);
#451=ORIENTED_EDGE('',*,*,#3030,.T.);
#452=ORIENTED_EDGE('',*,*,#3031,.T.);
#453=ORIENTED_EDGE('',*,*,#3032,.F.);
#454=ORIENTED_EDGE('',*,*,#3033,.T.);
#455=ORIENTED_EDGE('',*,*,#3034,.T.);
#456=ORIENTED_EDGE('',*,*,#3035,.F.);
#457=ORIENTED_EDGE('',*,*,#3036,.T.);
#458=ORIENTED_EDGE('',*,*,#3037,.F.);
#459=ORIENTED_EDGE('',*,*,#3038,.T.);
#460=ORIENTED_EDGE('',*,*,#3039,.T.);
#461=ORIENTED_EDGE('',*,*,#3040,.T.);
#462=ORIENTED_EDGE('',*,*,#3041,.T.);
#463=ORIENTED_EDGE('',*,*,#3042,.T.);
#464=ORIENTED_EDGE('',*,*,#3018,.F.);
#465=ORIENTED_EDGE('',*,*,#3043,.T.);
#466=ORIENTED_EDGE('',*,*,#3044,.F.);
#467=ORIENTED_EDGE('',*,*,#3045,.T.);
#468=ORIENTED_EDGE('',*,*,#3046,.T.);
#469=ORIENTED_EDGE('',*,*,#3047,.F.);
#470=ORIENTED_EDGE('',*,*,#3048,.F.);
#471=ORIENTED_EDGE('',*,*,#3044,.T.);
#472=ORIENTED_EDGE('',*,*,#3049,.F.);
#473=ORIENTED_EDGE('',*,*,#3050,.T.);
#474=ORIENTED_EDGE('',*,*,#3051,.F.);
#475=ORIENTED_EDGE('',*,*,#3052,.T.);
#476=ORIENTED_EDGE('',*,*,#3053,.T.);
#477=ORIENTED_EDGE('',*,*,#3050,.F.);
#478=ORIENTED_EDGE('',*,*,#3054,.F.);
#479=ORIENTED_EDGE('',*,*,#3031,.F.);
#480=ORIENTED_EDGE('',*,*,#3055,.F.);
#481=ORIENTED_EDGE('',*,*,#3056,.T.);
#482=ORIENTED_EDGE('',*,*,#3057,.F.);
#483=ORIENTED_EDGE('',*,*,#3058,.T.);
#484=ORIENTED_EDGE('',*,*,#3000,.T.);
#485=ORIENTED_EDGE('',*,*,#3059,.T.);
#486=ORIENTED_EDGE('',*,*,#3047,.T.);
#487=ORIENTED_EDGE('',*,*,#3060,.T.);
#488=ORIENTED_EDGE('',*,*,#3061,.T.);
#489=ORIENTED_EDGE('',*,*,#3062,.T.);
#490=ORIENTED_EDGE('',*,*,#3063,.T.);
#491=ORIENTED_EDGE('',*,*,#3064,.T.);
#492=ORIENTED_EDGE('',*,*,#3065,.F.);
#493=ORIENTED_EDGE('',*,*,#3066,.T.);
#494=ORIENTED_EDGE('',*,*,#3067,.T.);
#495=ORIENTED_EDGE('',*,*,#3068,.T.);
#496=ORIENTED_EDGE('',*,*,#3069,.T.);
#497=ORIENTED_EDGE('',*,*,#3070,.T.);
#498=ORIENTED_EDGE('',*,*,#3071,.T.);
#499=ORIENTED_EDGE('',*,*,#3072,.T.);
#500=ORIENTED_EDGE('',*,*,#3073,.T.);
#501=ORIENTED_EDGE('',*,*,#3074,.T.);
#502=ORIENTED_EDGE('',*,*,#3075,.T.);
#503=ORIENTED_EDGE('',*,*,#3076,.T.);
#504=ORIENTED_EDGE('',*,*,#3077,.T.);
#505=ORIENTED_EDGE('',*,*,#3078,.T.);
#506=ORIENTED_EDGE('',*,*,#3079,.T.);
#507=ORIENTED_EDGE('',*,*,#3080,.T.);
#508=ORIENTED_EDGE('',*,*,#3081,.F.);
#509=ORIENTED_EDGE('',*,*,#3082,.T.);
#510=ORIENTED_EDGE('',*,*,#3083,.T.);
#511=ORIENTED_EDGE('',*,*,#3084,.T.);
#512=ORIENTED_EDGE('',*,*,#3085,.T.);
#513=ORIENTED_EDGE('',*,*,#3086,.T.);
#514=ORIENTED_EDGE('',*,*,#3087,.T.);
#515=ORIENTED_EDGE('',*,*,#3088,.T.);
#516=ORIENTED_EDGE('',*,*,#3089,.T.);
#517=ORIENTED_EDGE('',*,*,#3090,.T.);
#518=ORIENTED_EDGE('',*,*,#3091,.T.);
#519=ORIENTED_EDGE('',*,*,#3092,.T.);
#520=ORIENTED_EDGE('',*,*,#3093,.T.);
#521=ORIENTED_EDGE('',*,*,#3094,.T.);
#522=ORIENTED_EDGE('',*,*,#3006,.T.);
#523=ORIENTED_EDGE('',*,*,#3095,.T.);
#524=ORIENTED_EDGE('',*,*,#3096,.T.);
#525=ORIENTED_EDGE('',*,*,#3057,.T.);
#526=ORIENTED_EDGE('',*,*,#3097,.T.);
#527=ORIENTED_EDGE('',*,*,#3098,.T.);
#528=ORIENTED_EDGE('',*,*,#3099,.T.);
#529=ORIENTED_EDGE('',*,*,#3100,.T.);
#530=ORIENTED_EDGE('',*,*,#3101,.F.);
#531=ORIENTED_EDGE('',*,*,#3102,.T.);
#532=ORIENTED_EDGE('',*,*,#3103,.T.);
#533=ORIENTED_EDGE('',*,*,#3104,.T.);
#534=ORIENTED_EDGE('',*,*,#3105,.F.);
#535=ORIENTED_EDGE('',*,*,#3106,.F.);
#536=ORIENTED_EDGE('',*,*,#3107,.T.);
#537=ORIENTED_EDGE('',*,*,#3108,.T.);
#538=ORIENTED_EDGE('',*,*,#3109,.T.);
#539=ORIENTED_EDGE('',*,*,#3110,.T.);
#540=ORIENTED_EDGE('',*,*,#3111,.T.);
#541=ORIENTED_EDGE('',*,*,#3112,.T.);
#542=ORIENTED_EDGE('',*,*,#3113,.T.);
#543=ORIENTED_EDGE('',*,*,#3114,.T.);
#544=ORIENTED_EDGE('',*,*,#3115,.T.);
#545=ORIENTED_EDGE('',*,*,#3116,.T.);
#546=ORIENTED_EDGE('',*,*,#3117,.T.);
#547=ORIENTED_EDGE('',*,*,#3118,.T.);
#548=ORIENTED_EDGE('',*,*,#2966,.F.);
#549=ORIENTED_EDGE('',*,*,#3119,.T.);
#550=ORIENTED_EDGE('',*,*,#3120,.T.);
#551=ORIENTED_EDGE('',*,*,#3121,.F.);
#552=ORIENTED_EDGE('',*,*,#3122,.F.);
#553=ORIENTED_EDGE('',*,*,#3123,.T.);
#554=ORIENTED_EDGE('',*,*,#3032,.T.);
#555=ORIENTED_EDGE('',*,*,#3054,.T.);
#556=ORIENTED_EDGE('',*,*,#3049,.T.);
#557=ORIENTED_EDGE('',*,*,#3043,.F.);
#558=ORIENTED_EDGE('',*,*,#3017,.F.);
#559=ORIENTED_EDGE('',*,*,#3124,.T.);
#560=ORIENTED_EDGE('',*,*,#2981,.T.);
#561=ORIENTED_EDGE('',*,*,#3003,.T.);
#562=ORIENTED_EDGE('',*,*,#2998,.T.);
#563=ORIENTED_EDGE('',*,*,#2992,.F.);
#564=ORIENTED_EDGE('',*,*,#3125,.T.);
#565=ORIENTED_EDGE('',*,*,#3126,.T.);
#566=ORIENTED_EDGE('',*,*,#3127,.T.);
#567=ORIENTED_EDGE('',*,*,#3128,.T.);
#568=ORIENTED_EDGE('',*,*,#3129,.T.);
#569=ORIENTED_EDGE('',*,*,#3130,.T.);
#570=ORIENTED_EDGE('',*,*,#3131,.T.);
#571=ORIENTED_EDGE('',*,*,#3132,.T.);
#572=ORIENTED_EDGE('',*,*,#3133,.T.);
#573=ORIENTED_EDGE('',*,*,#3134,.T.);
#574=ORIENTED_EDGE('',*,*,#3135,.T.);
#575=ORIENTED_EDGE('',*,*,#3136,.T.);
#576=ORIENTED_EDGE('',*,*,#3008,.F.);
#577=ORIENTED_EDGE('',*,*,#3137,.F.);
#578=ORIENTED_EDGE('',*,*,#3138,.T.);
#579=ORIENTED_EDGE('',*,*,#3139,.F.);
#580=ORIENTED_EDGE('',*,*,#3140,.F.);
#581=ORIENTED_EDGE('',*,*,#3141,.T.);
#582=ORIENTED_EDGE('',*,*,#3142,.T.);
#583=ORIENTED_EDGE('',*,*,#2968,.T.);
#584=ORIENTED_EDGE('',*,*,#3143,.T.);
#585=ORIENTED_EDGE('',*,*,#3144,.F.);
#586=ORIENTED_EDGE('',*,*,#3145,.T.);
#587=ORIENTED_EDGE('',*,*,#3146,.F.);
#588=ORIENTED_EDGE('',*,*,#3147,.F.);
#589=ORIENTED_EDGE('',*,*,#3148,.F.);
#590=ORIENTED_EDGE('',*,*,#3149,.F.);
#591=ORIENTED_EDGE('',*,*,#3150,.F.);
#592=ORIENTED_EDGE('',*,*,#3151,.F.);
#593=ORIENTED_EDGE('',*,*,#3152,.F.);
#594=ORIENTED_EDGE('',*,*,#3153,.F.);
#595=ORIENTED_EDGE('',*,*,#3154,.F.);
#596=ORIENTED_EDGE('',*,*,#3155,.F.);
#597=ORIENTED_EDGE('',*,*,#3156,.T.);
#598=ORIENTED_EDGE('',*,*,#3157,.T.);
#599=ORIENTED_EDGE('',*,*,#3158,.T.);
#600=ORIENTED_EDGE('',*,*,#3159,.T.);
#601=ORIENTED_EDGE('',*,*,#3160,.T.);
#602=ORIENTED_EDGE('',*,*,#3161,.T.);
#603=ORIENTED_EDGE('',*,*,#3012,.F.);
#604=ORIENTED_EDGE('',*,*,#3162,.F.);
#605=ORIENTED_EDGE('',*,*,#3163,.F.);
#606=ORIENTED_EDGE('',*,*,#3164,.F.);
#607=ORIENTED_EDGE('',*,*,#3165,.F.);
#608=ORIENTED_EDGE('',*,*,#3166,.F.);
#609=ORIENTED_EDGE('',*,*,#3167,.F.);
#610=ORIENTED_EDGE('',*,*,#3168,.F.);
#611=ORIENTED_EDGE('',*,*,#3169,.F.);
#612=ORIENTED_EDGE('',*,*,#3170,.F.);
#613=ORIENTED_EDGE('',*,*,#3171,.F.);
#614=ORIENTED_EDGE('',*,*,#3172,.F.);
#615=ORIENTED_EDGE('',*,*,#3173,.F.);
#616=ORIENTED_EDGE('',*,*,#3174,.F.);
#617=ORIENTED_EDGE('',*,*,#3175,.T.);
#618=ORIENTED_EDGE('',*,*,#3176,.T.);
#619=ORIENTED_EDGE('',*,*,#3177,.T.);
#620=ORIENTED_EDGE('',*,*,#3178,.T.);
#621=ORIENTED_EDGE('',*,*,#3179,.T.);
#622=ORIENTED_EDGE('',*,*,#3180,.T.);
#623=ORIENTED_EDGE('',*,*,#3181,.T.);
#624=ORIENTED_EDGE('',*,*,#3182,.T.);
#625=ORIENTED_EDGE('',*,*,#3183,.T.);
#626=ORIENTED_EDGE('',*,*,#3184,.T.);
#627=ORIENTED_EDGE('',*,*,#3185,.T.);
#628=ORIENTED_EDGE('',*,*,#3186,.T.);
#629=ORIENTED_EDGE('',*,*,#3187,.F.);
#630=ORIENTED_EDGE('',*,*,#3188,.T.);
#631=ORIENTED_EDGE('',*,*,#2964,.T.);
#632=ORIENTED_EDGE('',*,*,#3189,.T.);
#633=ORIENTED_EDGE('',*,*,#3166,.T.);
#634=ORIENTED_EDGE('',*,*,#3190,.T.);
#635=ORIENTED_EDGE('',*,*,#3191,.F.);
#636=ORIENTED_EDGE('',*,*,#2971,.F.);
#637=ORIENTED_EDGE('',*,*,#3192,.F.);
#638=ORIENTED_EDGE('',*,*,#3193,.F.);
#639=ORIENTED_EDGE('',*,*,#3194,.T.);
#640=ORIENTED_EDGE('',*,*,#3195,.T.);
#641=ORIENTED_EDGE('',*,*,#3196,.T.);
#642=ORIENTED_EDGE('',*,*,#3197,.F.);
#643=ORIENTED_EDGE('',*,*,#3198,.F.);
#644=ORIENTED_EDGE('',*,*,#3199,.F.);
#645=ORIENTED_EDGE('',*,*,#3200,.F.);
#646=ORIENTED_EDGE('',*,*,#3201,.F.);
#647=ORIENTED_EDGE('',*,*,#3202,.F.);
#648=ORIENTED_EDGE('',*,*,#2975,.F.);
#649=ORIENTED_EDGE('',*,*,#3203,.F.);
#650=ORIENTED_EDGE('',*,*,#3204,.F.);
#651=ORIENTED_EDGE('',*,*,#3205,.F.);
#652=ORIENTED_EDGE('',*,*,#3206,.T.);
#653=ORIENTED_EDGE('',*,*,#3207,.T.);
#654=ORIENTED_EDGE('',*,*,#3208,.T.);
#655=ORIENTED_EDGE('',*,*,#3209,.F.);
#656=ORIENTED_EDGE('',*,*,#3210,.T.);
#657=ORIENTED_EDGE('',*,*,#3211,.F.);
#658=ORIENTED_EDGE('',*,*,#3212,.F.);
#659=ORIENTED_EDGE('',*,*,#3213,.T.);
#660=ORIENTED_EDGE('',*,*,#3214,.T.);
#661=ORIENTED_EDGE('',*,*,#2977,.F.);
#662=ORIENTED_EDGE('',*,*,#3215,.T.);
#663=ORIENTED_EDGE('',*,*,#3216,.T.);
#664=ORIENTED_EDGE('',*,*,#3217,.F.);
#665=ORIENTED_EDGE('',*,*,#3138,.F.);
#666=ORIENTED_EDGE('',*,*,#3218,.F.);
#667=ORIENTED_EDGE('',*,*,#3219,.T.);
#668=ORIENTED_EDGE('',*,*,#2969,.F.);
#669=ORIENTED_EDGE('',*,*,#3142,.F.);
#670=ORIENTED_EDGE('',*,*,#3220,.F.);
#671=ORIENTED_EDGE('',*,*,#3221,.T.);
#672=ORIENTED_EDGE('',*,*,#3222,.T.);
#673=ORIENTED_EDGE('',*,*,#3223,.T.);
#674=ORIENTED_EDGE('',*,*,#3140,.T.);
#675=ORIENTED_EDGE('',*,*,#3224,.T.);
#676=ORIENTED_EDGE('',*,*,#3105,.T.);
#677=ORIENTED_EDGE('',*,*,#3225,.T.);
#678=ORIENTED_EDGE('',*,*,#3226,.F.);
#679=ORIENTED_EDGE('',*,*,#3059,.F.);
#680=ORIENTED_EDGE('',*,*,#2979,.F.);
#681=ORIENTED_EDGE('',*,*,#3227,.T.);
#682=ORIENTED_EDGE('',*,*,#3228,.F.);
#683=ORIENTED_EDGE('',*,*,#3229,.F.);
#684=ORIENTED_EDGE('',*,*,#3230,.T.);
#685=ORIENTED_EDGE('',*,*,#3231,.T.);
#686=ORIENTED_EDGE('',*,*,#3019,.T.);
#687=ORIENTED_EDGE('',*,*,#3232,.T.);
#688=ORIENTED_EDGE('',*,*,#3233,.F.);
#689=ORIENTED_EDGE('',*,*,#3234,.T.);
#690=ORIENTED_EDGE('',*,*,#3235,.F.);
#691=ORIENTED_EDGE('',*,*,#2962,.T.);
#692=ORIENTED_EDGE('',*,*,#3236,.T.);
#693=ORIENTED_EDGE('',*,*,#3237,.T.);
#694=ORIENTED_EDGE('',*,*,#3170,.T.);
#695=ORIENTED_EDGE('',*,*,#3238,.T.);
#696=ORIENTED_EDGE('',*,*,#3239,.F.);
#697=ORIENTED_EDGE('',*,*,#3022,.F.);
#698=ORIENTED_EDGE('',*,*,#3240,.F.);
#699=ORIENTED_EDGE('',*,*,#2989,.F.);
#700=ORIENTED_EDGE('',*,*,#3241,.T.);
#701=ORIENTED_EDGE('',*,*,#3242,.T.);
#702=ORIENTED_EDGE('',*,*,#3243,.T.);
#703=ORIENTED_EDGE('',*,*,#2985,.F.);
#704=ORIENTED_EDGE('',*,*,#3244,.F.);
#705=ORIENTED_EDGE('',*,*,#3245,.F.);
#706=ORIENTED_EDGE('',*,*,#3246,.F.);
#707=ORIENTED_EDGE('',*,*,#3247,.F.);
#708=ORIENTED_EDGE('',*,*,#3248,.F.);
#709=ORIENTED_EDGE('',*,*,#3026,.F.);
#710=ORIENTED_EDGE('',*,*,#3249,.F.);
#711=ORIENTED_EDGE('',*,*,#3250,.F.);
#712=ORIENTED_EDGE('',*,*,#2983,.F.);
#713=ORIENTED_EDGE('',*,*,#3251,.T.);
#714=ORIENTED_EDGE('',*,*,#3252,.T.);
#715=ORIENTED_EDGE('',*,*,#3253,.T.);
#716=ORIENTED_EDGE('',*,*,#3254,.F.);
#717=ORIENTED_EDGE('',*,*,#3255,.T.);
#718=ORIENTED_EDGE('',*,*,#3256,.F.);
#719=ORIENTED_EDGE('',*,*,#3257,.F.);
#720=ORIENTED_EDGE('',*,*,#3258,.T.);
#721=ORIENTED_EDGE('',*,*,#3259,.T.);
#722=ORIENTED_EDGE('',*,*,#3028,.F.);
#723=ORIENTED_EDGE('',*,*,#3260,.T.);
#724=ORIENTED_EDGE('',*,*,#3261,.T.);
#725=ORIENTED_EDGE('',*,*,#3262,.F.);
#726=ORIENTED_EDGE('',*,*,#3227,.F.);
#727=ORIENTED_EDGE('',*,*,#2991,.F.);
#728=ORIENTED_EDGE('',*,*,#3263,.T.);
#729=ORIENTED_EDGE('',*,*,#3020,.F.);
#730=ORIENTED_EDGE('',*,*,#3231,.F.);
#731=ORIENTED_EDGE('',*,*,#3264,.F.);
#732=ORIENTED_EDGE('',*,*,#3265,.T.);
#733=ORIENTED_EDGE('',*,*,#3266,.T.);
#734=ORIENTED_EDGE('',*,*,#3267,.T.);
#735=ORIENTED_EDGE('',*,*,#3229,.T.);
#736=ORIENTED_EDGE('',*,*,#3268,.F.);
#737=ORIENTED_EDGE('',*,*,#3030,.F.);
#738=ORIENTED_EDGE('',*,*,#3269,.T.);
#739=ORIENTED_EDGE('',*,*,#3270,.F.);
#740=ORIENTED_EDGE('',*,*,#3271,.F.);
#741=ORIENTED_EDGE('',*,*,#3272,.T.);
#742=ORIENTED_EDGE('',*,*,#3273,.T.);
#743=ORIENTED_EDGE('',*,*,#3274,.T.);
#744=ORIENTED_EDGE('',*,*,#3275,.T.);
#745=ORIENTED_EDGE('',*,*,#3276,.F.);
#746=ORIENTED_EDGE('',*,*,#3277,.T.);
#747=ORIENTED_EDGE('',*,*,#3278,.T.);
#748=ORIENTED_EDGE('',*,*,#3175,.F.);
#749=ORIENTED_EDGE('',*,*,#3279,.F.);
#750=ORIENTED_EDGE('',*,*,#3015,.T.);
#751=ORIENTED_EDGE('',*,*,#2944,.F.);
#752=ORIENTED_EDGE('',*,*,#3280,.F.);
#753=ORIENTED_EDGE('',*,*,#3281,.F.);
#754=ORIENTED_EDGE('',*,*,#3066,.F.);
#755=ORIENTED_EDGE('',*,*,#3282,.F.);
#756=ORIENTED_EDGE('',*,*,#3102,.F.);
#757=ORIENTED_EDGE('',*,*,#3283,.F.);
#758=ORIENTED_EDGE('',*,*,#3284,.F.);
#759=ORIENTED_EDGE('',*,*,#3082,.F.);
#760=ORIENTED_EDGE('',*,*,#3285,.F.);
#761=ORIENTED_EDGE('',*,*,#3186,.F.);
#762=ORIENTED_EDGE('',*,*,#3286,.T.);
#763=ORIENTED_EDGE('',*,*,#3287,.F.);
#764=ORIENTED_EDGE('',*,*,#3016,.T.);
#765=ORIENTED_EDGE('',*,*,#3279,.T.);
#766=ORIENTED_EDGE('',*,*,#3174,.T.);
#767=ORIENTED_EDGE('',*,*,#3288,.T.);
#768=ORIENTED_EDGE('',*,*,#3289,.F.);
#769=ORIENTED_EDGE('',*,*,#3290,.F.);
#770=ORIENTED_EDGE('',*,*,#3291,.F.);
#771=ORIENTED_EDGE('',*,*,#3040,.F.);
#772=ORIENTED_EDGE('',*,*,#3292,.T.);
#773=ORIENTED_EDGE('',*,*,#3293,.T.);
#774=ORIENTED_EDGE('',*,*,#3294,.T.);
#775=ORIENTED_EDGE('',*,*,#3036,.F.);
#776=ORIENTED_EDGE('',*,*,#3295,.F.);
#777=ORIENTED_EDGE('',*,*,#3296,.F.);
#778=ORIENTED_EDGE('',*,*,#3297,.F.);
#779=ORIENTED_EDGE('',*,*,#3298,.F.);
#780=ORIENTED_EDGE('',*,*,#3299,.F.);
#781=ORIENTED_EDGE('',*,*,#3300,.F.);
#782=ORIENTED_EDGE('',*,*,#3301,.F.);
#783=ORIENTED_EDGE('',*,*,#3302,.F.);
#784=ORIENTED_EDGE('',*,*,#3303,.F.);
#785=ORIENTED_EDGE('',*,*,#3100,.F.);
#786=ORIENTED_EDGE('',*,*,#3304,.T.);
#787=ORIENTED_EDGE('',*,*,#3274,.F.);
#788=ORIENTED_EDGE('',*,*,#3305,.T.);
#789=ORIENTED_EDGE('',*,*,#3306,.F.);
#790=ORIENTED_EDGE('',*,*,#3290,.T.);
#791=ORIENTED_EDGE('',*,*,#3307,.F.);
#792=ORIENTED_EDGE('',*,*,#3308,.F.);
#793=ORIENTED_EDGE('',*,*,#3309,.T.);
#794=ORIENTED_EDGE('',*,*,#3300,.T.);
#795=ORIENTED_EDGE('',*,*,#3310,.T.);
#796=ORIENTED_EDGE('',*,*,#3311,.T.);
#797=ORIENTED_EDGE('',*,*,#3312,.T.);
#798=ORIENTED_EDGE('',*,*,#3122,.T.);
#799=ORIENTED_EDGE('',*,*,#3313,.F.);
#800=ORIENTED_EDGE('',*,*,#3034,.F.);
#801=ORIENTED_EDGE('',*,*,#3314,.T.);
#802=ORIENTED_EDGE('',*,*,#3315,.T.);
#803=ORIENTED_EDGE('',*,*,#3316,.T.);
#804=ORIENTED_EDGE('',*,*,#3317,.F.);
#805=ORIENTED_EDGE('',*,*,#3318,.T.);
#806=ORIENTED_EDGE('',*,*,#3319,.F.);
#807=ORIENTED_EDGE('',*,*,#3320,.F.);
#808=ORIENTED_EDGE('',*,*,#3321,.T.);
#809=ORIENTED_EDGE('',*,*,#3322,.T.);
#810=ORIENTED_EDGE('',*,*,#3311,.F.);
#811=ORIENTED_EDGE('',*,*,#3323,.T.);
#812=ORIENTED_EDGE('',*,*,#3324,.T.);
#813=ORIENTED_EDGE('',*,*,#3325,.F.);
#814=ORIENTED_EDGE('',*,*,#3269,.F.);
#815=ORIENTED_EDGE('',*,*,#3042,.F.);
#816=ORIENTED_EDGE('',*,*,#3326,.T.);
#817=ORIENTED_EDGE('',*,*,#3305,.F.);
#818=ORIENTED_EDGE('',*,*,#3273,.F.);
#819=ORIENTED_EDGE('',*,*,#3327,.F.);
#820=ORIENTED_EDGE('',*,*,#3328,.T.);
#821=ORIENTED_EDGE('',*,*,#3329,.T.);
#822=ORIENTED_EDGE('',*,*,#3330,.T.);
#823=ORIENTED_EDGE('',*,*,#3271,.T.);
#824=ORIENTED_EDGE('',*,*,#3101,.T.);
#825=ORIENTED_EDGE('',*,*,#3303,.T.);
#826=ORIENTED_EDGE('',*,*,#3331,.F.);
#827=ORIENTED_EDGE('',*,*,#3283,.T.);
#828=ORIENTED_EDGE('',*,*,#3121,.T.);
#829=ORIENTED_EDGE('',*,*,#3332,.T.);
#830=ORIENTED_EDGE('',*,*,#3226,.T.);
#831=ORIENTED_EDGE('',*,*,#3333,.T.);
#832=ORIENTED_EDGE('',*,*,#3079,.F.);
#833=ORIENTED_EDGE('',*,*,#3284,.T.);
#834=ORIENTED_EDGE('',*,*,#3331,.T.);
#835=ORIENTED_EDGE('',*,*,#3313,.T.);
#836=ORIENTED_EDGE('',*,*,#3065,.T.);
#837=ORIENTED_EDGE('',*,*,#3334,.T.);
#838=ORIENTED_EDGE('',*,*,#3103,.F.);
#839=ORIENTED_EDGE('',*,*,#3282,.T.);
#840=ORIENTED_EDGE('',*,*,#3335,.F.);
#841=ORIENTED_EDGE('',*,*,#3336,.T.);
#842=ORIENTED_EDGE('',*,*,#3337,.T.);
#843=ORIENTED_EDGE('',*,*,#3338,.T.);
#844=ORIENTED_EDGE('',*,*,#3063,.F.);
#845=ORIENTED_EDGE('',*,*,#3281,.T.);
#846=ORIENTED_EDGE('',*,*,#3339,.T.);
#847=ORIENTED_EDGE('',*,*,#3340,.F.);
#848=ORIENTED_EDGE('',*,*,#2955,.T.);
#849=ORIENTED_EDGE('',*,*,#3341,.T.);
#850=ORIENTED_EDGE('',*,*,#3337,.F.);
#851=ORIENTED_EDGE('',*,*,#3342,.F.);
#852=ORIENTED_EDGE('',*,*,#3339,.F.);
#853=ORIENTED_EDGE('',*,*,#3280,.T.);
#854=ORIENTED_EDGE('',*,*,#2943,.T.);
#855=ORIENTED_EDGE('',*,*,#3343,.F.);
#856=ORIENTED_EDGE('',*,*,#2959,.T.);
#857=ORIENTED_EDGE('',*,*,#3344,.T.);
#858=ORIENTED_EDGE('',*,*,#3345,.T.);
#859=ORIENTED_EDGE('',*,*,#3162,.T.);
#860=ORIENTED_EDGE('',*,*,#3011,.F.);
#861=ORIENTED_EDGE('',*,*,#3346,.T.);
#862=ORIENTED_EDGE('',*,*,#3081,.T.);
#863=ORIENTED_EDGE('',*,*,#3347,.T.);
#864=ORIENTED_EDGE('',*,*,#3180,.F.);
#865=ORIENTED_EDGE('',*,*,#3285,.T.);
#866=ORIENTED_EDGE('',*,*,#3007,.F.);
#867=ORIENTED_EDGE('',*,*,#3106,.T.);
#868=ORIENTED_EDGE('',*,*,#3224,.F.);
#869=ORIENTED_EDGE('',*,*,#3332,.F.);
#870=ORIENTED_EDGE('',*,*,#3120,.F.);
#871=ORIENTED_EDGE('',*,*,#3348,.T.);
#872=ORIENTED_EDGE('',*,*,#3205,.T.);
#873=ORIENTED_EDGE('',*,*,#3349,.F.);
#874=ORIENTED_EDGE('',*,*,#3197,.T.);
#875=ORIENTED_EDGE('',*,*,#3350,.F.);
#876=ORIENTED_EDGE('',*,*,#3351,.T.);
#877=ORIENTED_EDGE('',*,*,#3352,.T.);
#878=ORIENTED_EDGE('',*,*,#3193,.T.);
#879=ORIENTED_EDGE('',*,*,#3353,.T.);
#880=ORIENTED_EDGE('',*,*,#3218,.T.);
#881=ORIENTED_EDGE('',*,*,#3137,.T.);
#882=ORIENTED_EDGE('',*,*,#3354,.F.);
#883=ORIENTED_EDGE('',*,*,#3317,.T.);
#884=ORIENTED_EDGE('',*,*,#3355,.T.);
#885=ORIENTED_EDGE('',*,*,#3328,.F.);
#886=ORIENTED_EDGE('',*,*,#3270,.T.);
#887=ORIENTED_EDGE('',*,*,#3325,.T.);
#888=ORIENTED_EDGE('',*,*,#3327,.T.);
#889=ORIENTED_EDGE('',*,*,#3272,.F.);
#890=ORIENTED_EDGE('',*,*,#3330,.F.);
#891=ORIENTED_EDGE('',*,*,#3356,.F.);
#892=ORIENTED_EDGE('',*,*,#3319,.T.);
#893=ORIENTED_EDGE('',*,*,#3357,.T.);
#894=ORIENTED_EDGE('',*,*,#3324,.F.);
#895=ORIENTED_EDGE('',*,*,#3041,.F.);
#896=ORIENTED_EDGE('',*,*,#3291,.T.);
#897=ORIENTED_EDGE('',*,*,#3306,.T.);
#898=ORIENTED_EDGE('',*,*,#3326,.F.);
#899=ORIENTED_EDGE('',*,*,#3357,.F.);
#900=ORIENTED_EDGE('',*,*,#3318,.F.);
#901=ORIENTED_EDGE('',*,*,#3354,.T.);
#902=ORIENTED_EDGE('',*,*,#3355,.F.);
#903=ORIENTED_EDGE('',*,*,#3320,.T.);
#904=ORIENTED_EDGE('',*,*,#3356,.T.);
#905=ORIENTED_EDGE('',*,*,#3329,.F.);
#906=ORIENTED_EDGE('',*,*,#3323,.F.);
#907=ORIENTED_EDGE('',*,*,#3310,.F.);
#908=ORIENTED_EDGE('',*,*,#3299,.T.);
#909=ORIENTED_EDGE('',*,*,#3358,.T.);
#910=ORIENTED_EDGE('',*,*,#3321,.F.);
#911=ORIENTED_EDGE('',*,*,#3358,.F.);
#912=ORIENTED_EDGE('',*,*,#3298,.T.);
#913=ORIENTED_EDGE('',*,*,#3359,.T.);
#914=ORIENTED_EDGE('',*,*,#3360,.F.);
#915=ORIENTED_EDGE('',*,*,#3359,.F.);
#916=ORIENTED_EDGE('',*,*,#3297,.T.);
#917=ORIENTED_EDGE('',*,*,#3361,.T.);
#918=ORIENTED_EDGE('',*,*,#3315,.F.);
#919=ORIENTED_EDGE('',*,*,#3361,.F.);
#920=ORIENTED_EDGE('',*,*,#3296,.T.);
#921=ORIENTED_EDGE('',*,*,#3362,.T.);
#922=ORIENTED_EDGE('',*,*,#3316,.F.);
#923=ORIENTED_EDGE('',*,*,#3362,.F.);
#924=ORIENTED_EDGE('',*,*,#3295,.T.);
#925=ORIENTED_EDGE('',*,*,#3035,.T.);
#926=ORIENTED_EDGE('',*,*,#3360,.T.);
#927=ORIENTED_EDGE('',*,*,#3314,.F.);
#928=ORIENTED_EDGE('',*,*,#3033,.F.);
#929=ORIENTED_EDGE('',*,*,#3123,.F.);
#930=ORIENTED_EDGE('',*,*,#3312,.F.);
#931=ORIENTED_EDGE('',*,*,#3322,.F.);
#932=ORIENTED_EDGE('',*,*,#3363,.F.);
#933=ORIENTED_EDGE('',*,*,#3288,.F.);
#934=ORIENTED_EDGE('',*,*,#3039,.F.);
#935=ORIENTED_EDGE('',*,*,#3364,.T.);
#936=ORIENTED_EDGE('',*,*,#3365,.T.);
#937=ORIENTED_EDGE('',*,*,#3292,.F.);
#938=ORIENTED_EDGE('',*,*,#3365,.F.);
#939=ORIENTED_EDGE('',*,*,#3366,.T.);
#940=ORIENTED_EDGE('',*,*,#3367,.T.);
#941=ORIENTED_EDGE('',*,*,#3293,.F.);
#942=ORIENTED_EDGE('',*,*,#3367,.F.);
#943=ORIENTED_EDGE('',*,*,#3368,.T.);
#944=ORIENTED_EDGE('',*,*,#3037,.T.);
#945=ORIENTED_EDGE('',*,*,#3294,.F.);
#946=ORIENTED_EDGE('',*,*,#3369,.F.);
#947=ORIENTED_EDGE('',*,*,#3370,.T.);
#948=ORIENTED_EDGE('',*,*,#3307,.T.);
#949=ORIENTED_EDGE('',*,*,#3289,.T.);
#950=ORIENTED_EDGE('',*,*,#3371,.F.);
#951=ORIENTED_EDGE('',*,*,#3372,.T.);
#952=ORIENTED_EDGE('',*,*,#3369,.T.);
#953=ORIENTED_EDGE('',*,*,#3302,.T.);
#954=ORIENTED_EDGE('',*,*,#3309,.F.);
#955=ORIENTED_EDGE('',*,*,#3373,.T.);
#956=ORIENTED_EDGE('',*,*,#3371,.T.);
#957=ORIENTED_EDGE('',*,*,#3301,.T.);
#958=ORIENTED_EDGE('',*,*,#3364,.F.);
#959=ORIENTED_EDGE('',*,*,#3038,.F.);
#960=ORIENTED_EDGE('',*,*,#3368,.F.);
#961=ORIENTED_EDGE('',*,*,#3366,.F.);
#962=ORIENTED_EDGE('',*,*,#3370,.F.);
#963=ORIENTED_EDGE('',*,*,#3372,.F.);
#964=ORIENTED_EDGE('',*,*,#3373,.F.);
#965=ORIENTED_EDGE('',*,*,#3308,.T.);
#966=ORIENTED_EDGE('',*,*,#3374,.T.);
#967=ORIENTED_EDGE('',*,*,#3156,.F.);
#968=ORIENTED_EDGE('',*,*,#3363,.T.);
#969=ORIENTED_EDGE('',*,*,#3374,.F.);
#970=ORIENTED_EDGE('',*,*,#2953,.F.);
#971=ORIENTED_EDGE('',*,*,#3375,.T.);
#972=ORIENTED_EDGE('',*,*,#3376,.F.);
#973=ORIENTED_EDGE('',*,*,#3346,.F.);
#974=ORIENTED_EDGE('',*,*,#3377,.F.);
#975=ORIENTED_EDGE('',*,*,#3378,.T.);
#976=ORIENTED_EDGE('',*,*,#3173,.T.);
#977=ORIENTED_EDGE('',*,*,#3379,.F.);
#978=ORIENTED_EDGE('',*,*,#3380,.F.);
#979=ORIENTED_EDGE('',*,*,#3287,.T.);
#980=ORIENTED_EDGE('',*,*,#3172,.T.);
#981=ORIENTED_EDGE('',*,*,#3381,.F.);
#982=ORIENTED_EDGE('',*,*,#3382,.F.);
#983=ORIENTED_EDGE('',*,*,#3379,.T.);
#984=ORIENTED_EDGE('',*,*,#3171,.T.);
#985=ORIENTED_EDGE('',*,*,#3237,.F.);
#986=ORIENTED_EDGE('',*,*,#3383,.F.);
#987=ORIENTED_EDGE('',*,*,#3381,.T.);
#988=ORIENTED_EDGE('',*,*,#3383,.T.);
#989=ORIENTED_EDGE('',*,*,#3236,.F.);
#990=ORIENTED_EDGE('',*,*,#3384,.F.);
#991=ORIENTED_EDGE('',*,*,#3385,.F.);
#992=ORIENTED_EDGE('',*,*,#3386,.F.);
#993=ORIENTED_EDGE('',*,*,#3013,.T.);
#994=ORIENTED_EDGE('',*,*,#3380,.T.);
#995=ORIENTED_EDGE('',*,*,#3382,.T.);
#996=ORIENTED_EDGE('',*,*,#3387,.T.);
#997=ORIENTED_EDGE('',*,*,#3388,.T.);
#998=ORIENTED_EDGE('',*,*,#3389,.T.);
#999=ORIENTED_EDGE('',*,*,#3177,.F.);
#1000=ORIENTED_EDGE('',*,*,#3390,.F.);
#1001=ORIENTED_EDGE('',*,*,#3184,.F.);
#1002=ORIENTED_EDGE('',*,*,#3391,.F.);
#1003=ORIENTED_EDGE('',*,*,#3392,.F.);
#1004=ORIENTED_EDGE('',*,*,#3388,.F.);
#1005=ORIENTED_EDGE('',*,*,#3176,.F.);
#1006=ORIENTED_EDGE('',*,*,#3278,.F.);
#1007=ORIENTED_EDGE('',*,*,#3393,.T.);
#1008=ORIENTED_EDGE('',*,*,#3390,.T.);
#1009=ORIENTED_EDGE('',*,*,#3178,.F.);
#1010=ORIENTED_EDGE('',*,*,#3389,.F.);
#1011=ORIENTED_EDGE('',*,*,#3392,.T.);
#1012=ORIENTED_EDGE('',*,*,#3394,.T.);
#1013=ORIENTED_EDGE('',*,*,#3387,.F.);
#1014=ORIENTED_EDGE('',*,*,#3393,.F.);
#1015=ORIENTED_EDGE('',*,*,#3286,.F.);
#1016=ORIENTED_EDGE('',*,*,#3185,.F.);
#1017=ORIENTED_EDGE('',*,*,#3395,.T.);
#1018=ORIENTED_EDGE('',*,*,#3396,.F.);
#1019=ORIENTED_EDGE('',*,*,#3397,.F.);
#1020=ORIENTED_EDGE('',*,*,#3340,.T.);
#1021=ORIENTED_EDGE('',*,*,#3398,.T.);
#1022=ORIENTED_EDGE('',*,*,#3399,.F.);
#1023=ORIENTED_EDGE('',*,*,#3400,.F.);
#1024=ORIENTED_EDGE('',*,*,#3396,.T.);
#1025=ORIENTED_EDGE('',*,*,#3401,.T.);
#1026=ORIENTED_EDGE('',*,*,#3402,.F.);
#1027=ORIENTED_EDGE('',*,*,#3403,.F.);
#1028=ORIENTED_EDGE('',*,*,#3399,.T.);
#1029=ORIENTED_EDGE('',*,*,#3404,.T.);
#1030=ORIENTED_EDGE('',*,*,#3405,.F.);
#1031=ORIENTED_EDGE('',*,*,#3406,.F.);
#1032=ORIENTED_EDGE('',*,*,#3402,.T.);
#1033=ORIENTED_EDGE('',*,*,#3397,.T.);
#1034=ORIENTED_EDGE('',*,*,#3400,.T.);
#1035=ORIENTED_EDGE('',*,*,#3403,.T.);
#1036=ORIENTED_EDGE('',*,*,#3406,.T.);
#1037=ORIENTED_EDGE('',*,*,#3407,.T.);
#1038=ORIENTED_EDGE('',*,*,#3408,.T.);
#1039=ORIENTED_EDGE('',*,*,#3409,.T.);
#1040=ORIENTED_EDGE('',*,*,#3410,.T.);
#1041=ORIENTED_EDGE('',*,*,#3411,.T.);
#1042=ORIENTED_EDGE('',*,*,#3335,.T.);
#1043=ORIENTED_EDGE('',*,*,#3395,.F.);
#1044=ORIENTED_EDGE('',*,*,#3342,.T.);
#1045=ORIENTED_EDGE('',*,*,#3412,.F.);
#1046=ORIENTED_EDGE('',*,*,#3413,.F.);
#1047=ORIENTED_EDGE('',*,*,#3414,.F.);
#1048=ORIENTED_EDGE('',*,*,#3415,.F.);
#1049=ORIENTED_EDGE('',*,*,#3416,.F.);
#1050=ORIENTED_EDGE('',*,*,#3404,.F.);
#1051=ORIENTED_EDGE('',*,*,#3401,.F.);
#1052=ORIENTED_EDGE('',*,*,#3398,.F.);
#1053=ORIENTED_EDGE('',*,*,#3276,.T.);
#1054=ORIENTED_EDGE('',*,*,#3062,.F.);
#1055=ORIENTED_EDGE('',*,*,#3277,.F.);
#1056=ORIENTED_EDGE('',*,*,#3275,.F.);
#1057=ORIENTED_EDGE('',*,*,#3417,.T.);
#1058=ORIENTED_EDGE('',*,*,#3068,.F.);
#1059=ORIENTED_EDGE('',*,*,#3418,.F.);
#1060=ORIENTED_EDGE('',*,*,#3108,.F.);
#1061=ORIENTED_EDGE('',*,*,#3419,.T.);
#1062=ORIENTED_EDGE('',*,*,#3069,.F.);
#1063=ORIENTED_EDGE('',*,*,#3417,.F.);
#1064=ORIENTED_EDGE('',*,*,#3107,.F.);
#1065=ORIENTED_EDGE('',*,*,#3420,.T.);
#1066=ORIENTED_EDGE('',*,*,#3070,.F.);
#1067=ORIENTED_EDGE('',*,*,#3419,.F.);
#1068=ORIENTED_EDGE('',*,*,#3110,.F.);
#1069=ORIENTED_EDGE('',*,*,#3418,.T.);
#1070=ORIENTED_EDGE('',*,*,#3067,.F.);
#1071=ORIENTED_EDGE('',*,*,#3420,.F.);
#1072=ORIENTED_EDGE('',*,*,#3109,.F.);
#1073=ORIENTED_EDGE('',*,*,#3421,.T.);
#1074=ORIENTED_EDGE('',*,*,#3126,.F.);
#1075=ORIENTED_EDGE('',*,*,#3422,.F.);
#1076=ORIENTED_EDGE('',*,*,#3084,.F.);
#1077=ORIENTED_EDGE('',*,*,#3423,.T.);
#1078=ORIENTED_EDGE('',*,*,#3127,.F.);
#1079=ORIENTED_EDGE('',*,*,#3421,.F.);
#1080=ORIENTED_EDGE('',*,*,#3083,.F.);
#1081=ORIENTED_EDGE('',*,*,#3424,.T.);
#1082=ORIENTED_EDGE('',*,*,#3128,.F.);
#1083=ORIENTED_EDGE('',*,*,#3423,.F.);
#1084=ORIENTED_EDGE('',*,*,#3086,.F.);
#1085=ORIENTED_EDGE('',*,*,#3422,.T.);
#1086=ORIENTED_EDGE('',*,*,#3125,.F.);
#1087=ORIENTED_EDGE('',*,*,#3424,.F.);
#1088=ORIENTED_EDGE('',*,*,#3085,.F.);
#1089=ORIENTED_EDGE('',*,*,#3268,.T.);
#1090=ORIENTED_EDGE('',*,*,#3304,.F.);
#1091=ORIENTED_EDGE('',*,*,#3099,.F.);
#1092=ORIENTED_EDGE('',*,*,#3425,.T.);
#1093=ORIENTED_EDGE('',*,*,#3051,.T.);
#1094=ORIENTED_EDGE('',*,*,#3426,.F.);
#1095=ORIENTED_EDGE('',*,*,#3254,.T.);
#1096=ORIENTED_EDGE('',*,*,#3427,.T.);
#1097=ORIENTED_EDGE('',*,*,#3265,.F.);
#1098=ORIENTED_EDGE('',*,*,#3228,.T.);
#1099=ORIENTED_EDGE('',*,*,#3262,.T.);
#1100=ORIENTED_EDGE('',*,*,#3264,.T.);
#1101=ORIENTED_EDGE('',*,*,#3230,.F.);
#1102=ORIENTED_EDGE('',*,*,#3267,.F.);
#1103=ORIENTED_EDGE('',*,*,#3428,.F.);
#1104=ORIENTED_EDGE('',*,*,#3256,.T.);
#1105=ORIENTED_EDGE('',*,*,#3429,.T.);
#1106=ORIENTED_EDGE('',*,*,#3261,.F.);
#1107=ORIENTED_EDGE('',*,*,#2990,.F.);
#1108=ORIENTED_EDGE('',*,*,#3240,.T.);
#1109=ORIENTED_EDGE('',*,*,#3021,.T.);
#1110=ORIENTED_EDGE('',*,*,#3263,.F.);
#1111=ORIENTED_EDGE('',*,*,#3429,.F.);
#1112=ORIENTED_EDGE('',*,*,#3255,.F.);
#1113=ORIENTED_EDGE('',*,*,#3426,.T.);
#1114=ORIENTED_EDGE('',*,*,#3427,.F.);
#1115=ORIENTED_EDGE('',*,*,#3257,.T.);
#1116=ORIENTED_EDGE('',*,*,#3428,.T.);
#1117=ORIENTED_EDGE('',*,*,#3266,.F.);
#1118=ORIENTED_EDGE('',*,*,#3260,.F.);
#1119=ORIENTED_EDGE('',*,*,#3027,.F.);
#1120=ORIENTED_EDGE('',*,*,#3248,.T.);
#1121=ORIENTED_EDGE('',*,*,#3430,.T.);
#1122=ORIENTED_EDGE('',*,*,#3258,.F.);
#1123=ORIENTED_EDGE('',*,*,#3430,.F.);
#1124=ORIENTED_EDGE('',*,*,#3247,.T.);
#1125=ORIENTED_EDGE('',*,*,#3431,.T.);
#1126=ORIENTED_EDGE('',*,*,#3432,.F.);
#1127=ORIENTED_EDGE('',*,*,#3431,.F.);
#1128=ORIENTED_EDGE('',*,*,#3246,.T.);
#1129=ORIENTED_EDGE('',*,*,#3433,.T.);
#1130=ORIENTED_EDGE('',*,*,#3252,.F.);
#1131=ORIENTED_EDGE('',*,*,#3433,.F.);
#1132=ORIENTED_EDGE('',*,*,#3245,.T.);
#1133=ORIENTED_EDGE('',*,*,#3434,.T.);
#1134=ORIENTED_EDGE('',*,*,#3253,.F.);
#1135=ORIENTED_EDGE('',*,*,#3434,.F.);
#1136=ORIENTED_EDGE('',*,*,#3244,.T.);
#1137=ORIENTED_EDGE('',*,*,#2984,.T.);
#1138=ORIENTED_EDGE('',*,*,#3432,.T.);
#1139=ORIENTED_EDGE('',*,*,#3251,.F.);
#1140=ORIENTED_EDGE('',*,*,#2982,.F.);
#1141=ORIENTED_EDGE('',*,*,#3124,.F.);
#1142=ORIENTED_EDGE('',*,*,#3029,.F.);
#1143=ORIENTED_EDGE('',*,*,#3259,.F.);
#1144=ORIENTED_EDGE('',*,*,#3435,.F.);
#1145=ORIENTED_EDGE('',*,*,#3238,.F.);
#1146=ORIENTED_EDGE('',*,*,#2988,.F.);
#1147=ORIENTED_EDGE('',*,*,#3436,.T.);
#1148=ORIENTED_EDGE('',*,*,#3437,.T.);
#1149=ORIENTED_EDGE('',*,*,#3241,.F.);
#1150=ORIENTED_EDGE('',*,*,#3437,.F.);
#1151=ORIENTED_EDGE('',*,*,#3438,.T.);
#1152=ORIENTED_EDGE('',*,*,#3439,.T.);
#1153=ORIENTED_EDGE('',*,*,#3242,.F.);
#1154=ORIENTED_EDGE('',*,*,#3439,.F.);
#1155=ORIENTED_EDGE('',*,*,#3440,.T.);
#1156=ORIENTED_EDGE('',*,*,#2986,.T.);
#1157=ORIENTED_EDGE('',*,*,#3243,.F.);
#1158=ORIENTED_EDGE('',*,*,#3441,.F.);
#1159=ORIENTED_EDGE('',*,*,#3442,.T.);
#1160=ORIENTED_EDGE('',*,*,#3023,.T.);
#1161=ORIENTED_EDGE('',*,*,#3239,.T.);
#1162=ORIENTED_EDGE('',*,*,#3443,.F.);
#1163=ORIENTED_EDGE('',*,*,#3444,.T.);
#1164=ORIENTED_EDGE('',*,*,#3441,.T.);
#1165=ORIENTED_EDGE('',*,*,#3250,.T.);
#1166=ORIENTED_EDGE('',*,*,#3025,.F.);
#1167=ORIENTED_EDGE('',*,*,#3445,.T.);
#1168=ORIENTED_EDGE('',*,*,#3443,.T.);
#1169=ORIENTED_EDGE('',*,*,#3249,.T.);
#1170=ORIENTED_EDGE('',*,*,#3436,.F.);
#1171=ORIENTED_EDGE('',*,*,#2987,.F.);
#1172=ORIENTED_EDGE('',*,*,#3440,.F.);
#1173=ORIENTED_EDGE('',*,*,#3438,.F.);
#1174=ORIENTED_EDGE('',*,*,#3442,.F.);
#1175=ORIENTED_EDGE('',*,*,#3444,.F.);
#1176=ORIENTED_EDGE('',*,*,#3445,.F.);
#1177=ORIENTED_EDGE('',*,*,#3024,.T.);
#1178=ORIENTED_EDGE('',*,*,#3446,.T.);
#1179=ORIENTED_EDGE('',*,*,#3157,.F.);
#1180=ORIENTED_EDGE('',*,*,#3435,.T.);
#1181=ORIENTED_EDGE('',*,*,#3446,.F.);
#1182=ORIENTED_EDGE('',*,*,#3169,.T.);
#1183=ORIENTED_EDGE('',*,*,#3447,.F.);
#1184=ORIENTED_EDGE('',*,*,#3448,.F.);
#1185=ORIENTED_EDGE('',*,*,#3235,.T.);
#1186=ORIENTED_EDGE('',*,*,#3168,.T.);
#1187=ORIENTED_EDGE('',*,*,#3449,.F.);
#1188=ORIENTED_EDGE('',*,*,#3450,.F.);
#1189=ORIENTED_EDGE('',*,*,#3447,.T.);
#1190=ORIENTED_EDGE('',*,*,#3167,.T.);
#1191=ORIENTED_EDGE('',*,*,#3189,.F.);
#1192=ORIENTED_EDGE('',*,*,#3451,.F.);
#1193=ORIENTED_EDGE('',*,*,#3449,.T.);
#1194=ORIENTED_EDGE('',*,*,#2963,.T.);
#1195=ORIENTED_EDGE('',*,*,#3448,.T.);
#1196=ORIENTED_EDGE('',*,*,#3450,.T.);
#1197=ORIENTED_EDGE('',*,*,#3451,.T.);
#1198=ORIENTED_EDGE('',*,*,#3391,.T.);
#1199=ORIENTED_EDGE('',*,*,#3452,.T.);
#1200=ORIENTED_EDGE('',*,*,#3453,.T.);
#1201=ORIENTED_EDGE('',*,*,#3179,.F.);
#1202=ORIENTED_EDGE('',*,*,#3394,.F.);
#1203=ORIENTED_EDGE('',*,*,#3183,.F.);
#1204=ORIENTED_EDGE('',*,*,#3454,.F.);
#1205=ORIENTED_EDGE('',*,*,#3455,.F.);
#1206=ORIENTED_EDGE('',*,*,#3452,.F.);
#1207=ORIENTED_EDGE('',*,*,#3159,.F.);
#1208=ORIENTED_EDGE('',*,*,#3453,.F.);
#1209=ORIENTED_EDGE('',*,*,#3455,.T.);
#1210=ORIENTED_EDGE('',*,*,#3456,.T.);
#1211=ORIENTED_EDGE('',*,*,#3416,.T.);
#1212=ORIENTED_EDGE('',*,*,#3457,.F.);
#1213=ORIENTED_EDGE('',*,*,#3407,.F.);
#1214=ORIENTED_EDGE('',*,*,#3405,.T.);
#1215=ORIENTED_EDGE('',*,*,#3415,.T.);
#1216=ORIENTED_EDGE('',*,*,#3458,.F.);
#1217=ORIENTED_EDGE('',*,*,#3408,.F.);
#1218=ORIENTED_EDGE('',*,*,#3457,.T.);
#1219=ORIENTED_EDGE('',*,*,#3233,.T.);
#1220=ORIENTED_EDGE('',*,*,#3061,.F.);
#1221=ORIENTED_EDGE('',*,*,#3234,.F.);
#1222=ORIENTED_EDGE('',*,*,#3232,.F.);
#1223=ORIENTED_EDGE('',*,*,#3459,.T.);
#1224=ORIENTED_EDGE('',*,*,#3072,.F.);
#1225=ORIENTED_EDGE('',*,*,#3460,.F.);
#1226=ORIENTED_EDGE('',*,*,#3112,.F.);
#1227=ORIENTED_EDGE('',*,*,#3461,.T.);
#1228=ORIENTED_EDGE('',*,*,#3073,.F.);
#1229=ORIENTED_EDGE('',*,*,#3459,.F.);
#1230=ORIENTED_EDGE('',*,*,#3111,.F.);
#1231=ORIENTED_EDGE('',*,*,#3462,.T.);
#1232=ORIENTED_EDGE('',*,*,#3074,.F.);
#1233=ORIENTED_EDGE('',*,*,#3461,.F.);
#1234=ORIENTED_EDGE('',*,*,#3114,.F.);
#1235=ORIENTED_EDGE('',*,*,#3460,.T.);
#1236=ORIENTED_EDGE('',*,*,#3071,.F.);
#1237=ORIENTED_EDGE('',*,*,#3462,.F.);
#1238=ORIENTED_EDGE('',*,*,#3113,.F.);
#1239=ORIENTED_EDGE('',*,*,#3463,.T.);
#1240=ORIENTED_EDGE('',*,*,#3130,.F.);
#1241=ORIENTED_EDGE('',*,*,#3464,.F.);
#1242=ORIENTED_EDGE('',*,*,#3088,.F.);
#1243=ORIENTED_EDGE('',*,*,#3465,.T.);
#1244=ORIENTED_EDGE('',*,*,#3131,.F.);
#1245=ORIENTED_EDGE('',*,*,#3463,.F.);
#1246=ORIENTED_EDGE('',*,*,#3087,.F.);
#1247=ORIENTED_EDGE('',*,*,#3466,.T.);
#1248=ORIENTED_EDGE('',*,*,#3132,.F.);
#1249=ORIENTED_EDGE('',*,*,#3465,.F.);
#1250=ORIENTED_EDGE('',*,*,#3090,.F.);
#1251=ORIENTED_EDGE('',*,*,#3464,.T.);
#1252=ORIENTED_EDGE('',*,*,#3129,.F.);
#1253=ORIENTED_EDGE('',*,*,#3466,.F.);
#1254=ORIENTED_EDGE('',*,*,#3089,.F.);
#1255=ORIENTED_EDGE('',*,*,#3467,.F.);
#1256=ORIENTED_EDGE('',*,*,#3209,.T.);
#1257=ORIENTED_EDGE('',*,*,#3468,.T.);
#1258=ORIENTED_EDGE('',*,*,#3221,.F.);
#1259=ORIENTED_EDGE('',*,*,#3139,.T.);
#1260=ORIENTED_EDGE('',*,*,#3217,.T.);
#1261=ORIENTED_EDGE('',*,*,#3220,.T.);
#1262=ORIENTED_EDGE('',*,*,#3141,.F.);
#1263=ORIENTED_EDGE('',*,*,#3223,.F.);
#1264=ORIENTED_EDGE('',*,*,#3469,.F.);
#1265=ORIENTED_EDGE('',*,*,#3211,.T.);
#1266=ORIENTED_EDGE('',*,*,#3470,.T.);
#1267=ORIENTED_EDGE('',*,*,#3216,.F.);
#1268=ORIENTED_EDGE('',*,*,#3353,.F.);
#1269=ORIENTED_EDGE('',*,*,#3192,.T.);
#1270=ORIENTED_EDGE('',*,*,#2970,.T.);
#1271=ORIENTED_EDGE('',*,*,#3219,.F.);
#1272=ORIENTED_EDGE('',*,*,#3470,.F.);
#1273=ORIENTED_EDGE('',*,*,#3210,.F.);
#1274=ORIENTED_EDGE('',*,*,#3467,.T.);
#1275=ORIENTED_EDGE('',*,*,#3468,.F.);
#1276=ORIENTED_EDGE('',*,*,#3212,.T.);
#1277=ORIENTED_EDGE('',*,*,#3469,.T.);
#1278=ORIENTED_EDGE('',*,*,#3222,.F.);
#1279=ORIENTED_EDGE('',*,*,#3215,.F.);
#1280=ORIENTED_EDGE('',*,*,#2976,.F.);
#1281=ORIENTED_EDGE('',*,*,#3202,.T.);
#1282=ORIENTED_EDGE('',*,*,#3471,.T.);
#1283=ORIENTED_EDGE('',*,*,#3213,.F.);
#1284=ORIENTED_EDGE('',*,*,#3471,.F.);
#1285=ORIENTED_EDGE('',*,*,#3201,.T.);
#1286=ORIENTED_EDGE('',*,*,#3472,.T.);
#1287=ORIENTED_EDGE('',*,*,#3473,.F.);
#1288=ORIENTED_EDGE('',*,*,#3472,.F.);
#1289=ORIENTED_EDGE('',*,*,#3200,.T.);
#1290=ORIENTED_EDGE('',*,*,#3474,.T.);
#1291=ORIENTED_EDGE('',*,*,#3207,.F.);
#1292=ORIENTED_EDGE('',*,*,#3474,.F.);
#1293=ORIENTED_EDGE('',*,*,#3199,.T.);
#1294=ORIENTED_EDGE('',*,*,#3475,.T.);
#1295=ORIENTED_EDGE('',*,*,#3208,.F.);
#1296=ORIENTED_EDGE('',*,*,#3475,.F.);
#1297=ORIENTED_EDGE('',*,*,#3198,.T.);
#1298=ORIENTED_EDGE('',*,*,#3349,.T.);
#1299=ORIENTED_EDGE('',*,*,#3473,.T.);
#1300=ORIENTED_EDGE('',*,*,#3206,.F.);
#1301=ORIENTED_EDGE('',*,*,#3348,.F.);
#1302=ORIENTED_EDGE('',*,*,#3119,.F.);
#1303=ORIENTED_EDGE('',*,*,#2978,.F.);
#1304=ORIENTED_EDGE('',*,*,#3214,.F.);
#1305=ORIENTED_EDGE('',*,*,#3476,.F.);
#1306=ORIENTED_EDGE('',*,*,#3190,.F.);
#1307=ORIENTED_EDGE('',*,*,#3352,.F.);
#1308=ORIENTED_EDGE('',*,*,#3477,.T.);
#1309=ORIENTED_EDGE('',*,*,#3478,.T.);
#1310=ORIENTED_EDGE('',*,*,#3194,.F.);
#1311=ORIENTED_EDGE('',*,*,#3478,.F.);
#1312=ORIENTED_EDGE('',*,*,#3479,.T.);
#1313=ORIENTED_EDGE('',*,*,#3480,.T.);
#1314=ORIENTED_EDGE('',*,*,#3195,.F.);
#1315=ORIENTED_EDGE('',*,*,#3480,.F.);
#1316=ORIENTED_EDGE('',*,*,#3481,.T.);
#1317=ORIENTED_EDGE('',*,*,#3350,.T.);
#1318=ORIENTED_EDGE('',*,*,#3196,.F.);
#1319=ORIENTED_EDGE('',*,*,#3482,.F.);
#1320=ORIENTED_EDGE('',*,*,#3483,.T.);
#1321=ORIENTED_EDGE('',*,*,#2972,.T.);
#1322=ORIENTED_EDGE('',*,*,#3191,.T.);
#1323=ORIENTED_EDGE('',*,*,#3484,.F.);
#1324=ORIENTED_EDGE('',*,*,#3485,.T.);
#1325=ORIENTED_EDGE('',*,*,#3482,.T.);
#1326=ORIENTED_EDGE('',*,*,#3204,.T.);
#1327=ORIENTED_EDGE('',*,*,#2974,.F.);
#1328=ORIENTED_EDGE('',*,*,#3486,.T.);
#1329=ORIENTED_EDGE('',*,*,#3484,.T.);
#1330=ORIENTED_EDGE('',*,*,#3203,.T.);
#1331=ORIENTED_EDGE('',*,*,#3477,.F.);
#1332=ORIENTED_EDGE('',*,*,#3351,.F.);
#1333=ORIENTED_EDGE('',*,*,#3481,.F.);
#1334=ORIENTED_EDGE('',*,*,#3479,.F.);
#1335=ORIENTED_EDGE('',*,*,#3483,.F.);
#1336=ORIENTED_EDGE('',*,*,#3485,.F.);
#1337=ORIENTED_EDGE('',*,*,#3486,.F.);
#1338=ORIENTED_EDGE('',*,*,#2973,.T.);
#1339=ORIENTED_EDGE('',*,*,#3487,.T.);
#1340=ORIENTED_EDGE('',*,*,#3158,.F.);
#1341=ORIENTED_EDGE('',*,*,#3476,.T.);
#1342=ORIENTED_EDGE('',*,*,#3487,.F.);
#1343=ORIENTED_EDGE('',*,*,#3165,.T.);
#1344=ORIENTED_EDGE('',*,*,#3488,.F.);
#1345=ORIENTED_EDGE('',*,*,#3489,.F.);
#1346=ORIENTED_EDGE('',*,*,#3187,.T.);
#1347=ORIENTED_EDGE('',*,*,#3164,.T.);
#1348=ORIENTED_EDGE('',*,*,#3490,.F.);
#1349=ORIENTED_EDGE('',*,*,#3491,.F.);
#1350=ORIENTED_EDGE('',*,*,#3488,.T.);
#1351=ORIENTED_EDGE('',*,*,#3163,.T.);
#1352=ORIENTED_EDGE('',*,*,#3345,.F.);
#1353=ORIENTED_EDGE('',*,*,#3492,.F.);
#1354=ORIENTED_EDGE('',*,*,#3490,.T.);
#1355=ORIENTED_EDGE('',*,*,#3376,.T.);
#1356=ORIENTED_EDGE('',*,*,#3493,.F.);
#1357=ORIENTED_EDGE('',*,*,#3494,.F.);
#1358=ORIENTED_EDGE('',*,*,#3495,.F.);
#1359=ORIENTED_EDGE('',*,*,#3188,.F.);
#1360=ORIENTED_EDGE('',*,*,#3489,.T.);
#1361=ORIENTED_EDGE('',*,*,#3491,.T.);
#1362=ORIENTED_EDGE('',*,*,#3492,.T.);
#1363=ORIENTED_EDGE('',*,*,#3454,.T.);
#1364=ORIENTED_EDGE('',*,*,#3496,.T.);
#1365=ORIENTED_EDGE('',*,*,#3497,.T.);
#1366=ORIENTED_EDGE('',*,*,#3160,.F.);
#1367=ORIENTED_EDGE('',*,*,#3456,.F.);
#1368=ORIENTED_EDGE('',*,*,#3182,.F.);
#1369=ORIENTED_EDGE('',*,*,#3498,.T.);
#1370=ORIENTED_EDGE('',*,*,#3377,.T.);
#1371=ORIENTED_EDGE('',*,*,#3010,.F.);
#1372=ORIENTED_EDGE('',*,*,#3499,.F.);
#1373=ORIENTED_EDGE('',*,*,#3496,.F.);
#1374=ORIENTED_EDGE('',*,*,#3161,.F.);
#1375=ORIENTED_EDGE('',*,*,#3497,.F.);
#1376=ORIENTED_EDGE('',*,*,#3499,.T.);
#1377=ORIENTED_EDGE('',*,*,#3009,.T.);
#1378=ORIENTED_EDGE('',*,*,#3414,.T.);
#1379=ORIENTED_EDGE('',*,*,#3500,.F.);
#1380=ORIENTED_EDGE('',*,*,#3409,.F.);
#1381=ORIENTED_EDGE('',*,*,#3458,.T.);
#1382=ORIENTED_EDGE('',*,*,#3413,.T.);
#1383=ORIENTED_EDGE('',*,*,#3501,.F.);
#1384=ORIENTED_EDGE('',*,*,#3410,.F.);
#1385=ORIENTED_EDGE('',*,*,#3500,.T.);
#1386=ORIENTED_EDGE('',*,*,#3412,.T.);
#1387=ORIENTED_EDGE('',*,*,#3336,.F.);
#1388=ORIENTED_EDGE('',*,*,#3411,.F.);
#1389=ORIENTED_EDGE('',*,*,#3501,.T.);
#1390=ORIENTED_EDGE('',*,*,#3144,.T.);
#1391=ORIENTED_EDGE('',*,*,#3060,.F.);
#1392=ORIENTED_EDGE('',*,*,#3145,.F.);
#1393=ORIENTED_EDGE('',*,*,#3143,.F.);
#1394=ORIENTED_EDGE('',*,*,#3502,.T.);
#1395=ORIENTED_EDGE('',*,*,#3076,.F.);
#1396=ORIENTED_EDGE('',*,*,#3503,.F.);
#1397=ORIENTED_EDGE('',*,*,#3116,.F.);
#1398=ORIENTED_EDGE('',*,*,#3504,.T.);
#1399=ORIENTED_EDGE('',*,*,#3077,.F.);
#1400=ORIENTED_EDGE('',*,*,#3502,.F.);
#1401=ORIENTED_EDGE('',*,*,#3115,.F.);
#1402=ORIENTED_EDGE('',*,*,#3505,.T.);
#1403=ORIENTED_EDGE('',*,*,#3078,.F.);
#1404=ORIENTED_EDGE('',*,*,#3504,.F.);
#1405=ORIENTED_EDGE('',*,*,#3118,.F.);
#1406=ORIENTED_EDGE('',*,*,#3503,.T.);
#1407=ORIENTED_EDGE('',*,*,#3075,.F.);
#1408=ORIENTED_EDGE('',*,*,#3505,.F.);
#1409=ORIENTED_EDGE('',*,*,#3117,.F.);
#1410=ORIENTED_EDGE('',*,*,#3506,.T.);
#1411=ORIENTED_EDGE('',*,*,#3134,.F.);
#1412=ORIENTED_EDGE('',*,*,#3507,.F.);
#1413=ORIENTED_EDGE('',*,*,#3092,.F.);
#1414=ORIENTED_EDGE('',*,*,#3508,.T.);
#1415=ORIENTED_EDGE('',*,*,#3135,.F.);
#1416=ORIENTED_EDGE('',*,*,#3506,.F.);
#1417=ORIENTED_EDGE('',*,*,#3091,.F.);
#1418=ORIENTED_EDGE('',*,*,#3509,.T.);
#1419=ORIENTED_EDGE('',*,*,#3136,.F.);
#1420=ORIENTED_EDGE('',*,*,#3508,.F.);
#1421=ORIENTED_EDGE('',*,*,#3094,.F.);
#1422=ORIENTED_EDGE('',*,*,#3507,.T.);
#1423=ORIENTED_EDGE('',*,*,#3133,.F.);
#1424=ORIENTED_EDGE('',*,*,#3509,.F.);
#1425=ORIENTED_EDGE('',*,*,#3093,.F.);
#1426=ORIENTED_EDGE('',*,*,#3510,.T.);
#1427=ORIENTED_EDGE('',*,*,#3511,.T.);
#1428=ORIENTED_EDGE('',*,*,#3425,.F.);
#1429=ORIENTED_EDGE('',*,*,#3098,.F.);
#1430=ORIENTED_EDGE('',*,*,#3512,.T.);
#1431=ORIENTED_EDGE('',*,*,#3055,.T.);
#1432=ORIENTED_EDGE('',*,*,#3510,.F.);
#1433=ORIENTED_EDGE('',*,*,#3513,.T.);
#1434=ORIENTED_EDGE('',*,*,#3513,.F.);
#1435=ORIENTED_EDGE('',*,*,#3512,.F.);
#1436=ORIENTED_EDGE('',*,*,#3097,.F.);
#1437=ORIENTED_EDGE('',*,*,#3056,.F.);
#1438=ORIENTED_EDGE('',*,*,#3514,.T.);
#1439=ORIENTED_EDGE('',*,*,#3052,.F.);
#1440=ORIENTED_EDGE('',*,*,#3511,.F.);
#1441=ORIENTED_EDGE('',*,*,#3046,.F.);
#1442=ORIENTED_EDGE('',*,*,#3048,.T.);
#1443=ORIENTED_EDGE('',*,*,#3053,.F.);
#1444=ORIENTED_EDGE('',*,*,#3514,.F.);
#1445=ORIENTED_EDGE('',*,*,#3045,.F.);
#1446=ORIENTED_EDGE('',*,*,#2965,.F.);
#1447=ORIENTED_EDGE('',*,*,#3495,.T.);
#1448=ORIENTED_EDGE('',*,*,#3515,.T.);
#1449=ORIENTED_EDGE('',*,*,#2950,.F.);
#1450=ORIENTED_EDGE('',*,*,#3375,.F.);
#1451=ORIENTED_EDGE('',*,*,#2952,.F.);
#1452=ORIENTED_EDGE('',*,*,#3516,.F.);
#1453=ORIENTED_EDGE('',*,*,#3493,.T.);
#1454=ORIENTED_EDGE('',*,*,#3515,.F.);
#1455=ORIENTED_EDGE('',*,*,#3494,.T.);
#1456=ORIENTED_EDGE('',*,*,#3516,.T.);
#1457=ORIENTED_EDGE('',*,*,#2951,.F.);
#1458=ORIENTED_EDGE('',*,*,#3517,.T.);
#1459=ORIENTED_EDGE('',*,*,#3518,.T.);
#1460=ORIENTED_EDGE('',*,*,#3519,.F.);
#1461=ORIENTED_EDGE('',*,*,#3344,.F.);
#1462=ORIENTED_EDGE('',*,*,#3520,.F.);
#1463=ORIENTED_EDGE('',*,*,#3521,.T.);
#1464=ORIENTED_EDGE('',*,*,#3522,.T.);
#1465=ORIENTED_EDGE('',*,*,#3523,.T.);
#1466=ORIENTED_EDGE('',*,*,#3524,.T.);
#1467=ORIENTED_EDGE('',*,*,#3525,.T.);
#1468=ORIENTED_EDGE('',*,*,#3526,.F.);
#1469=ORIENTED_EDGE('',*,*,#3527,.T.);
#1470=ORIENTED_EDGE('',*,*,#3528,.F.);
#1471=ORIENTED_EDGE('',*,*,#3529,.T.);
#1472=ORIENTED_EDGE('',*,*,#3530,.T.);
#1473=ORIENTED_EDGE('',*,*,#3531,.T.);
#1474=ORIENTED_EDGE('',*,*,#3532,.F.);
#1475=ORIENTED_EDGE('',*,*,#3533,.T.);
#1476=ORIENTED_EDGE('',*,*,#3534,.T.);
#1477=ORIENTED_EDGE('',*,*,#3535,.T.);
#1478=ORIENTED_EDGE('',*,*,#3536,.F.);
#1479=ORIENTED_EDGE('',*,*,#3537,.T.);
#1480=ORIENTED_EDGE('',*,*,#3538,.T.);
#1481=ORIENTED_EDGE('',*,*,#3539,.T.);
#1482=ORIENTED_EDGE('',*,*,#3530,.F.);
#1483=ORIENTED_EDGE('',*,*,#3540,.T.);
#1484=ORIENTED_EDGE('',*,*,#3524,.F.);
#1485=ORIENTED_EDGE('',*,*,#3541,.T.);
#1486=ORIENTED_EDGE('',*,*,#3522,.F.);
#1487=ORIENTED_EDGE('',*,*,#3542,.T.);
#1488=ORIENTED_EDGE('',*,*,#3517,.F.);
#1489=ORIENTED_EDGE('',*,*,#2958,.F.);
#1490=ORIENTED_EDGE('',*,*,#3543,.T.);
#1491=ORIENTED_EDGE('',*,*,#3538,.F.);
#1492=ORIENTED_EDGE('',*,*,#3544,.T.);
#1493=ORIENTED_EDGE('',*,*,#3534,.F.);
#1494=ORIENTED_EDGE('',*,*,#3545,.T.);
#1495=ORIENTED_EDGE('',*,*,#3526,.T.);
#1496=ORIENTED_EDGE('',*,*,#3546,.T.);
#1497=ORIENTED_EDGE('',*,*,#3528,.T.);
#1498=ORIENTED_EDGE('',*,*,#3547,.T.);
#1499=ORIENTED_EDGE('',*,*,#3532,.T.);
#1500=ORIENTED_EDGE('',*,*,#3548,.T.);
#1501=ORIENTED_EDGE('',*,*,#3536,.T.);
#1502=ORIENTED_EDGE('',*,*,#3549,.T.);
#1503=ORIENTED_EDGE('',*,*,#2956,.T.);
#1504=ORIENTED_EDGE('',*,*,#3519,.T.);
#1505=ORIENTED_EDGE('',*,*,#3550,.T.);
#1506=ORIENTED_EDGE('',*,*,#3520,.T.);
#1507=ORIENTED_EDGE('',*,*,#3551,.T.);
#1508=ORIENTED_EDGE('',*,*,#3541,.F.);
#1509=ORIENTED_EDGE('',*,*,#3527,.F.);
#1510=ORIENTED_EDGE('',*,*,#3551,.F.);
#1511=ORIENTED_EDGE('',*,*,#3523,.F.);
#1512=ORIENTED_EDGE('',*,*,#3543,.F.);
#1513=ORIENTED_EDGE('',*,*,#2957,.F.);
#1514=ORIENTED_EDGE('',*,*,#3549,.F.);
#1515=ORIENTED_EDGE('',*,*,#3539,.F.);
#1516=ORIENTED_EDGE('',*,*,#3544,.F.);
#1517=ORIENTED_EDGE('',*,*,#3537,.F.);
#1518=ORIENTED_EDGE('',*,*,#3548,.F.);
#1519=ORIENTED_EDGE('',*,*,#3535,.F.);
#1520=ORIENTED_EDGE('',*,*,#3545,.F.);
#1521=ORIENTED_EDGE('',*,*,#3533,.F.);
#1522=ORIENTED_EDGE('',*,*,#3547,.F.);
#1523=ORIENTED_EDGE('',*,*,#3531,.F.);
#1524=ORIENTED_EDGE('',*,*,#3542,.F.);
#1525=ORIENTED_EDGE('',*,*,#3521,.F.);
#1526=ORIENTED_EDGE('',*,*,#3550,.F.);
#1527=ORIENTED_EDGE('',*,*,#3518,.F.);
#1528=ORIENTED_EDGE('',*,*,#3540,.F.);
#1529=ORIENTED_EDGE('',*,*,#3529,.F.);
#1530=ORIENTED_EDGE('',*,*,#3546,.F.);
#1531=ORIENTED_EDGE('',*,*,#3525,.F.);
#1532=ORIENTED_EDGE('',*,*,#3151,.T.);
#1533=ORIENTED_EDGE('',*,*,#3552,.F.);
#1534=ORIENTED_EDGE('',*,*,#3553,.F.);
#1535=ORIENTED_EDGE('',*,*,#3554,.T.);
#1536=ORIENTED_EDGE('',*,*,#3155,.T.);
#1537=ORIENTED_EDGE('',*,*,#3555,.F.);
#1538=ORIENTED_EDGE('',*,*,#3556,.F.);
#1539=ORIENTED_EDGE('',*,*,#3552,.T.);
#1540=ORIENTED_EDGE('',*,*,#3154,.T.);
#1541=ORIENTED_EDGE('',*,*,#3557,.F.);
#1542=ORIENTED_EDGE('',*,*,#3558,.F.);
#1543=ORIENTED_EDGE('',*,*,#3555,.T.);
#1544=ORIENTED_EDGE('',*,*,#3153,.T.);
#1545=ORIENTED_EDGE('',*,*,#3559,.F.);
#1546=ORIENTED_EDGE('',*,*,#3560,.F.);
#1547=ORIENTED_EDGE('',*,*,#3557,.T.);
#1548=ORIENTED_EDGE('',*,*,#3152,.T.);
#1549=ORIENTED_EDGE('',*,*,#3554,.F.);
#1550=ORIENTED_EDGE('',*,*,#3561,.F.);
#1551=ORIENTED_EDGE('',*,*,#3559,.T.);
#1552=ORIENTED_EDGE('',*,*,#3553,.T.);
#1553=ORIENTED_EDGE('',*,*,#3556,.T.);
#1554=ORIENTED_EDGE('',*,*,#3558,.T.);
#1555=ORIENTED_EDGE('',*,*,#3560,.T.);
#1556=ORIENTED_EDGE('',*,*,#3561,.T.);
#1557=ORIENTED_EDGE('',*,*,#3498,.F.);
#1558=ORIENTED_EDGE('',*,*,#3181,.F.);
#1559=ORIENTED_EDGE('',*,*,#3347,.F.);
#1560=ORIENTED_EDGE('',*,*,#3080,.F.);
#1561=ORIENTED_EDGE('',*,*,#3333,.F.);
#1562=ORIENTED_EDGE('',*,*,#3225,.F.);
#1563=ORIENTED_EDGE('',*,*,#3104,.F.);
#1564=ORIENTED_EDGE('',*,*,#3334,.F.);
#1565=ORIENTED_EDGE('',*,*,#3064,.F.);
#1566=ORIENTED_EDGE('',*,*,#3338,.F.);
#1567=ORIENTED_EDGE('',*,*,#3341,.F.);
#1568=ORIENTED_EDGE('',*,*,#2954,.F.);
#1569=ORIENTED_EDGE('',*,*,#3378,.F.);
#1570=ORIENTED_EDGE('',*,*,#3562,.T.);
#1571=ORIENTED_EDGE('',*,*,#3563,.T.);
#1572=ORIENTED_EDGE('',*,*,#3058,.F.);
#1573=ORIENTED_EDGE('',*,*,#3096,.F.);
#1574=ORIENTED_EDGE('',*,*,#3564,.T.);
#1575=ORIENTED_EDGE('',*,*,#3004,.T.);
#1576=ORIENTED_EDGE('',*,*,#3562,.F.);
#1577=ORIENTED_EDGE('',*,*,#3565,.T.);
#1578=ORIENTED_EDGE('',*,*,#3565,.F.);
#1579=ORIENTED_EDGE('',*,*,#3564,.F.);
#1580=ORIENTED_EDGE('',*,*,#3095,.F.);
#1581=ORIENTED_EDGE('',*,*,#3005,.F.);
#1582=ORIENTED_EDGE('',*,*,#3566,.T.);
#1583=ORIENTED_EDGE('',*,*,#3001,.F.);
#1584=ORIENTED_EDGE('',*,*,#3563,.F.);
#1585=ORIENTED_EDGE('',*,*,#2995,.F.);
#1586=ORIENTED_EDGE('',*,*,#2997,.T.);
#1587=ORIENTED_EDGE('',*,*,#3002,.F.);
#1588=ORIENTED_EDGE('',*,*,#3566,.F.);
#1589=ORIENTED_EDGE('',*,*,#2994,.F.);
#1590=ORIENTED_EDGE('',*,*,#3146,.T.);
#1591=ORIENTED_EDGE('',*,*,#3567,.F.);
#1592=ORIENTED_EDGE('',*,*,#3568,.F.);
#1593=ORIENTED_EDGE('',*,*,#3569,.T.);
#1594=ORIENTED_EDGE('',*,*,#3150,.T.);
#1595=ORIENTED_EDGE('',*,*,#3570,.F.);
#1596=ORIENTED_EDGE('',*,*,#3571,.F.);
#1597=ORIENTED_EDGE('',*,*,#3567,.T.);
#1598=ORIENTED_EDGE('',*,*,#3149,.T.);
#1599=ORIENTED_EDGE('',*,*,#3572,.F.);
#1600=ORIENTED_EDGE('',*,*,#3573,.F.);
#1601=ORIENTED_EDGE('',*,*,#3570,.T.);
#1602=ORIENTED_EDGE('',*,*,#3148,.T.);
#1603=ORIENTED_EDGE('',*,*,#3574,.F.);
#1604=ORIENTED_EDGE('',*,*,#3575,.F.);
#1605=ORIENTED_EDGE('',*,*,#3572,.T.);
#1606=ORIENTED_EDGE('',*,*,#3147,.T.);
#1607=ORIENTED_EDGE('',*,*,#3569,.F.);
#1608=ORIENTED_EDGE('',*,*,#3576,.F.);
#1609=ORIENTED_EDGE('',*,*,#3574,.T.);
#1610=ORIENTED_EDGE('',*,*,#3568,.T.);
#1611=ORIENTED_EDGE('',*,*,#3571,.T.);
#1612=ORIENTED_EDGE('',*,*,#3573,.T.);
#1613=ORIENTED_EDGE('',*,*,#3575,.T.);
#1614=ORIENTED_EDGE('',*,*,#3576,.T.);
#1615=ORIENTED_EDGE('',*,*,#2961,.F.);
#1616=ORIENTED_EDGE('',*,*,#2948,.F.);
#1617=ORIENTED_EDGE('',*,*,#3577,.F.);
#1618=ORIENTED_EDGE('',*,*,#3384,.T.);
#1619=ORIENTED_EDGE('',*,*,#3014,.F.);
#1620=ORIENTED_EDGE('',*,*,#3386,.T.);
#1621=ORIENTED_EDGE('',*,*,#3578,.T.);
#1622=ORIENTED_EDGE('',*,*,#2946,.F.);
#1623=ORIENTED_EDGE('',*,*,#3578,.F.);
#1624=ORIENTED_EDGE('',*,*,#3385,.T.);
#1625=ORIENTED_EDGE('',*,*,#3577,.T.);
#1626=ORIENTED_EDGE('',*,*,#2947,.F.);
#1627=ORIENTED_EDGE('',*,*,#3579,.F.);
#1628=ORIENTED_EDGE('',*,*,#3580,.T.);
#1629=ORIENTED_EDGE('',*,*,#3581,.T.);
#1630=ORIENTED_EDGE('',*,*,#3343,.T.);
#1631=ORIENTED_EDGE('',*,*,#3582,.T.);
#1632=ORIENTED_EDGE('',*,*,#3583,.T.);
#1633=ORIENTED_EDGE('',*,*,#3584,.F.);
#1634=ORIENTED_EDGE('',*,*,#3585,.T.);
#1635=ORIENTED_EDGE('',*,*,#3586,.T.);
#1636=ORIENTED_EDGE('',*,*,#3587,.T.);
#1637=ORIENTED_EDGE('',*,*,#3588,.F.);
#1638=ORIENTED_EDGE('',*,*,#3589,.T.);
#1639=ORIENTED_EDGE('',*,*,#3590,.T.);
#1640=ORIENTED_EDGE('',*,*,#3591,.T.);
#1641=ORIENTED_EDGE('',*,*,#3592,.F.);
#1642=ORIENTED_EDGE('',*,*,#3593,.T.);
#1643=ORIENTED_EDGE('',*,*,#3594,.F.);
#1644=ORIENTED_EDGE('',*,*,#3595,.T.);
#1645=ORIENTED_EDGE('',*,*,#3596,.T.);
#1646=ORIENTED_EDGE('',*,*,#3597,.T.);
#1647=ORIENTED_EDGE('',*,*,#3598,.T.);
#1648=ORIENTED_EDGE('',*,*,#3599,.T.);
#1649=ORIENTED_EDGE('',*,*,#3600,.F.);
#1650=ORIENTED_EDGE('',*,*,#3601,.T.);
#1651=ORIENTED_EDGE('',*,*,#3596,.F.);
#1652=ORIENTED_EDGE('',*,*,#3602,.T.);
#1653=ORIENTED_EDGE('',*,*,#3590,.F.);
#1654=ORIENTED_EDGE('',*,*,#3603,.T.);
#1655=ORIENTED_EDGE('',*,*,#3586,.F.);
#1656=ORIENTED_EDGE('',*,*,#3604,.T.);
#1657=ORIENTED_EDGE('',*,*,#3582,.F.);
#1658=ORIENTED_EDGE('',*,*,#3605,.T.);
#1659=ORIENTED_EDGE('',*,*,#2960,.F.);
#1660=ORIENTED_EDGE('',*,*,#3581,.F.);
#1661=ORIENTED_EDGE('',*,*,#3606,.T.);
#1662=ORIENTED_EDGE('',*,*,#3598,.F.);
#1663=ORIENTED_EDGE('',*,*,#3607,.T.);
#1664=ORIENTED_EDGE('',*,*,#3592,.T.);
#1665=ORIENTED_EDGE('',*,*,#3608,.T.);
#1666=ORIENTED_EDGE('',*,*,#3594,.T.);
#1667=ORIENTED_EDGE('',*,*,#3609,.T.);
#1668=ORIENTED_EDGE('',*,*,#3600,.T.);
#1669=ORIENTED_EDGE('',*,*,#3610,.T.);
#1670=ORIENTED_EDGE('',*,*,#3579,.T.);
#1671=ORIENTED_EDGE('',*,*,#2942,.T.);
#1672=ORIENTED_EDGE('',*,*,#3611,.T.);
#1673=ORIENTED_EDGE('',*,*,#3584,.T.);
#1674=ORIENTED_EDGE('',*,*,#3612,.T.);
#1675=ORIENTED_EDGE('',*,*,#3588,.T.);
#1676=ORIENTED_EDGE('',*,*,#3613,.T.);
#1677=ORIENTED_EDGE('',*,*,#3607,.F.);
#1678=ORIENTED_EDGE('',*,*,#3601,.F.);
#1679=ORIENTED_EDGE('',*,*,#3609,.F.);
#1680=ORIENTED_EDGE('',*,*,#3597,.F.);
#1681=ORIENTED_EDGE('',*,*,#3605,.F.);
#1682=ORIENTED_EDGE('',*,*,#3585,.F.);
#1683=ORIENTED_EDGE('',*,*,#3611,.F.);
#1684=ORIENTED_EDGE('',*,*,#2941,.F.);
#1685=ORIENTED_EDGE('',*,*,#3604,.F.);
#1686=ORIENTED_EDGE('',*,*,#3589,.F.);
#1687=ORIENTED_EDGE('',*,*,#3612,.F.);
#1688=ORIENTED_EDGE('',*,*,#3583,.F.);
#1689=ORIENTED_EDGE('',*,*,#3603,.F.);
#1690=ORIENTED_EDGE('',*,*,#3593,.F.);
#1691=ORIENTED_EDGE('',*,*,#3613,.F.);
#1692=ORIENTED_EDGE('',*,*,#3587,.F.);
#1693=ORIENTED_EDGE('',*,*,#3606,.F.);
#1694=ORIENTED_EDGE('',*,*,#3580,.F.);
#1695=ORIENTED_EDGE('',*,*,#3610,.F.);
#1696=ORIENTED_EDGE('',*,*,#3599,.F.);
#1697=ORIENTED_EDGE('',*,*,#3602,.F.);
#1698=ORIENTED_EDGE('',*,*,#3595,.F.);
#1699=ORIENTED_EDGE('',*,*,#3608,.F.);
#1700=ORIENTED_EDGE('',*,*,#3591,.F.);
#1701=ORIENTED_EDGE('',*,*,#3614,.T.);
#1702=ORIENTED_EDGE('',*,*,#3615,.F.);
#1703=ORIENTED_EDGE('',*,*,#3616,.F.);
#1704=ORIENTED_EDGE('',*,*,#3617,.T.);
#1705=ORIENTED_EDGE('',*,*,#3618,.T.);
#1706=ORIENTED_EDGE('',*,*,#3619,.T.);
#1707=ORIENTED_EDGE('',*,*,#3620,.T.);
#1708=ORIENTED_EDGE('',*,*,#3621,.F.);
#1709=ORIENTED_EDGE('',*,*,#3622,.T.);
#1710=ORIENTED_EDGE('',*,*,#3623,.T.);
#1711=ORIENTED_EDGE('',*,*,#3624,.F.);
#1712=ORIENTED_EDGE('',*,*,#3625,.F.);
#1713=ORIENTED_EDGE('',*,*,#3626,.T.);
#1714=ORIENTED_EDGE('',*,*,#3623,.F.);
#1715=ORIENTED_EDGE('',*,*,#3627,.T.);
#1716=ORIENTED_EDGE('',*,*,#3628,.T.);
#1717=ORIENTED_EDGE('',*,*,#3629,.F.);
#1718=ORIENTED_EDGE('',*,*,#3630,.T.);
#1719=ORIENTED_EDGE('',*,*,#3631,.T.);
#1720=ORIENTED_EDGE('',*,*,#3619,.F.);
#1721=ORIENTED_EDGE('',*,*,#3632,.T.);
#1722=ORIENTED_EDGE('',*,*,#3628,.F.);
#1723=ORIENTED_EDGE('',*,*,#3633,.T.);
#1724=ORIENTED_EDGE('',*,*,#3634,.F.);
#1725=ORIENTED_EDGE('',*,*,#3635,.T.);
#1726=ORIENTED_EDGE('',*,*,#3630,.F.);
#1727=ORIENTED_EDGE('',*,*,#3636,.T.);
#1728=ORIENTED_EDGE('',*,*,#3637,.T.);
#1729=ORIENTED_EDGE('',*,*,#3638,.F.);
#1730=ORIENTED_EDGE('',*,*,#3639,.T.);
#1731=ORIENTED_EDGE('',*,*,#3640,.F.);
#1732=ORIENTED_EDGE('',*,*,#3641,.F.);
#1733=ORIENTED_EDGE('',*,*,#3615,.T.);
#1734=ORIENTED_EDGE('',*,*,#3624,.T.);
#1735=ORIENTED_EDGE('',*,*,#3629,.T.);
#1736=ORIENTED_EDGE('',*,*,#3638,.T.);
#1737=ORIENTED_EDGE('',*,*,#3642,.T.);
#1738=ORIENTED_EDGE('',*,*,#3643,.T.);
#1739=ORIENTED_EDGE('',*,*,#3617,.F.);
#1740=ORIENTED_EDGE('',*,*,#3644,.F.);
#1741=ORIENTED_EDGE('',*,*,#3645,.T.);
#1742=ORIENTED_EDGE('',*,*,#3626,.F.);
#1743=ORIENTED_EDGE('',*,*,#3646,.F.);
#1744=ORIENTED_EDGE('',*,*,#3636,.F.);
#1745=ORIENTED_EDGE('',*,*,#3632,.F.);
#1746=ORIENTED_EDGE('',*,*,#3647,.T.);
#1747=ORIENTED_EDGE('',*,*,#3645,.F.);
#1748=ORIENTED_EDGE('',*,*,#3648,.F.);
#1749=ORIENTED_EDGE('',*,*,#3640,.T.);
#1750=ORIENTED_EDGE('',*,*,#3641,.T.);
#1751=ORIENTED_EDGE('',*,*,#3648,.T.);
#1752=ORIENTED_EDGE('',*,*,#3644,.T.);
#1753=ORIENTED_EDGE('',*,*,#3616,.T.);
#1754=ORIENTED_EDGE('',*,*,#3639,.F.);
#1755=ORIENTED_EDGE('',*,*,#3614,.F.);
#1756=ORIENTED_EDGE('',*,*,#3643,.F.);
#1757=ORIENTED_EDGE('',*,*,#3647,.F.);
#1758=ORIENTED_EDGE('',*,*,#3646,.T.);
#1759=ORIENTED_EDGE('',*,*,#3625,.T.);
#1760=ORIENTED_EDGE('',*,*,#3642,.F.);
#1761=ORIENTED_EDGE('',*,*,#3637,.F.);
#1762=ORIENTED_EDGE('',*,*,#3621,.T.);
#1763=ORIENTED_EDGE('',*,*,#3649,.F.);
#1764=ORIENTED_EDGE('',*,*,#3649,.T.);
#1765=ORIENTED_EDGE('',*,*,#3620,.F.);
#1766=ORIENTED_EDGE('',*,*,#3631,.F.);
#1767=ORIENTED_EDGE('',*,*,#3635,.F.);
#1768=ORIENTED_EDGE('',*,*,#3650,.T.);
#1769=ORIENTED_EDGE('',*,*,#3633,.F.);
#1770=ORIENTED_EDGE('',*,*,#3627,.F.);
#1771=ORIENTED_EDGE('',*,*,#3622,.F.);
#1772=ORIENTED_EDGE('',*,*,#3618,.F.);
#1773=ORIENTED_EDGE('',*,*,#3634,.T.);
#1774=ORIENTED_EDGE('',*,*,#3650,.F.);
#1775=ORIENTED_EDGE('',*,*,#3651,.F.);
#1776=ORIENTED_EDGE('',*,*,#3652,.T.);
#1777=ORIENTED_EDGE('',*,*,#3653,.F.);
#1778=ORIENTED_EDGE('',*,*,#3654,.T.);
#1779=ORIENTED_EDGE('',*,*,#3655,.F.);
#1780=ORIENTED_EDGE('',*,*,#3656,.T.);
#1781=ORIENTED_EDGE('',*,*,#3654,.F.);
#1782=ORIENTED_EDGE('',*,*,#3657,.F.);
#1783=ORIENTED_EDGE('',*,*,#3658,.T.);
#1784=ORIENTED_EDGE('',*,*,#3659,.F.);
#1785=ORIENTED_EDGE('',*,*,#3658,.F.);
#1786=ORIENTED_EDGE('',*,*,#3660,.F.);
#1787=ORIENTED_EDGE('',*,*,#3661,.T.);
#1788=ORIENTED_EDGE('',*,*,#3662,.F.);
#1789=ORIENTED_EDGE('',*,*,#3661,.F.);
#1790=ORIENTED_EDGE('',*,*,#3663,.F.);
#1791=ORIENTED_EDGE('',*,*,#3664,.T.);
#1792=ORIENTED_EDGE('',*,*,#3665,.F.);
#1793=ORIENTED_EDGE('',*,*,#3666,.F.);
#1794=ORIENTED_EDGE('',*,*,#3667,.T.);
#1795=ORIENTED_EDGE('',*,*,#3668,.T.);
#1796=ORIENTED_EDGE('',*,*,#3669,.T.);
#1797=ORIENTED_EDGE('',*,*,#3670,.F.);
#1798=ORIENTED_EDGE('',*,*,#3671,.F.);
#1799=ORIENTED_EDGE('',*,*,#3672,.F.);
#1800=ORIENTED_EDGE('',*,*,#3671,.T.);
#1801=ORIENTED_EDGE('',*,*,#3673,.F.);
#1802=ORIENTED_EDGE('',*,*,#3674,.F.);
#1803=ORIENTED_EDGE('',*,*,#3675,.F.);
#1804=ORIENTED_EDGE('',*,*,#3674,.T.);
#1805=ORIENTED_EDGE('',*,*,#3676,.F.);
#1806=ORIENTED_EDGE('',*,*,#3677,.F.);
#1807=ORIENTED_EDGE('',*,*,#3678,.F.);
#1808=ORIENTED_EDGE('',*,*,#3677,.T.);
#1809=ORIENTED_EDGE('',*,*,#3679,.F.);
#1810=ORIENTED_EDGE('',*,*,#3680,.F.);
#1811=ORIENTED_EDGE('',*,*,#3681,.T.);
#1812=ORIENTED_EDGE('',*,*,#3682,.F.);
#1813=ORIENTED_EDGE('',*,*,#3683,.F.);
#1814=ORIENTED_EDGE('',*,*,#3684,.F.);
#1815=ORIENTED_EDGE('',*,*,#3685,.F.);
#1816=ORIENTED_EDGE('',*,*,#3686,.T.);
#1817=ORIENTED_EDGE('',*,*,#3687,.T.);
#1818=ORIENTED_EDGE('',*,*,#3688,.T.);
#1819=ORIENTED_EDGE('',*,*,#3689,.T.);
#1820=ORIENTED_EDGE('',*,*,#3690,.F.);
#1821=ORIENTED_EDGE('',*,*,#3691,.T.);
#1822=ORIENTED_EDGE('',*,*,#3692,.F.);
#1823=ORIENTED_EDGE('',*,*,#3691,.F.);
#1824=ORIENTED_EDGE('',*,*,#3693,.F.);
#1825=ORIENTED_EDGE('',*,*,#3694,.T.);
#1826=ORIENTED_EDGE('',*,*,#3695,.F.);
#1827=ORIENTED_EDGE('',*,*,#3694,.F.);
#1828=ORIENTED_EDGE('',*,*,#3696,.F.);
#1829=ORIENTED_EDGE('',*,*,#3697,.T.);
#1830=ORIENTED_EDGE('',*,*,#3698,.F.);
#1831=ORIENTED_EDGE('',*,*,#3697,.F.);
#1832=ORIENTED_EDGE('',*,*,#3699,.F.);
#1833=ORIENTED_EDGE('',*,*,#3700,.T.);
#1834=ORIENTED_EDGE('',*,*,#3701,.T.);
#1835=ORIENTED_EDGE('',*,*,#3702,.T.);
#1836=ORIENTED_EDGE('',*,*,#3703,.F.);
#1837=ORIENTED_EDGE('',*,*,#3704,.F.);
#1838=ORIENTED_EDGE('',*,*,#3705,.F.);
#1839=ORIENTED_EDGE('',*,*,#3706,.F.);
#1840=ORIENTED_EDGE('',*,*,#3707,.F.);
#1841=ORIENTED_EDGE('',*,*,#3708,.F.);
#1842=ORIENTED_EDGE('',*,*,#3707,.T.);
#1843=ORIENTED_EDGE('',*,*,#3709,.F.);
#1844=ORIENTED_EDGE('',*,*,#3710,.F.);
#1845=ORIENTED_EDGE('',*,*,#3711,.F.);
#1846=ORIENTED_EDGE('',*,*,#3710,.T.);
#1847=ORIENTED_EDGE('',*,*,#3712,.F.);
#1848=ORIENTED_EDGE('',*,*,#3713,.F.);
#1849=ORIENTED_EDGE('',*,*,#3714,.F.);
#1850=ORIENTED_EDGE('',*,*,#3713,.T.);
#1851=ORIENTED_EDGE('',*,*,#3715,.F.);
#1852=ORIENTED_EDGE('',*,*,#3716,.T.);
#1853=ORIENTED_EDGE('',*,*,#3717,.F.);
#1854=ORIENTED_EDGE('',*,*,#3718,.T.);
#1855=ORIENTED_EDGE('',*,*,#3719,.T.);
#1856=ORIENTED_EDGE('',*,*,#3720,.T.);
#1857=ORIENTED_EDGE('',*,*,#3721,.T.);
#1858=ORIENTED_EDGE('',*,*,#3722,.F.);
#1859=ORIENTED_EDGE('',*,*,#3723,.T.);
#1860=ORIENTED_EDGE('',*,*,#3724,.T.);
#1861=ORIENTED_EDGE('',*,*,#3725,.F.);
#1862=ORIENTED_EDGE('',*,*,#3726,.F.);
#1863=ORIENTED_EDGE('',*,*,#3727,.F.);
#1864=ORIENTED_EDGE('',*,*,#3728,.F.);
#1865=ORIENTED_EDGE('',*,*,#3729,.T.);
#1866=ORIENTED_EDGE('',*,*,#3730,.T.);
#1867=ORIENTED_EDGE('',*,*,#3731,.F.);
#1868=ORIENTED_EDGE('',*,*,#3732,.F.);
#1869=ORIENTED_EDGE('',*,*,#3733,.F.);
#1870=ORIENTED_EDGE('',*,*,#3734,.F.);
#1871=ORIENTED_EDGE('',*,*,#3735,.T.);
#1872=ORIENTED_EDGE('',*,*,#3736,.F.);
#1873=ORIENTED_EDGE('',*,*,#3737,.F.);
#1874=ORIENTED_EDGE('',*,*,#3738,.T.);
#1875=ORIENTED_EDGE('',*,*,#3739,.F.);
#1876=ORIENTED_EDGE('',*,*,#3740,.T.);
#1877=ORIENTED_EDGE('',*,*,#3741,.F.);
#1878=ORIENTED_EDGE('',*,*,#3742,.F.);
#1879=ORIENTED_EDGE('',*,*,#3743,.T.);
#1880=ORIENTED_EDGE('',*,*,#3744,.T.);
#1881=ORIENTED_EDGE('',*,*,#3745,.F.);
#1882=ORIENTED_EDGE('',*,*,#3746,.F.);
#1883=ORIENTED_EDGE('',*,*,#3734,.T.);
#1884=ORIENTED_EDGE('',*,*,#3747,.T.);
#1885=ORIENTED_EDGE('',*,*,#3725,.T.);
#1886=ORIENTED_EDGE('',*,*,#3748,.T.);
#1887=ORIENTED_EDGE('',*,*,#3749,.F.);
#1888=ORIENTED_EDGE('',*,*,#3736,.T.);
#1889=ORIENTED_EDGE('',*,*,#3750,.T.);
#1890=ORIENTED_EDGE('',*,*,#3751,.F.);
#1891=ORIENTED_EDGE('',*,*,#3752,.F.);
#1892=ORIENTED_EDGE('',*,*,#3753,.T.);
#1893=ORIENTED_EDGE('',*,*,#3754,.T.);
#1894=ORIENTED_EDGE('',*,*,#3755,.T.);
#1895=ORIENTED_EDGE('',*,*,#3756,.T.);
#1896=ORIENTED_EDGE('',*,*,#3757,.T.);
#1897=ORIENTED_EDGE('',*,*,#3758,.T.);
#1898=ORIENTED_EDGE('',*,*,#3759,.T.);
#1899=ORIENTED_EDGE('',*,*,#3760,.T.);
#1900=ORIENTED_EDGE('',*,*,#3761,.T.);
#1901=ORIENTED_EDGE('',*,*,#3762,.T.);
#1902=ORIENTED_EDGE('',*,*,#3763,.T.);
#1903=ORIENTED_EDGE('',*,*,#3723,.F.);
#1904=ORIENTED_EDGE('',*,*,#3764,.F.);
#1905=ORIENTED_EDGE('',*,*,#3765,.F.);
#1906=ORIENTED_EDGE('',*,*,#3766,.F.);
#1907=ORIENTED_EDGE('',*,*,#3767,.F.);
#1908=ORIENTED_EDGE('',*,*,#3768,.F.);
#1909=ORIENTED_EDGE('',*,*,#3769,.F.);
#1910=ORIENTED_EDGE('',*,*,#3770,.F.);
#1911=ORIENTED_EDGE('',*,*,#3771,.F.);
#1912=ORIENTED_EDGE('',*,*,#3772,.F.);
#1913=ORIENTED_EDGE('',*,*,#3773,.T.);
#1914=ORIENTED_EDGE('',*,*,#3774,.T.);
#1915=ORIENTED_EDGE('',*,*,#3775,.F.);
#1916=ORIENTED_EDGE('',*,*,#3776,.T.);
#1917=ORIENTED_EDGE('',*,*,#3777,.F.);
#1918=ORIENTED_EDGE('',*,*,#3778,.T.);
#1919=ORIENTED_EDGE('',*,*,#3779,.T.);
#1920=ORIENTED_EDGE('',*,*,#3780,.T.);
#1921=ORIENTED_EDGE('',*,*,#3781,.T.);
#1922=ORIENTED_EDGE('',*,*,#3782,.T.);
#1923=ORIENTED_EDGE('',*,*,#3783,.T.);
#1924=ORIENTED_EDGE('',*,*,#3784,.T.);
#1925=ORIENTED_EDGE('',*,*,#3785,.T.);
#1926=ORIENTED_EDGE('',*,*,#3786,.T.);
#1927=ORIENTED_EDGE('',*,*,#3787,.T.);
#1928=ORIENTED_EDGE('',*,*,#3788,.F.);
#1929=ORIENTED_EDGE('',*,*,#3789,.F.);
#1930=ORIENTED_EDGE('',*,*,#3790,.T.);
#1931=ORIENTED_EDGE('',*,*,#3791,.F.);
#1932=ORIENTED_EDGE('',*,*,#3792,.F.);
#1933=ORIENTED_EDGE('',*,*,#3793,.F.);
#1934=ORIENTED_EDGE('',*,*,#3794,.F.);
#1935=ORIENTED_EDGE('',*,*,#3795,.F.);
#1936=ORIENTED_EDGE('',*,*,#3796,.F.);
#1937=ORIENTED_EDGE('',*,*,#3797,.F.);
#1938=ORIENTED_EDGE('',*,*,#3798,.F.);
#1939=ORIENTED_EDGE('',*,*,#3766,.T.);
#1940=ORIENTED_EDGE('',*,*,#3799,.T.);
#1941=ORIENTED_EDGE('',*,*,#3786,.F.);
#1942=ORIENTED_EDGE('',*,*,#3800,.T.);
#1943=ORIENTED_EDGE('',*,*,#3801,.T.);
#1944=ORIENTED_EDGE('',*,*,#3802,.T.);
#1945=ORIENTED_EDGE('',*,*,#3803,.F.);
#1946=ORIENTED_EDGE('',*,*,#3804,.T.);
#1947=ORIENTED_EDGE('',*,*,#3754,.F.);
#1948=ORIENTED_EDGE('',*,*,#3805,.T.);
#1949=ORIENTED_EDGE('',*,*,#3801,.F.);
#1950=ORIENTED_EDGE('',*,*,#3806,.T.);
#1951=ORIENTED_EDGE('',*,*,#3777,.T.);
#1952=ORIENTED_EDGE('',*,*,#3807,.T.);
#1953=ORIENTED_EDGE('',*,*,#3755,.F.);
#1954=ORIENTED_EDGE('',*,*,#3807,.F.);
#1955=ORIENTED_EDGE('',*,*,#3798,.T.);
#1956=ORIENTED_EDGE('',*,*,#3808,.T.);
#1957=ORIENTED_EDGE('',*,*,#3756,.F.);
#1958=ORIENTED_EDGE('',*,*,#3808,.F.);
#1959=ORIENTED_EDGE('',*,*,#3797,.T.);
#1960=ORIENTED_EDGE('',*,*,#3809,.T.);
#1961=ORIENTED_EDGE('',*,*,#3757,.F.);
#1962=ORIENTED_EDGE('',*,*,#3809,.F.);
#1963=ORIENTED_EDGE('',*,*,#3796,.T.);
#1964=ORIENTED_EDGE('',*,*,#3810,.T.);
#1965=ORIENTED_EDGE('',*,*,#3758,.F.);
#1966=ORIENTED_EDGE('',*,*,#3810,.F.);
#1967=ORIENTED_EDGE('',*,*,#3795,.T.);
#1968=ORIENTED_EDGE('',*,*,#3811,.T.);
#1969=ORIENTED_EDGE('',*,*,#3759,.F.);
#1970=ORIENTED_EDGE('',*,*,#3811,.F.);
#1971=ORIENTED_EDGE('',*,*,#3794,.T.);
#1972=ORIENTED_EDGE('',*,*,#3812,.T.);
#1973=ORIENTED_EDGE('',*,*,#3760,.F.);
#1974=ORIENTED_EDGE('',*,*,#3812,.F.);
#1975=ORIENTED_EDGE('',*,*,#3793,.T.);
#1976=ORIENTED_EDGE('',*,*,#3813,.T.);
#1977=ORIENTED_EDGE('',*,*,#3814,.F.);
#1978=ORIENTED_EDGE('',*,*,#3761,.F.);
#1979=ORIENTED_EDGE('',*,*,#3813,.F.);
#1980=ORIENTED_EDGE('',*,*,#3792,.T.);
#1981=ORIENTED_EDGE('',*,*,#3803,.T.);
#1982=ORIENTED_EDGE('',*,*,#3815,.T.);
#1983=ORIENTED_EDGE('',*,*,#3752,.T.);
#1984=ORIENTED_EDGE('',*,*,#3816,.F.);
#1985=ORIENTED_EDGE('',*,*,#3779,.F.);
#1986=ORIENTED_EDGE('',*,*,#3817,.T.);
#1987=ORIENTED_EDGE('',*,*,#3772,.T.);
#1988=ORIENTED_EDGE('',*,*,#3818,.F.);
#1989=ORIENTED_EDGE('',*,*,#3780,.F.);
#1990=ORIENTED_EDGE('',*,*,#3816,.T.);
#1991=ORIENTED_EDGE('',*,*,#3771,.T.);
#1992=ORIENTED_EDGE('',*,*,#3819,.F.);
#1993=ORIENTED_EDGE('',*,*,#3781,.F.);
#1994=ORIENTED_EDGE('',*,*,#3818,.T.);
#1995=ORIENTED_EDGE('',*,*,#3770,.T.);
#1996=ORIENTED_EDGE('',*,*,#3820,.F.);
#1997=ORIENTED_EDGE('',*,*,#3782,.F.);
#1998=ORIENTED_EDGE('',*,*,#3819,.T.);
#1999=ORIENTED_EDGE('',*,*,#3769,.T.);
#2000=ORIENTED_EDGE('',*,*,#3821,.F.);
#2001=ORIENTED_EDGE('',*,*,#3783,.F.);
#2002=ORIENTED_EDGE('',*,*,#3820,.T.);
#2003=ORIENTED_EDGE('',*,*,#3768,.T.);
#2004=ORIENTED_EDGE('',*,*,#3822,.F.);
#2005=ORIENTED_EDGE('',*,*,#3784,.F.);
#2006=ORIENTED_EDGE('',*,*,#3821,.T.);
#2007=ORIENTED_EDGE('',*,*,#3767,.T.);
#2008=ORIENTED_EDGE('',*,*,#3800,.F.);
#2009=ORIENTED_EDGE('',*,*,#3785,.F.);
#2010=ORIENTED_EDGE('',*,*,#3822,.T.);
#2011=ORIENTED_EDGE('',*,*,#3764,.T.);
#2012=ORIENTED_EDGE('',*,*,#3823,.F.);
#2013=ORIENTED_EDGE('',*,*,#3749,.T.);
#2014=ORIENTED_EDGE('',*,*,#3824,.T.);
#2015=ORIENTED_EDGE('',*,*,#3775,.T.);
#2016=ORIENTED_EDGE('',*,*,#3825,.F.);
#2017=ORIENTED_EDGE('',*,*,#3826,.F.);
#2018=ORIENTED_EDGE('',*,*,#3827,.F.);
#2019=ORIENTED_EDGE('',*,*,#3788,.T.);
#2020=ORIENTED_EDGE('',*,*,#3828,.T.);
#2021=ORIENTED_EDGE('',*,*,#3790,.F.);
#2022=ORIENTED_EDGE('',*,*,#3829,.T.);
#2023=ORIENTED_EDGE('',*,*,#3830,.T.);
#2024=ORIENTED_EDGE('',*,*,#3831,.T.);
#2025=ORIENTED_EDGE('',*,*,#3773,.F.);
#2026=ORIENTED_EDGE('',*,*,#3832,.F.);
#2027=ORIENTED_EDGE('',*,*,#3750,.F.);
#2028=ORIENTED_EDGE('',*,*,#3833,.T.);
#2029=ORIENTED_EDGE('',*,*,#3763,.F.);
#2030=ORIENTED_EDGE('',*,*,#3834,.F.);
#2031=ORIENTED_EDGE('',*,*,#3832,.T.);
#2032=ORIENTED_EDGE('',*,*,#3776,.F.);
#2033=ORIENTED_EDGE('',*,*,#3824,.F.);
#2034=ORIENTED_EDGE('',*,*,#3751,.T.);
#2035=ORIENTED_EDGE('',*,*,#3799,.F.);
#2036=ORIENTED_EDGE('',*,*,#3765,.T.);
#2037=ORIENTED_EDGE('',*,*,#3828,.F.);
#2038=ORIENTED_EDGE('',*,*,#3787,.F.);
#2039=ORIENTED_EDGE('',*,*,#3814,.T.);
#2040=ORIENTED_EDGE('',*,*,#3791,.T.);
#2041=ORIENTED_EDGE('',*,*,#3834,.T.);
#2042=ORIENTED_EDGE('',*,*,#3762,.F.);
#2043=ORIENTED_EDGE('',*,*,#3825,.T.);
#2044=ORIENTED_EDGE('',*,*,#3774,.F.);
#2045=ORIENTED_EDGE('',*,*,#3831,.F.);
#2046=ORIENTED_EDGE('',*,*,#3835,.T.);
#2047=ORIENTED_EDGE('',*,*,#3826,.T.);
#2048=ORIENTED_EDGE('',*,*,#3835,.F.);
#2049=ORIENTED_EDGE('',*,*,#3830,.F.);
#2050=ORIENTED_EDGE('',*,*,#3836,.T.);
#2051=ORIENTED_EDGE('',*,*,#3827,.T.);
#2052=ORIENTED_EDGE('',*,*,#3836,.F.);
#2053=ORIENTED_EDGE('',*,*,#3829,.F.);
#2054=ORIENTED_EDGE('',*,*,#3789,.T.);
#2055=ORIENTED_EDGE('',*,*,#3837,.F.);
#2056=ORIENTED_EDGE('',*,*,#3738,.F.);
#2057=ORIENTED_EDGE('',*,*,#3838,.F.);
#2058=ORIENTED_EDGE('',*,*,#3721,.F.);
#2059=ORIENTED_EDGE('',*,*,#3735,.F.);
#2060=ORIENTED_EDGE('',*,*,#3748,.F.);
#2061=ORIENTED_EDGE('',*,*,#3724,.F.);
#2062=ORIENTED_EDGE('',*,*,#3833,.F.);
#2063=ORIENTED_EDGE('',*,*,#3737,.T.);
#2064=ORIENTED_EDGE('',*,*,#3823,.T.);
#2065=ORIENTED_EDGE('',*,*,#3722,.T.);
#2066=ORIENTED_EDGE('',*,*,#3838,.T.);
#2067=ORIENTED_EDGE('',*,*,#3742,.T.);
#2068=ORIENTED_EDGE('',*,*,#3705,.T.);
#2069=ORIENTED_EDGE('',*,*,#3727,.T.);
#2070=ORIENTED_EDGE('',*,*,#3839,.T.);
#2071=ORIENTED_EDGE('',*,*,#3732,.T.);
#2072=ORIENTED_EDGE('',*,*,#3680,.T.);
#2073=ORIENTED_EDGE('',*,*,#3684,.T.);
#2074=ORIENTED_EDGE('',*,*,#3840,.T.);
#2075=ORIENTED_EDGE('',*,*,#3841,.F.);
#2076=ORIENTED_EDGE('',*,*,#3719,.F.);
#2077=ORIENTED_EDGE('',*,*,#3689,.F.);
#2078=ORIENTED_EDGE('',*,*,#3740,.F.);
#2079=ORIENTED_EDGE('',*,*,#3842,.F.);
#2080=ORIENTED_EDGE('',*,*,#3686,.F.);
#2081=ORIENTED_EDGE('',*,*,#3664,.F.);
#2082=ORIENTED_EDGE('',*,*,#3730,.F.);
#2083=ORIENTED_EDGE('',*,*,#3747,.F.);
#2084=ORIENTED_EDGE('',*,*,#3733,.T.);
#2085=ORIENTED_EDGE('',*,*,#3839,.F.);
#2086=ORIENTED_EDGE('',*,*,#3726,.T.);
#2087=ORIENTED_EDGE('',*,*,#3837,.T.);
#2088=ORIENTED_EDGE('',*,*,#3720,.F.);
#2089=ORIENTED_EDGE('',*,*,#3841,.T.);
#2090=ORIENTED_EDGE('',*,*,#3729,.F.);
#2091=ORIENTED_EDGE('',*,*,#3681,.F.);
#2092=ORIENTED_EDGE('',*,*,#3843,.F.);
#2093=ORIENTED_EDGE('',*,*,#3745,.T.);
#2094=ORIENTED_EDGE('',*,*,#3844,.T.);
#2095=ORIENTED_EDGE('',*,*,#3683,.T.);
#2096=ORIENTED_EDGE('',*,*,#3845,.F.);
#2097=ORIENTED_EDGE('',*,*,#3743,.F.);
#2098=ORIENTED_EDGE('',*,*,#3840,.F.);
#2099=ORIENTED_EDGE('',*,*,#3682,.T.);
#2100=ORIENTED_EDGE('',*,*,#3844,.F.);
#2101=ORIENTED_EDGE('',*,*,#3744,.F.);
#2102=ORIENTED_EDGE('',*,*,#3845,.T.);
#2103=ORIENTED_EDGE('',*,*,#3687,.F.);
#2104=ORIENTED_EDGE('',*,*,#3842,.T.);
#2105=ORIENTED_EDGE('',*,*,#3739,.T.);
#2106=ORIENTED_EDGE('',*,*,#3846,.T.);
#2107=ORIENTED_EDGE('',*,*,#3688,.F.);
#2108=ORIENTED_EDGE('',*,*,#3846,.F.);
#2109=ORIENTED_EDGE('',*,*,#3746,.T.);
#2110=ORIENTED_EDGE('',*,*,#3843,.T.);
#2111=ORIENTED_EDGE('',*,*,#3847,.F.);
#2112=ORIENTED_EDGE('',*,*,#3848,.T.);
#2113=ORIENTED_EDGE('',*,*,#3849,.T.);
#2114=ORIENTED_EDGE('',*,*,#3850,.T.);
#2115=ORIENTED_EDGE('',*,*,#3851,.T.);
#2116=ORIENTED_EDGE('',*,*,#3852,.F.);
#2117=ORIENTED_EDGE('',*,*,#3853,.F.);
#2118=ORIENTED_EDGE('',*,*,#3854,.T.);
#2119=ORIENTED_EDGE('',*,*,#3855,.T.);
#2120=ORIENTED_EDGE('',*,*,#3856,.T.);
#2121=ORIENTED_EDGE('',*,*,#3857,.F.);
#2122=ORIENTED_EDGE('',*,*,#3858,.T.);
#2123=ORIENTED_EDGE('',*,*,#3859,.T.);
#2124=ORIENTED_EDGE('',*,*,#3860,.T.);
#2125=ORIENTED_EDGE('',*,*,#3861,.T.);
#2126=ORIENTED_EDGE('',*,*,#3862,.F.);
#2127=ORIENTED_EDGE('',*,*,#3863,.T.);
#2128=ORIENTED_EDGE('',*,*,#3864,.T.);
#2129=ORIENTED_EDGE('',*,*,#3847,.T.);
#2130=ORIENTED_EDGE('',*,*,#3865,.T.);
#2131=ORIENTED_EDGE('',*,*,#3859,.F.);
#2132=ORIENTED_EDGE('',*,*,#3866,.T.);
#2133=ORIENTED_EDGE('',*,*,#3867,.T.);
#2134=ORIENTED_EDGE('',*,*,#3701,.F.);
#2135=ORIENTED_EDGE('',*,*,#3852,.T.);
#2136=ORIENTED_EDGE('',*,*,#3868,.T.);
#2137=ORIENTED_EDGE('',*,*,#3853,.T.);
#2138=ORIENTED_EDGE('',*,*,#3869,.T.);
#2139=ORIENTED_EDGE('',*,*,#3860,.F.);
#2140=ORIENTED_EDGE('',*,*,#3865,.F.);
#2141=ORIENTED_EDGE('',*,*,#3849,.F.);
#2142=ORIENTED_EDGE('',*,*,#3870,.T.);
#2143=ORIENTED_EDGE('',*,*,#3871,.T.);
#2144=ORIENTED_EDGE('',*,*,#3717,.T.);
#2145=ORIENTED_EDGE('',*,*,#3872,.T.);
#2146=ORIENTED_EDGE('',*,*,#3873,.T.);
#2147=ORIENTED_EDGE('',*,*,#3857,.T.);
#2148=ORIENTED_EDGE('',*,*,#3874,.F.);
#2149=ORIENTED_EDGE('',*,*,#3855,.F.);
#2150=ORIENTED_EDGE('',*,*,#3875,.T.);
#2151=ORIENTED_EDGE('',*,*,#3850,.F.);
#2152=ORIENTED_EDGE('',*,*,#3874,.T.);
#2153=ORIENTED_EDGE('',*,*,#3862,.T.);
#2154=ORIENTED_EDGE('',*,*,#3876,.T.);
#2155=ORIENTED_EDGE('',*,*,#3703,.T.);
#2156=ORIENTED_EDGE('',*,*,#3877,.T.);
#2157=ORIENTED_EDGE('',*,*,#3715,.T.);
#2158=ORIENTED_EDGE('',*,*,#3712,.T.);
#2159=ORIENTED_EDGE('',*,*,#3709,.T.);
#2160=ORIENTED_EDGE('',*,*,#3706,.T.);
#2161=ORIENTED_EDGE('',*,*,#3741,.T.);
#2162=ORIENTED_EDGE('',*,*,#3692,.T.);
#2163=ORIENTED_EDGE('',*,*,#3695,.T.);
#2164=ORIENTED_EDGE('',*,*,#3698,.T.);
#2165=ORIENTED_EDGE('',*,*,#3714,.T.);
#2166=ORIENTED_EDGE('',*,*,#3878,.T.);
#2167=ORIENTED_EDGE('',*,*,#3699,.T.);
#2168=ORIENTED_EDGE('',*,*,#3696,.T.);
#2169=ORIENTED_EDGE('',*,*,#3693,.T.);
#2170=ORIENTED_EDGE('',*,*,#3690,.T.);
#2171=ORIENTED_EDGE('',*,*,#3728,.T.);
#2172=ORIENTED_EDGE('',*,*,#3704,.T.);
#2173=ORIENTED_EDGE('',*,*,#3708,.T.);
#2174=ORIENTED_EDGE('',*,*,#3711,.T.);
#2175=ORIENTED_EDGE('',*,*,#3871,.F.);
#2176=ORIENTED_EDGE('',*,*,#3879,.T.);
#2177=ORIENTED_EDGE('',*,*,#3863,.F.);
#2178=ORIENTED_EDGE('',*,*,#3700,.F.);
#2179=ORIENTED_EDGE('',*,*,#3878,.F.);
#2180=ORIENTED_EDGE('',*,*,#3718,.F.);
#2181=ORIENTED_EDGE('',*,*,#3867,.F.);
#2182=ORIENTED_EDGE('',*,*,#3880,.T.);
#2183=ORIENTED_EDGE('',*,*,#3872,.F.);
#2184=ORIENTED_EDGE('',*,*,#3716,.F.);
#2185=ORIENTED_EDGE('',*,*,#3877,.F.);
#2186=ORIENTED_EDGE('',*,*,#3702,.F.);
#2187=ORIENTED_EDGE('',*,*,#3870,.F.);
#2188=ORIENTED_EDGE('',*,*,#3848,.F.);
#2189=ORIENTED_EDGE('',*,*,#3864,.F.);
#2190=ORIENTED_EDGE('',*,*,#3879,.F.);
#2191=ORIENTED_EDGE('',*,*,#3866,.F.);
#2192=ORIENTED_EDGE('',*,*,#3858,.F.);
#2193=ORIENTED_EDGE('',*,*,#3873,.F.);
#2194=ORIENTED_EDGE('',*,*,#3880,.F.);
#2195=ORIENTED_EDGE('',*,*,#3875,.F.);
#2196=ORIENTED_EDGE('',*,*,#3854,.F.);
#2197=ORIENTED_EDGE('',*,*,#3868,.F.);
#2198=ORIENTED_EDGE('',*,*,#3851,.F.);
#2199=ORIENTED_EDGE('',*,*,#3876,.F.);
#2200=ORIENTED_EDGE('',*,*,#3861,.F.);
#2201=ORIENTED_EDGE('',*,*,#3869,.F.);
#2202=ORIENTED_EDGE('',*,*,#3856,.F.);
#2203=ORIENTED_EDGE('',*,*,#3881,.T.);
#2204=ORIENTED_EDGE('',*,*,#3882,.T.);
#2205=ORIENTED_EDGE('',*,*,#3883,.F.);
#2206=ORIENTED_EDGE('',*,*,#3884,.F.);
#2207=ORIENTED_EDGE('',*,*,#3885,.T.);
#2208=ORIENTED_EDGE('',*,*,#3886,.T.);
#2209=ORIENTED_EDGE('',*,*,#3887,.T.);
#2210=ORIENTED_EDGE('',*,*,#3888,.T.);
#2211=ORIENTED_EDGE('',*,*,#3889,.F.);
#2212=ORIENTED_EDGE('',*,*,#3890,.F.);
#2213=ORIENTED_EDGE('',*,*,#3891,.T.);
#2214=ORIENTED_EDGE('',*,*,#3892,.T.);
#2215=ORIENTED_EDGE('',*,*,#3893,.F.);
#2216=ORIENTED_EDGE('',*,*,#3894,.T.);
#2217=ORIENTED_EDGE('',*,*,#3895,.T.);
#2218=ORIENTED_EDGE('',*,*,#3896,.T.);
#2219=ORIENTED_EDGE('',*,*,#3895,.F.);
#2220=ORIENTED_EDGE('',*,*,#3897,.T.);
#2221=ORIENTED_EDGE('',*,*,#3884,.T.);
#2222=ORIENTED_EDGE('',*,*,#3898,.T.);
#2223=ORIENTED_EDGE('',*,*,#3892,.F.);
#2224=ORIENTED_EDGE('',*,*,#3899,.T.);
#2225=ORIENTED_EDGE('',*,*,#3883,.T.);
#2226=ORIENTED_EDGE('',*,*,#3900,.T.);
#2227=ORIENTED_EDGE('',*,*,#3901,.T.);
#2228=ORIENTED_EDGE('',*,*,#3651,.T.);
#2229=ORIENTED_EDGE('',*,*,#3902,.T.);
#2230=ORIENTED_EDGE('',*,*,#3903,.T.);
#2231=ORIENTED_EDGE('',*,*,#3887,.F.);
#2232=ORIENTED_EDGE('',*,*,#3898,.F.);
#2233=ORIENTED_EDGE('',*,*,#3886,.F.);
#2234=ORIENTED_EDGE('',*,*,#3904,.T.);
#2235=ORIENTED_EDGE('',*,*,#3893,.T.);
#2236=ORIENTED_EDGE('',*,*,#3905,.T.);
#2237=ORIENTED_EDGE('',*,*,#3890,.T.);
#2238=ORIENTED_EDGE('',*,*,#3906,.F.);
#2239=ORIENTED_EDGE('',*,*,#3907,.T.);
#2240=ORIENTED_EDGE('',*,*,#3908,.T.);
#2241=ORIENTED_EDGE('',*,*,#3881,.F.);
#2242=ORIENTED_EDGE('',*,*,#3906,.T.);
#2243=ORIENTED_EDGE('',*,*,#3889,.T.);
#2244=ORIENTED_EDGE('',*,*,#3909,.T.);
#2245=ORIENTED_EDGE('',*,*,#3910,.T.);
#2246=ORIENTED_EDGE('',*,*,#3668,.F.);
#2247=ORIENTED_EDGE('',*,*,#3670,.T.);
#2248=ORIENTED_EDGE('',*,*,#3911,.T.);
#2249=ORIENTED_EDGE('',*,*,#3655,.T.);
#2250=ORIENTED_EDGE('',*,*,#3659,.T.);
#2251=ORIENTED_EDGE('',*,*,#3662,.T.);
#2252=ORIENTED_EDGE('',*,*,#3665,.T.);
#2253=ORIENTED_EDGE('',*,*,#3685,.T.);
#2254=ORIENTED_EDGE('',*,*,#3679,.T.);
#2255=ORIENTED_EDGE('',*,*,#3676,.T.);
#2256=ORIENTED_EDGE('',*,*,#3673,.T.);
#2257=ORIENTED_EDGE('',*,*,#3653,.T.);
#2258=ORIENTED_EDGE('',*,*,#3912,.T.);
#2259=ORIENTED_EDGE('',*,*,#3666,.T.);
#2260=ORIENTED_EDGE('',*,*,#3672,.T.);
#2261=ORIENTED_EDGE('',*,*,#3675,.T.);
#2262=ORIENTED_EDGE('',*,*,#3678,.T.);
#2263=ORIENTED_EDGE('',*,*,#3731,.T.);
#2264=ORIENTED_EDGE('',*,*,#3663,.T.);
#2265=ORIENTED_EDGE('',*,*,#3660,.T.);
#2266=ORIENTED_EDGE('',*,*,#3657,.T.);
#2267=ORIENTED_EDGE('',*,*,#3901,.F.);
#2268=ORIENTED_EDGE('',*,*,#3913,.T.);
#2269=ORIENTED_EDGE('',*,*,#3907,.F.);
#2270=ORIENTED_EDGE('',*,*,#3667,.F.);
#2271=ORIENTED_EDGE('',*,*,#3912,.F.);
#2272=ORIENTED_EDGE('',*,*,#3652,.F.);
#2273=ORIENTED_EDGE('',*,*,#3910,.F.);
#2274=ORIENTED_EDGE('',*,*,#3914,.T.);
#2275=ORIENTED_EDGE('',*,*,#3902,.F.);
#2276=ORIENTED_EDGE('',*,*,#3656,.F.);
#2277=ORIENTED_EDGE('',*,*,#3911,.F.);
#2278=ORIENTED_EDGE('',*,*,#3669,.F.);
#2279=ORIENTED_EDGE('',*,*,#3900,.F.);
#2280=ORIENTED_EDGE('',*,*,#3882,.F.);
#2281=ORIENTED_EDGE('',*,*,#3908,.F.);
#2282=ORIENTED_EDGE('',*,*,#3913,.F.);
#2283=ORIENTED_EDGE('',*,*,#3909,.F.);
#2284=ORIENTED_EDGE('',*,*,#3888,.F.);
#2285=ORIENTED_EDGE('',*,*,#3903,.F.);
#2286=ORIENTED_EDGE('',*,*,#3914,.F.);
#2287=ORIENTED_EDGE('',*,*,#3904,.F.);
#2288=ORIENTED_EDGE('',*,*,#3885,.F.);
#2289=ORIENTED_EDGE('',*,*,#3897,.F.);
#2290=ORIENTED_EDGE('',*,*,#3894,.F.);
#2291=ORIENTED_EDGE('',*,*,#3905,.F.);
#2292=ORIENTED_EDGE('',*,*,#3896,.F.);
#2293=ORIENTED_EDGE('',*,*,#3899,.F.);
#2294=ORIENTED_EDGE('',*,*,#3891,.F.);
#2295=ORIENTED_EDGE('',*,*,#3815,.F.);
#2296=ORIENTED_EDGE('',*,*,#3802,.F.);
#2297=ORIENTED_EDGE('',*,*,#3805,.F.);
#2298=ORIENTED_EDGE('',*,*,#3753,.F.);
#2299=ORIENTED_EDGE('',*,*,#3817,.F.);
#2300=ORIENTED_EDGE('',*,*,#3778,.F.);
#2301=ORIENTED_EDGE('',*,*,#3806,.F.);
#2302=ORIENTED_EDGE('',*,*,#3804,.F.);
#2303=ORIENTED_EDGE('',*,*,#3915,.T.);
#2304=ORIENTED_EDGE('',*,*,#3916,.F.);
#2305=ORIENTED_EDGE('',*,*,#3917,.T.);
#2306=ORIENTED_EDGE('',*,*,#3918,.T.);
#2307=ORIENTED_EDGE('',*,*,#3919,.T.);
#2308=ORIENTED_EDGE('',*,*,#3920,.F.);
#2309=ORIENTED_EDGE('',*,*,#3921,.T.);
#2310=ORIENTED_EDGE('',*,*,#3922,.T.);
#2311=ORIENTED_EDGE('',*,*,#3923,.T.);
#2312=ORIENTED_EDGE('',*,*,#3924,.T.);
#2313=ORIENTED_EDGE('',*,*,#3925,.T.);
#2314=ORIENTED_EDGE('',*,*,#3926,.T.);
#2315=ORIENTED_EDGE('',*,*,#3927,.T.);
#2316=ORIENTED_EDGE('',*,*,#3918,.F.);
#2317=ORIENTED_EDGE('',*,*,#3928,.T.);
#2318=ORIENTED_EDGE('',*,*,#3925,.F.);
#2319=ORIENTED_EDGE('',*,*,#3929,.T.);
#2320=ORIENTED_EDGE('',*,*,#3927,.F.);
#2321=ORIENTED_EDGE('',*,*,#3930,.T.);
#2322=ORIENTED_EDGE('',*,*,#3922,.F.);
#2323=ORIENTED_EDGE('',*,*,#3931,.T.);
#2324=ORIENTED_EDGE('',*,*,#3932,.T.);
#2325=ORIENTED_EDGE('',*,*,#3933,.F.);
#2326=ORIENTED_EDGE('',*,*,#3934,.T.);
#2327=ORIENTED_EDGE('',*,*,#3933,.T.);
#2328=ORIENTED_EDGE('',*,*,#3915,.F.);
#2329=ORIENTED_EDGE('',*,*,#3934,.F.);
#2330=ORIENTED_EDGE('',*,*,#3935,.T.);
#2331=ORIENTED_EDGE('',*,*,#3919,.F.);
#2332=ORIENTED_EDGE('',*,*,#3929,.F.);
#2333=ORIENTED_EDGE('',*,*,#3924,.F.);
#2334=ORIENTED_EDGE('',*,*,#3928,.F.);
#2335=ORIENTED_EDGE('',*,*,#3917,.F.);
#2336=ORIENTED_EDGE('',*,*,#3930,.F.);
#2337=ORIENTED_EDGE('',*,*,#3926,.F.);
#2338=ORIENTED_EDGE('',*,*,#3931,.F.);
#2339=ORIENTED_EDGE('',*,*,#3921,.F.);
#2340=ORIENTED_EDGE('',*,*,#3936,.T.);
#2341=ORIENTED_EDGE('',*,*,#3923,.F.);
#2342=ORIENTED_EDGE('',*,*,#3916,.T.);
#2343=ORIENTED_EDGE('',*,*,#3936,.F.);
#2344=ORIENTED_EDGE('',*,*,#3920,.T.);
#2345=ORIENTED_EDGE('',*,*,#3935,.F.);
#2346=ORIENTED_EDGE('',*,*,#3937,.F.);
#2347=ORIENTED_EDGE('',*,*,#3938,.T.);
#2348=ORIENTED_EDGE('',*,*,#3939,.T.);
#2349=ORIENTED_EDGE('',*,*,#3937,.T.);
#2350=ORIENTED_EDGE('',*,*,#3938,.F.);
#2351=ORIENTED_EDGE('',*,*,#3939,.F.);
#2352=ORIENTED_EDGE('',*,*,#3932,.F.);
#2353=ORIENTED_EDGE('',*,*,#3940,.F.);
#2354=ORIENTED_EDGE('',*,*,#3941,.F.);
#2355=ORIENTED_EDGE('',*,*,#3942,.T.);
#2356=ORIENTED_EDGE('',*,*,#3943,.F.);
#2357=ORIENTED_EDGE('',*,*,#3944,.F.);
#2358=ORIENTED_EDGE('',*,*,#3945,.T.);
#2359=ORIENTED_EDGE('',*,*,#3946,.T.);
#2360=ORIENTED_EDGE('',*,*,#3947,.F.);
#2361=ORIENTED_EDGE('',*,*,#3942,.F.);
#2362=ORIENTED_EDGE('',*,*,#3948,.T.);
#2363=ORIENTED_EDGE('',*,*,#3949,.T.);
#2364=ORIENTED_EDGE('',*,*,#3950,.F.);
#2365=ORIENTED_EDGE('',*,*,#3951,.T.);
#2366=ORIENTED_EDGE('',*,*,#3952,.F.);
#2367=ORIENTED_EDGE('',*,*,#3946,.F.);
#2368=ORIENTED_EDGE('',*,*,#3953,.T.);
#2369=ORIENTED_EDGE('',*,*,#3954,.F.);
#2370=ORIENTED_EDGE('',*,*,#3955,.F.);
#2371=ORIENTED_EDGE('',*,*,#3956,.T.);
#2372=ORIENTED_EDGE('',*,*,#3957,.T.);
#2373=ORIENTED_EDGE('',*,*,#3958,.T.);
#2374=ORIENTED_EDGE('',*,*,#3959,.T.);
#2375=ORIENTED_EDGE('',*,*,#3960,.F.);
#2376=ORIENTED_EDGE('',*,*,#3961,.F.);
#2377=ORIENTED_EDGE('',*,*,#3962,.T.);
#2378=ORIENTED_EDGE('',*,*,#3963,.T.);
#2379=ORIENTED_EDGE('',*,*,#3964,.T.);
#2380=ORIENTED_EDGE('',*,*,#3965,.T.);
#2381=ORIENTED_EDGE('',*,*,#3966,.T.);
#2382=ORIENTED_EDGE('',*,*,#3967,.T.);
#2383=ORIENTED_EDGE('',*,*,#3968,.F.);
#2384=ORIENTED_EDGE('',*,*,#3969,.F.);
#2385=ORIENTED_EDGE('',*,*,#3970,.T.);
#2386=ORIENTED_EDGE('',*,*,#3971,.T.);
#2387=ORIENTED_EDGE('',*,*,#3972,.F.);
#2388=ORIENTED_EDGE('',*,*,#3973,.F.);
#2389=ORIENTED_EDGE('',*,*,#3974,.T.);
#2390=ORIENTED_EDGE('',*,*,#3975,.T.);
#2391=ORIENTED_EDGE('',*,*,#3976,.T.);
#2392=ORIENTED_EDGE('',*,*,#3977,.T.);
#2393=ORIENTED_EDGE('',*,*,#3978,.F.);
#2394=ORIENTED_EDGE('',*,*,#3979,.T.);
#2395=ORIENTED_EDGE('',*,*,#3980,.F.);
#2396=ORIENTED_EDGE('',*,*,#3981,.F.);
#2397=ORIENTED_EDGE('',*,*,#3982,.F.);
#2398=ORIENTED_EDGE('',*,*,#3983,.F.);
#2399=ORIENTED_EDGE('',*,*,#3984,.T.);
#2400=ORIENTED_EDGE('',*,*,#3985,.T.);
#2401=ORIENTED_EDGE('',*,*,#3986,.T.);
#2402=ORIENTED_EDGE('',*,*,#3987,.T.);
#2403=ORIENTED_EDGE('',*,*,#3988,.F.);
#2404=ORIENTED_EDGE('',*,*,#3989,.F.);
#2405=ORIENTED_EDGE('',*,*,#3990,.T.);
#2406=ORIENTED_EDGE('',*,*,#3991,.T.);
#2407=ORIENTED_EDGE('',*,*,#3992,.F.);
#2408=ORIENTED_EDGE('',*,*,#3993,.F.);
#2409=ORIENTED_EDGE('',*,*,#3994,.T.);
#2410=ORIENTED_EDGE('',*,*,#3995,.T.);
#2411=ORIENTED_EDGE('',*,*,#3996,.T.);
#2412=ORIENTED_EDGE('',*,*,#3997,.F.);
#2413=ORIENTED_EDGE('',*,*,#3998,.T.);
#2414=ORIENTED_EDGE('',*,*,#3999,.T.);
#2415=ORIENTED_EDGE('',*,*,#4000,.F.);
#2416=ORIENTED_EDGE('',*,*,#4001,.F.);
#2417=ORIENTED_EDGE('',*,*,#4002,.F.);
#2418=ORIENTED_EDGE('',*,*,#4003,.F.);
#2419=ORIENTED_EDGE('',*,*,#4004,.T.);
#2420=ORIENTED_EDGE('',*,*,#4005,.T.);
#2421=ORIENTED_EDGE('',*,*,#4006,.F.);
#2422=ORIENTED_EDGE('',*,*,#3949,.F.);
#2423=ORIENTED_EDGE('',*,*,#4007,.T.);
#2424=ORIENTED_EDGE('',*,*,#4008,.T.);
#2425=ORIENTED_EDGE('',*,*,#4009,.T.);
#2426=ORIENTED_EDGE('',*,*,#3951,.F.);
#2427=ORIENTED_EDGE('',*,*,#4010,.T.);
#2428=ORIENTED_EDGE('',*,*,#4011,.T.);
#2429=ORIENTED_EDGE('',*,*,#4012,.F.);
#2430=ORIENTED_EDGE('',*,*,#4013,.F.);
#2431=ORIENTED_EDGE('',*,*,#4014,.F.);
#2432=ORIENTED_EDGE('',*,*,#4015,.F.);
#2433=ORIENTED_EDGE('',*,*,#4016,.F.);
#2434=ORIENTED_EDGE('',*,*,#4017,.F.);
#2435=ORIENTED_EDGE('',*,*,#4018,.F.);
#2436=ORIENTED_EDGE('',*,*,#4019,.F.);
#2437=ORIENTED_EDGE('',*,*,#4020,.T.);
#2438=ORIENTED_EDGE('',*,*,#4021,.T.);
#2439=ORIENTED_EDGE('',*,*,#4022,.F.);
#2440=ORIENTED_EDGE('',*,*,#3979,.F.);
#2441=ORIENTED_EDGE('',*,*,#4023,.F.);
#2442=ORIENTED_EDGE('',*,*,#4024,.F.);
#2443=ORIENTED_EDGE('',*,*,#4025,.T.);
#2444=ORIENTED_EDGE('',*,*,#3975,.F.);
#2445=ORIENTED_EDGE('',*,*,#4026,.T.);
#2446=ORIENTED_EDGE('',*,*,#4027,.T.);
#2447=ORIENTED_EDGE('',*,*,#4028,.F.);
#2448=ORIENTED_EDGE('',*,*,#3971,.F.);
#2449=ORIENTED_EDGE('',*,*,#4029,.F.);
#2450=ORIENTED_EDGE('',*,*,#4030,.F.);
#2451=ORIENTED_EDGE('',*,*,#4031,.F.);
#2452=ORIENTED_EDGE('',*,*,#4032,.F.);
#2453=ORIENTED_EDGE('',*,*,#4033,.F.);
#2454=ORIENTED_EDGE('',*,*,#4034,.F.);
#2455=ORIENTED_EDGE('',*,*,#4035,.F.);
#2456=ORIENTED_EDGE('',*,*,#4036,.F.);
#2457=ORIENTED_EDGE('',*,*,#4037,.F.);
#2458=ORIENTED_EDGE('',*,*,#4038,.F.);
#2459=ORIENTED_EDGE('',*,*,#4039,.T.);
#2460=ORIENTED_EDGE('',*,*,#3973,.T.);
#2461=ORIENTED_EDGE('',*,*,#4040,.F.);
#2462=ORIENTED_EDGE('',*,*,#4041,.F.);
#2463=ORIENTED_EDGE('',*,*,#4042,.F.);
#2464=ORIENTED_EDGE('',*,*,#4043,.F.);
#2465=ORIENTED_EDGE('',*,*,#4044,.F.);
#2466=ORIENTED_EDGE('',*,*,#4045,.F.);
#2467=ORIENTED_EDGE('',*,*,#4046,.F.);
#2468=ORIENTED_EDGE('',*,*,#4047,.F.);
#2469=ORIENTED_EDGE('',*,*,#4048,.T.);
#2470=ORIENTED_EDGE('',*,*,#4049,.T.);
#2471=ORIENTED_EDGE('',*,*,#4050,.T.);
#2472=ORIENTED_EDGE('',*,*,#4051,.T.);
#2473=ORIENTED_EDGE('',*,*,#4052,.F.);
#2474=ORIENTED_EDGE('',*,*,#4053,.T.);
#2475=ORIENTED_EDGE('',*,*,#4054,.F.);
#2476=ORIENTED_EDGE('',*,*,#4055,.F.);
#2477=ORIENTED_EDGE('',*,*,#4056,.F.);
#2478=ORIENTED_EDGE('',*,*,#4057,.F.);
#2479=ORIENTED_EDGE('',*,*,#4058,.F.);
#2480=ORIENTED_EDGE('',*,*,#4059,.T.);
#2481=ORIENTED_EDGE('',*,*,#4060,.T.);
#2482=ORIENTED_EDGE('',*,*,#4061,.F.);
#2483=ORIENTED_EDGE('',*,*,#4062,.F.);
#2484=ORIENTED_EDGE('',*,*,#4063,.F.);
#2485=ORIENTED_EDGE('',*,*,#4058,.T.);
#2486=ORIENTED_EDGE('',*,*,#4064,.T.);
#2487=ORIENTED_EDGE('',*,*,#3963,.F.);
#2488=ORIENTED_EDGE('',*,*,#4065,.T.);
#2489=ORIENTED_EDGE('',*,*,#3967,.F.);
#2490=ORIENTED_EDGE('',*,*,#4066,.F.);
#2491=ORIENTED_EDGE('',*,*,#4062,.T.);
#2492=ORIENTED_EDGE('',*,*,#4067,.F.);
#2493=ORIENTED_EDGE('',*,*,#4068,.F.);
#2494=ORIENTED_EDGE('',*,*,#4069,.F.);
#2495=ORIENTED_EDGE('',*,*,#4070,.T.);
#2496=ORIENTED_EDGE('',*,*,#4071,.T.);
#2497=ORIENTED_EDGE('',*,*,#4072,.F.);
#2498=ORIENTED_EDGE('',*,*,#4027,.F.);
#2499=ORIENTED_EDGE('',*,*,#4073,.T.);
#2500=ORIENTED_EDGE('',*,*,#4074,.T.);
#2501=ORIENTED_EDGE('',*,*,#4075,.F.);
#2502=ORIENTED_EDGE('',*,*,#4076,.F.);
#2503=ORIENTED_EDGE('',*,*,#4077,.T.);
#2504=ORIENTED_EDGE('',*,*,#4078,.T.);
#2505=ORIENTED_EDGE('',*,*,#4079,.F.);
#2506=ORIENTED_EDGE('',*,*,#4051,.F.);
#2507=ORIENTED_EDGE('',*,*,#4080,.T.);
#2508=ORIENTED_EDGE('',*,*,#4055,.T.);
#2509=ORIENTED_EDGE('',*,*,#4081,.T.);
#2510=ORIENTED_EDGE('',*,*,#4082,.T.);
#2511=ORIENTED_EDGE('',*,*,#4083,.T.);
#2512=ORIENTED_EDGE('',*,*,#4003,.T.);
#2513=ORIENTED_EDGE('',*,*,#4084,.F.);
#2514=ORIENTED_EDGE('',*,*,#4085,.T.);
#2515=ORIENTED_EDGE('',*,*,#4086,.F.);
#2516=ORIENTED_EDGE('',*,*,#4005,.F.);
#2517=ORIENTED_EDGE('',*,*,#4087,.T.);
#2518=ORIENTED_EDGE('',*,*,#4088,.T.);
#2519=ORIENTED_EDGE('',*,*,#4089,.T.);
#2520=ORIENTED_EDGE('',*,*,#3983,.T.);
#2521=ORIENTED_EDGE('',*,*,#4090,.F.);
#2522=ORIENTED_EDGE('',*,*,#4091,.T.);
#2523=ORIENTED_EDGE('',*,*,#4092,.F.);
#2524=ORIENTED_EDGE('',*,*,#3985,.F.);
#2525=ORIENTED_EDGE('',*,*,#4093,.T.);
#2526=ORIENTED_EDGE('',*,*,#4094,.F.);
#2527=ORIENTED_EDGE('',*,*,#4095,.F.);
#2528=ORIENTED_EDGE('',*,*,#4096,.F.);
#2529=ORIENTED_EDGE('',*,*,#4097,.T.);
#2530=ORIENTED_EDGE('',*,*,#4098,.F.);
#2531=ORIENTED_EDGE('',*,*,#4099,.F.);
#2532=ORIENTED_EDGE('',*,*,#4100,.T.);
#2533=ORIENTED_EDGE('',*,*,#3997,.T.);
#2534=ORIENTED_EDGE('',*,*,#4101,.F.);
#2535=ORIENTED_EDGE('',*,*,#4093,.F.);
#2536=ORIENTED_EDGE('',*,*,#4102,.T.);
#2537=ORIENTED_EDGE('',*,*,#4097,.F.);
#2538=ORIENTED_EDGE('',*,*,#4103,.T.);
#2539=ORIENTED_EDGE('',*,*,#3993,.T.);
#2540=ORIENTED_EDGE('',*,*,#4104,.F.);
#2541=ORIENTED_EDGE('',*,*,#4105,.F.);
#2542=ORIENTED_EDGE('',*,*,#4074,.F.);
#2543=ORIENTED_EDGE('',*,*,#4106,.T.);
#2544=ORIENTED_EDGE('',*,*,#4038,.T.);
#2545=ORIENTED_EDGE('',*,*,#4106,.F.);
#2546=ORIENTED_EDGE('',*,*,#4073,.F.);
#2547=ORIENTED_EDGE('',*,*,#4026,.F.);
#2548=ORIENTED_EDGE('',*,*,#3974,.F.);
#2549=ORIENTED_EDGE('',*,*,#4039,.F.);
#2550=ORIENTED_EDGE('',*,*,#4105,.T.);
#2551=ORIENTED_EDGE('',*,*,#4037,.T.);
#2552=ORIENTED_EDGE('',*,*,#3972,.T.);
#2553=ORIENTED_EDGE('',*,*,#4028,.T.);
#2554=ORIENTED_EDGE('',*,*,#4072,.T.);
#2555=ORIENTED_EDGE('',*,*,#4107,.F.);
#2556=ORIENTED_EDGE('',*,*,#3977,.F.);
#2557=ORIENTED_EDGE('',*,*,#4108,.T.);
#2558=ORIENTED_EDGE('',*,*,#4109,.T.);
#2559=ORIENTED_EDGE('',*,*,#4110,.F.);
#2560=ORIENTED_EDGE('',*,*,#4109,.F.);
#2561=ORIENTED_EDGE('',*,*,#4111,.T.);
#2562=ORIENTED_EDGE('',*,*,#4112,.T.);
#2563=ORIENTED_EDGE('',*,*,#4113,.F.);
#2564=ORIENTED_EDGE('',*,*,#4112,.F.);
#2565=ORIENTED_EDGE('',*,*,#4114,.T.);
#2566=ORIENTED_EDGE('',*,*,#4024,.T.);
#2567=ORIENTED_EDGE('',*,*,#3976,.F.);
#2568=ORIENTED_EDGE('',*,*,#4025,.F.);
#2569=ORIENTED_EDGE('',*,*,#4114,.F.);
#2570=ORIENTED_EDGE('',*,*,#4111,.F.);
#2571=ORIENTED_EDGE('',*,*,#4108,.F.);
#2572=ORIENTED_EDGE('',*,*,#3978,.T.);
#2573=ORIENTED_EDGE('',*,*,#4107,.T.);
#2574=ORIENTED_EDGE('',*,*,#4110,.T.);
#2575=ORIENTED_EDGE('',*,*,#4113,.T.);
#2576=ORIENTED_EDGE('',*,*,#4023,.T.);
#2577=ORIENTED_EDGE('',*,*,#4115,.F.);
#2578=ORIENTED_EDGE('',*,*,#4116,.F.);
#2579=ORIENTED_EDGE('',*,*,#4117,.T.);
#2580=ORIENTED_EDGE('',*,*,#4099,.T.);
#2581=ORIENTED_EDGE('',*,*,#4118,.F.);
#2582=ORIENTED_EDGE('',*,*,#3991,.F.);
#2583=ORIENTED_EDGE('',*,*,#4119,.T.);
#2584=ORIENTED_EDGE('',*,*,#4116,.T.);
#2585=ORIENTED_EDGE('',*,*,#4117,.F.);
#2586=ORIENTED_EDGE('',*,*,#4119,.F.);
#2587=ORIENTED_EDGE('',*,*,#3990,.F.);
#2588=ORIENTED_EDGE('',*,*,#4102,.F.);
#2589=ORIENTED_EDGE('',*,*,#4100,.F.);
#2590=ORIENTED_EDGE('',*,*,#4115,.T.);
#2591=ORIENTED_EDGE('',*,*,#4098,.T.);
#2592=ORIENTED_EDGE('',*,*,#4104,.T.);
#2593=ORIENTED_EDGE('',*,*,#3992,.T.);
#2594=ORIENTED_EDGE('',*,*,#4118,.T.);
#2595=ORIENTED_EDGE('',*,*,#4120,.F.);
#2596=ORIENTED_EDGE('',*,*,#4121,.F.);
#2597=ORIENTED_EDGE('',*,*,#4122,.T.);
#2598=ORIENTED_EDGE('',*,*,#3989,.T.);
#2599=ORIENTED_EDGE('',*,*,#4123,.F.);
#2600=ORIENTED_EDGE('',*,*,#3987,.F.);
#2601=ORIENTED_EDGE('',*,*,#4124,.T.);
#2602=ORIENTED_EDGE('',*,*,#4125,.T.);
#2603=ORIENTED_EDGE('',*,*,#4126,.F.);
#2604=ORIENTED_EDGE('',*,*,#4125,.F.);
#2605=ORIENTED_EDGE('',*,*,#4127,.T.);
#2606=ORIENTED_EDGE('',*,*,#4121,.T.);
#2607=ORIENTED_EDGE('',*,*,#4122,.F.);
#2608=ORIENTED_EDGE('',*,*,#4127,.F.);
#2609=ORIENTED_EDGE('',*,*,#4124,.F.);
#2610=ORIENTED_EDGE('',*,*,#3986,.F.);
#2611=ORIENTED_EDGE('',*,*,#4120,.T.);
#2612=ORIENTED_EDGE('',*,*,#3988,.T.);
#2613=ORIENTED_EDGE('',*,*,#4123,.T.);
#2614=ORIENTED_EDGE('',*,*,#4126,.T.);
#2615=ORIENTED_EDGE('',*,*,#4092,.T.);
#2616=ORIENTED_EDGE('',*,*,#4128,.F.);
#2617=ORIENTED_EDGE('',*,*,#4087,.F.);
#2618=ORIENTED_EDGE('',*,*,#3982,.T.);
#2619=ORIENTED_EDGE('',*,*,#4129,.T.);
#2620=ORIENTED_EDGE('',*,*,#4077,.F.);
#2621=ORIENTED_EDGE('',*,*,#4130,.F.);
#2622=ORIENTED_EDGE('',*,*,#4128,.T.);
#2623=ORIENTED_EDGE('',*,*,#4131,.T.);
#2624=ORIENTED_EDGE('',*,*,#4132,.F.);
#2625=ORIENTED_EDGE('',*,*,#4133,.F.);
#2626=ORIENTED_EDGE('',*,*,#4075,.T.);
#2627=ORIENTED_EDGE('',*,*,#4090,.T.);
#2628=ORIENTED_EDGE('',*,*,#3984,.F.);
#2629=ORIENTED_EDGE('',*,*,#4089,.F.);
#2630=ORIENTED_EDGE('',*,*,#4132,.T.);
#2631=ORIENTED_EDGE('',*,*,#4088,.F.);
#2632=ORIENTED_EDGE('',*,*,#4130,.T.);
#2633=ORIENTED_EDGE('',*,*,#4076,.T.);
#2634=ORIENTED_EDGE('',*,*,#4133,.T.);
#2635=ORIENTED_EDGE('',*,*,#4091,.F.);
#2636=ORIENTED_EDGE('',*,*,#4131,.F.);
#2637=ORIENTED_EDGE('',*,*,#4078,.F.);
#2638=ORIENTED_EDGE('',*,*,#4129,.F.);
#2639=ORIENTED_EDGE('',*,*,#4134,.F.);
#2640=ORIENTED_EDGE('',*,*,#4094,.T.);
#2641=ORIENTED_EDGE('',*,*,#4101,.T.);
#2642=ORIENTED_EDGE('',*,*,#3996,.F.);
#2643=ORIENTED_EDGE('',*,*,#4135,.F.);
#2644=ORIENTED_EDGE('',*,*,#4095,.T.);
#2645=ORIENTED_EDGE('',*,*,#4134,.T.);
#2646=ORIENTED_EDGE('',*,*,#3995,.F.);
#2647=ORIENTED_EDGE('',*,*,#4103,.F.);
#2648=ORIENTED_EDGE('',*,*,#4096,.T.);
#2649=ORIENTED_EDGE('',*,*,#4135,.T.);
#2650=ORIENTED_EDGE('',*,*,#3994,.F.);
#2651=ORIENTED_EDGE('',*,*,#4041,.T.);
#2652=ORIENTED_EDGE('',*,*,#4136,.T.);
#2653=ORIENTED_EDGE('',*,*,#4137,.F.);
#2654=ORIENTED_EDGE('',*,*,#4138,.T.);
#2655=ORIENTED_EDGE('',*,*,#4139,.F.);
#2656=ORIENTED_EDGE('',*,*,#4140,.T.);
#2657=ORIENTED_EDGE('',*,*,#4043,.T.);
#2658=ORIENTED_EDGE('',*,*,#4141,.F.);
#2659=ORIENTED_EDGE('',*,*,#4042,.T.);
#2660=ORIENTED_EDGE('',*,*,#4138,.F.);
#2661=ORIENTED_EDGE('',*,*,#4142,.F.);
#2662=ORIENTED_EDGE('',*,*,#4141,.T.);
#2663=ORIENTED_EDGE('',*,*,#4137,.T.);
#2664=ORIENTED_EDGE('',*,*,#4143,.T.);
#2665=ORIENTED_EDGE('',*,*,#4139,.T.);
#2666=ORIENTED_EDGE('',*,*,#4142,.T.);
#2667=ORIENTED_EDGE('',*,*,#4144,.F.);
#2668=ORIENTED_EDGE('',*,*,#4145,.T.);
#2669=ORIENTED_EDGE('',*,*,#4017,.T.);
#2670=ORIENTED_EDGE('',*,*,#4146,.F.);
#2671=ORIENTED_EDGE('',*,*,#4016,.T.);
#2672=ORIENTED_EDGE('',*,*,#4147,.F.);
#2673=ORIENTED_EDGE('',*,*,#4148,.F.);
#2674=ORIENTED_EDGE('',*,*,#4146,.T.);
#2675=ORIENTED_EDGE('',*,*,#4019,.T.);
#2676=ORIENTED_EDGE('',*,*,#4149,.T.);
#2677=ORIENTED_EDGE('',*,*,#4150,.F.);
#2678=ORIENTED_EDGE('',*,*,#4147,.T.);
#2679=ORIENTED_EDGE('',*,*,#4150,.T.);
#2680=ORIENTED_EDGE('',*,*,#4151,.T.);
#2681=ORIENTED_EDGE('',*,*,#4144,.T.);
#2682=ORIENTED_EDGE('',*,*,#4148,.T.);
#2683=ORIENTED_EDGE('',*,*,#4149,.F.);
#2684=ORIENTED_EDGE('',*,*,#4018,.T.);
#2685=ORIENTED_EDGE('',*,*,#4145,.F.);
#2686=ORIENTED_EDGE('',*,*,#4151,.F.);
#2687=ORIENTED_EDGE('',*,*,#4136,.F.);
#2688=ORIENTED_EDGE('',*,*,#4040,.T.);
#2689=ORIENTED_EDGE('',*,*,#4140,.F.);
#2690=ORIENTED_EDGE('',*,*,#4143,.F.);
#2691=ORIENTED_EDGE('',*,*,#4152,.F.);
#2692=ORIENTED_EDGE('',*,*,#4153,.F.);
#2693=ORIENTED_EDGE('',*,*,#4154,.T.);
#2694=ORIENTED_EDGE('',*,*,#3944,.T.);
#2695=ORIENTED_EDGE('',*,*,#4155,.F.);
#2696=ORIENTED_EDGE('',*,*,#4011,.F.);
#2697=ORIENTED_EDGE('',*,*,#4156,.T.);
#2698=ORIENTED_EDGE('',*,*,#4153,.T.);
#2699=ORIENTED_EDGE('',*,*,#4154,.F.);
#2700=ORIENTED_EDGE('',*,*,#4156,.F.);
#2701=ORIENTED_EDGE('',*,*,#4010,.F.);
#2702=ORIENTED_EDGE('',*,*,#3953,.F.);
#2703=ORIENTED_EDGE('',*,*,#3945,.F.);
#2704=ORIENTED_EDGE('',*,*,#4152,.T.);
#2705=ORIENTED_EDGE('',*,*,#3943,.T.);
#2706=ORIENTED_EDGE('',*,*,#3950,.T.);
#2707=ORIENTED_EDGE('',*,*,#4006,.T.);
#2708=ORIENTED_EDGE('',*,*,#4155,.T.);
#2709=ORIENTED_EDGE('',*,*,#4157,.F.);
#2710=ORIENTED_EDGE('',*,*,#4158,.F.);
#2711=ORIENTED_EDGE('',*,*,#4159,.T.);
#2712=ORIENTED_EDGE('',*,*,#4001,.T.);
#2713=ORIENTED_EDGE('',*,*,#4160,.F.);
#2714=ORIENTED_EDGE('',*,*,#3999,.F.);
#2715=ORIENTED_EDGE('',*,*,#4161,.T.);
#2716=ORIENTED_EDGE('',*,*,#4162,.T.);
#2717=ORIENTED_EDGE('',*,*,#4163,.F.);
#2718=ORIENTED_EDGE('',*,*,#4162,.F.);
#2719=ORIENTED_EDGE('',*,*,#4164,.T.);
#2720=ORIENTED_EDGE('',*,*,#4158,.T.);
#2721=ORIENTED_EDGE('',*,*,#4159,.F.);
#2722=ORIENTED_EDGE('',*,*,#4164,.F.);
#2723=ORIENTED_EDGE('',*,*,#4161,.F.);
#2724=ORIENTED_EDGE('',*,*,#3998,.F.);
#2725=ORIENTED_EDGE('',*,*,#4157,.T.);
#2726=ORIENTED_EDGE('',*,*,#4000,.T.);
#2727=ORIENTED_EDGE('',*,*,#4160,.T.);
#2728=ORIENTED_EDGE('',*,*,#4163,.T.);
#2729=ORIENTED_EDGE('',*,*,#4086,.T.);
#2730=ORIENTED_EDGE('',*,*,#4165,.F.);
#2731=ORIENTED_EDGE('',*,*,#4081,.F.);
#2732=ORIENTED_EDGE('',*,*,#4002,.T.);
#2733=ORIENTED_EDGE('',*,*,#4166,.F.);
#2734=ORIENTED_EDGE('',*,*,#4165,.T.);
#2735=ORIENTED_EDGE('',*,*,#4167,.T.);
#2736=ORIENTED_EDGE('',*,*,#4070,.F.);
#2737=ORIENTED_EDGE('',*,*,#4068,.T.);
#2738=ORIENTED_EDGE('',*,*,#4168,.T.);
#2739=ORIENTED_EDGE('',*,*,#4169,.F.);
#2740=ORIENTED_EDGE('',*,*,#4170,.F.);
#2741=ORIENTED_EDGE('',*,*,#4084,.T.);
#2742=ORIENTED_EDGE('',*,*,#4004,.F.);
#2743=ORIENTED_EDGE('',*,*,#4083,.F.);
#2744=ORIENTED_EDGE('',*,*,#4169,.T.);
#2745=ORIENTED_EDGE('',*,*,#4082,.F.);
#2746=ORIENTED_EDGE('',*,*,#4166,.T.);
#2747=ORIENTED_EDGE('',*,*,#4069,.T.);
#2748=ORIENTED_EDGE('',*,*,#4170,.T.);
#2749=ORIENTED_EDGE('',*,*,#4085,.F.);
#2750=ORIENTED_EDGE('',*,*,#4168,.F.);
#2751=ORIENTED_EDGE('',*,*,#4071,.F.);
#2752=ORIENTED_EDGE('',*,*,#4167,.F.);
#2753=ORIENTED_EDGE('',*,*,#4034,.T.);
#2754=ORIENTED_EDGE('',*,*,#4171,.T.);
#2755=ORIENTED_EDGE('',*,*,#4172,.F.);
#2756=ORIENTED_EDGE('',*,*,#4173,.T.);
#2757=ORIENTED_EDGE('',*,*,#4174,.F.);
#2758=ORIENTED_EDGE('',*,*,#4175,.T.);
#2759=ORIENTED_EDGE('',*,*,#4036,.T.);
#2760=ORIENTED_EDGE('',*,*,#4176,.F.);
#2761=ORIENTED_EDGE('',*,*,#4035,.T.);
#2762=ORIENTED_EDGE('',*,*,#4173,.F.);
#2763=ORIENTED_EDGE('',*,*,#4177,.F.);
#2764=ORIENTED_EDGE('',*,*,#4176,.T.);
#2765=ORIENTED_EDGE('',*,*,#4172,.T.);
#2766=ORIENTED_EDGE('',*,*,#4178,.T.);
#2767=ORIENTED_EDGE('',*,*,#4174,.T.);
#2768=ORIENTED_EDGE('',*,*,#4177,.T.);
#2769=ORIENTED_EDGE('',*,*,#4179,.F.);
#2770=ORIENTED_EDGE('',*,*,#4180,.T.);
#2771=ORIENTED_EDGE('',*,*,#4013,.T.);
#2772=ORIENTED_EDGE('',*,*,#4181,.F.);
#2773=ORIENTED_EDGE('',*,*,#4012,.T.);
#2774=ORIENTED_EDGE('',*,*,#4182,.F.);
#2775=ORIENTED_EDGE('',*,*,#4183,.F.);
#2776=ORIENTED_EDGE('',*,*,#4181,.T.);
#2777=ORIENTED_EDGE('',*,*,#4015,.T.);
#2778=ORIENTED_EDGE('',*,*,#4184,.T.);
#2779=ORIENTED_EDGE('',*,*,#4185,.F.);
#2780=ORIENTED_EDGE('',*,*,#4182,.T.);
#2781=ORIENTED_EDGE('',*,*,#4185,.T.);
#2782=ORIENTED_EDGE('',*,*,#4186,.T.);
#2783=ORIENTED_EDGE('',*,*,#4179,.T.);
#2784=ORIENTED_EDGE('',*,*,#4183,.T.);
#2785=ORIENTED_EDGE('',*,*,#4187,.F.);
#2786=ORIENTED_EDGE('',*,*,#4188,.F.);
#2787=ORIENTED_EDGE('',*,*,#4189,.T.);
#2788=ORIENTED_EDGE('',*,*,#3981,.T.);
#2789=ORIENTED_EDGE('',*,*,#4190,.F.);
#2790=ORIENTED_EDGE('',*,*,#4021,.F.);
#2791=ORIENTED_EDGE('',*,*,#4191,.T.);
#2792=ORIENTED_EDGE('',*,*,#4192,.T.);
#2793=ORIENTED_EDGE('',*,*,#4193,.F.);
#2794=ORIENTED_EDGE('',*,*,#4192,.F.);
#2795=ORIENTED_EDGE('',*,*,#4194,.T.);
#2796=ORIENTED_EDGE('',*,*,#4188,.T.);
#2797=ORIENTED_EDGE('',*,*,#4189,.F.);
#2798=ORIENTED_EDGE('',*,*,#4194,.F.);
#2799=ORIENTED_EDGE('',*,*,#4191,.F.);
#2800=ORIENTED_EDGE('',*,*,#4020,.F.);
#2801=ORIENTED_EDGE('',*,*,#3970,.F.);
#2802=ORIENTED_EDGE('',*,*,#4187,.T.);
#2803=ORIENTED_EDGE('',*,*,#3980,.T.);
#2804=ORIENTED_EDGE('',*,*,#4022,.T.);
#2805=ORIENTED_EDGE('',*,*,#4190,.T.);
#2806=ORIENTED_EDGE('',*,*,#4193,.T.);
#2807=ORIENTED_EDGE('',*,*,#4195,.F.);
#2808=ORIENTED_EDGE('',*,*,#4060,.F.);
#2809=ORIENTED_EDGE('',*,*,#4196,.T.);
#2810=ORIENTED_EDGE('',*,*,#4197,.T.);
#2811=ORIENTED_EDGE('',*,*,#4198,.F.);
#2812=ORIENTED_EDGE('',*,*,#4197,.F.);
#2813=ORIENTED_EDGE('',*,*,#4199,.T.);
#2814=ORIENTED_EDGE('',*,*,#3969,.T.);
#2815=ORIENTED_EDGE('',*,*,#4059,.F.);
#2816=ORIENTED_EDGE('',*,*,#4065,.F.);
#2817=ORIENTED_EDGE('',*,*,#3962,.F.);
#2818=ORIENTED_EDGE('',*,*,#4199,.F.);
#2819=ORIENTED_EDGE('',*,*,#4196,.F.);
#2820=ORIENTED_EDGE('',*,*,#4061,.T.);
#2821=ORIENTED_EDGE('',*,*,#4195,.T.);
#2822=ORIENTED_EDGE('',*,*,#4198,.T.);
#2823=ORIENTED_EDGE('',*,*,#3968,.T.);
#2824=ORIENTED_EDGE('',*,*,#4067,.T.);
#2825=ORIENTED_EDGE('',*,*,#4200,.F.);
#2826=ORIENTED_EDGE('',*,*,#3959,.F.);
#2827=ORIENTED_EDGE('',*,*,#4201,.T.);
#2828=ORIENTED_EDGE('',*,*,#4202,.T.);
#2829=ORIENTED_EDGE('',*,*,#4203,.F.);
#2830=ORIENTED_EDGE('',*,*,#4202,.F.);
#2831=ORIENTED_EDGE('',*,*,#4204,.T.);
#2832=ORIENTED_EDGE('',*,*,#4205,.T.);
#2833=ORIENTED_EDGE('',*,*,#4206,.F.);
#2834=ORIENTED_EDGE('',*,*,#4205,.F.);
#2835=ORIENTED_EDGE('',*,*,#4207,.T.);
#2836=ORIENTED_EDGE('',*,*,#3961,.T.);
#2837=ORIENTED_EDGE('',*,*,#3958,.F.);
#2838=ORIENTED_EDGE('',*,*,#4207,.F.);
#2839=ORIENTED_EDGE('',*,*,#4204,.F.);
#2840=ORIENTED_EDGE('',*,*,#4201,.F.);
#2841=ORIENTED_EDGE('',*,*,#3960,.T.);
#2842=ORIENTED_EDGE('',*,*,#4200,.T.);
#2843=ORIENTED_EDGE('',*,*,#4203,.T.);
#2844=ORIENTED_EDGE('',*,*,#4206,.T.);
#2845=ORIENTED_EDGE('',*,*,#4208,.T.);
#2846=ORIENTED_EDGE('',*,*,#3956,.F.);
#2847=ORIENTED_EDGE('',*,*,#4209,.F.);
#2848=ORIENTED_EDGE('',*,*,#4210,.T.);
#2849=ORIENTED_EDGE('',*,*,#4211,.T.);
#2850=ORIENTED_EDGE('',*,*,#4212,.F.);
#2851=ORIENTED_EDGE('',*,*,#4213,.F.);
#2852=ORIENTED_EDGE('',*,*,#3954,.T.);
#2853=ORIENTED_EDGE('',*,*,#4052,.T.);
#2854=ORIENTED_EDGE('',*,*,#4080,.F.);
#2855=ORIENTED_EDGE('',*,*,#4050,.F.);
#2856=ORIENTED_EDGE('',*,*,#4212,.T.);
#2857=ORIENTED_EDGE('',*,*,#4054,.T.);
#2858=ORIENTED_EDGE('',*,*,#4210,.F.);
#2859=ORIENTED_EDGE('',*,*,#4048,.F.);
#2860=ORIENTED_EDGE('',*,*,#4079,.T.);
#2861=ORIENTED_EDGE('',*,*,#4049,.F.);
#2862=ORIENTED_EDGE('',*,*,#4209,.T.);
#2863=ORIENTED_EDGE('',*,*,#3955,.T.);
#2864=ORIENTED_EDGE('',*,*,#4213,.T.);
#2865=ORIENTED_EDGE('',*,*,#4053,.F.);
#2866=ORIENTED_EDGE('',*,*,#4211,.F.);
#2867=ORIENTED_EDGE('',*,*,#3957,.F.);
#2868=ORIENTED_EDGE('',*,*,#4208,.F.);
#2869=ORIENTED_EDGE('',*,*,#4064,.F.);
#2870=ORIENTED_EDGE('',*,*,#4057,.T.);
#2871=ORIENTED_EDGE('',*,*,#4214,.T.);
#2872=ORIENTED_EDGE('',*,*,#3964,.F.);
#2873=ORIENTED_EDGE('',*,*,#4215,.F.);
#2874=ORIENTED_EDGE('',*,*,#4063,.T.);
#2875=ORIENTED_EDGE('',*,*,#4066,.T.);
#2876=ORIENTED_EDGE('',*,*,#3966,.F.);
#2877=ORIENTED_EDGE('',*,*,#4214,.F.);
#2878=ORIENTED_EDGE('',*,*,#4056,.T.);
#2879=ORIENTED_EDGE('',*,*,#4215,.T.);
#2880=ORIENTED_EDGE('',*,*,#3965,.F.);
#2881=ORIENTED_EDGE('',*,*,#4216,.F.);
#2882=ORIENTED_EDGE('',*,*,#4217,.T.);
#2883=ORIENTED_EDGE('',*,*,#4044,.T.);
#2884=ORIENTED_EDGE('',*,*,#4218,.F.);
#2885=ORIENTED_EDGE('',*,*,#4047,.T.);
#2886=ORIENTED_EDGE('',*,*,#4219,.F.);
#2887=ORIENTED_EDGE('',*,*,#4220,.F.);
#2888=ORIENTED_EDGE('',*,*,#4218,.T.);
#2889=ORIENTED_EDGE('',*,*,#4046,.T.);
#2890=ORIENTED_EDGE('',*,*,#4221,.T.);
#2891=ORIENTED_EDGE('',*,*,#4222,.F.);
#2892=ORIENTED_EDGE('',*,*,#4219,.T.);
#2893=ORIENTED_EDGE('',*,*,#4222,.T.);
#2894=ORIENTED_EDGE('',*,*,#4223,.T.);
#2895=ORIENTED_EDGE('',*,*,#4216,.T.);
#2896=ORIENTED_EDGE('',*,*,#4220,.T.);
#2897=ORIENTED_EDGE('',*,*,#4030,.T.);
#2898=ORIENTED_EDGE('',*,*,#4224,.F.);
#2899=ORIENTED_EDGE('',*,*,#4225,.F.);
#2900=ORIENTED_EDGE('',*,*,#4226,.T.);
#2901=ORIENTED_EDGE('',*,*,#4029,.T.);
#2902=ORIENTED_EDGE('',*,*,#4227,.T.);
#2903=ORIENTED_EDGE('',*,*,#4228,.F.);
#2904=ORIENTED_EDGE('',*,*,#4224,.T.);
#2905=ORIENTED_EDGE('',*,*,#4229,.F.);
#2906=ORIENTED_EDGE('',*,*,#4230,.T.);
#2907=ORIENTED_EDGE('',*,*,#4031,.T.);
#2908=ORIENTED_EDGE('',*,*,#4226,.F.);
#2909=ORIENTED_EDGE('',*,*,#4228,.T.);
#2910=ORIENTED_EDGE('',*,*,#4231,.T.);
#2911=ORIENTED_EDGE('',*,*,#4229,.T.);
#2912=ORIENTED_EDGE('',*,*,#4225,.T.);
#2913=ORIENTED_EDGE('',*,*,#4227,.F.);
#2914=ORIENTED_EDGE('',*,*,#4032,.T.);
#2915=ORIENTED_EDGE('',*,*,#4230,.F.);
#2916=ORIENTED_EDGE('',*,*,#4231,.F.);
#2917=ORIENTED_EDGE('',*,*,#4221,.F.);
#2918=ORIENTED_EDGE('',*,*,#4045,.T.);
#2919=ORIENTED_EDGE('',*,*,#4217,.F.);
#2920=ORIENTED_EDGE('',*,*,#4223,.F.);
#2921=ORIENTED_EDGE('',*,*,#3948,.F.);
#2922=ORIENTED_EDGE('',*,*,#3941,.T.);
#2923=ORIENTED_EDGE('',*,*,#4232,.T.);
#2924=ORIENTED_EDGE('',*,*,#4007,.F.);
#2925=ORIENTED_EDGE('',*,*,#4233,.F.);
#2926=ORIENTED_EDGE('',*,*,#3947,.T.);
#2927=ORIENTED_EDGE('',*,*,#3952,.T.);
#2928=ORIENTED_EDGE('',*,*,#4009,.F.);
#2929=ORIENTED_EDGE('',*,*,#4232,.F.);
#2930=ORIENTED_EDGE('',*,*,#3940,.T.);
#2931=ORIENTED_EDGE('',*,*,#4233,.T.);
#2932=ORIENTED_EDGE('',*,*,#4008,.F.);
#2933=ORIENTED_EDGE('',*,*,#4184,.F.);
#2934=ORIENTED_EDGE('',*,*,#4014,.T.);
#2935=ORIENTED_EDGE('',*,*,#4180,.F.);
#2936=ORIENTED_EDGE('',*,*,#4186,.F.);
#2937=ORIENTED_EDGE('',*,*,#4171,.F.);
#2938=ORIENTED_EDGE('',*,*,#4033,.T.);
#2939=ORIENTED_EDGE('',*,*,#4175,.F.);
#2940=ORIENTED_EDGE('',*,*,#4178,.F.);
#2941=EDGE_CURVE('',#4234,#4235,#5088,.T.);
#2942=EDGE_CURVE('',#4236,#4235,#5089,.T.);
#2943=EDGE_CURVE('',#4237,#4236,#5090,.T.);
#2944=EDGE_CURVE('',#4237,#4238,#5091,.T.);
#2945=EDGE_CURVE('',#4238,#4239,#5092,.T.);
#2946=EDGE_CURVE('',#4239,#4240,#5093,.T.);
#2947=EDGE_CURVE('',#4240,#4241,#5094,.T.);
#2948=EDGE_CURVE('',#4241,#4242,#5095,.T.);
#2949=EDGE_CURVE('',#4242,#4243,#5096,.T.);
#2950=EDGE_CURVE('',#4243,#4244,#5097,.T.);
#2951=EDGE_CURVE('',#4244,#4245,#5098,.T.);
#2952=EDGE_CURVE('',#4245,#4246,#5099,.T.);
#2953=EDGE_CURVE('',#4246,#4247,#5100,.T.);
#2954=EDGE_CURVE('',#4247,#4248,#5101,.T.);
#2955=EDGE_CURVE('',#4249,#4248,#5102,.T.);
#2956=EDGE_CURVE('',#4250,#4249,#5103,.T.);
#2957=EDGE_CURVE('',#4250,#4251,#5104,.F.);
#2958=EDGE_CURVE('',#4251,#4252,#5105,.T.);
#2959=EDGE_CURVE('',#4253,#4252,#5106,.T.);
#2960=EDGE_CURVE('',#4253,#4234,#5107,.T.);
#2961=EDGE_CURVE('',#4242,#4254,#5108,.F.);
#2962=EDGE_CURVE('',#4255,#4254,#5109,.T.);
#2963=EDGE_CURVE('',#4256,#4255,#5110,.T.);
#2964=EDGE_CURVE('',#4257,#4256,#5111,.T.);
#2965=EDGE_CURVE('',#4257,#4243,#5112,.F.);
#2966=EDGE_CURVE('',#4258,#4259,#5113,.T.);
#2967=EDGE_CURVE('',#4259,#4260,#5114,.T.);
#2968=EDGE_CURVE('',#4261,#4260,#5115,.T.);
#2969=EDGE_CURVE('',#4261,#4262,#5116,.T.);
#2970=EDGE_CURVE('',#4263,#4262,#5117,.T.);
#2971=EDGE_CURVE('',#4263,#4264,#5118,.T.);
#2972=EDGE_CURVE('',#4265,#4264,#5119,.T.);
#2973=EDGE_CURVE('',#4266,#4265,#5120,.T.);
#2974=EDGE_CURVE('',#4266,#4267,#5121,.T.);
#2975=EDGE_CURVE('',#4267,#4268,#5122,.T.);
#2976=EDGE_CURVE('',#4268,#4269,#5123,.T.);
#2977=EDGE_CURVE('',#4269,#4270,#5124,.T.);
#2978=EDGE_CURVE('',#4270,#4258,#5125,.F.);
#2979=EDGE_CURVE('',#4271,#4272,#5126,.T.);
#2980=EDGE_CURVE('',#4272,#4273,#5127,.T.);
#2981=EDGE_CURVE('',#4274,#4273,#5128,.T.);
#2982=EDGE_CURVE('',#4274,#4275,#5129,.F.);
#2983=EDGE_CURVE('',#4275,#4276,#5130,.T.);
#2984=EDGE_CURVE('',#4277,#4276,#5131,.T.);
#2985=EDGE_CURVE('',#4277,#4278,#5132,.T.);
#2986=EDGE_CURVE('',#4279,#4278,#5133,.T.);
#2987=EDGE_CURVE('',#4279,#4280,#5134,.T.);
#2988=EDGE_CURVE('',#4280,#4281,#5135,.T.);
#2989=EDGE_CURVE('',#4281,#4282,#5136,.T.);
#2990=EDGE_CURVE('',#4282,#4283,#5137,.T.);
#2991=EDGE_CURVE('',#4283,#4271,#5138,.T.);
#2992=EDGE_CURVE('',#4259,#4284,#5139,.T.);
#2993=EDGE_CURVE('',#4285,#4284,#5140,.T.);
#2994=EDGE_CURVE('',#4285,#4286,#5141,.T.);
#2995=EDGE_CURVE('',#4286,#4287,#5142,.T.);
#2996=EDGE_CURVE('',#4260,#4287,#5143,.T.);
#2997=EDGE_CURVE('',#4285,#4288,#5144,.T.);
#2998=EDGE_CURVE('',#4289,#4284,#5145,.T.);
#2999=EDGE_CURVE('',#4289,#4288,#5146,.T.);
#3000=EDGE_CURVE('',#4290,#4272,#5147,.T.);
#3001=EDGE_CURVE('',#4290,#4291,#5148,.T.);
#3002=EDGE_CURVE('',#4291,#4288,#5149,.T.);
#3003=EDGE_CURVE('',#4273,#4289,#5150,.T.);
#3004=EDGE_CURVE('',#4292,#4287,#99,.T.);
#3005=EDGE_CURVE('',#4292,#4293,#5151,.F.);
#3006=EDGE_CURVE('',#4294,#4293,#100,.T.);
#3007=EDGE_CURVE('',#4294,#4295,#5152,.T.);
#3008=EDGE_CURVE('',#4295,#4260,#101,.T.);
#3009=EDGE_CURVE('',#4296,#4297,#5153,.T.);
#3010=EDGE_CURVE('',#4296,#4298,#5154,.T.);
#3011=EDGE_CURVE('',#4298,#4299,#5155,.T.);
#3012=EDGE_CURVE('',#4299,#4297,#5156,.T.);
#3013=EDGE_CURVE('',#4300,#4301,#5157,.T.);
#3014=EDGE_CURVE('',#4300,#4239,#5158,.F.);
#3015=EDGE_CURVE('',#4302,#4238,#5159,.F.);
#3016=EDGE_CURVE('',#4301,#4302,#5160,.T.);
#3017=EDGE_CURVE('',#4303,#4304,#5161,.T.);
#3018=EDGE_CURVE('',#4304,#4305,#5162,.T.);
#3019=EDGE_CURVE('',#4306,#4305,#5163,.T.);
#3020=EDGE_CURVE('',#4306,#4307,#5164,.T.);
#3021=EDGE_CURVE('',#4308,#4307,#5165,.T.);
#3022=EDGE_CURVE('',#4308,#4309,#5166,.T.);
#3023=EDGE_CURVE('',#4310,#4309,#5167,.T.);
#3024=EDGE_CURVE('',#4311,#4310,#5168,.T.);
#3025=EDGE_CURVE('',#4311,#4312,#5169,.T.);
#3026=EDGE_CURVE('',#4312,#4313,#5170,.T.);
#3027=EDGE_CURVE('',#4313,#4314,#5171,.T.);
#3028=EDGE_CURVE('',#4314,#4315,#5172,.T.);
#3029=EDGE_CURVE('',#4315,#4303,#5173,.F.);
#3030=EDGE_CURVE('',#4316,#4317,#5174,.T.);
#3031=EDGE_CURVE('',#4317,#4318,#5175,.T.);
#3032=EDGE_CURVE('',#4319,#4318,#5176,.T.);
#3033=EDGE_CURVE('',#4319,#4320,#5177,.F.);
#3034=EDGE_CURVE('',#4320,#4321,#5178,.T.);
#3035=EDGE_CURVE('',#4322,#4321,#5179,.T.);
#3036=EDGE_CURVE('',#4322,#4323,#5180,.T.);
#3037=EDGE_CURVE('',#4324,#4323,#5181,.T.);
#3038=EDGE_CURVE('',#4324,#4325,#5182,.T.);
#3039=EDGE_CURVE('',#4325,#4326,#5183,.T.);
#3040=EDGE_CURVE('',#4326,#4327,#5184,.T.);
#3041=EDGE_CURVE('',#4327,#4328,#5185,.T.);
#3042=EDGE_CURVE('',#4328,#4316,#5186,.T.);
#3043=EDGE_CURVE('',#4304,#4329,#5187,.T.);
#3044=EDGE_CURVE('',#4330,#4329,#5188,.T.);
#3045=EDGE_CURVE('',#4330,#4331,#5189,.T.);
#3046=EDGE_CURVE('',#4331,#4332,#5190,.T.);
#3047=EDGE_CURVE('',#4305,#4332,#5191,.T.);
#3048=EDGE_CURVE('',#4330,#4333,#5192,.T.);
#3049=EDGE_CURVE('',#4334,#4329,#5193,.T.);
#3050=EDGE_CURVE('',#4334,#4333,#5194,.T.);
#3051=EDGE_CURVE('',#4335,#4317,#5195,.T.);
#3052=EDGE_CURVE('',#4335,#4336,#5196,.T.);
#3053=EDGE_CURVE('',#4336,#4333,#5197,.T.);
#3054=EDGE_CURVE('',#4318,#4334,#5198,.T.);
#3055=EDGE_CURVE('',#4337,#4332,#102,.T.);
#3056=EDGE_CURVE('',#4337,#4338,#5199,.F.);
#3057=EDGE_CURVE('',#4339,#4338,#103,.T.);
#3058=EDGE_CURVE('',#4339,#4290,#5200,.T.);
#3059=EDGE_CURVE('',#4272,#4305,#104,.T.);
#3060=EDGE_CURVE('',#4340,#4340,#105,.T.);
#3061=EDGE_CURVE('',#4341,#4341,#106,.T.);
#3062=EDGE_CURVE('',#4342,#4342,#107,.T.);
#3063=EDGE_CURVE('',#4343,#4344,#5201,.T.);
#3064=EDGE_CURVE('',#4344,#4345,#5202,.T.);
#3065=EDGE_CURVE('',#4346,#4345,#5203,.T.);
#3066=EDGE_CURVE('',#4346,#4343,#5204,.T.);
#3067=EDGE_CURVE('',#4347,#4348,#5205,.T.);
#3068=EDGE_CURVE('',#4348,#4349,#5206,.T.);
#3069=EDGE_CURVE('',#4349,#4350,#5207,.T.);
#3070=EDGE_CURVE('',#4350,#4347,#5208,.T.);
#3071=EDGE_CURVE('',#4351,#4352,#5209,.T.);
#3072=EDGE_CURVE('',#4352,#4353,#5210,.T.);
#3073=EDGE_CURVE('',#4353,#4354,#5211,.T.);
#3074=EDGE_CURVE('',#4354,#4351,#5212,.T.);
#3075=EDGE_CURVE('',#4355,#4356,#5213,.T.);
#3076=EDGE_CURVE('',#4356,#4357,#5214,.T.);
#3077=EDGE_CURVE('',#4357,#4358,#5215,.T.);
#3078=EDGE_CURVE('',#4358,#4355,#5216,.T.);
#3079=EDGE_CURVE('',#4359,#4360,#5217,.T.);
#3080=EDGE_CURVE('',#4360,#4361,#5218,.T.);
#3081=EDGE_CURVE('',#4362,#4361,#5219,.T.);
#3082=EDGE_CURVE('',#4362,#4359,#5220,.T.);
#3083=EDGE_CURVE('',#4363,#4364,#5221,.T.);
#3084=EDGE_CURVE('',#4364,#4365,#5222,.T.);
#3085=EDGE_CURVE('',#4365,#4366,#5223,.T.);
#3086=EDGE_CURVE('',#4366,#4363,#5224,.T.);
#3087=EDGE_CURVE('',#4367,#4368,#5225,.T.);
#3088=EDGE_CURVE('',#4368,#4369,#5226,.T.);
#3089=EDGE_CURVE('',#4369,#4370,#5227,.T.);
#3090=EDGE_CURVE('',#4370,#4367,#5228,.T.);
#3091=EDGE_CURVE('',#4371,#4372,#5229,.T.);
#3092=EDGE_CURVE('',#4372,#4373,#5230,.T.);
#3093=EDGE_CURVE('',#4373,#4374,#5231,.T.);
#3094=EDGE_CURVE('',#4374,#4371,#5232,.T.);
#3095=EDGE_CURVE('',#4293,#4375,#5233,.T.);
#3096=EDGE_CURVE('',#4375,#4339,#5234,.T.);
#3097=EDGE_CURVE('',#4338,#4376,#5235,.T.);
#3098=EDGE_CURVE('',#4376,#4377,#5236,.T.);
#3099=EDGE_CURVE('',#4377,#4378,#108,.T.);
#3100=EDGE_CURVE('',#4378,#4379,#5237,.T.);
#3101=EDGE_CURVE('',#4380,#4379,#5238,.T.);
#3102=EDGE_CURVE('',#4380,#4381,#5239,.T.);
#3103=EDGE_CURVE('',#4381,#4382,#5240,.T.);
#3104=EDGE_CURVE('',#4382,#4383,#5241,.T.);
#3105=EDGE_CURVE('',#4384,#4383,#5242,.T.);
#3106=EDGE_CURVE('',#4294,#4384,#5243,.T.);
#3107=EDGE_CURVE('',#4385,#4386,#5244,.T.);
#3108=EDGE_CURVE('',#4386,#4387,#5245,.T.);
#3109=EDGE_CURVE('',#4387,#4388,#5246,.T.);
#3110=EDGE_CURVE('',#4388,#4385,#5247,.T.);
#3111=EDGE_CURVE('',#4389,#4390,#5248,.T.);
#3112=EDGE_CURVE('',#4390,#4391,#5249,.T.);
#3113=EDGE_CURVE('',#4391,#4392,#5250,.T.);
#3114=EDGE_CURVE('',#4392,#4389,#5251,.T.);
#3115=EDGE_CURVE('',#4393,#4394,#5252,.T.);
#3116=EDGE_CURVE('',#4394,#4395,#5253,.T.);
#3117=EDGE_CURVE('',#4395,#4396,#5254,.T.);
#3118=EDGE_CURVE('',#4396,#4393,#5255,.T.);
#3119=EDGE_CURVE('',#4258,#4397,#5256,.T.);
#3120=EDGE_CURVE('',#4397,#4398,#5257,.T.);
#3121=EDGE_CURVE('',#4399,#4398,#5258,.T.);
#3122=EDGE_CURVE('',#4400,#4399,#5259,.T.);
#3123=EDGE_CURVE('',#4400,#4319,#5260,.T.);
#3124=EDGE_CURVE('',#4303,#4274,#5261,.T.);
#3125=EDGE_CURVE('',#4401,#4402,#5262,.T.);
#3126=EDGE_CURVE('',#4402,#4403,#5263,.T.);
#3127=EDGE_CURVE('',#4403,#4404,#5264,.T.);
#3128=EDGE_CURVE('',#4404,#4401,#5265,.T.);
#3129=EDGE_CURVE('',#4405,#4406,#5266,.T.);
#3130=EDGE_CURVE('',#4406,#4407,#5267,.T.);
#3131=EDGE_CURVE('',#4407,#4408,#5268,.T.);
#3132=EDGE_CURVE('',#4408,#4405,#5269,.T.);
#3133=EDGE_CURVE('',#4409,#4410,#5270,.T.);
#3134=EDGE_CURVE('',#4410,#4411,#5271,.T.);
#3135=EDGE_CURVE('',#4411,#4412,#5272,.T.);
#3136=EDGE_CURVE('',#4412,#4409,#5273,.T.);
#3137=EDGE_CURVE('',#4413,#4295,#5274,.T.);
#3138=EDGE_CURVE('',#4413,#4414,#5275,.T.);
#3139=EDGE_CURVE('',#4415,#4414,#5276,.T.);
#3140=EDGE_CURVE('',#4416,#4415,#5277,.T.);
#3141=EDGE_CURVE('',#4416,#4417,#5278,.T.);
#3142=EDGE_CURVE('',#4417,#4261,#5279,.T.);
#3143=EDGE_CURVE('',#4418,#4418,#109,.F.);
#3144=EDGE_CURVE('',#4419,#4419,#110,.T.);
#3145=EDGE_CURVE('',#4420,#4420,#111,.T.);
#3146=EDGE_CURVE('',#4421,#4422,#5280,.T.);
#3147=EDGE_CURVE('',#4423,#4421,#112,.T.);
#3148=EDGE_CURVE('',#4424,#4423,#5281,.T.);
#3149=EDGE_CURVE('',#4425,#4424,#113,.T.);
#3150=EDGE_CURVE('',#4422,#4425,#5282,.T.);
#3151=EDGE_CURVE('',#4426,#4427,#5283,.T.);
#3152=EDGE_CURVE('',#4428,#4426,#114,.T.);
#3153=EDGE_CURVE('',#4429,#4428,#5284,.T.);
#3154=EDGE_CURVE('',#4430,#4429,#115,.T.);
#3155=EDGE_CURVE('',#4427,#4430,#5285,.T.);
#3156=EDGE_CURVE('',#4431,#4431,#116,.T.);
#3157=EDGE_CURVE('',#4432,#4432,#117,.T.);
#3158=EDGE_CURVE('',#4433,#4433,#118,.T.);
#3159=EDGE_CURVE('',#4434,#4435,#5286,.T.);
#3160=EDGE_CURVE('',#4435,#4436,#119,.T.);
#3161=EDGE_CURVE('',#4436,#4297,#5287,.T.);
#3162=EDGE_CURVE('',#4437,#4299,#5288,.T.);
#3163=EDGE_CURVE('',#4438,#4437,#5289,.T.);
#3164=EDGE_CURVE('',#4439,#4438,#5290,.T.);
#3165=EDGE_CURVE('',#4440,#4439,#5291,.T.);
#3166=EDGE_CURVE('',#4441,#4440,#5292,.T.);
#3167=EDGE_CURVE('',#4442,#4441,#5293,.T.);
#3168=EDGE_CURVE('',#4443,#4442,#5294,.T.);
#3169=EDGE_CURVE('',#4444,#4443,#5295,.T.);
#3170=EDGE_CURVE('',#4445,#4444,#5296,.T.);
#3171=EDGE_CURVE('',#4446,#4445,#5297,.T.);
#3172=EDGE_CURVE('',#4447,#4446,#5298,.T.);
#3173=EDGE_CURVE('',#4448,#4447,#5299,.T.);
#3174=EDGE_CURVE('',#4449,#4448,#5300,.T.);
#3175=EDGE_CURVE('',#4449,#4450,#5301,.T.);
#3176=EDGE_CURVE('',#4450,#4451,#5302,.T.);
#3177=EDGE_CURVE('',#4451,#4452,#120,.T.);
#3178=EDGE_CURVE('',#4452,#4453,#5303,.T.);
#3179=EDGE_CURVE('',#4453,#4434,#121,.T.);
#3180=EDGE_CURVE('',#4454,#4455,#5304,.T.);
#3181=EDGE_CURVE('',#4455,#4456,#5305,.T.);
#3182=EDGE_CURVE('',#4456,#4457,#5306,.T.);
#3183=EDGE_CURVE('',#4457,#4458,#5307,.T.);
#3184=EDGE_CURVE('',#4458,#4459,#5308,.T.);
#3185=EDGE_CURVE('',#4459,#4460,#5309,.T.);
#3186=EDGE_CURVE('',#4460,#4454,#5310,.T.);
#3187=EDGE_CURVE('',#4461,#4440,#5311,.T.);
#3188=EDGE_CURVE('',#4461,#4257,#5312,.T.);
#3189=EDGE_CURVE('',#4256,#4441,#5313,.T.);
#3190=EDGE_CURVE('',#4462,#4462,#122,.T.);
#3191=EDGE_CURVE('',#4264,#4463,#5314,.T.);
#3192=EDGE_CURVE('',#4464,#4263,#5315,.T.);
#3193=EDGE_CURVE('',#4465,#4464,#5316,.T.);
#3194=EDGE_CURVE('',#4465,#4466,#5317,.T.);
#3195=EDGE_CURVE('',#4466,#4467,#5318,.T.);
#3196=EDGE_CURVE('',#4467,#4468,#5319,.T.);
#3197=EDGE_CURVE('',#4469,#4468,#5320,.T.);
#3198=EDGE_CURVE('',#4470,#4469,#5321,.T.);
#3199=EDGE_CURVE('',#4471,#4470,#5322,.T.);
#3200=EDGE_CURVE('',#4472,#4471,#5323,.T.);
#3201=EDGE_CURVE('',#4473,#4472,#5324,.T.);
#3202=EDGE_CURVE('',#4268,#4473,#5325,.T.);
#3203=EDGE_CURVE('',#4474,#4267,#5326,.T.);
#3204=EDGE_CURVE('',#4463,#4474,#5327,.T.);
#3205=EDGE_CURVE('',#4475,#4476,#5328,.T.);
#3206=EDGE_CURVE('',#4475,#4477,#5329,.T.);
#3207=EDGE_CURVE('',#4477,#4478,#5330,.T.);
#3208=EDGE_CURVE('',#4478,#4476,#5331,.T.);
#3209=EDGE_CURVE('',#4479,#4480,#5332,.T.);
#3210=EDGE_CURVE('',#4479,#4481,#5333,.T.);
#3211=EDGE_CURVE('',#4482,#4481,#5334,.T.);
#3212=EDGE_CURVE('',#4480,#4482,#5335,.T.);
#3213=EDGE_CURVE('',#4483,#4484,#5336,.T.);
#3214=EDGE_CURVE('',#4484,#4270,#5337,.T.);
#3215=EDGE_CURVE('',#4269,#4483,#5338,.T.);
#3216=EDGE_CURVE('',#4485,#4486,#5339,.T.);
#3217=EDGE_CURVE('',#4414,#4486,#5340,.T.);
#3218=EDGE_CURVE('',#4485,#4413,#5341,.T.);
#3219=EDGE_CURVE('',#4487,#4262,#5342,.T.);
#3220=EDGE_CURVE('',#4487,#4417,#5343,.T.);
#3221=EDGE_CURVE('',#4415,#4488,#5344,.T.);
#3222=EDGE_CURVE('',#4488,#4489,#5345,.T.);
#3223=EDGE_CURVE('',#4489,#4416,#5346,.T.);
#3224=EDGE_CURVE('',#4490,#4384,#5347,.T.);
#3225=EDGE_CURVE('',#4383,#4491,#5348,.T.);
#3226=EDGE_CURVE('',#4490,#4491,#5349,.T.);
#3227=EDGE_CURVE('',#4271,#4492,#5350,.T.);
#3228=EDGE_CURVE('',#4493,#4492,#5351,.T.);
#3229=EDGE_CURVE('',#4494,#4493,#5352,.T.);
#3230=EDGE_CURVE('',#4494,#4495,#5353,.T.);
#3231=EDGE_CURVE('',#4495,#4306,#5354,.T.);
#3232=EDGE_CURVE('',#4496,#4496,#123,.F.);
#3233=EDGE_CURVE('',#4497,#4497,#124,.T.);
#3234=EDGE_CURVE('',#4498,#4498,#125,.T.);
#3235=EDGE_CURVE('',#4255,#4444,#5355,.T.);
#3236=EDGE_CURVE('',#4254,#4499,#5356,.T.);
#3237=EDGE_CURVE('',#4499,#4445,#5357,.T.);
#3238=EDGE_CURVE('',#4500,#4500,#126,.T.);
#3239=EDGE_CURVE('',#4309,#4501,#5358,.T.);
#3240=EDGE_CURVE('',#4282,#4308,#5359,.T.);
#3241=EDGE_CURVE('',#4281,#4502,#5360,.T.);
#3242=EDGE_CURVE('',#4502,#4503,#5361,.T.);
#3243=EDGE_CURVE('',#4503,#4278,#5362,.T.);
#3244=EDGE_CURVE('',#4504,#4277,#5363,.T.);
#3245=EDGE_CURVE('',#4505,#4504,#5364,.T.);
#3246=EDGE_CURVE('',#4506,#4505,#5365,.T.);
#3247=EDGE_CURVE('',#4507,#4506,#5366,.T.);
#3248=EDGE_CURVE('',#4313,#4507,#5367,.T.);
#3249=EDGE_CURVE('',#4508,#4312,#5368,.T.);
#3250=EDGE_CURVE('',#4501,#4508,#5369,.T.);
#3251=EDGE_CURVE('',#4275,#4509,#5370,.T.);
#3252=EDGE_CURVE('',#4509,#4510,#5371,.T.);
#3253=EDGE_CURVE('',#4510,#4276,#5372,.T.);
#3254=EDGE_CURVE('',#4511,#4512,#5373,.T.);
#3255=EDGE_CURVE('',#4511,#4513,#5374,.T.);
#3256=EDGE_CURVE('',#4514,#4513,#5375,.T.);
#3257=EDGE_CURVE('',#4512,#4514,#5376,.T.);
#3258=EDGE_CURVE('',#4515,#4516,#5377,.T.);
#3259=EDGE_CURVE('',#4516,#4315,#5378,.T.);
#3260=EDGE_CURVE('',#4314,#4515,#5379,.T.);
#3261=EDGE_CURVE('',#4283,#4517,#5380,.T.);
#3262=EDGE_CURVE('',#4492,#4517,#5381,.T.);
#3263=EDGE_CURVE('',#4518,#4307,#5382,.T.);
#3264=EDGE_CURVE('',#4518,#4495,#5383,.T.);
#3265=EDGE_CURVE('',#4493,#4519,#5384,.T.);
#3266=EDGE_CURVE('',#4519,#4520,#5385,.T.);
#3267=EDGE_CURVE('',#4520,#4494,#5386,.T.);
#3268=EDGE_CURVE('',#4317,#4521,#127,.T.);
#3269=EDGE_CURVE('',#4316,#4522,#5387,.T.);
#3270=EDGE_CURVE('',#4523,#4522,#5388,.T.);
#3271=EDGE_CURVE('',#4524,#4523,#5389,.T.);
#3272=EDGE_CURVE('',#4524,#4525,#5390,.T.);
#3273=EDGE_CURVE('',#4525,#4526,#5391,.T.);
#3274=EDGE_CURVE('',#4526,#4521,#5392,.T.);
#3275=EDGE_CURVE('',#4527,#4527,#128,.F.);
#3276=EDGE_CURVE('',#4528,#4528,#129,.T.);
#3277=EDGE_CURVE('',#4529,#4529,#130,.T.);
#3278=EDGE_CURVE('',#4530,#4450,#5393,.T.);
#3279=EDGE_CURVE('',#4302,#4449,#5394,.T.);
#3280=EDGE_CURVE('',#4531,#4237,#5395,.T.);
#3281=EDGE_CURVE('',#4343,#4531,#5396,.T.);
#3282=EDGE_CURVE('',#4381,#4346,#5397,.T.);
#3283=EDGE_CURVE('',#4532,#4380,#5398,.T.);
#3284=EDGE_CURVE('',#4359,#4532,#5399,.T.);
#3285=EDGE_CURVE('',#4454,#4362,#5400,.T.);
#3286=EDGE_CURVE('',#4460,#4530,#5401,.T.);
#3287=EDGE_CURVE('',#4301,#4448,#5402,.T.);
#3288=EDGE_CURVE('',#4533,#4533,#131,.T.);
#3289=EDGE_CURVE('',#4534,#4535,#5403,.T.);
#3290=EDGE_CURVE('',#4536,#4534,#5404,.T.);
#3291=EDGE_CURVE('',#4327,#4536,#5405,.T.);
#3292=EDGE_CURVE('',#4326,#4537,#5406,.T.);
#3293=EDGE_CURVE('',#4537,#4538,#5407,.T.);
#3294=EDGE_CURVE('',#4538,#4323,#5408,.T.);
#3295=EDGE_CURVE('',#4539,#4322,#5409,.T.);
#3296=EDGE_CURVE('',#4540,#4539,#5410,.T.);
#3297=EDGE_CURVE('',#4541,#4540,#5411,.T.);
#3298=EDGE_CURVE('',#4542,#4541,#5412,.T.);
#3299=EDGE_CURVE('',#4543,#4542,#5413,.T.);
#3300=EDGE_CURVE('',#4544,#4543,#5414,.T.);
#3301=EDGE_CURVE('',#4545,#4544,#5415,.T.);
#3302=EDGE_CURVE('',#4535,#4545,#5416,.T.);
#3303=EDGE_CURVE('',#4379,#4546,#5417,.T.);
#3304=EDGE_CURVE('',#4378,#4521,#5418,.T.);
#3305=EDGE_CURVE('',#4526,#4547,#5419,.T.);
#3306=EDGE_CURVE('',#4536,#4547,#5420,.T.);
#3307=EDGE_CURVE('',#4548,#4534,#5421,.T.);
#3308=EDGE_CURVE('',#4549,#4548,#5422,.T.);
#3309=EDGE_CURVE('',#4549,#4544,#5423,.T.);
#3310=EDGE_CURVE('',#4543,#4550,#5424,.T.);
#3311=EDGE_CURVE('',#4550,#4551,#5425,.T.);
#3312=EDGE_CURVE('',#4551,#4400,#5426,.F.);
#3313=EDGE_CURVE('',#4546,#4399,#5427,.T.);
#3314=EDGE_CURVE('',#4320,#4552,#5428,.T.);
#3315=EDGE_CURVE('',#4552,#4553,#5429,.T.);
#3316=EDGE_CURVE('',#4553,#4321,#5430,.T.);
#3317=EDGE_CURVE('',#4554,#4555,#5431,.T.);
#3318=EDGE_CURVE('',#4554,#4556,#5432,.T.);
#3319=EDGE_CURVE('',#4557,#4556,#5433,.T.);
#3320=EDGE_CURVE('',#4555,#4557,#5434,.T.);
#3321=EDGE_CURVE('',#4558,#4559,#5435,.T.);
#3322=EDGE_CURVE('',#4559,#4551,#5436,.T.);
#3323=EDGE_CURVE('',#4550,#4558,#5437,.T.);
#3324=EDGE_CURVE('',#4328,#4560,#5438,.T.);
#3325=EDGE_CURVE('',#4522,#4560,#5439,.T.);
#3326=EDGE_CURVE('',#4561,#4547,#5440,.T.);
#3327=EDGE_CURVE('',#4561,#4525,#5441,.T.);
#3328=EDGE_CURVE('',#4523,#4562,#5442,.T.);
#3329=EDGE_CURVE('',#4562,#4563,#5443,.T.);
#3330=EDGE_CURVE('',#4563,#4524,#5444,.T.);
#3331=EDGE_CURVE('',#4532,#4546,#5445,.T.);
#3332=EDGE_CURVE('',#4398,#4490,#5446,.T.);
#3333=EDGE_CURVE('',#4491,#4360,#5447,.T.);
#3334=EDGE_CURVE('',#4345,#4382,#5448,.T.);
#3335=EDGE_CURVE('',#4564,#4565,#5449,.T.);
#3336=EDGE_CURVE('',#4564,#4566,#5450,.T.);
#3337=EDGE_CURVE('',#4566,#4567,#5451,.T.);
#3338=EDGE_CURVE('',#4567,#4344,#5452,.T.);
#3339=EDGE_CURVE('',#4531,#4568,#5453,.T.);
#3340=EDGE_CURVE('',#4565,#4568,#5454,.T.);
#3341=EDGE_CURVE('',#4248,#4567,#5455,.T.);
#3342=EDGE_CURVE('',#4568,#4566,#5456,.T.);
#3343=EDGE_CURVE('',#4253,#4236,#5457,.T.);
#3344=EDGE_CURVE('',#4252,#4249,#5458,.T.);
#3345=EDGE_CURVE('',#4569,#4437,#5459,.T.);
#3346=EDGE_CURVE('',#4298,#4569,#5460,.T.);
#3347=EDGE_CURVE('',#4361,#4455,#5461,.T.);
#3348=EDGE_CURVE('',#4397,#4475,#5462,.F.);
#3349=EDGE_CURVE('',#4469,#4476,#5463,.T.);
#3350=EDGE_CURVE('',#4570,#4468,#5464,.T.);
#3351=EDGE_CURVE('',#4570,#4571,#5465,.T.);
#3352=EDGE_CURVE('',#4571,#4465,#5466,.T.);
#3353=EDGE_CURVE('',#4464,#4485,#5467,.T.);
#3354=EDGE_CURVE('',#4554,#4560,#5468,.T.);
#3355=EDGE_CURVE('',#4555,#4562,#5469,.T.);
#3356=EDGE_CURVE('',#4557,#4563,#5470,.T.);
#3357=EDGE_CURVE('',#4556,#4561,#5471,.T.);
#3358=EDGE_CURVE('',#4542,#4558,#5472,.T.);
#3359=EDGE_CURVE('',#4541,#4559,#5473,.T.);
#3360=EDGE_CURVE('',#4559,#4552,#5474,.T.);
#3361=EDGE_CURVE('',#4540,#4552,#5475,.T.);
#3362=EDGE_CURVE('',#4539,#4553,#5476,.T.);
#3363=EDGE_CURVE('',#4572,#4572,#132,.T.);
#3364=EDGE_CURVE('',#4325,#4573,#5477,.T.);
#3365=EDGE_CURVE('',#4573,#4537,#5478,.T.);
#3366=EDGE_CURVE('',#4573,#4574,#5479,.T.);
#3367=EDGE_CURVE('',#4574,#4538,#5480,.T.);
#3368=EDGE_CURVE('',#4574,#4324,#5481,.T.);
#3369=EDGE_CURVE('',#4575,#4535,#5482,.T.);
#3370=EDGE_CURVE('',#4575,#4548,#5483,.T.);
#3371=EDGE_CURVE('',#4576,#4545,#5484,.T.);
#3372=EDGE_CURVE('',#4576,#4575,#5485,.T.);
#3373=EDGE_CURVE('',#4549,#4576,#5486,.T.);
#3374=EDGE_CURVE('',#4577,#4577,#133,.T.);
#3375=EDGE_CURVE('',#4246,#4578,#5487,.F.);
#3376=EDGE_CURVE('',#4569,#4578,#5488,.T.);
#3377=EDGE_CURVE('',#4579,#4298,#5489,.T.);
#3378=EDGE_CURVE('',#4579,#4247,#5490,.T.);
#3379=EDGE_CURVE('',#4580,#4447,#5491,.T.);
#3380=EDGE_CURVE('',#4301,#4580,#5492,.T.);
#3381=EDGE_CURVE('',#4581,#4446,#5493,.T.);
#3382=EDGE_CURVE('',#4580,#4581,#5494,.T.);
#3383=EDGE_CURVE('',#4581,#4499,#5495,.T.);
#3384=EDGE_CURVE('',#4582,#4254,#5496,.T.);
#3385=EDGE_CURVE('',#4583,#4582,#5497,.T.);
#3386=EDGE_CURVE('',#4300,#4583,#5498,.T.);
#3387=EDGE_CURVE('',#4584,#4459,#134,.T.);
#3388=EDGE_CURVE('',#4459,#4585,#135,.T.);
#3389=EDGE_CURVE('',#4585,#4452,#5499,.T.);
#3390=EDGE_CURVE('',#4584,#4451,#5500,.T.);
#3391=EDGE_CURVE('',#4586,#4458,#136,.T.);
#3392=EDGE_CURVE('',#4585,#4586,#5501,.T.);
#3393=EDGE_CURVE('',#4530,#4584,#5502,.T.);
#3394=EDGE_CURVE('',#4586,#4453,#5503,.T.);
#3395=EDGE_CURVE('',#4568,#4587,#5504,.T.);
#3396=EDGE_CURVE('',#4588,#4587,#5505,.T.);
#3397=EDGE_CURVE('',#4565,#4588,#5506,.T.);
#3398=EDGE_CURVE('',#4587,#4589,#5507,.T.);
#3399=EDGE_CURVE('',#4590,#4589,#5508,.T.);
#3400=EDGE_CURVE('',#4588,#4590,#5509,.T.);
#3401=EDGE_CURVE('',#4589,#4591,#137,.T.);
#3402=EDGE_CURVE('',#4592,#4591,#5510,.T.);
#3403=EDGE_CURVE('',#4590,#4592,#138,.T.);
#3404=EDGE_CURVE('',#4591,#4593,#5511,.T.);
#3405=EDGE_CURVE('',#4594,#4593,#5512,.T.);
#3406=EDGE_CURVE('',#4592,#4594,#5513,.T.);
#3407=EDGE_CURVE('',#4594,#4595,#139,.T.);
#3408=EDGE_CURVE('',#4595,#4596,#5514,.T.);
#3409=EDGE_CURVE('',#4596,#4597,#140,.T.);
#3410=EDGE_CURVE('',#4597,#4598,#5515,.T.);
#3411=EDGE_CURVE('',#4598,#4564,#5516,.T.);
#3412=EDGE_CURVE('',#4599,#4566,#5517,.T.);
#3413=EDGE_CURVE('',#4600,#4599,#5518,.T.);
#3414=EDGE_CURVE('',#4601,#4600,#141,.T.);
#3415=EDGE_CURVE('',#4602,#4601,#5519,.T.);
#3416=EDGE_CURVE('',#4593,#4602,#142,.T.);
#3417=EDGE_CURVE('',#4386,#4349,#5520,.T.);
#3418=EDGE_CURVE('',#4387,#4348,#5521,.T.);
#3419=EDGE_CURVE('',#4385,#4350,#5522,.T.);
#3420=EDGE_CURVE('',#4388,#4347,#5523,.T.);
#3421=EDGE_CURVE('',#4364,#4403,#5524,.T.);
#3422=EDGE_CURVE('',#4365,#4402,#5525,.T.);
#3423=EDGE_CURVE('',#4363,#4404,#5526,.T.);
#3424=EDGE_CURVE('',#4366,#4401,#5527,.T.);
#3425=EDGE_CURVE('',#4377,#4335,#5528,.T.);
#3426=EDGE_CURVE('',#4511,#4517,#5529,.T.);
#3427=EDGE_CURVE('',#4512,#4519,#5530,.T.);
#3428=EDGE_CURVE('',#4514,#4520,#5531,.T.);
#3429=EDGE_CURVE('',#4513,#4518,#5532,.T.);
#3430=EDGE_CURVE('',#4507,#4515,#5533,.T.);
#3431=EDGE_CURVE('',#4506,#4516,#5534,.T.);
#3432=EDGE_CURVE('',#4516,#4509,#5535,.T.);
#3433=EDGE_CURVE('',#4505,#4509,#5536,.T.);
#3434=EDGE_CURVE('',#4504,#4510,#5537,.T.);
#3435=EDGE_CURVE('',#4603,#4603,#143,.T.);
#3436=EDGE_CURVE('',#4280,#4604,#5538,.T.);
#3437=EDGE_CURVE('',#4604,#4502,#5539,.T.);
#3438=EDGE_CURVE('',#4604,#4605,#5540,.T.);
#3439=EDGE_CURVE('',#4605,#4503,#5541,.T.);
#3440=EDGE_CURVE('',#4605,#4279,#5542,.T.);
#3441=EDGE_CURVE('',#4606,#4501,#5543,.T.);
#3442=EDGE_CURVE('',#4606,#4310,#5544,.T.);
#3443=EDGE_CURVE('',#4607,#4508,#5545,.T.);
#3444=EDGE_CURVE('',#4607,#4606,#5546,.T.);
#3445=EDGE_CURVE('',#4311,#4607,#5547,.T.);
#3446=EDGE_CURVE('',#4608,#4608,#144,.T.);
#3447=EDGE_CURVE('',#4609,#4443,#5548,.T.);
#3448=EDGE_CURVE('',#4255,#4609,#5549,.T.);
#3449=EDGE_CURVE('',#4610,#4442,#5550,.T.);
#3450=EDGE_CURVE('',#4609,#4610,#5551,.T.);
#3451=EDGE_CURVE('',#4610,#4256,#5552,.T.);
#3452=EDGE_CURVE('',#4458,#4611,#145,.T.);
#3453=EDGE_CURVE('',#4611,#4434,#5553,.T.);
#3454=EDGE_CURVE('',#4612,#4457,#146,.T.);
#3455=EDGE_CURVE('',#4611,#4612,#5554,.T.);
#3456=EDGE_CURVE('',#4612,#4435,#5555,.T.);
#3457=EDGE_CURVE('',#4595,#4602,#5556,.T.);
#3458=EDGE_CURVE('',#4596,#4601,#5557,.T.);
#3459=EDGE_CURVE('',#4390,#4353,#5558,.T.);
#3460=EDGE_CURVE('',#4391,#4352,#5559,.T.);
#3461=EDGE_CURVE('',#4389,#4354,#5560,.T.);
#3462=EDGE_CURVE('',#4392,#4351,#5561,.T.);
#3463=EDGE_CURVE('',#4368,#4407,#5562,.T.);
#3464=EDGE_CURVE('',#4369,#4406,#5563,.T.);
#3465=EDGE_CURVE('',#4367,#4408,#5564,.T.);
#3466=EDGE_CURVE('',#4370,#4405,#5565,.T.);
#3467=EDGE_CURVE('',#4479,#4486,#5566,.T.);
#3468=EDGE_CURVE('',#4480,#4488,#5567,.T.);
#3469=EDGE_CURVE('',#4482,#4489,#5568,.T.);
#3470=EDGE_CURVE('',#4481,#4487,#5569,.T.);
#3471=EDGE_CURVE('',#4473,#4483,#5570,.T.);
#3472=EDGE_CURVE('',#4472,#4484,#5571,.T.);
#3473=EDGE_CURVE('',#4484,#4477,#5572,.T.);
#3474=EDGE_CURVE('',#4471,#4477,#5573,.T.);
#3475=EDGE_CURVE('',#4470,#4478,#5574,.T.);
#3476=EDGE_CURVE('',#4613,#4613,#147,.T.);
#3477=EDGE_CURVE('',#4571,#4614,#5575,.T.);
#3478=EDGE_CURVE('',#4614,#4466,#5576,.T.);
#3479=EDGE_CURVE('',#4614,#4615,#5577,.T.);
#3480=EDGE_CURVE('',#4615,#4467,#5578,.T.);
#3481=EDGE_CURVE('',#4615,#4570,#5579,.T.);
#3482=EDGE_CURVE('',#4616,#4463,#5580,.T.);
#3483=EDGE_CURVE('',#4616,#4265,#5581,.T.);
#3484=EDGE_CURVE('',#4617,#4474,#5582,.T.);
#3485=EDGE_CURVE('',#4617,#4616,#5583,.T.);
#3486=EDGE_CURVE('',#4266,#4617,#5584,.T.);
#3487=EDGE_CURVE('',#4618,#4618,#148,.T.);
#3488=EDGE_CURVE('',#4619,#4439,#5585,.T.);
#3489=EDGE_CURVE('',#4461,#4619,#5586,.T.);
#3490=EDGE_CURVE('',#4620,#4438,#5587,.T.);
#3491=EDGE_CURVE('',#4619,#4620,#5588,.T.);
#3492=EDGE_CURVE('',#4620,#4569,#5589,.T.);
#3493=EDGE_CURVE('',#4621,#4578,#5590,.T.);
#3494=EDGE_CURVE('',#4622,#4621,#5591,.T.);
#3495=EDGE_CURVE('',#4257,#4622,#5592,.T.);
#3496=EDGE_CURVE('',#4457,#4623,#149,.T.);
#3497=EDGE_CURVE('',#4623,#4436,#5593,.T.);
#3498=EDGE_CURVE('',#4456,#4579,#5594,.T.);
#3499=EDGE_CURVE('',#4623,#4296,#5595,.T.);
#3500=EDGE_CURVE('',#4597,#4600,#5596,.T.);
#3501=EDGE_CURVE('',#4598,#4599,#5597,.T.);
#3502=EDGE_CURVE('',#4394,#4357,#5598,.T.);
#3503=EDGE_CURVE('',#4395,#4356,#5599,.T.);
#3504=EDGE_CURVE('',#4393,#4358,#5600,.T.);
#3505=EDGE_CURVE('',#4396,#4355,#5601,.T.);
#3506=EDGE_CURVE('',#4372,#4411,#5602,.T.);
#3507=EDGE_CURVE('',#4373,#4410,#5603,.T.);
#3508=EDGE_CURVE('',#4371,#4412,#5604,.T.);
#3509=EDGE_CURVE('',#4374,#4409,#5605,.T.);
#3510=EDGE_CURVE('',#4624,#4332,#5606,.T.);
#3511=EDGE_CURVE('',#4332,#4335,#5607,.T.);
#3512=EDGE_CURVE('',#4376,#4624,#5608,.T.);
#3513=EDGE_CURVE('',#4624,#4337,#5609,.T.);
#3514=EDGE_CURVE('',#4331,#4336,#5610,.T.);
#3515=EDGE_CURVE('',#4622,#4244,#5611,.T.);
#3516=EDGE_CURVE('',#4621,#4245,#5612,.T.);
#3517=EDGE_CURVE('',#4252,#4625,#5613,.T.);
#3518=EDGE_CURVE('',#4625,#4626,#5614,.T.);
#3519=EDGE_CURVE('',#4249,#4626,#5615,.T.);
#3520=EDGE_CURVE('',#4627,#4628,#5616,.T.);
#3521=EDGE_CURVE('',#4627,#4629,#5617,.F.);
#3522=EDGE_CURVE('',#4629,#4630,#5618,.T.);
#3523=EDGE_CURVE('',#4630,#4628,#5619,.T.);
#3524=EDGE_CURVE('',#4631,#4632,#5620,.T.);
#3525=EDGE_CURVE('',#4632,#4633,#5621,.T.);
#3526=EDGE_CURVE('',#4634,#4633,#5622,.T.);
#3527=EDGE_CURVE('',#4634,#4631,#5623,.F.);
#3528=EDGE_CURVE('',#4635,#4636,#5624,.T.);
#3529=EDGE_CURVE('',#4635,#4637,#5625,.F.);
#3530=EDGE_CURVE('',#4637,#4638,#5626,.T.);
#3531=EDGE_CURVE('',#4638,#4636,#5627,.T.);
#3532=EDGE_CURVE('',#4639,#4640,#5628,.T.);
#3533=EDGE_CURVE('',#4639,#4641,#5629,.F.);
#3534=EDGE_CURVE('',#4641,#4642,#5630,.T.);
#3535=EDGE_CURVE('',#4642,#4640,#5631,.T.);
#3536=EDGE_CURVE('',#4643,#4644,#5632,.T.);
#3537=EDGE_CURVE('',#4643,#4645,#5633,.F.);
#3538=EDGE_CURVE('',#4645,#4646,#5634,.T.);
#3539=EDGE_CURVE('',#4646,#4644,#5635,.T.);
#3540=EDGE_CURVE('',#4637,#4632,#150,.T.);
#3541=EDGE_CURVE('',#4631,#4630,#151,.T.);
#3542=EDGE_CURVE('',#4629,#4625,#152,.T.);
#3543=EDGE_CURVE('',#4251,#4646,#153,.F.);
#3544=EDGE_CURVE('',#4645,#4642,#154,.F.);
#3545=EDGE_CURVE('',#4641,#4638,#155,.T.);
#3546=EDGE_CURVE('',#4633,#4635,#156,.F.);
#3547=EDGE_CURVE('',#4636,#4639,#157,.F.);
#3548=EDGE_CURVE('',#4640,#4643,#158,.T.);
#3549=EDGE_CURVE('',#4644,#4250,#159,.T.);
#3550=EDGE_CURVE('',#4626,#4627,#160,.F.);
#3551=EDGE_CURVE('',#4628,#4634,#161,.F.);
#3552=EDGE_CURVE('',#4647,#4427,#5636,.T.);
#3553=EDGE_CURVE('',#4648,#4647,#5637,.T.);
#3554=EDGE_CURVE('',#4648,#4426,#5638,.T.);
#3555=EDGE_CURVE('',#4649,#4430,#5639,.T.);
#3556=EDGE_CURVE('',#4647,#4649,#5640,.T.);
#3557=EDGE_CURVE('',#4650,#4429,#5641,.T.);
#3558=EDGE_CURVE('',#4649,#4650,#162,.T.);
#3559=EDGE_CURVE('',#4651,#4428,#5642,.T.);
#3560=EDGE_CURVE('',#4650,#4651,#5643,.T.);
#3561=EDGE_CURVE('',#4651,#4648,#163,.T.);
#3562=EDGE_CURVE('',#4652,#4287,#5644,.T.);
#3563=EDGE_CURVE('',#4287,#4290,#5645,.T.);
#3564=EDGE_CURVE('',#4375,#4652,#5646,.T.);
#3565=EDGE_CURVE('',#4652,#4292,#5647,.T.);
#3566=EDGE_CURVE('',#4286,#4291,#5648,.T.);
#3567=EDGE_CURVE('',#4653,#4422,#5649,.T.);
#3568=EDGE_CURVE('',#4654,#4653,#5650,.T.);
#3569=EDGE_CURVE('',#4654,#4421,#5651,.T.);
#3570=EDGE_CURVE('',#4655,#4425,#5652,.T.);
#3571=EDGE_CURVE('',#4653,#4655,#5653,.T.);
#3572=EDGE_CURVE('',#4656,#4424,#5654,.T.);
#3573=EDGE_CURVE('',#4655,#4656,#164,.T.);
#3574=EDGE_CURVE('',#4657,#4423,#5655,.T.);
#3575=EDGE_CURVE('',#4656,#4657,#5656,.T.);
#3576=EDGE_CURVE('',#4657,#4654,#165,.T.);
#3577=EDGE_CURVE('',#4582,#4241,#5657,.T.);
#3578=EDGE_CURVE('',#4583,#4240,#5658,.T.);
#3579=EDGE_CURVE('',#4658,#4236,#5659,.T.);
#3580=EDGE_CURVE('',#4658,#4659,#5660,.F.);
#3581=EDGE_CURVE('',#4659,#4253,#5661,.T.);
#3582=EDGE_CURVE('',#4660,#4661,#5662,.T.);
#3583=EDGE_CURVE('',#4661,#4662,#5663,.T.);
#3584=EDGE_CURVE('',#4663,#4662,#5664,.T.);
#3585=EDGE_CURVE('',#4663,#4660,#5665,.F.);
#3586=EDGE_CURVE('',#4664,#4665,#5666,.T.);
#3587=EDGE_CURVE('',#4665,#4666,#5667,.T.);
#3588=EDGE_CURVE('',#4667,#4666,#5668,.T.);
#3589=EDGE_CURVE('',#4667,#4664,#5669,.F.);
#3590=EDGE_CURVE('',#4668,#4669,#5670,.T.);
#3591=EDGE_CURVE('',#4669,#4670,#5671,.T.);
#3592=EDGE_CURVE('',#4671,#4670,#5672,.T.);
#3593=EDGE_CURVE('',#4671,#4668,#5673,.F.);
#3594=EDGE_CURVE('',#4672,#4673,#5674,.T.);
#3595=EDGE_CURVE('',#4672,#4674,#5675,.F.);
#3596=EDGE_CURVE('',#4674,#4675,#5676,.T.);
#3597=EDGE_CURVE('',#4675,#4673,#5677,.T.);
#3598=EDGE_CURVE('',#4676,#4677,#5678,.T.);
#3599=EDGE_CURVE('',#4677,#4678,#5679,.T.);
#3600=EDGE_CURVE('',#4679,#4678,#5680,.T.);
#3601=EDGE_CURVE('',#4679,#4676,#5681,.F.);
#3602=EDGE_CURVE('',#4674,#4669,#166,.F.);
#3603=EDGE_CURVE('',#4668,#4665,#167,.F.);
#3604=EDGE_CURVE('',#4664,#4661,#168,.T.);
#3605=EDGE_CURVE('',#4660,#4234,#169,.T.);
#3606=EDGE_CURVE('',#4659,#4677,#170,.F.);
#3607=EDGE_CURVE('',#4676,#4675,#171,.F.);
#3608=EDGE_CURVE('',#4670,#4672,#172,.T.);
#3609=EDGE_CURVE('',#4673,#4679,#173,.T.);
#3610=EDGE_CURVE('',#4678,#4658,#174,.T.);
#3611=EDGE_CURVE('',#4235,#4663,#175,.F.);
#3612=EDGE_CURVE('',#4662,#4667,#176,.F.);
#3613=EDGE_CURVE('',#4666,#4671,#177,.T.);
#3614=EDGE_CURVE('',#4680,#4681,#5682,.T.);
#3615=EDGE_CURVE('',#4682,#4681,#5683,.T.);
#3616=EDGE_CURVE('',#4683,#4682,#5684,.T.);
#3617=EDGE_CURVE('',#4683,#4680,#5685,.T.);
#3618=EDGE_CURVE('',#4684,#4684,#178,.T.);
#3619=EDGE_CURVE('',#4685,#4686,#5686,.T.);
#3620=EDGE_CURVE('',#4686,#4687,#5687,.F.);
#3621=EDGE_CURVE('',#4688,#4687,#5688,.T.);
#3622=EDGE_CURVE('',#4688,#4689,#5689,.T.);
#3623=EDGE_CURVE('',#4689,#4690,#5690,.T.);
#3624=EDGE_CURVE('',#4691,#4690,#5691,.T.);
#3625=EDGE_CURVE('',#4692,#4691,#5692,.T.);
#3626=EDGE_CURVE('',#4692,#4685,#5693,.T.);
#3627=EDGE_CURVE('',#4689,#4693,#179,.F.);
#3628=EDGE_CURVE('',#4693,#4694,#5694,.T.);
#3629=EDGE_CURVE('',#4690,#4694,#5695,.T.);
#3630=EDGE_CURVE('',#4695,#4696,#5696,.T.);
#3631=EDGE_CURVE('',#4696,#4686,#180,.F.);
#3632=EDGE_CURVE('',#4685,#4695,#5697,.T.);
#3633=EDGE_CURVE('',#4693,#4697,#5698,.F.);
#3634=EDGE_CURVE('',#4698,#4697,#5699,.T.);
#3635=EDGE_CURVE('',#4698,#4696,#5700,.T.);
#3636=EDGE_CURVE('',#4695,#4699,#5701,.T.);
#3637=EDGE_CURVE('',#4699,#4700,#5702,.T.);
#3638=EDGE_CURVE('',#4694,#4700,#5703,.T.);
#3639=EDGE_CURVE('',#4681,#4701,#5704,.T.);
#3640=EDGE_CURVE('',#4702,#4701,#5705,.T.);
#3641=EDGE_CURVE('',#4682,#4702,#5706,.T.);
#3642=EDGE_CURVE('',#4700,#4691,#5707,.T.);
#3643=EDGE_CURVE('',#4703,#4680,#5708,.T.);
#3644=EDGE_CURVE('',#4704,#4683,#5709,.T.);
#3645=EDGE_CURVE('',#4704,#4703,#5710,.T.);
#3646=EDGE_CURVE('',#4699,#4692,#5711,.T.);
#3647=EDGE_CURVE('',#4701,#4703,#5712,.T.);
#3648=EDGE_CURVE('',#4702,#4704,#5713,.T.);
#3649=EDGE_CURVE('',#4688,#4687,#181,.T.);
#3650=EDGE_CURVE('',#4698,#4697,#182,.T.);
#3651=EDGE_CURVE('',#4705,#4706,#5714,.T.);
#3652=EDGE_CURVE('',#4705,#4707,#5715,.T.);
#3653=EDGE_CURVE('',#4708,#4707,#5716,.T.);
#3654=EDGE_CURVE('',#4708,#4709,#5717,.F.);
#3655=EDGE_CURVE('',#4710,#4709,#5718,.T.);
#3656=EDGE_CURVE('',#4710,#4706,#5719,.T.);
#3657=EDGE_CURVE('',#4711,#4708,#183,.T.);
#3658=EDGE_CURVE('',#4711,#4712,#5720,.T.);
#3659=EDGE_CURVE('',#4709,#4712,#184,.T.);
#3660=EDGE_CURVE('',#4713,#4711,#5721,.T.);
#3661=EDGE_CURVE('',#4713,#4714,#5722,.F.);
#3662=EDGE_CURVE('',#4712,#4714,#5723,.T.);
#3663=EDGE_CURVE('',#4715,#4713,#185,.T.);
#3664=EDGE_CURVE('',#4715,#4716,#5724,.T.);
#3665=EDGE_CURVE('',#4714,#4716,#186,.T.);
#3666=EDGE_CURVE('',#4717,#4718,#5725,.T.);
#3667=EDGE_CURVE('',#4717,#4719,#5726,.T.);
#3668=EDGE_CURVE('',#4719,#4720,#5727,.T.);
#3669=EDGE_CURVE('',#4720,#4721,#5728,.T.);
#3670=EDGE_CURVE('',#4722,#4721,#5729,.T.);
#3671=EDGE_CURVE('',#4718,#4722,#5730,.T.);
#3672=EDGE_CURVE('',#4718,#4723,#187,.T.);
#3673=EDGE_CURVE('',#4724,#4722,#188,.T.);
#3674=EDGE_CURVE('',#4723,#4724,#5731,.T.);
#3675=EDGE_CURVE('',#4723,#4725,#5732,.T.);
#3676=EDGE_CURVE('',#4726,#4724,#5733,.T.);
#3677=EDGE_CURVE('',#4725,#4726,#5734,.T.);
#3678=EDGE_CURVE('',#4725,#4727,#189,.T.);
#3679=EDGE_CURVE('',#4728,#4726,#190,.T.);
#3680=EDGE_CURVE('',#4727,#4728,#5735,.T.);
#3681=EDGE_CURVE('',#4729,#4730,#5736,.T.);
#3682=EDGE_CURVE('',#4731,#4730,#5737,.T.);
#3683=EDGE_CURVE('',#4732,#4731,#191,.T.);
#3684=EDGE_CURVE('',#4728,#4732,#5738,.T.);
#3685=EDGE_CURVE('',#4716,#4728,#5739,.T.);
#3686=EDGE_CURVE('',#4716,#4733,#5740,.T.);
#3687=EDGE_CURVE('',#4733,#4734,#192,.F.);
#3688=EDGE_CURVE('',#4734,#4729,#5741,.T.);
#3689=EDGE_CURVE('',#4735,#4736,#5742,.T.);
#3690=EDGE_CURVE('',#4737,#4736,#193,.T.);
#3691=EDGE_CURVE('',#4737,#4738,#5743,.T.);
#3692=EDGE_CURVE('',#4735,#4738,#194,.T.);
#3693=EDGE_CURVE('',#4739,#4737,#5744,.T.);
#3694=EDGE_CURVE('',#4739,#4740,#5745,.F.);
#3695=EDGE_CURVE('',#4738,#4740,#5746,.T.);
#3696=EDGE_CURVE('',#4741,#4739,#195,.T.);
#3697=EDGE_CURVE('',#4741,#4742,#5747,.T.);
#3698=EDGE_CURVE('',#4740,#4742,#196,.T.);
#3699=EDGE_CURVE('',#4743,#4741,#5748,.T.);
#3700=EDGE_CURVE('',#4743,#4744,#5749,.T.);
#3701=EDGE_CURVE('',#4744,#4745,#5750,.F.);
#3702=EDGE_CURVE('',#4745,#4746,#5751,.T.);
#3703=EDGE_CURVE('',#4742,#4746,#5752,.T.);
#3704=EDGE_CURVE('',#4747,#4748,#197,.T.);
#3705=EDGE_CURVE('',#4749,#4747,#5753,.T.);
#3706=EDGE_CURVE('',#4750,#4749,#198,.T.);
#3707=EDGE_CURVE('',#4748,#4750,#5754,.T.);
#3708=EDGE_CURVE('',#4748,#4751,#5755,.T.);
#3709=EDGE_CURVE('',#4752,#4750,#5756,.T.);
#3710=EDGE_CURVE('',#4751,#4752,#5757,.T.);
#3711=EDGE_CURVE('',#4751,#4753,#199,.T.);
#3712=EDGE_CURVE('',#4754,#4752,#200,.T.);
#3713=EDGE_CURVE('',#4753,#4754,#5758,.T.);
#3714=EDGE_CURVE('',#4753,#4755,#5759,.T.);
#3715=EDGE_CURVE('',#4756,#4754,#5760,.T.);
#3716=EDGE_CURVE('',#4756,#4757,#5761,.T.);
#3717=EDGE_CURVE('',#4758,#4757,#5762,.T.);
#3718=EDGE_CURVE('',#4758,#4755,#5763,.T.);
#3719=EDGE_CURVE('',#4736,#4759,#5764,.T.);
#3720=EDGE_CURVE('',#4759,#4760,#201,.F.);
#3721=EDGE_CURVE('',#4760,#4761,#5765,.T.);
#3722=EDGE_CURVE('',#4762,#4761,#202,.F.);
#3723=EDGE_CURVE('',#4762,#4763,#5766,.T.);
#3724=EDGE_CURVE('',#4763,#4764,#203,.T.);
#3725=EDGE_CURVE('',#4765,#4764,#5767,.T.);
#3726=EDGE_CURVE('',#4766,#4765,#204,.T.);
#3727=EDGE_CURVE('',#4747,#4766,#5768,.T.);
#3728=EDGE_CURVE('',#4736,#4747,#5769,.T.);
#3729=EDGE_CURVE('',#4767,#4768,#205,.T.);
#3730=EDGE_CURVE('',#4768,#4715,#5770,.T.);
#3731=EDGE_CURVE('',#4727,#4715,#5771,.T.);
#3732=EDGE_CURVE('',#4769,#4727,#5772,.T.);
#3733=EDGE_CURVE('',#4770,#4769,#206,.T.);
#3734=EDGE_CURVE('',#4771,#4770,#5773,.T.);
#3735=EDGE_CURVE('',#4771,#4772,#207,.T.);
#3736=EDGE_CURVE('',#4773,#4772,#5774,.T.);
#3737=EDGE_CURVE('',#4774,#4773,#208,.T.);
#3738=EDGE_CURVE('',#4774,#4767,#5775,.T.);
#3739=EDGE_CURVE('',#4775,#4776,#209,.F.);
#3740=EDGE_CURVE('',#4775,#4735,#5776,.T.);
#3741=EDGE_CURVE('',#4749,#4735,#5777,.T.);
#3742=EDGE_CURVE('',#4777,#4749,#5778,.T.);
#3743=EDGE_CURVE('',#4777,#4778,#210,.T.);
#3744=EDGE_CURVE('',#4778,#4779,#5779,.T.);
#3745=EDGE_CURVE('',#4780,#4779,#5780,.T.);
#3746=EDGE_CURVE('',#4776,#4780,#5781,.T.);
#3747=EDGE_CURVE('',#4770,#4765,#5782,.T.);
#3748=EDGE_CURVE('',#4764,#4771,#5783,.T.);
#3749=EDGE_CURVE('',#4773,#4781,#5784,.T.);
#3750=EDGE_CURVE('',#4772,#4782,#5785,.T.);
#3751=EDGE_CURVE('',#4781,#4782,#5786,.T.);
#3752=EDGE_CURVE('',#4783,#4784,#5787,.T.);
#3753=EDGE_CURVE('',#4783,#4785,#5788,.F.);
#3754=EDGE_CURVE('',#4785,#4786,#5789,.T.);
#3755=EDGE_CURVE('',#4786,#4787,#211,.T.);
#3756=EDGE_CURVE('',#4787,#4788,#212,.T.);
#3757=EDGE_CURVE('',#4788,#4789,#213,.T.);
#3758=EDGE_CURVE('',#4789,#4790,#214,.T.);
#3759=EDGE_CURVE('',#4790,#4791,#215,.T.);
#3760=EDGE_CURVE('',#4791,#4792,#216,.T.);
#3761=EDGE_CURVE('',#4792,#4793,#5790,.T.);
#3762=EDGE_CURVE('',#4793,#4794,#217,.T.);
#3763=EDGE_CURVE('',#4794,#4763,#5791,.T.);
#3764=EDGE_CURVE('',#4795,#4762,#5792,.T.);
#3765=EDGE_CURVE('',#4796,#4795,#218,.T.);
#3766=EDGE_CURVE('',#4797,#4796,#5793,.T.);
#3767=EDGE_CURVE('',#4798,#4797,#219,.F.);
#3768=EDGE_CURVE('',#4799,#4798,#220,.T.);
#3769=EDGE_CURVE('',#4800,#4799,#221,.F.);
#3770=EDGE_CURVE('',#4801,#4800,#222,.T.);
#3771=EDGE_CURVE('',#4802,#4801,#223,.F.);
#3772=EDGE_CURVE('',#4784,#4802,#224,.T.);
#3773=EDGE_CURVE('',#4803,#4804,#5794,.T.);
#3774=EDGE_CURVE('',#4804,#4805,#5795,.T.);
#3775=EDGE_CURVE('',#4806,#4805,#5796,.T.);
#3776=EDGE_CURVE('',#4806,#4803,#5797,.T.);
#3777=EDGE_CURVE('',#4807,#4808,#5798,.T.);
#3778=EDGE_CURVE('',#4807,#4809,#5799,.T.);
#3779=EDGE_CURVE('',#4809,#4810,#5800,.T.);
#3780=EDGE_CURVE('',#4810,#4811,#225,.T.);
#3781=EDGE_CURVE('',#4811,#4812,#226,.F.);
#3782=EDGE_CURVE('',#4812,#4813,#227,.T.);
#3783=EDGE_CURVE('',#4813,#4814,#228,.F.);
#3784=EDGE_CURVE('',#4814,#4815,#229,.T.);
#3785=EDGE_CURVE('',#4815,#4816,#230,.F.);
#3786=EDGE_CURVE('',#4816,#4817,#5801,.T.);
#3787=EDGE_CURVE('',#4817,#4818,#231,.T.);
#3788=EDGE_CURVE('',#4819,#4818,#5802,.T.);
#3789=EDGE_CURVE('',#4820,#4819,#5803,.T.);
#3790=EDGE_CURVE('',#4820,#4821,#5804,.T.);
#3791=EDGE_CURVE('',#4822,#4821,#232,.T.);
#3792=EDGE_CURVE('',#4823,#4822,#5805,.T.);
#3793=EDGE_CURVE('',#4824,#4823,#233,.T.);
#3794=EDGE_CURVE('',#4825,#4824,#234,.T.);
#3795=EDGE_CURVE('',#4826,#4825,#235,.T.);
#3796=EDGE_CURVE('',#4827,#4826,#236,.T.);
#3797=EDGE_CURVE('',#4828,#4827,#237,.T.);
#3798=EDGE_CURVE('',#4808,#4828,#238,.T.);
#3799=EDGE_CURVE('',#4796,#4817,#5806,.T.);
#3800=EDGE_CURVE('',#4816,#4797,#5807,.T.);
#3801=EDGE_CURVE('',#4829,#4830,#5808,.T.);
#3802=EDGE_CURVE('',#4830,#4831,#5809,.T.);
#3803=EDGE_CURVE('',#4832,#4831,#5810,.T.);
#3804=EDGE_CURVE('',#4832,#4829,#5811,.T.);
#3805=EDGE_CURVE('',#4785,#4830,#239,.T.);
#3806=EDGE_CURVE('',#4829,#4807,#240,.T.);
#3807=EDGE_CURVE('',#4808,#4786,#5812,.T.);
#3808=EDGE_CURVE('',#4828,#4787,#5813,.T.);
#3809=EDGE_CURVE('',#4827,#4788,#5814,.T.);
#3810=EDGE_CURVE('',#4826,#4789,#5815,.T.);
#3811=EDGE_CURVE('',#4825,#4790,#5816,.T.);
#3812=EDGE_CURVE('',#4824,#4791,#5817,.T.);
#3813=EDGE_CURVE('',#4823,#4792,#5818,.T.);
#3814=EDGE_CURVE('',#4793,#4822,#5819,.T.);
#3815=EDGE_CURVE('',#4831,#4783,#241,.F.);
#3816=EDGE_CURVE('',#4810,#4784,#5820,.T.);
#3817=EDGE_CURVE('',#4809,#4832,#242,.F.);
#3818=EDGE_CURVE('',#4811,#4802,#5821,.T.);
#3819=EDGE_CURVE('',#4812,#4801,#5822,.T.);
#3820=EDGE_CURVE('',#4813,#4800,#5823,.T.);
#3821=EDGE_CURVE('',#4814,#4799,#5824,.T.);
#3822=EDGE_CURVE('',#4815,#4798,#5825,.T.);
#3823=EDGE_CURVE('',#4773,#4762,#5826,.F.);
#3824=EDGE_CURVE('',#4781,#4806,#5827,.T.);
#3825=EDGE_CURVE('',#4833,#4805,#5828,.T.);
#3826=EDGE_CURVE('',#4834,#4833,#5829,.T.);
#3827=EDGE_CURVE('',#4819,#4834,#5830,.T.);
#3828=EDGE_CURVE('',#4818,#4795,#5831,.T.);
#3829=EDGE_CURVE('',#4820,#4835,#5832,.T.);
#3830=EDGE_CURVE('',#4835,#4836,#5833,.T.);
#3831=EDGE_CURVE('',#4836,#4804,#5834,.T.);
#3832=EDGE_CURVE('',#4782,#4803,#5835,.T.);
#3833=EDGE_CURVE('',#4772,#4763,#5836,.T.);
#3834=EDGE_CURVE('',#4821,#4794,#5837,.T.);
#3835=EDGE_CURVE('',#4836,#4833,#5838,.T.);
#3836=EDGE_CURVE('',#4835,#4834,#5839,.T.);
#3837=EDGE_CURVE('',#4767,#4760,#5840,.T.);
#3838=EDGE_CURVE('',#4761,#4774,#5841,.T.);
#3839=EDGE_CURVE('',#4766,#4769,#5842,.T.);
#3840=EDGE_CURVE('',#4732,#4777,#5843,.T.);
#3841=EDGE_CURVE('',#4759,#4768,#5844,.T.);
#3842=EDGE_CURVE('',#4733,#4775,#5845,.T.);
#3843=EDGE_CURVE('',#4780,#4729,#5846,.T.);
#3844=EDGE_CURVE('',#4779,#4730,#5847,.T.);
#3845=EDGE_CURVE('',#4778,#4731,#5848,.T.);
#3846=EDGE_CURVE('',#4776,#4734,#5849,.T.);
#3847=EDGE_CURVE('',#4837,#4838,#243,.F.);
#3848=EDGE_CURVE('',#4837,#4839,#5850,.F.);
#3849=EDGE_CURVE('',#4839,#4840,#244,.T.);
#3850=EDGE_CURVE('',#4840,#4841,#5851,.T.);
#3851=EDGE_CURVE('',#4841,#4842,#5852,.T.);
#3852=EDGE_CURVE('',#4838,#4842,#5853,.F.);
#3853=EDGE_CURVE('',#4843,#4844,#5854,.F.);
#3854=EDGE_CURVE('',#4843,#4845,#5855,.F.);
#3855=EDGE_CURVE('',#4845,#4846,#5856,.T.);
#3856=EDGE_CURVE('',#4846,#4844,#5857,.F.);
#3857=EDGE_CURVE('',#4847,#4848,#245,.T.);
#3858=EDGE_CURVE('',#4847,#4849,#5858,.F.);
#3859=EDGE_CURVE('',#4849,#4850,#246,.F.);
#3860=EDGE_CURVE('',#4850,#4851,#5859,.F.);
#3861=EDGE_CURVE('',#4851,#4852,#5860,.F.);
#3862=EDGE_CURVE('',#4848,#4852,#5861,.T.);
#3863=EDGE_CURVE('',#4744,#4853,#33,.F.);
#3864=EDGE_CURVE('',#4853,#4837,#21,.T.);
#3865=EDGE_CURVE('',#4838,#4850,#5862,.T.);
#3866=EDGE_CURVE('',#4849,#4854,#22,.T.);
#3867=EDGE_CURVE('',#4854,#4745,#34,.F.);
#3868=EDGE_CURVE('',#4842,#4843,#247,.T.);
#3869=EDGE_CURVE('',#4844,#4851,#248,.T.);
#3870=EDGE_CURVE('',#4839,#4855,#23,.T.);
#3871=EDGE_CURVE('',#4855,#4758,#35,.T.);
#3872=EDGE_CURVE('',#4757,#4856,#36,.T.);
#3873=EDGE_CURVE('',#4856,#4847,#24,.T.);
#3874=EDGE_CURVE('',#4840,#4848,#5863,.T.);
#3875=EDGE_CURVE('',#4845,#4841,#249,.F.);
#3876=EDGE_CURVE('',#4852,#4846,#250,.F.);
#3877=EDGE_CURVE('',#4746,#4756,#5864,.T.);
#3878=EDGE_CURVE('',#4755,#4743,#5865,.T.);
#3879=EDGE_CURVE('',#4855,#4853,#5866,.T.);
#3880=EDGE_CURVE('',#4854,#4856,#5867,.F.);
#3881=EDGE_CURVE('',#4857,#4858,#251,.T.);
#3882=EDGE_CURVE('',#4858,#4859,#5868,.F.);
#3883=EDGE_CURVE('',#4860,#4859,#252,.F.);
#3884=EDGE_CURVE('',#4861,#4860,#5869,.F.);
#3885=EDGE_CURVE('',#4861,#4862,#5870,.T.);
#3886=EDGE_CURVE('',#4862,#4857,#5871,.T.);
#3887=EDGE_CURVE('',#4863,#4864,#253,.F.);
#3888=EDGE_CURVE('',#4864,#4865,#5872,.F.);
#3889=EDGE_CURVE('',#4866,#4865,#254,.T.);
#3890=EDGE_CURVE('',#4867,#4866,#5873,.T.);
#3891=EDGE_CURVE('',#4867,#4868,#5874,.F.);
#3892=EDGE_CURVE('',#4868,#4863,#5875,.F.);
#3893=EDGE_CURVE('',#4869,#4870,#5876,.T.);
#3894=EDGE_CURVE('',#4869,#4871,#5877,.T.);
#3895=EDGE_CURVE('',#4871,#4872,#5878,.F.);
#3896=EDGE_CURVE('',#4872,#4870,#5879,.T.);
#3897=EDGE_CURVE('',#4871,#4861,#255,.T.);
#3898=EDGE_CURVE('',#4860,#4863,#5880,.F.);
#3899=EDGE_CURVE('',#4868,#4872,#256,.T.);
#3900=EDGE_CURVE('',#4859,#4873,#25,.T.);
#3901=EDGE_CURVE('',#4873,#4705,#37,.F.);
#3902=EDGE_CURVE('',#4706,#4874,#38,.F.);
#3903=EDGE_CURVE('',#4874,#4864,#26,.T.);
#3904=EDGE_CURVE('',#4862,#4869,#257,.F.);
#3905=EDGE_CURVE('',#4870,#4867,#258,.F.);
#3906=EDGE_CURVE('',#4857,#4866,#5881,.T.);
#3907=EDGE_CURVE('',#4719,#4875,#39,.T.);
#3908=EDGE_CURVE('',#4875,#4858,#27,.T.);
#3909=EDGE_CURVE('',#4865,#4876,#28,.T.);
#3910=EDGE_CURVE('',#4876,#4720,#40,.T.);
#3911=EDGE_CURVE('',#4721,#4710,#5882,.T.);
#3912=EDGE_CURVE('',#4707,#4717,#5883,.T.);
#3913=EDGE_CURVE('',#4873,#4875,#5884,.T.);
#3914=EDGE_CURVE('',#4876,#4874,#5885,.F.);
#3915=EDGE_CURVE('',#4877,#4877,#259,.F.);
#3916=EDGE_CURVE('',#4878,#4879,#260,.F.);
#3917=EDGE_CURVE('',#4878,#4880,#5886,.F.);
#3918=EDGE_CURVE('',#4880,#4881,#261,.T.);
#3919=EDGE_CURVE('',#4881,#4882,#5887,.T.);
#3920=EDGE_CURVE('',#4883,#4882,#262,.F.);
#3921=EDGE_CURVE('',#4883,#4884,#5888,.F.);
#3922=EDGE_CURVE('',#4884,#4885,#263,.T.);
#3923=EDGE_CURVE('',#4885,#4879,#5889,.T.);
#3924=EDGE_CURVE('',#4886,#4887,#5890,.T.);
#3925=EDGE_CURVE('',#4887,#4886,#264,.F.);
#3926=EDGE_CURVE('',#4888,#4889,#5891,.T.);
#3927=EDGE_CURVE('',#4889,#4888,#265,.F.);
#3928=EDGE_CURVE('',#4880,#4886,#29,.T.);
#3929=EDGE_CURVE('',#4887,#4881,#30,.T.);
#3930=EDGE_CURVE('',#4889,#4885,#31,.T.);
#3931=EDGE_CURVE('',#4884,#4888,#32,.T.);
#3932=EDGE_CURVE('',#4890,#4890,#266,.T.);
#3933=EDGE_CURVE('',#4891,#4891,#267,.F.);
#3934=EDGE_CURVE('',#4892,#4892,#268,.T.);
#3935=EDGE_CURVE('',#4878,#4882,#5892,.T.);
#3936=EDGE_CURVE('',#4883,#4879,#5893,.T.);
#3937=EDGE_CURVE('',#4893,#4893,#269,.T.);
#3938=EDGE_CURVE('',#4894,#4894,#270,.T.);
#3939=EDGE_CURVE('',#4895,#4895,#271,.F.);
#3940=EDGE_CURVE('',#4896,#4897,#5894,.T.);
#3941=EDGE_CURVE('',#4898,#4896,#5895,.T.);
#3942=EDGE_CURVE('',#4898,#4899,#5896,.T.);
#3943=EDGE_CURVE('',#4900,#4899,#5897,.T.);
#3944=EDGE_CURVE('',#4901,#4900,#5898,.T.);
#3945=EDGE_CURVE('',#4901,#4902,#5899,.T.);
#3946=EDGE_CURVE('',#4902,#4903,#5900,.T.);
#3947=EDGE_CURVE('',#4897,#4903,#5901,.T.);
#3948=EDGE_CURVE('',#4898,#4904,#5902,.T.);
#3949=EDGE_CURVE('',#4904,#4905,#5903,.T.);
#3950=EDGE_CURVE('',#4899,#4905,#5904,.T.);
#3951=EDGE_CURVE('',#4906,#4907,#5905,.T.);
#3952=EDGE_CURVE('',#4903,#4907,#5906,.T.);
#3953=EDGE_CURVE('',#4902,#4906,#5907,.T.);
#3954=EDGE_CURVE('',#4908,#4909,#5908,.T.);
#3955=EDGE_CURVE('',#4910,#4908,#5909,.T.);
#3956=EDGE_CURVE('',#4910,#4911,#5910,.T.);
#3957=EDGE_CURVE('',#4911,#4909,#5911,.T.);
#3958=EDGE_CURVE('',#4912,#4913,#5912,.T.);
#3959=EDGE_CURVE('',#4913,#4914,#5913,.T.);
#3960=EDGE_CURVE('',#4915,#4914,#5914,.T.);
#3961=EDGE_CURVE('',#4912,#4915,#5915,.T.);
#3962=EDGE_CURVE('',#4916,#4917,#5916,.T.);
#3963=EDGE_CURVE('',#4917,#4918,#5917,.T.);
#3964=EDGE_CURVE('',#4918,#4919,#5918,.T.);
#3965=EDGE_CURVE('',#4919,#4920,#5919,.T.);
#3966=EDGE_CURVE('',#4920,#4921,#5920,.T.);
#3967=EDGE_CURVE('',#4921,#4922,#5921,.T.);
#3968=EDGE_CURVE('',#4923,#4922,#5922,.T.);
#3969=EDGE_CURVE('',#4916,#4923,#5923,.T.);
#3970=EDGE_CURVE('',#4924,#4925,#5924,.T.);
#3971=EDGE_CURVE('',#4925,#4926,#5925,.T.);
#3972=EDGE_CURVE('',#4927,#4926,#5926,.T.);
#3973=EDGE_CURVE('',#4928,#4927,#5927,.T.);
#3974=EDGE_CURVE('',#4928,#4929,#5928,.T.);
#3975=EDGE_CURVE('',#4929,#4930,#5929,.T.);
#3976=EDGE_CURVE('',#4930,#4931,#5930,.T.);
#3977=EDGE_CURVE('',#4931,#4932,#5931,.T.);
#3978=EDGE_CURVE('',#4933,#4932,#5932,.T.);
#3979=EDGE_CURVE('',#4933,#4934,#5933,.T.);
#3980=EDGE_CURVE('',#4935,#4934,#5934,.T.);
#3981=EDGE_CURVE('',#4924,#4935,#5935,.T.);
#3982=EDGE_CURVE('',#4936,#4937,#5936,.T.);
#3983=EDGE_CURVE('',#4938,#4936,#5937,.T.);
#3984=EDGE_CURVE('',#4938,#4939,#5938,.T.);
#3985=EDGE_CURVE('',#4939,#4937,#5939,.T.);
#3986=EDGE_CURVE('',#4940,#4941,#5940,.T.);
#3987=EDGE_CURVE('',#4941,#4942,#5941,.T.);
#3988=EDGE_CURVE('',#4943,#4942,#5942,.T.);
#3989=EDGE_CURVE('',#4940,#4943,#5943,.T.);
#3990=EDGE_CURVE('',#4944,#4945,#5944,.T.);
#3991=EDGE_CURVE('',#4945,#4946,#5945,.T.);
#3992=EDGE_CURVE('',#4947,#4946,#5946,.T.);
#3993=EDGE_CURVE('',#4948,#4947,#5947,.T.);
#3994=EDGE_CURVE('',#4948,#4949,#5948,.T.);
#3995=EDGE_CURVE('',#4949,#4950,#5949,.T.);
#3996=EDGE_CURVE('',#4950,#4951,#5950,.T.);
#3997=EDGE_CURVE('',#4944,#4951,#5951,.T.);
#3998=EDGE_CURVE('',#4952,#4953,#5952,.T.);
#3999=EDGE_CURVE('',#4953,#4954,#5953,.T.);
#4000=EDGE_CURVE('',#4955,#4954,#5954,.T.);
#4001=EDGE_CURVE('',#4952,#4955,#5955,.T.);
#4002=EDGE_CURVE('',#4956,#4957,#5956,.T.);
#4003=EDGE_CURVE('',#4958,#4956,#5957,.T.);
#4004=EDGE_CURVE('',#4958,#4959,#5958,.T.);
#4005=EDGE_CURVE('',#4959,#4957,#5959,.T.);
#4006=EDGE_CURVE('',#4905,#4960,#5960,.T.);
#4007=EDGE_CURVE('',#4904,#4961,#5961,.T.);
#4008=EDGE_CURVE('',#4961,#4962,#5962,.T.);
#4009=EDGE_CURVE('',#4962,#4907,#5963,.T.);
#4010=EDGE_CURVE('',#4906,#4963,#5964,.T.);
#4011=EDGE_CURVE('',#4963,#4960,#5965,.T.);
#4012=EDGE_CURVE('',#4964,#4965,#5966,.T.);
#4013=EDGE_CURVE('',#4966,#4964,#5967,.T.);
#4014=EDGE_CURVE('',#4967,#4966,#5968,.T.);
#4015=EDGE_CURVE('',#4965,#4967,#5969,.T.);
#4016=EDGE_CURVE('',#4968,#4969,#5970,.T.);
#4017=EDGE_CURVE('',#4970,#4968,#5971,.T.);
#4018=EDGE_CURVE('',#4971,#4970,#5972,.T.);
#4019=EDGE_CURVE('',#4969,#4971,#5973,.T.);
#4020=EDGE_CURVE('',#4925,#4972,#5974,.T.);
#4021=EDGE_CURVE('',#4972,#4973,#5975,.T.);
#4022=EDGE_CURVE('',#4934,#4973,#5976,.T.);
#4023=EDGE_CURVE('',#4974,#4933,#5977,.T.);
#4024=EDGE_CURVE('',#4975,#4974,#5978,.T.);
#4025=EDGE_CURVE('',#4975,#4930,#5979,.T.);
#4026=EDGE_CURVE('',#4929,#4976,#5980,.T.);
#4027=EDGE_CURVE('',#4976,#4977,#5981,.T.);
#4028=EDGE_CURVE('',#4926,#4977,#5982,.T.);
#4029=EDGE_CURVE('',#4978,#4979,#5983,.T.);
#4030=EDGE_CURVE('',#4980,#4978,#5984,.T.);
#4031=EDGE_CURVE('',#4981,#4980,#5985,.T.);
#4032=EDGE_CURVE('',#4979,#4981,#5986,.T.);
#4033=EDGE_CURVE('',#4982,#4983,#5987,.T.);
#4034=EDGE_CURVE('',#4984,#4982,#5988,.T.);
#4035=EDGE_CURVE('',#4985,#4984,#5989,.T.);
#4036=EDGE_CURVE('',#4983,#4985,#5990,.T.);
#4037=EDGE_CURVE('',#4986,#4927,#5991,.T.);
#4038=EDGE_CURVE('',#4987,#4986,#5992,.T.);
#4039=EDGE_CURVE('',#4987,#4928,#5993,.T.);
#4040=EDGE_CURVE('',#4988,#4989,#5994,.T.);
#4041=EDGE_CURVE('',#4990,#4988,#5995,.T.);
#4042=EDGE_CURVE('',#4991,#4990,#5996,.T.);
#4043=EDGE_CURVE('',#4989,#4991,#5997,.T.);
#4044=EDGE_CURVE('',#4992,#4993,#5998,.T.);
#4045=EDGE_CURVE('',#4994,#4992,#5999,.T.);
#4046=EDGE_CURVE('',#4995,#4994,#6000,.T.);
#4047=EDGE_CURVE('',#4993,#4995,#6001,.T.);
#4048=EDGE_CURVE('',#4996,#4997,#6002,.T.);
#4049=EDGE_CURVE('',#4997,#4998,#6003,.T.);
#4050=EDGE_CURVE('',#4998,#4999,#6004,.T.);
#4051=EDGE_CURVE('',#4999,#4996,#6005,.T.);
#4052=EDGE_CURVE('',#5000,#5001,#6006,.F.);
#4053=EDGE_CURVE('',#5000,#5002,#6007,.F.);
#4054=EDGE_CURVE('',#5003,#5002,#6008,.F.);
#4055=EDGE_CURVE('',#5001,#5003,#6009,.F.);
#4056=EDGE_CURVE('',#5004,#5005,#6010,.T.);
#4057=EDGE_CURVE('',#5006,#5004,#6011,.T.);
#4058=EDGE_CURVE('',#5007,#5006,#6012,.T.);
#4059=EDGE_CURVE('',#5007,#5008,#6013,.T.);
#4060=EDGE_CURVE('',#5008,#5009,#6014,.T.);
#4061=EDGE_CURVE('',#5010,#5009,#6015,.T.);
#4062=EDGE_CURVE('',#5011,#5010,#6016,.T.);
#4063=EDGE_CURVE('',#5005,#5011,#6017,.T.);
#4064=EDGE_CURVE('',#5006,#4918,#6018,.T.);
#4065=EDGE_CURVE('',#4917,#5007,#6019,.T.);
#4066=EDGE_CURVE('',#5011,#4921,#6020,.T.);
#4067=EDGE_CURVE('',#4922,#5010,#6021,.T.);
#4068=EDGE_CURVE('',#5012,#5013,#6022,.T.);
#4069=EDGE_CURVE('',#5014,#5012,#6023,.T.);
#4070=EDGE_CURVE('',#5014,#5015,#6024,.T.);
#4071=EDGE_CURVE('',#5015,#5013,#6025,.T.);
#4072=EDGE_CURVE('',#4977,#5016,#6026,.T.);
#4073=EDGE_CURVE('',#4976,#5017,#6027,.T.);
#4074=EDGE_CURVE('',#5017,#5016,#6028,.T.);
#4075=EDGE_CURVE('',#5018,#5019,#6029,.T.);
#4076=EDGE_CURVE('',#5020,#5018,#6030,.T.);
#4077=EDGE_CURVE('',#5020,#5021,#6031,.T.);
#4078=EDGE_CURVE('',#5021,#5019,#6032,.F.);
#4079=EDGE_CURVE('',#4996,#5003,#6033,.T.);
#4080=EDGE_CURVE('',#4999,#5001,#6034,.T.);
#4081=EDGE_CURVE('',#4956,#5022,#6035,.T.);
#4082=EDGE_CURVE('',#5022,#5023,#6036,.T.);
#4083=EDGE_CURVE('',#5023,#4958,#6037,.T.);
#4084=EDGE_CURVE('',#5024,#4959,#6038,.T.);
#4085=EDGE_CURVE('',#5024,#5025,#6039,.T.);
#4086=EDGE_CURVE('',#4957,#5025,#6040,.T.);
#4087=EDGE_CURVE('',#4936,#5026,#6041,.T.);
#4088=EDGE_CURVE('',#5026,#5027,#6042,.T.);
#4089=EDGE_CURVE('',#5027,#4938,#6043,.T.);
#4090=EDGE_CURVE('',#5028,#4939,#6044,.T.);
#4091=EDGE_CURVE('',#5028,#5029,#6045,.F.);
#4092=EDGE_CURVE('',#4937,#5029,#6046,.T.);
#4093=EDGE_CURVE('',#5030,#5031,#6047,.T.);
#4094=EDGE_CURVE('',#5032,#5031,#6048,.T.);
#4095=EDGE_CURVE('',#5033,#5032,#6049,.T.);
#4096=EDGE_CURVE('',#5034,#5033,#6050,.T.);
#4097=EDGE_CURVE('',#5034,#5035,#6051,.T.);
#4098=EDGE_CURVE('',#5036,#5035,#6052,.T.);
#4099=EDGE_CURVE('',#5037,#5036,#6053,.T.);
#4100=EDGE_CURVE('',#5037,#5030,#6054,.T.);
#4101=EDGE_CURVE('',#5031,#4951,#6055,.T.);
#4102=EDGE_CURVE('',#5030,#4944,#6056,.T.);
#4103=EDGE_CURVE('',#5034,#4948,#6057,.T.);
#4104=EDGE_CURVE('',#5035,#4947,#6058,.T.);
#4105=EDGE_CURVE('',#5016,#4986,#6059,.T.);
#4106=EDGE_CURVE('',#5017,#4987,#6060,.T.);
#4107=EDGE_CURVE('',#4932,#5038,#6061,.T.);
#4108=EDGE_CURVE('',#4931,#5039,#6062,.T.);
#4109=EDGE_CURVE('',#5039,#5038,#6063,.T.);
#4110=EDGE_CURVE('',#5038,#5040,#6064,.T.);
#4111=EDGE_CURVE('',#5039,#5041,#6065,.T.);
#4112=EDGE_CURVE('',#5041,#5040,#6066,.T.);
#4113=EDGE_CURVE('',#5040,#4974,#6067,.T.);
#4114=EDGE_CURVE('',#5041,#4975,#6068,.T.);
#4115=EDGE_CURVE('',#5042,#5036,#6069,.T.);
#4116=EDGE_CURVE('',#5043,#5042,#6070,.T.);
#4117=EDGE_CURVE('',#5043,#5037,#6071,.T.);
#4118=EDGE_CURVE('',#4946,#5042,#6072,.T.);
#4119=EDGE_CURVE('',#4945,#5043,#6073,.T.);
#4120=EDGE_CURVE('',#5044,#4943,#6074,.T.);
#4121=EDGE_CURVE('',#5045,#5044,#6075,.T.);
#4122=EDGE_CURVE('',#5045,#4940,#6076,.T.);
#4123=EDGE_CURVE('',#4942,#5046,#6077,.T.);
#4124=EDGE_CURVE('',#4941,#5047,#6078,.T.);
#4125=EDGE_CURVE('',#5047,#5046,#6079,.T.);
#4126=EDGE_CURVE('',#5046,#5044,#6080,.T.);
#4127=EDGE_CURVE('',#5047,#5045,#6081,.T.);
#4128=EDGE_CURVE('',#5026,#5029,#6082,.T.);
#4129=EDGE_CURVE('',#5029,#5021,#6083,.F.);
#4130=EDGE_CURVE('',#5026,#5020,#6084,.T.);
#4131=EDGE_CURVE('',#5019,#5028,#6085,.F.);
#4132=EDGE_CURVE('',#5027,#5028,#6086,.T.);
#4133=EDGE_CURVE('',#5018,#5027,#6087,.T.);
#4134=EDGE_CURVE('',#5032,#4950,#6088,.T.);
#4135=EDGE_CURVE('',#5033,#4949,#6089,.T.);
#4136=EDGE_CURVE('',#4988,#5048,#6090,.T.);
#4137=EDGE_CURVE('',#5049,#5048,#6091,.T.);
#4138=EDGE_CURVE('',#5049,#4990,#6092,.T.);
#4139=EDGE_CURVE('',#5050,#5051,#6093,.T.);
#4140=EDGE_CURVE('',#5050,#4989,#6094,.T.);
#4141=EDGE_CURVE('',#5051,#4991,#6095,.T.);
#4142=EDGE_CURVE('',#5051,#5049,#6096,.T.);
#4143=EDGE_CURVE('',#5048,#5050,#6097,.T.);
#4144=EDGE_CURVE('',#5052,#5053,#6098,.T.);
#4145=EDGE_CURVE('',#5052,#4970,#6099,.T.);
#4146=EDGE_CURVE('',#5053,#4968,#6100,.T.);
#4147=EDGE_CURVE('',#5054,#4969,#6101,.T.);
#4148=EDGE_CURVE('',#5053,#5054,#6102,.T.);
#4149=EDGE_CURVE('',#4971,#5055,#6103,.T.);
#4150=EDGE_CURVE('',#5054,#5055,#6104,.T.);
#4151=EDGE_CURVE('',#5055,#5052,#6105,.T.);
#4152=EDGE_CURVE('',#5056,#4900,#6106,.T.);
#4153=EDGE_CURVE('',#5057,#5056,#6107,.T.);
#4154=EDGE_CURVE('',#5057,#4901,#6108,.T.);
#4155=EDGE_CURVE('',#4960,#5056,#6109,.T.);
#4156=EDGE_CURVE('',#4963,#5057,#6110,.T.);
#4157=EDGE_CURVE('',#5058,#4955,#6111,.T.);
#4158=EDGE_CURVE('',#5059,#5058,#6112,.T.);
#4159=EDGE_CURVE('',#5059,#4952,#6113,.T.);
#4160=EDGE_CURVE('',#4954,#5060,#6114,.T.);
#4161=EDGE_CURVE('',#4953,#5061,#6115,.T.);
#4162=EDGE_CURVE('',#5061,#5060,#6116,.T.);
#4163=EDGE_CURVE('',#5060,#5058,#6117,.T.);
#4164=EDGE_CURVE('',#5061,#5059,#6118,.T.);
#4165=EDGE_CURVE('',#5022,#5025,#6119,.T.);
#4166=EDGE_CURVE('',#5022,#5014,#6120,.T.);
#4167=EDGE_CURVE('',#5025,#5015,#6121,.T.);
#4168=EDGE_CURVE('',#5013,#5024,#6122,.T.);
#4169=EDGE_CURVE('',#5023,#5024,#6123,.T.);
#4170=EDGE_CURVE('',#5012,#5023,#6124,.T.);
#4171=EDGE_CURVE('',#4982,#5062,#6125,.T.);
#4172=EDGE_CURVE('',#5063,#5062,#6126,.T.);
#4173=EDGE_CURVE('',#5063,#4984,#6127,.T.);
#4174=EDGE_CURVE('',#5064,#5065,#6128,.T.);
#4175=EDGE_CURVE('',#5064,#4983,#6129,.T.);
#4176=EDGE_CURVE('',#5065,#4985,#6130,.T.);
#4177=EDGE_CURVE('',#5065,#5063,#6131,.T.);
#4178=EDGE_CURVE('',#5062,#5064,#6132,.T.);
#4179=EDGE_CURVE('',#5066,#5067,#6133,.T.);
#4180=EDGE_CURVE('',#5066,#4966,#6134,.T.);
#4181=EDGE_CURVE('',#5067,#4964,#6135,.T.);
#4182=EDGE_CURVE('',#5068,#4965,#6136,.T.);
#4183=EDGE_CURVE('',#5067,#5068,#6137,.T.);
#4184=EDGE_CURVE('',#4967,#5069,#6138,.T.);
#4185=EDGE_CURVE('',#5068,#5069,#6139,.T.);
#4186=EDGE_CURVE('',#5069,#5066,#6140,.T.);
#4187=EDGE_CURVE('',#5070,#4935,#6141,.T.);
#4188=EDGE_CURVE('',#5071,#5070,#6142,.T.);
#4189=EDGE_CURVE('',#5071,#4924,#6143,.T.);
#4190=EDGE_CURVE('',#4973,#5072,#6144,.T.);
#4191=EDGE_CURVE('',#4972,#5073,#6145,.T.);
#4192=EDGE_CURVE('',#5073,#5072,#6146,.T.);
#4193=EDGE_CURVE('',#5072,#5070,#6147,.T.);
#4194=EDGE_CURVE('',#5073,#5071,#6148,.T.);
#4195=EDGE_CURVE('',#5009,#5074,#6149,.T.);
#4196=EDGE_CURVE('',#5008,#5075,#6150,.T.);
#4197=EDGE_CURVE('',#5075,#5074,#6151,.T.);
#4198=EDGE_CURVE('',#5074,#4923,#6152,.T.);
#4199=EDGE_CURVE('',#5075,#4916,#6153,.T.);
#4200=EDGE_CURVE('',#4914,#5076,#6154,.T.);
#4201=EDGE_CURVE('',#4913,#5077,#6155,.T.);
#4202=EDGE_CURVE('',#5077,#5076,#6156,.T.);
#4203=EDGE_CURVE('',#5076,#5078,#6157,.T.);
#4204=EDGE_CURVE('',#5077,#5079,#6158,.T.);
#4205=EDGE_CURVE('',#5079,#5078,#6159,.T.);
#4206=EDGE_CURVE('',#5078,#4915,#6160,.T.);
#4207=EDGE_CURVE('',#5079,#4912,#6161,.T.);
#4208=EDGE_CURVE('',#5002,#4911,#6162,.T.);
#4209=EDGE_CURVE('',#4997,#4910,#6163,.T.);
#4210=EDGE_CURVE('',#4997,#5002,#6164,.T.);
#4211=EDGE_CURVE('',#4909,#5000,#6165,.T.);
#4212=EDGE_CURVE('',#4998,#5000,#6166,.T.);
#4213=EDGE_CURVE('',#4908,#4998,#6167,.T.);
#4214=EDGE_CURVE('',#5004,#4919,#6168,.T.);
#4215=EDGE_CURVE('',#5005,#4920,#6169,.T.);
#4216=EDGE_CURVE('',#5080,#5081,#6170,.T.);
#4217=EDGE_CURVE('',#5080,#4992,#6171,.T.);
#4218=EDGE_CURVE('',#5081,#4993,#6172,.T.);
#4219=EDGE_CURVE('',#5082,#4995,#6173,.T.);
#4220=EDGE_CURVE('',#5081,#5082,#6174,.T.);
#4221=EDGE_CURVE('',#4994,#5083,#6175,.T.);
#4222=EDGE_CURVE('',#5082,#5083,#6176,.T.);
#4223=EDGE_CURVE('',#5083,#5080,#6177,.T.);
#4224=EDGE_CURVE('',#5084,#4978,#6178,.T.);
#4225=EDGE_CURVE('',#5085,#5084,#6179,.T.);
#4226=EDGE_CURVE('',#5085,#4980,#6180,.T.);
#4227=EDGE_CURVE('',#4979,#5086,#6181,.T.);
#4228=EDGE_CURVE('',#5084,#5086,#6182,.T.);
#4229=EDGE_CURVE('',#5087,#5085,#6183,.T.);
#4230=EDGE_CURVE('',#5087,#4981,#6184,.T.);
#4231=EDGE_CURVE('',#5086,#5087,#6185,.T.);
#4232=EDGE_CURVE('',#4896,#4961,#6186,.T.);
#4233=EDGE_CURVE('',#4897,#4962,#6187,.T.);
#4234=VERTEX_POINT('',#12691);
#4235=VERTEX_POINT('',#12692);
#4236=VERTEX_POINT('',#12694);
#4237=VERTEX_POINT('',#12696);
#4238=VERTEX_POINT('',#12698);
#4239=VERTEX_POINT('',#12700);
#4240=VERTEX_POINT('',#12702);
#4241=VERTEX_POINT('',#12704);
#4242=VERTEX_POINT('',#12706);
#4243=VERTEX_POINT('',#12708);
#4244=VERTEX_POINT('',#12710);
#4245=VERTEX_POINT('',#12712);
#4246=VERTEX_POINT('',#12714);
#4247=VERTEX_POINT('',#12716);
#4248=VERTEX_POINT('',#12718);
#4249=VERTEX_POINT('',#12720);
#4250=VERTEX_POINT('',#12722);
#4251=VERTEX_POINT('',#12724);
#4252=VERTEX_POINT('',#12726);
#4253=VERTEX_POINT('',#12728);
#4254=VERTEX_POINT('',#12732);
#4255=VERTEX_POINT('',#12734);
#4256=VERTEX_POINT('',#12736);
#4257=VERTEX_POINT('',#12738);
#4258=VERTEX_POINT('',#12742);
#4259=VERTEX_POINT('',#12743);
#4260=VERTEX_POINT('',#12745);
#4261=VERTEX_POINT('',#12747);
#4262=VERTEX_POINT('',#12749);
#4263=VERTEX_POINT('',#12751);
#4264=VERTEX_POINT('',#12753);
#4265=VERTEX_POINT('',#12755);
#4266=VERTEX_POINT('',#12757);
#4267=VERTEX_POINT('',#12759);
#4268=VERTEX_POINT('',#12761);
#4269=VERTEX_POINT('',#12763);
#4270=VERTEX_POINT('',#12765);
#4271=VERTEX_POINT('',#12769);
#4272=VERTEX_POINT('',#12770);
#4273=VERTEX_POINT('',#12772);
#4274=VERTEX_POINT('',#12774);
#4275=VERTEX_POINT('',#12776);
#4276=VERTEX_POINT('',#12778);
#4277=VERTEX_POINT('',#12780);
#4278=VERTEX_POINT('',#12782);
#4279=VERTEX_POINT('',#12784);
#4280=VERTEX_POINT('',#12786);
#4281=VERTEX_POINT('',#12788);
#4282=VERTEX_POINT('',#12790);
#4283=VERTEX_POINT('',#12792);
#4284=VERTEX_POINT('',#12796);
#4285=VERTEX_POINT('',#12798);
#4286=VERTEX_POINT('',#12800);
#4287=VERTEX_POINT('',#12802);
#4288=VERTEX_POINT('',#12806);
#4289=VERTEX_POINT('',#12808);
#4290=VERTEX_POINT('',#12812);
#4291=VERTEX_POINT('',#12814);
#4292=VERTEX_POINT('',#12819);
#4293=VERTEX_POINT('',#12821);
#4294=VERTEX_POINT('',#12823);
#4295=VERTEX_POINT('',#12825);
#4296=VERTEX_POINT('',#12829);
#4297=VERTEX_POINT('',#12830);
#4298=VERTEX_POINT('',#12832);
#4299=VERTEX_POINT('',#12834);
#4300=VERTEX_POINT('',#12838);
#4301=VERTEX_POINT('',#12839);
#4302=VERTEX_POINT('',#12842);
#4303=VERTEX_POINT('',#12846);
#4304=VERTEX_POINT('',#12847);
#4305=VERTEX_POINT('',#12849);
#4306=VERTEX_POINT('',#12851);
#4307=VERTEX_POINT('',#12853);
#4308=VERTEX_POINT('',#12855);
#4309=VERTEX_POINT('',#12857);
#4310=VERTEX_POINT('',#12859);
#4311=VERTEX_POINT('',#12861);
#4312=VERTEX_POINT('',#12863);
#4313=VERTEX_POINT('',#12865);
#4314=VERTEX_POINT('',#12867);
#4315=VERTEX_POINT('',#12869);
#4316=VERTEX_POINT('',#12873);
#4317=VERTEX_POINT('',#12874);
#4318=VERTEX_POINT('',#12876);
#4319=VERTEX_POINT('',#12878);
#4320=VERTEX_POINT('',#12880);
#4321=VERTEX_POINT('',#12882);
#4322=VERTEX_POINT('',#12884);
#4323=VERTEX_POINT('',#12886);
#4324=VERTEX_POINT('',#12888);
#4325=VERTEX_POINT('',#12890);
#4326=VERTEX_POINT('',#12892);
#4327=VERTEX_POINT('',#12894);
#4328=VERTEX_POINT('',#12896);
#4329=VERTEX_POINT('',#12900);
#4330=VERTEX_POINT('',#12902);
#4331=VERTEX_POINT('',#12904);
#4332=VERTEX_POINT('',#12906);
#4333=VERTEX_POINT('',#12910);
#4334=VERTEX_POINT('',#12912);
#4335=VERTEX_POINT('',#12916);
#4336=VERTEX_POINT('',#12918);
#4337=VERTEX_POINT('',#12923);
#4338=VERTEX_POINT('',#12925);
#4339=VERTEX_POINT('',#12927);
#4340=VERTEX_POINT('',#12932);
#4341=VERTEX_POINT('',#12934);
#4342=VERTEX_POINT('',#12936);
#4343=VERTEX_POINT('',#12938);
#4344=VERTEX_POINT('',#12939);
#4345=VERTEX_POINT('',#12941);
#4346=VERTEX_POINT('',#12943);
#4347=VERTEX_POINT('',#12946);
#4348=VERTEX_POINT('',#12947);
#4349=VERTEX_POINT('',#12949);
#4350=VERTEX_POINT('',#12951);
#4351=VERTEX_POINT('',#12954);
#4352=VERTEX_POINT('',#12955);
#4353=VERTEX_POINT('',#12957);
#4354=VERTEX_POINT('',#12959);
#4355=VERTEX_POINT('',#12962);
#4356=VERTEX_POINT('',#12963);
#4357=VERTEX_POINT('',#12965);
#4358=VERTEX_POINT('',#12967);
#4359=VERTEX_POINT('',#12971);
#4360=VERTEX_POINT('',#12972);
#4361=VERTEX_POINT('',#12974);
#4362=VERTEX_POINT('',#12976);
#4363=VERTEX_POINT('',#12979);
#4364=VERTEX_POINT('',#12980);
#4365=VERTEX_POINT('',#12982);
#4366=VERTEX_POINT('',#12984);
#4367=VERTEX_POINT('',#12987);
#4368=VERTEX_POINT('',#12988);
#4369=VERTEX_POINT('',#12990);
#4370=VERTEX_POINT('',#12992);
#4371=VERTEX_POINT('',#12995);
#4372=VERTEX_POINT('',#12996);
#4373=VERTEX_POINT('',#12998);
#4374=VERTEX_POINT('',#13000);
#4375=VERTEX_POINT('',#13004);
#4376=VERTEX_POINT('',#13007);
#4377=VERTEX_POINT('',#13009);
#4378=VERTEX_POINT('',#13011);
#4379=VERTEX_POINT('',#13013);
#4380=VERTEX_POINT('',#13015);
#4381=VERTEX_POINT('',#13017);
#4382=VERTEX_POINT('',#13019);
#4383=VERTEX_POINT('',#13021);
#4384=VERTEX_POINT('',#13023);
#4385=VERTEX_POINT('',#13026);
#4386=VERTEX_POINT('',#13027);
#4387=VERTEX_POINT('',#13029);
#4388=VERTEX_POINT('',#13031);
#4389=VERTEX_POINT('',#13034);
#4390=VERTEX_POINT('',#13035);
#4391=VERTEX_POINT('',#13037);
#4392=VERTEX_POINT('',#13039);
#4393=VERTEX_POINT('',#13042);
#4394=VERTEX_POINT('',#13043);
#4395=VERTEX_POINT('',#13045);
#4396=VERTEX_POINT('',#13047);
#4397=VERTEX_POINT('',#13051);
#4398=VERTEX_POINT('',#13053);
#4399=VERTEX_POINT('',#13055);
#4400=VERTEX_POINT('',#13057);
#4401=VERTEX_POINT('',#13061);
#4402=VERTEX_POINT('',#13062);
#4403=VERTEX_POINT('',#13064);
#4404=VERTEX_POINT('',#13066);
#4405=VERTEX_POINT('',#13069);
#4406=VERTEX_POINT('',#13070);
#4407=VERTEX_POINT('',#13072);
#4408=VERTEX_POINT('',#13074);
#4409=VERTEX_POINT('',#13077);
#4410=VERTEX_POINT('',#13078);
#4411=VERTEX_POINT('',#13080);
#4412=VERTEX_POINT('',#13082);
#4413=VERTEX_POINT('',#13086);
#4414=VERTEX_POINT('',#13088);
#4415=VERTEX_POINT('',#13090);
#4416=VERTEX_POINT('',#13092);
#4417=VERTEX_POINT('',#13094);
#4418=VERTEX_POINT('',#13097);
#4419=VERTEX_POINT('',#13100);
#4420=VERTEX_POINT('',#13102);
#4421=VERTEX_POINT('',#13105);
#4422=VERTEX_POINT('',#13106);
#4423=VERTEX_POINT('',#13108);
#4424=VERTEX_POINT('',#13110);
#4425=VERTEX_POINT('',#13112);
#4426=VERTEX_POINT('',#13115);
#4427=VERTEX_POINT('',#13116);
#4428=VERTEX_POINT('',#13118);
#4429=VERTEX_POINT('',#13120);
#4430=VERTEX_POINT('',#13122);
#4431=VERTEX_POINT('',#13125);
#4432=VERTEX_POINT('',#13127);
#4433=VERTEX_POINT('',#13129);
#4434=VERTEX_POINT('',#13131);
#4435=VERTEX_POINT('',#13132);
#4436=VERTEX_POINT('',#13134);
#4437=VERTEX_POINT('',#13137);
#4438=VERTEX_POINT('',#13139);
#4439=VERTEX_POINT('',#13141);
#4440=VERTEX_POINT('',#13143);
#4441=VERTEX_POINT('',#13145);
#4442=VERTEX_POINT('',#13147);
#4443=VERTEX_POINT('',#13149);
#4444=VERTEX_POINT('',#13151);
#4445=VERTEX_POINT('',#13153);
#4446=VERTEX_POINT('',#13155);
#4447=VERTEX_POINT('',#13157);
#4448=VERTEX_POINT('',#13159);
#4449=VERTEX_POINT('',#13161);
#4450=VERTEX_POINT('',#13163);
#4451=VERTEX_POINT('',#13165);
#4452=VERTEX_POINT('',#13167);
#4453=VERTEX_POINT('',#13169);
#4454=VERTEX_POINT('',#13173);
#4455=VERTEX_POINT('',#13174);
#4456=VERTEX_POINT('',#13176);
#4457=VERTEX_POINT('',#13178);
#4458=VERTEX_POINT('',#13180);
#4459=VERTEX_POINT('',#13182);
#4460=VERTEX_POINT('',#13184);
#4461=VERTEX_POINT('',#13188);
#4462=VERTEX_POINT('',#13193);
#4463=VERTEX_POINT('',#13195);
#4464=VERTEX_POINT('',#13197);
#4465=VERTEX_POINT('',#13199);
#4466=VERTEX_POINT('',#13201);
#4467=VERTEX_POINT('',#13203);
#4468=VERTEX_POINT('',#13205);
#4469=VERTEX_POINT('',#13207);
#4470=VERTEX_POINT('',#13209);
#4471=VERTEX_POINT('',#13211);
#4472=VERTEX_POINT('',#13213);
#4473=VERTEX_POINT('',#13215);
#4474=VERTEX_POINT('',#13218);
#4475=VERTEX_POINT('',#13222);
#4476=VERTEX_POINT('',#13223);
#4477=VERTEX_POINT('',#13225);
#4478=VERTEX_POINT('',#13227);
#4479=VERTEX_POINT('',#13231);
#4480=VERTEX_POINT('',#13232);
#4481=VERTEX_POINT('',#13234);
#4482=VERTEX_POINT('',#13236);
#4483=VERTEX_POINT('',#13240);
#4484=VERTEX_POINT('',#13241);
#4485=VERTEX_POINT('',#13246);
#4486=VERTEX_POINT('',#13247);
#4487=VERTEX_POINT('',#13252);
#4488=VERTEX_POINT('',#13256);
#4489=VERTEX_POINT('',#13258);
#4490=VERTEX_POINT('',#13262);
#4491=VERTEX_POINT('',#13264);
#4492=VERTEX_POINT('',#13268);
#4493=VERTEX_POINT('',#13270);
#4494=VERTEX_POINT('',#13272);
#4495=VERTEX_POINT('',#13274);
#4496=VERTEX_POINT('',#13277);
#4497=VERTEX_POINT('',#13280);
#4498=VERTEX_POINT('',#13282);
#4499=VERTEX_POINT('',#13286);
#4500=VERTEX_POINT('',#13290);
#4501=VERTEX_POINT('',#13292);
#4502=VERTEX_POINT('',#13295);
#4503=VERTEX_POINT('',#13297);
#4504=VERTEX_POINT('',#13300);
#4505=VERTEX_POINT('',#13302);
#4506=VERTEX_POINT('',#13304);
#4507=VERTEX_POINT('',#13306);
#4508=VERTEX_POINT('',#13309);
#4509=VERTEX_POINT('',#13313);
#4510=VERTEX_POINT('',#13315);
#4511=VERTEX_POINT('',#13319);
#4512=VERTEX_POINT('',#13320);
#4513=VERTEX_POINT('',#13322);
#4514=VERTEX_POINT('',#13324);
#4515=VERTEX_POINT('',#13328);
#4516=VERTEX_POINT('',#13329);
#4517=VERTEX_POINT('',#13334);
#4518=VERTEX_POINT('',#13338);
#4519=VERTEX_POINT('',#13342);
#4520=VERTEX_POINT('',#13344);
#4521=VERTEX_POINT('',#13348);
#4522=VERTEX_POINT('',#13350);
#4523=VERTEX_POINT('',#13352);
#4524=VERTEX_POINT('',#13354);
#4525=VERTEX_POINT('',#13356);
#4526=VERTEX_POINT('',#13358);
#4527=VERTEX_POINT('',#13361);
#4528=VERTEX_POINT('',#13364);
#4529=VERTEX_POINT('',#13366);
#4530=VERTEX_POINT('',#13369);
#4531=VERTEX_POINT('',#13372);
#4532=VERTEX_POINT('',#13376);
#4533=VERTEX_POINT('',#13384);
#4534=VERTEX_POINT('',#13386);
#4535=VERTEX_POINT('',#13387);
#4536=VERTEX_POINT('',#13389);
#4537=VERTEX_POINT('',#13392);
#4538=VERTEX_POINT('',#13394);
#4539=VERTEX_POINT('',#13397);
#4540=VERTEX_POINT('',#13399);
#4541=VERTEX_POINT('',#13401);
#4542=VERTEX_POINT('',#13403);
#4543=VERTEX_POINT('',#13405);
#4544=VERTEX_POINT('',#13407);
#4545=VERTEX_POINT('',#13409);
#4546=VERTEX_POINT('',#13413);
#4547=VERTEX_POINT('',#13416);
#4548=VERTEX_POINT('',#13419);
#4549=VERTEX_POINT('',#13421);
#4550=VERTEX_POINT('',#13424);
#4551=VERTEX_POINT('',#13426);
#4552=VERTEX_POINT('',#13431);
#4553=VERTEX_POINT('',#13433);
#4554=VERTEX_POINT('',#13437);
#4555=VERTEX_POINT('',#13438);
#4556=VERTEX_POINT('',#13440);
#4557=VERTEX_POINT('',#13442);
#4558=VERTEX_POINT('',#13446);
#4559=VERTEX_POINT('',#13447);
#4560=VERTEX_POINT('',#13452);
#4561=VERTEX_POINT('',#13456);
#4562=VERTEX_POINT('',#13460);
#4563=VERTEX_POINT('',#13462);
#4564=VERTEX_POINT('',#13473);
#4565=VERTEX_POINT('',#13474);
#4566=VERTEX_POINT('',#13476);
#4567=VERTEX_POINT('',#13478);
#4568=VERTEX_POINT('',#13481);
#4569=VERTEX_POINT('',#13490);
#4570=VERTEX_POINT('',#13498);
#4571=VERTEX_POINT('',#13500);
#4572=VERTEX_POINT('',#13524);
#4573=VERTEX_POINT('',#13527);
#4574=VERTEX_POINT('',#13531);
#4575=VERTEX_POINT('',#13537);
#4576=VERTEX_POINT('',#13541);
#4577=VERTEX_POINT('',#13549);
#4578=VERTEX_POINT('',#13553);
#4579=VERTEX_POINT('',#13556);
#4580=VERTEX_POINT('',#13560);
#4581=VERTEX_POINT('',#13564);
#4582=VERTEX_POINT('',#13570);
#4583=VERTEX_POINT('',#13572);
#4584=VERTEX_POINT('',#13576);
#4585=VERTEX_POINT('',#13578);
#4586=VERTEX_POINT('',#13583);
#4587=VERTEX_POINT('',#13592);
#4588=VERTEX_POINT('',#13594);
#4589=VERTEX_POINT('',#13598);
#4590=VERTEX_POINT('',#13600);
#4591=VERTEX_POINT('',#13604);
#4592=VERTEX_POINT('',#13606);
#4593=VERTEX_POINT('',#13610);
#4594=VERTEX_POINT('',#13612);
#4595=VERTEX_POINT('',#13616);
#4596=VERTEX_POINT('',#13618);
#4597=VERTEX_POINT('',#13620);
#4598=VERTEX_POINT('',#13622);
#4599=VERTEX_POINT('',#13626);
#4600=VERTEX_POINT('',#13628);
#4601=VERTEX_POINT('',#13630);
#4602=VERTEX_POINT('',#13632);
#4603=VERTEX_POINT('',#13675);
#4604=VERTEX_POINT('',#13678);
#4605=VERTEX_POINT('',#13682);
#4606=VERTEX_POINT('',#13688);
#4607=VERTEX_POINT('',#13692);
#4608=VERTEX_POINT('',#13700);
#4609=VERTEX_POINT('',#13704);
#4610=VERTEX_POINT('',#13708);
#4611=VERTEX_POINT('',#13715);
#4612=VERTEX_POINT('',#13719);
#4613=VERTEX_POINT('',#13766);
#4614=VERTEX_POINT('',#13769);
#4615=VERTEX_POINT('',#13773);
#4616=VERTEX_POINT('',#13779);
#4617=VERTEX_POINT('',#13783);
#4618=VERTEX_POINT('',#13791);
#4619=VERTEX_POINT('',#13795);
#4620=VERTEX_POINT('',#13799);
#4621=VERTEX_POINT('',#13805);
#4622=VERTEX_POINT('',#13807);
#4623=VERTEX_POINT('',#13811);
#4624=VERTEX_POINT('',#13842);
#4625=VERTEX_POINT('',#13858);
#4626=VERTEX_POINT('',#13860);
#4627=VERTEX_POINT('',#13864);
#4628=VERTEX_POINT('',#13865);
#4629=VERTEX_POINT('',#13867);
#4630=VERTEX_POINT('',#13869);
#4631=VERTEX_POINT('',#13873);
#4632=VERTEX_POINT('',#13874);
#4633=VERTEX_POINT('',#13876);
#4634=VERTEX_POINT('',#13878);
#4635=VERTEX_POINT('',#13882);
#4636=VERTEX_POINT('',#13883);
#4637=VERTEX_POINT('',#13885);
#4638=VERTEX_POINT('',#13887);
#4639=VERTEX_POINT('',#13891);
#4640=VERTEX_POINT('',#13892);
#4641=VERTEX_POINT('',#13894);
#4642=VERTEX_POINT('',#13896);
#4643=VERTEX_POINT('',#13900);
#4644=VERTEX_POINT('',#13901);
#4645=VERTEX_POINT('',#13903);
#4646=VERTEX_POINT('',#13905);
#4647=VERTEX_POINT('',#13929);
#4648=VERTEX_POINT('',#13931);
#4649=VERTEX_POINT('',#13935);
#4650=VERTEX_POINT('',#13939);
#4651=VERTEX_POINT('',#13943);
#4652=VERTEX_POINT('',#13951);
#4653=VERTEX_POINT('',#13962);
#4654=VERTEX_POINT('',#13964);
#4655=VERTEX_POINT('',#13968);
#4656=VERTEX_POINT('',#13972);
#4657=VERTEX_POINT('',#13976);
#4658=VERTEX_POINT('',#13988);
#4659=VERTEX_POINT('',#13990);
#4660=VERTEX_POINT('',#13994);
#4661=VERTEX_POINT('',#13995);
#4662=VERTEX_POINT('',#13997);
#4663=VERTEX_POINT('',#13999);
#4664=VERTEX_POINT('',#14003);
#4665=VERTEX_POINT('',#14004);
#4666=VERTEX_POINT('',#14006);
#4667=VERTEX_POINT('',#14008);
#4668=VERTEX_POINT('',#14012);
#4669=VERTEX_POINT('',#14013);
#4670=VERTEX_POINT('',#14015);
#4671=VERTEX_POINT('',#14017);
#4672=VERTEX_POINT('',#14021);
#4673=VERTEX_POINT('',#14022);
#4674=VERTEX_POINT('',#14024);
#4675=VERTEX_POINT('',#14026);
#4676=VERTEX_POINT('',#14030);
#4677=VERTEX_POINT('',#14031);
#4678=VERTEX_POINT('',#14033);
#4679=VERTEX_POINT('',#14035);
#4680=VERTEX_POINT('',#14060);
#4681=VERTEX_POINT('',#14061);
#4682=VERTEX_POINT('',#14063);
#4683=VERTEX_POINT('',#14065);
#4684=VERTEX_POINT('',#14068);
#4685=VERTEX_POINT('',#14071);
#4686=VERTEX_POINT('',#14072);
#4687=VERTEX_POINT('',#14074);
#4688=VERTEX_POINT('',#14076);
#4689=VERTEX_POINT('',#14078);
#4690=VERTEX_POINT('',#14080);
#4691=VERTEX_POINT('',#14082);
#4692=VERTEX_POINT('',#14084);
#4693=VERTEX_POINT('',#14088);
#4694=VERTEX_POINT('',#14090);
#4695=VERTEX_POINT('',#14094);
#4696=VERTEX_POINT('',#14095);
#4697=VERTEX_POINT('',#14100);
#4698=VERTEX_POINT('',#14102);
#4699=VERTEX_POINT('',#14105);
#4700=VERTEX_POINT('',#14107);
#4701=VERTEX_POINT('',#14111);
#4702=VERTEX_POINT('',#14113);
#4703=VERTEX_POINT('',#14118);
#4704=VERTEX_POINT('',#14120);
#4705=VERTEX_POINT('',#14137);
#4706=VERTEX_POINT('',#14138);
#4707=VERTEX_POINT('',#14140);
#4708=VERTEX_POINT('',#14142);
#4709=VERTEX_POINT('',#14144);
#4710=VERTEX_POINT('',#14146);
#4711=VERTEX_POINT('',#14150);
#4712=VERTEX_POINT('',#14152);
#4713=VERTEX_POINT('',#14156);
#4714=VERTEX_POINT('',#14158);
#4715=VERTEX_POINT('',#14162);
#4716=VERTEX_POINT('',#14164);
#4717=VERTEX_POINT('',#14168);
#4718=VERTEX_POINT('',#14169);
#4719=VERTEX_POINT('',#14171);
#4720=VERTEX_POINT('',#14173);
#4721=VERTEX_POINT('',#14175);
#4722=VERTEX_POINT('',#14177);
#4723=VERTEX_POINT('',#14181);
#4724=VERTEX_POINT('',#14183);
#4725=VERTEX_POINT('',#14187);
#4726=VERTEX_POINT('',#14189);
#4727=VERTEX_POINT('',#14193);
#4728=VERTEX_POINT('',#14195);
#4729=VERTEX_POINT('',#14199);
#4730=VERTEX_POINT('',#14200);
#4731=VERTEX_POINT('',#14202);
#4732=VERTEX_POINT('',#14204);
#4733=VERTEX_POINT('',#14208);
#4734=VERTEX_POINT('',#14210);
#4735=VERTEX_POINT('',#14214);
#4736=VERTEX_POINT('',#14215);
#4737=VERTEX_POINT('',#14217);
#4738=VERTEX_POINT('',#14219);
#4739=VERTEX_POINT('',#14223);
#4740=VERTEX_POINT('',#14225);
#4741=VERTEX_POINT('',#14229);
#4742=VERTEX_POINT('',#14231);
#4743=VERTEX_POINT('',#14235);
#4744=VERTEX_POINT('',#14237);
#4745=VERTEX_POINT('',#14239);
#4746=VERTEX_POINT('',#14241);
#4747=VERTEX_POINT('',#14245);
#4748=VERTEX_POINT('',#14246);
#4749=VERTEX_POINT('',#14248);
#4750=VERTEX_POINT('',#14250);
#4751=VERTEX_POINT('',#14254);
#4752=VERTEX_POINT('',#14256);
#4753=VERTEX_POINT('',#14260);
#4754=VERTEX_POINT('',#14262);
#4755=VERTEX_POINT('',#14266);
#4756=VERTEX_POINT('',#14268);
#4757=VERTEX_POINT('',#14270);
#4758=VERTEX_POINT('',#14272);
#4759=VERTEX_POINT('',#14276);
#4760=VERTEX_POINT('',#14278);
#4761=VERTEX_POINT('',#14280);
#4762=VERTEX_POINT('',#14282);
#4763=VERTEX_POINT('',#14284);
#4764=VERTEX_POINT('',#14286);
#4765=VERTEX_POINT('',#14288);
#4766=VERTEX_POINT('',#14290);
#4767=VERTEX_POINT('',#14295);
#4768=VERTEX_POINT('',#14296);
#4769=VERTEX_POINT('',#14300);
#4770=VERTEX_POINT('',#14302);
#4771=VERTEX_POINT('',#14304);
#4772=VERTEX_POINT('',#14306);
#4773=VERTEX_POINT('',#14308);
#4774=VERTEX_POINT('',#14310);
#4775=VERTEX_POINT('',#14314);
#4776=VERTEX_POINT('',#14315);
#4777=VERTEX_POINT('',#14319);
#4778=VERTEX_POINT('',#14321);
#4779=VERTEX_POINT('',#14323);
#4780=VERTEX_POINT('',#14325);
#4781=VERTEX_POINT('',#14332);
#4782=VERTEX_POINT('',#14334);
#4783=VERTEX_POINT('',#14338);
#4784=VERTEX_POINT('',#14339);
#4785=VERTEX_POINT('',#14341);
#4786=VERTEX_POINT('',#14343);
#4787=VERTEX_POINT('',#14345);
#4788=VERTEX_POINT('',#14347);
#4789=VERTEX_POINT('',#14349);
#4790=VERTEX_POINT('',#14351);
#4791=VERTEX_POINT('',#14353);
#4792=VERTEX_POINT('',#14355);
#4793=VERTEX_POINT('',#14357);
#4794=VERTEX_POINT('',#14359);
#4795=VERTEX_POINT('',#14362);
#4796=VERTEX_POINT('',#14364);
#4797=VERTEX_POINT('',#14366);
#4798=VERTEX_POINT('',#14368);
#4799=VERTEX_POINT('',#14370);
#4800=VERTEX_POINT('',#14372);
#4801=VERTEX_POINT('',#14374);
#4802=VERTEX_POINT('',#14376);
#4803=VERTEX_POINT('',#14380);
#4804=VERTEX_POINT('',#14381);
#4805=VERTEX_POINT('',#14383);
#4806=VERTEX_POINT('',#14385);
#4807=VERTEX_POINT('',#14389);
#4808=VERTEX_POINT('',#14390);
#4809=VERTEX_POINT('',#14392);
#4810=VERTEX_POINT('',#14394);
#4811=VERTEX_POINT('',#14396);
#4812=VERTEX_POINT('',#14398);
#4813=VERTEX_POINT('',#14400);
#4814=VERTEX_POINT('',#14402);
#4815=VERTEX_POINT('',#14404);
#4816=VERTEX_POINT('',#14406);
#4817=VERTEX_POINT('',#14408);
#4818=VERTEX_POINT('',#14410);
#4819=VERTEX_POINT('',#14412);
#4820=VERTEX_POINT('',#14414);
#4821=VERTEX_POINT('',#14416);
#4822=VERTEX_POINT('',#14418);
#4823=VERTEX_POINT('',#14420);
#4824=VERTEX_POINT('',#14422);
#4825=VERTEX_POINT('',#14424);
#4826=VERTEX_POINT('',#14426);
#4827=VERTEX_POINT('',#14428);
#4828=VERTEX_POINT('',#14430);
#4829=VERTEX_POINT('',#14437);
#4830=VERTEX_POINT('',#14438);
#4831=VERTEX_POINT('',#14440);
#4832=VERTEX_POINT('',#14442);
#4833=VERTEX_POINT('',#14481);
#4834=VERTEX_POINT('',#14483);
#4835=VERTEX_POINT('',#14488);
#4836=VERTEX_POINT('',#14490);
#4837=VERTEX_POINT('',#14527);
#4838=VERTEX_POINT('',#14528);
#4839=VERTEX_POINT('',#14530);
#4840=VERTEX_POINT('',#14532);
#4841=VERTEX_POINT('',#14534);
#4842=VERTEX_POINT('',#14536);
#4843=VERTEX_POINT('',#14540);
#4844=VERTEX_POINT('',#14541);
#4845=VERTEX_POINT('',#14543);
#4846=VERTEX_POINT('',#14545);
#4847=VERTEX_POINT('',#14549);
#4848=VERTEX_POINT('',#14550);
#4849=VERTEX_POINT('',#14552);
#4850=VERTEX_POINT('',#14554);
#4851=VERTEX_POINT('',#14556);
#4852=VERTEX_POINT('',#14558);
#4853=VERTEX_POINT('',#14562);
#4854=VERTEX_POINT('',#14572);
#4855=VERTEX_POINT('',#14582);
#4856=VERTEX_POINT('',#14585);
#4857=VERTEX_POINT('',#14608);
#4858=VERTEX_POINT('',#14609);
#4859=VERTEX_POINT('',#14611);
#4860=VERTEX_POINT('',#14613);
#4861=VERTEX_POINT('',#14615);
#4862=VERTEX_POINT('',#14617);
#4863=VERTEX_POINT('',#14621);
#4864=VERTEX_POINT('',#14622);
#4865=VERTEX_POINT('',#14624);
#4866=VERTEX_POINT('',#14626);
#4867=VERTEX_POINT('',#14628);
#4868=VERTEX_POINT('',#14630);
#4869=VERTEX_POINT('',#14634);
#4870=VERTEX_POINT('',#14635);
#4871=VERTEX_POINT('',#14637);
#4872=VERTEX_POINT('',#14639);
#4873=VERTEX_POINT('',#14650);
#4874=VERTEX_POINT('',#14653);
#4875=VERTEX_POINT('',#14664);
#4876=VERTEX_POINT('',#14673);
#4877=VERTEX_POINT('',#14692);
#4878=VERTEX_POINT('',#14694);
#4879=VERTEX_POINT('',#14695);
#4880=VERTEX_POINT('',#14697);
#4881=VERTEX_POINT('',#14699);
#4882=VERTEX_POINT('',#14701);
#4883=VERTEX_POINT('',#14703);
#4884=VERTEX_POINT('',#14705);
#4885=VERTEX_POINT('',#14707);
#4886=VERTEX_POINT('',#14711);
#4887=VERTEX_POINT('',#14712);
#4888=VERTEX_POINT('',#14716);
#4889=VERTEX_POINT('',#14717);
#4890=VERTEX_POINT('',#14739);
#4891=VERTEX_POINT('',#14741);
#4892=VERTEX_POINT('',#14744);
#4893=VERTEX_POINT('',#14753);
#4894=VERTEX_POINT('',#14755);
#4895=VERTEX_POINT('',#14758);
#4896=VERTEX_POINT('',#14767);
#4897=VERTEX_POINT('',#14768);
#4898=VERTEX_POINT('',#14770);
#4899=VERTEX_POINT('',#14772);
#4900=VERTEX_POINT('',#14774);
#4901=VERTEX_POINT('',#14776);
#4902=VERTEX_POINT('',#14778);
#4903=VERTEX_POINT('',#14780);
#4904=VERTEX_POINT('',#14784);
#4905=VERTEX_POINT('',#14786);
#4906=VERTEX_POINT('',#14790);
#4907=VERTEX_POINT('',#14791);
#4908=VERTEX_POINT('',#14796);
#4909=VERTEX_POINT('',#14797);
#4910=VERTEX_POINT('',#14799);
#4911=VERTEX_POINT('',#14801);
#4912=VERTEX_POINT('',#14804);
#4913=VERTEX_POINT('',#14805);
#4914=VERTEX_POINT('',#14807);
#4915=VERTEX_POINT('',#14809);
#4916=VERTEX_POINT('',#14812);
#4917=VERTEX_POINT('',#14813);
#4918=VERTEX_POINT('',#14815);
#4919=VERTEX_POINT('',#14817);
#4920=VERTEX_POINT('',#14819);
#4921=VERTEX_POINT('',#14821);
#4922=VERTEX_POINT('',#14823);
#4923=VERTEX_POINT('',#14825);
#4924=VERTEX_POINT('',#14828);
#4925=VERTEX_POINT('',#14829);
#4926=VERTEX_POINT('',#14831);
#4927=VERTEX_POINT('',#14833);
#4928=VERTEX_POINT('',#14835);
#4929=VERTEX_POINT('',#14837);
#4930=VERTEX_POINT('',#14839);
#4931=VERTEX_POINT('',#14841);
#4932=VERTEX_POINT('',#14843);
#4933=VERTEX_POINT('',#14845);
#4934=VERTEX_POINT('',#14847);
#4935=VERTEX_POINT('',#14849);
#4936=VERTEX_POINT('',#14852);
#4937=VERTEX_POINT('',#14853);
#4938=VERTEX_POINT('',#14855);
#4939=VERTEX_POINT('',#14857);
#4940=VERTEX_POINT('',#14860);
#4941=VERTEX_POINT('',#14861);
#4942=VERTEX_POINT('',#14863);
#4943=VERTEX_POINT('',#14865);
#4944=VERTEX_POINT('',#14868);
#4945=VERTEX_POINT('',#14869);
#4946=VERTEX_POINT('',#14871);
#4947=VERTEX_POINT('',#14873);
#4948=VERTEX_POINT('',#14875);
#4949=VERTEX_POINT('',#14877);
#4950=VERTEX_POINT('',#14879);
#4951=VERTEX_POINT('',#14881);
#4952=VERTEX_POINT('',#14884);
#4953=VERTEX_POINT('',#14885);
#4954=VERTEX_POINT('',#14887);
#4955=VERTEX_POINT('',#14889);
#4956=VERTEX_POINT('',#14892);
#4957=VERTEX_POINT('',#14893);
#4958=VERTEX_POINT('',#14895);
#4959=VERTEX_POINT('',#14897);
#4960=VERTEX_POINT('',#14900);
#4961=VERTEX_POINT('',#14902);
#4962=VERTEX_POINT('',#14904);
#4963=VERTEX_POINT('',#14907);
#4964=VERTEX_POINT('',#14911);
#4965=VERTEX_POINT('',#14912);
#4966=VERTEX_POINT('',#14914);
#4967=VERTEX_POINT('',#14916);
#4968=VERTEX_POINT('',#14919);
#4969=VERTEX_POINT('',#14920);
#4970=VERTEX_POINT('',#14922);
#4971=VERTEX_POINT('',#14924);
#4972=VERTEX_POINT('',#14927);
#4973=VERTEX_POINT('',#14929);
#4974=VERTEX_POINT('',#14932);
#4975=VERTEX_POINT('',#14934);
#4976=VERTEX_POINT('',#14937);
#4977=VERTEX_POINT('',#14939);
#4978=VERTEX_POINT('',#14942);
#4979=VERTEX_POINT('',#14943);
#4980=VERTEX_POINT('',#14945);
#4981=VERTEX_POINT('',#14947);
#4982=VERTEX_POINT('',#14951);
#4983=VERTEX_POINT('',#14952);
#4984=VERTEX_POINT('',#14954);
#4985=VERTEX_POINT('',#14956);
#4986=VERTEX_POINT('',#14959);
#4987=VERTEX_POINT('',#14961);
#4988=VERTEX_POINT('',#14964);
#4989=VERTEX_POINT('',#14965);
#4990=VERTEX_POINT('',#14967);
#4991=VERTEX_POINT('',#14969);
#4992=VERTEX_POINT('',#14972);
#4993=VERTEX_POINT('',#14973);
#4994=VERTEX_POINT('',#14975);
#4995=VERTEX_POINT('',#14977);
#4996=VERTEX_POINT('',#14981);
#4997=VERTEX_POINT('',#14982);
#4998=VERTEX_POINT('',#14984);
#4999=VERTEX_POINT('',#14986);
#5000=VERTEX_POINT('',#14990);
#5001=VERTEX_POINT('',#14991);
#5002=VERTEX_POINT('',#14993);
#5003=VERTEX_POINT('',#14995);
#5004=VERTEX_POINT('',#14999);
#5005=VERTEX_POINT('',#15000);
#5006=VERTEX_POINT('',#15002);
#5007=VERTEX_POINT('',#15004);
#5008=VERTEX_POINT('',#15006);
#5009=VERTEX_POINT('',#15008);
#5010=VERTEX_POINT('',#15010);
#5011=VERTEX_POINT('',#15012);
#5012=VERTEX_POINT('',#15022);
#5013=VERTEX_POINT('',#15023);
#5014=VERTEX_POINT('',#15025);
#5015=VERTEX_POINT('',#15027);
#5016=VERTEX_POINT('',#15030);
#5017=VERTEX_POINT('',#15032);
#5018=VERTEX_POINT('',#15035);
#5019=VERTEX_POINT('',#15036);
#5020=VERTEX_POINT('',#15038);
#5021=VERTEX_POINT('',#15040);
#5022=VERTEX_POINT('',#15046);
#5023=VERTEX_POINT('',#15048);
#5024=VERTEX_POINT('',#15052);
#5025=VERTEX_POINT('',#15054);
#5026=VERTEX_POINT('',#15058);
#5027=VERTEX_POINT('',#15060);
#5028=VERTEX_POINT('',#15064);
#5029=VERTEX_POINT('',#15066);
#5030=VERTEX_POINT('',#15070);
#5031=VERTEX_POINT('',#15071);
#5032=VERTEX_POINT('',#15073);
#5033=VERTEX_POINT('',#15075);
#5034=VERTEX_POINT('',#15077);
#5035=VERTEX_POINT('',#15079);
#5036=VERTEX_POINT('',#15081);
#5037=VERTEX_POINT('',#15083);
#5038=VERTEX_POINT('',#15098);
#5039=VERTEX_POINT('',#15100);
#5040=VERTEX_POINT('',#15104);
#5041=VERTEX_POINT('',#15106);
#5042=VERTEX_POINT('',#15115);
#5043=VERTEX_POINT('',#15117);
#5044=VERTEX_POINT('',#15126);
#5045=VERTEX_POINT('',#15128);
#5046=VERTEX_POINT('',#15132);
#5047=VERTEX_POINT('',#15134);
#5048=VERTEX_POINT('',#15160);
#5049=VERTEX_POINT('',#15162);
#5050=VERTEX_POINT('',#15166);
#5051=VERTEX_POINT('',#15167);
#5052=VERTEX_POINT('',#15176);
#5053=VERTEX_POINT('',#15177);
#5054=VERTEX_POINT('',#15182);
#5055=VERTEX_POINT('',#15186);
#5056=VERTEX_POINT('',#15194);
#5057=VERTEX_POINT('',#15196);
#5058=VERTEX_POINT('',#15205);
#5059=VERTEX_POINT('',#15207);
#5060=VERTEX_POINT('',#15211);
#5061=VERTEX_POINT('',#15213);
#5062=VERTEX_POINT('',#15234);
#5063=VERTEX_POINT('',#15236);
#5064=VERTEX_POINT('',#15240);
#5065=VERTEX_POINT('',#15241);
#5066=VERTEX_POINT('',#15250);
#5067=VERTEX_POINT('',#15251);
#5068=VERTEX_POINT('',#15256);
#5069=VERTEX_POINT('',#15260);
#5070=VERTEX_POINT('',#15266);
#5071=VERTEX_POINT('',#15268);
#5072=VERTEX_POINT('',#15272);
#5073=VERTEX_POINT('',#15274);
#5074=VERTEX_POINT('',#15283);
#5075=VERTEX_POINT('',#15285);
#5076=VERTEX_POINT('',#15294);
#5077=VERTEX_POINT('',#15296);
#5078=VERTEX_POINT('',#15300);
#5079=VERTEX_POINT('',#15302);
#5080=VERTEX_POINT('',#15328);
#5081=VERTEX_POINT('',#15329);
#5082=VERTEX_POINT('',#15334);
#5083=VERTEX_POINT('',#15338);
#5084=VERTEX_POINT('',#15344);
#5085=VERTEX_POINT('',#15346);
#5086=VERTEX_POINT('',#15350);
#5087=VERTEX_POINT('',#15354);
#5088=LINE('',#12690,#6188);
#5089=LINE('',#12693,#6189);
#5090=LINE('',#12695,#6190);
#5091=LINE('',#12697,#6191);
#5092=LINE('',#12699,#6192);
#5093=LINE('',#12701,#6193);
#5094=LINE('',#12703,#6194);
#5095=LINE('',#12705,#6195);
#5096=LINE('',#12707,#6196);
#5097=LINE('',#12709,#6197);
#5098=LINE('',#12711,#6198);
#5099=LINE('',#12713,#6199);
#5100=LINE('',#12715,#6200);
#5101=LINE('',#12717,#6201);
#5102=LINE('',#12719,#6202);
#5103=LINE('',#12721,#6203);
#5104=LINE('',#12723,#6204);
#5105=LINE('',#12725,#6205);
#5106=LINE('',#12727,#6206);
#5107=LINE('',#12729,#6207);
#5108=LINE('',#12731,#6208);
#5109=LINE('',#12733,#6209);
#5110=LINE('',#12735,#6210);
#5111=LINE('',#12737,#6211);
#5112=LINE('',#12739,#6212);
#5113=LINE('',#12741,#6213);
#5114=LINE('',#12744,#6214);
#5115=LINE('',#12746,#6215);
#5116=LINE('',#12748,#6216);
#5117=LINE('',#12750,#6217);
#5118=LINE('',#12752,#6218);
#5119=LINE('',#12754,#6219);
#5120=LINE('',#12756,#6220);
#5121=LINE('',#12758,#6221);
#5122=LINE('',#12760,#6222);
#5123=LINE('',#12762,#6223);
#5124=LINE('',#12764,#6224);
#5125=LINE('',#12766,#6225);
#5126=LINE('',#12768,#6226);
#5127=LINE('',#12771,#6227);
#5128=LINE('',#12773,#6228);
#5129=LINE('',#12775,#6229);
#5130=LINE('',#12777,#6230);
#5131=LINE('',#12779,#6231);
#5132=LINE('',#12781,#6232);
#5133=LINE('',#12783,#6233);
#5134=LINE('',#12785,#6234);
#5135=LINE('',#12787,#6235);
#5136=LINE('',#12789,#6236);
#5137=LINE('',#12791,#6237);
#5138=LINE('',#12793,#6238);
#5139=LINE('',#12795,#6239);
#5140=LINE('',#12797,#6240);
#5141=LINE('',#12799,#6241);
#5142=LINE('',#12801,#6242);
#5143=LINE('',#12803,#6243);
#5144=LINE('',#12805,#6244);
#5145=LINE('',#12807,#6245);
#5146=LINE('',#12809,#6246);
#5147=LINE('',#12811,#6247);
#5148=LINE('',#12813,#6248);
#5149=LINE('',#12815,#6249);
#5150=LINE('',#12816,#6250);
#5151=LINE('',#12820,#6251);
#5152=LINE('',#12824,#6252);
#5153=LINE('',#12828,#6253);
#5154=LINE('',#12831,#6254);
#5155=LINE('',#12833,#6255);
#5156=LINE('',#12835,#6256);
#5157=LINE('',#12837,#6257);
#5158=LINE('',#12840,#6258);
#5159=LINE('',#12841,#6259);
#5160=LINE('',#12843,#6260);
#5161=LINE('',#12845,#6261);
#5162=LINE('',#12848,#6262);
#5163=LINE('',#12850,#6263);
#5164=LINE('',#12852,#6264);
#5165=LINE('',#12854,#6265);
#5166=LINE('',#12856,#6266);
#5167=LINE('',#12858,#6267);
#5168=LINE('',#12860,#6268);
#5169=LINE('',#12862,#6269);
#5170=LINE('',#12864,#6270);
#5171=LINE('',#12866,#6271);
#5172=LINE('',#12868,#6272);
#5173=LINE('',#12870,#6273);
#5174=LINE('',#12872,#6274);
#5175=LINE('',#12875,#6275);
#5176=LINE('',#12877,#6276);
#5177=LINE('',#12879,#6277);
#5178=LINE('',#12881,#6278);
#5179=LINE('',#12883,#6279);
#5180=LINE('',#12885,#6280);
#5181=LINE('',#12887,#6281);
#5182=LINE('',#12889,#6282);
#5183=LINE('',#12891,#6283);
#5184=LINE('',#12893,#6284);
#5185=LINE('',#12895,#6285);
#5186=LINE('',#12897,#6286);
#5187=LINE('',#12899,#6287);
#5188=LINE('',#12901,#6288);
#5189=LINE('',#12903,#6289);
#5190=LINE('',#12905,#6290);
#5191=LINE('',#12907,#6291);
#5192=LINE('',#12909,#6292);
#5193=LINE('',#12911,#6293);
#5194=LINE('',#12913,#6294);
#5195=LINE('',#12915,#6295);
#5196=LINE('',#12917,#6296);
#5197=LINE('',#12919,#6297);
#5198=LINE('',#12920,#6298);
#5199=LINE('',#12924,#6299);
#5200=LINE('',#12928,#6300);
#5201=LINE('',#12937,#6301);
#5202=LINE('',#12940,#6302);
#5203=LINE('',#12942,#6303);
#5204=LINE('',#12944,#6304);
#5205=LINE('',#12945,#6305);
#5206=LINE('',#12948,#6306);
#5207=LINE('',#12950,#6307);
#5208=LINE('',#12952,#6308);
#5209=LINE('',#12953,#6309);
#5210=LINE('',#12956,#6310);
#5211=LINE('',#12958,#6311);
#5212=LINE('',#12960,#6312);
#5213=LINE('',#12961,#6313);
#5214=LINE('',#12964,#6314);
#5215=LINE('',#12966,#6315);
#5216=LINE('',#12968,#6316);
#5217=LINE('',#12970,#6317);
#5218=LINE('',#12973,#6318);
#5219=LINE('',#12975,#6319);
#5220=LINE('',#12977,#6320);
#5221=LINE('',#12978,#6321);
#5222=LINE('',#12981,#6322);
#5223=LINE('',#12983,#6323);
#5224=LINE('',#12985,#6324);
#5225=LINE('',#12986,#6325);
#5226=LINE('',#12989,#6326);
#5227=LINE('',#12991,#6327);
#5228=LINE('',#12993,#6328);
#5229=LINE('',#12994,#6329);
#5230=LINE('',#12997,#6330);
#5231=LINE('',#12999,#6331);
#5232=LINE('',#13001,#6332);
#5233=LINE('',#13003,#6333);
#5234=LINE('',#13005,#6334);
#5235=LINE('',#13006,#6335);
#5236=LINE('',#13008,#6336);
#5237=LINE('',#13012,#6337);
#5238=LINE('',#13014,#6338);
#5239=LINE('',#13016,#6339);
#5240=LINE('',#13018,#6340);
#5241=LINE('',#13020,#6341);
#5242=LINE('',#13022,#6342);
#5243=LINE('',#13024,#6343);
#5244=LINE('',#13025,#6344);
#5245=LINE('',#13028,#6345);
#5246=LINE('',#13030,#6346);
#5247=LINE('',#13032,#6347);
#5248=LINE('',#13033,#6348);
#5249=LINE('',#13036,#6349);
#5250=LINE('',#13038,#6350);
#5251=LINE('',#13040,#6351);
#5252=LINE('',#13041,#6352);
#5253=LINE('',#13044,#6353);
#5254=LINE('',#13046,#6354);
#5255=LINE('',#13048,#6355);
#5256=LINE('',#13050,#6356);
#5257=LINE('',#13052,#6357);
#5258=LINE('',#13054,#6358);
#5259=LINE('',#13056,#6359);
#5260=LINE('',#13058,#6360);
#5261=LINE('',#13059,#6361);
#5262=LINE('',#13060,#6362);
#5263=LINE('',#13063,#6363);
#5264=LINE('',#13065,#6364);
#5265=LINE('',#13067,#6365);
#5266=LINE('',#13068,#6366);
#5267=LINE('',#13071,#6367);
#5268=LINE('',#13073,#6368);
#5269=LINE('',#13075,#6369);
#5270=LINE('',#13076,#6370);
#5271=LINE('',#13079,#6371);
#5272=LINE('',#13081,#6372);
#5273=LINE('',#13083,#6373);
#5274=LINE('',#13085,#6374);
#5275=LINE('',#13087,#6375);
#5276=LINE('',#13089,#6376);
#5277=LINE('',#13091,#6377);
#5278=LINE('',#13093,#6378);
#5279=LINE('',#13095,#6379);
#5280=LINE('',#13104,#6380);
#5281=LINE('',#13109,#6381);
#5282=LINE('',#13113,#6382);
#5283=LINE('',#13114,#6383);
#5284=LINE('',#13119,#6384);
#5285=LINE('',#13123,#6385);
#5286=LINE('',#13130,#6386);
#5287=LINE('',#13135,#6387);
#5288=LINE('',#13136,#6388);
#5289=LINE('',#13138,#6389);
#5290=LINE('',#13140,#6390);
#5291=LINE('',#13142,#6391);
#5292=LINE('',#13144,#6392);
#5293=LINE('',#13146,#6393);
#5294=LINE('',#13148,#6394);
#5295=LINE('',#13150,#6395);
#5296=LINE('',#13152,#6396);
#5297=LINE('',#13154,#6397);
#5298=LINE('',#13156,#6398);
#5299=LINE('',#13158,#6399);
#5300=LINE('',#13160,#6400);
#5301=LINE('',#13162,#6401);
#5302=LINE('',#13164,#6402);
#5303=LINE('',#13168,#6403);
#5304=LINE('',#13172,#6404);
#5305=LINE('',#13175,#6405);
#5306=LINE('',#13177,#6406);
#5307=LINE('',#13179,#6407);
#5308=LINE('',#13181,#6408);
#5309=LINE('',#13183,#6409);
#5310=LINE('',#13185,#6410);
#5311=LINE('',#13187,#6411);
#5312=LINE('',#13189,#6412);
#5313=LINE('',#13190,#6413);
#5314=LINE('',#13194,#6414);
#5315=LINE('',#13196,#6415);
#5316=LINE('',#13198,#6416);
#5317=LINE('',#13200,#6417);
#5318=LINE('',#13202,#6418);
#5319=LINE('',#13204,#6419);
#5320=LINE('',#13206,#6420);
#5321=LINE('',#13208,#6421);
#5322=LINE('',#13210,#6422);
#5323=LINE('',#13212,#6423);
#5324=LINE('',#13214,#6424);
#5325=LINE('',#13216,#6425);
#5326=LINE('',#13217,#6426);
#5327=LINE('',#13219,#6427);
#5328=LINE('',#13221,#6428);
#5329=LINE('',#13224,#6429);
#5330=LINE('',#13226,#6430);
#5331=LINE('',#13228,#6431);
#5332=LINE('',#13230,#6432);
#5333=LINE('',#13233,#6433);
#5334=LINE('',#13235,#6434);
#5335=LINE('',#13237,#6435);
#5336=LINE('',#13239,#6436);
#5337=LINE('',#13242,#6437);
#5338=LINE('',#13243,#6438);
#5339=LINE('',#13245,#6439);
#5340=LINE('',#13248,#6440);
#5341=LINE('',#13249,#6441);
#5342=LINE('',#13251,#6442);
#5343=LINE('',#13253,#6443);
#5344=LINE('',#13255,#6444);
#5345=LINE('',#13257,#6445);
#5346=LINE('',#13259,#6446);
#5347=LINE('',#13261,#6447);
#5348=LINE('',#13263,#6448);
#5349=LINE('',#13265,#6449);
#5350=LINE('',#13267,#6450);
#5351=LINE('',#13269,#6451);
#5352=LINE('',#13271,#6452);
#5353=LINE('',#13273,#6453);
#5354=LINE('',#13275,#6454);
#5355=LINE('',#13284,#6455);
#5356=LINE('',#13285,#6456);
#5357=LINE('',#13287,#6457);
#5358=LINE('',#13291,#6458);
#5359=LINE('',#13293,#6459);
#5360=LINE('',#13294,#6460);
#5361=LINE('',#13296,#6461);
#5362=LINE('',#13298,#6462);
#5363=LINE('',#13299,#6463);
#5364=LINE('',#13301,#6464);
#5365=LINE('',#13303,#6465);
#5366=LINE('',#13305,#6466);
#5367=LINE('',#13307,#6467);
#5368=LINE('',#13308,#6468);
#5369=LINE('',#13310,#6469);
#5370=LINE('',#13312,#6470);
#5371=LINE('',#13314,#6471);
#5372=LINE('',#13316,#6472);
#5373=LINE('',#13318,#6473);
#5374=LINE('',#13321,#6474);
#5375=LINE('',#13323,#6475);
#5376=LINE('',#13325,#6476);
#5377=LINE('',#13327,#6477);
#5378=LINE('',#13330,#6478);
#5379=LINE('',#13331,#6479);
#5380=LINE('',#13333,#6480);
#5381=LINE('',#13335,#6481);
#5382=LINE('',#13337,#6482);
#5383=LINE('',#13339,#6483);
#5384=LINE('',#13341,#6484);
#5385=LINE('',#13343,#6485);
#5386=LINE('',#13345,#6486);
#5387=LINE('',#13349,#6487);
#5388=LINE('',#13351,#6488);
#5389=LINE('',#13353,#6489);
#5390=LINE('',#13355,#6490);
#5391=LINE('',#13357,#6491);
#5392=LINE('',#13359,#6492);
#5393=LINE('',#13368,#6493);
#5394=LINE('',#13370,#6494);
#5395=LINE('',#13371,#6495);
#5396=LINE('',#13373,#6496);
#5397=LINE('',#13374,#6497);
#5398=LINE('',#13375,#6498);
#5399=LINE('',#13377,#6499);
#5400=LINE('',#13378,#6500);
#5401=LINE('',#13379,#6501);
#5402=LINE('',#13381,#6502);
#5403=LINE('',#13385,#6503);
#5404=LINE('',#13388,#6504);
#5405=LINE('',#13390,#6505);
#5406=LINE('',#13391,#6506);
#5407=LINE('',#13393,#6507);
#5408=LINE('',#13395,#6508);
#5409=LINE('',#13396,#6509);
#5410=LINE('',#13398,#6510);
#5411=LINE('',#13400,#6511);
#5412=LINE('',#13402,#6512);
#5413=LINE('',#13404,#6513);
#5414=LINE('',#13406,#6514);
#5415=LINE('',#13408,#6515);
#5416=LINE('',#13410,#6516);
#5417=LINE('',#13412,#6517);
#5418=LINE('',#13414,#6518);
#5419=LINE('',#13415,#6519);
#5420=LINE('',#13417,#6520);
#5421=LINE('',#13418,#6521);
#5422=LINE('',#13420,#6522);
#5423=LINE('',#13422,#6523);
#5424=LINE('',#13423,#6524);
#5425=LINE('',#13425,#6525);
#5426=LINE('',#13427,#6526);
#5427=LINE('',#13428,#6527);
#5428=LINE('',#13430,#6528);
#5429=LINE('',#13432,#6529);
#5430=LINE('',#13434,#6530);
#5431=LINE('',#13436,#6531);
#5432=LINE('',#13439,#6532);
#5433=LINE('',#13441,#6533);
#5434=LINE('',#13443,#6534);
#5435=LINE('',#13445,#6535);
#5436=LINE('',#13448,#6536);
#5437=LINE('',#13449,#6537);
#5438=LINE('',#13451,#6538);
#5439=LINE('',#13453,#6539);
#5440=LINE('',#13455,#6540);
#5441=LINE('',#13457,#6541);
#5442=LINE('',#13459,#6542);
#5443=LINE('',#13461,#6543);
#5444=LINE('',#13463,#6544);
#5445=LINE('',#13465,#6545);
#5446=LINE('',#13467,#6546);
#5447=LINE('',#13468,#6547);
#5448=LINE('',#13470,#6548);
#5449=LINE('',#13472,#6549);
#5450=LINE('',#13475,#6550);
#5451=LINE('',#13477,#6551);
#5452=LINE('',#13479,#6552);
#5453=LINE('',#13480,#6553);
#5454=LINE('',#13482,#6554);
#5455=LINE('',#13484,#6555);
#5456=LINE('',#13485,#6556);
#5457=LINE('',#13486,#6557);
#5458=LINE('',#13487,#6558);
#5459=LINE('',#13489,#6559);
#5460=LINE('',#13491,#6560);
#5461=LINE('',#13493,#6561);
#5462=LINE('',#13495,#6562);
#5463=LINE('',#13496,#6563);
#5464=LINE('',#13497,#6564);
#5465=LINE('',#13499,#6565);
#5466=LINE('',#13501,#6566);
#5467=LINE('',#13502,#6567);
#5468=LINE('',#13504,#6568);
#5469=LINE('',#13505,#6569);
#5470=LINE('',#13507,#6570);
#5471=LINE('',#13508,#6571);
#5472=LINE('',#13512,#6572);
#5473=LINE('',#13514,#6573);
#5474=LINE('',#13516,#6574);
#5475=LINE('',#13517,#6575);
#5476=LINE('',#13519,#6576);
#5477=LINE('',#13526,#6577);
#5478=LINE('',#13528,#6578);
#5479=LINE('',#13530,#6579);
#5480=LINE('',#13532,#6580);
#5481=LINE('',#13534,#6581);
#5482=LINE('',#13536,#6582);
#5483=LINE('',#13538,#6583);
#5484=LINE('',#13540,#6584);
#5485=LINE('',#13542,#6585);
#5486=LINE('',#13544,#6586);
#5487=LINE('',#13552,#6587);
#5488=LINE('',#13554,#6588);
#5489=LINE('',#13555,#6589);
#5490=LINE('',#13557,#6590);
#5491=LINE('',#13559,#6591);
#5492=LINE('',#13561,#6592);
#5493=LINE('',#13563,#6593);
#5494=LINE('',#13565,#6594);
#5495=LINE('',#13567,#6595);
#5496=LINE('',#13569,#6596);
#5497=LINE('',#13571,#6597);
#5498=LINE('',#13573,#6598);
#5499=LINE('',#13579,#6599);
#5500=LINE('',#13580,#6600);
#5501=LINE('',#13584,#6601);
#5502=LINE('',#13586,#6602);
#5503=LINE('',#13588,#6603);
#5504=LINE('',#13591,#6604);
#5505=LINE('',#13593,#6605);
#5506=LINE('',#13595,#6606);
#5507=LINE('',#13597,#6607);
#5508=LINE('',#13599,#6608);
#5509=LINE('',#13601,#6609);
#5510=LINE('',#13605,#6610);
#5511=LINE('',#13609,#6611);
#5512=LINE('',#13611,#6612);
#5513=LINE('',#13613,#6613);
#5514=LINE('',#13617,#6614);
#5515=LINE('',#13621,#6615);
#5516=LINE('',#13623,#6616);
#5517=LINE('',#13625,#6617);
#5518=LINE('',#13627,#6618);
#5519=LINE('',#13631,#6619);
#5520=LINE('',#13637,#6620);
#5521=LINE('',#13638,#6621);
#5522=LINE('',#13640,#6622);
#5523=LINE('',#13642,#6623);
#5524=LINE('',#13645,#6624);
#5525=LINE('',#13646,#6625);
#5526=LINE('',#13648,#6626);
#5527=LINE('',#13650,#6627);
#5528=LINE('',#13653,#6628);
#5529=LINE('',#13655,#6629);
#5530=LINE('',#13656,#6630);
#5531=LINE('',#13658,#6631);
#5532=LINE('',#13659,#6632);
#5533=LINE('',#13663,#6633);
#5534=LINE('',#13665,#6634);
#5535=LINE('',#13667,#6635);
#5536=LINE('',#13668,#6636);
#5537=LINE('',#13670,#6637);
#5538=LINE('',#13677,#6638);
#5539=LINE('',#13679,#6639);
#5540=LINE('',#13681,#6640);
#5541=LINE('',#13683,#6641);
#5542=LINE('',#13685,#6642);
#5543=LINE('',#13687,#6643);
#5544=LINE('',#13689,#6644);
#5545=LINE('',#13691,#6645);
#5546=LINE('',#13693,#6646);
#5547=LINE('',#13695,#6647);
#5548=LINE('',#13703,#6648);
#5549=LINE('',#13705,#6649);
#5550=LINE('',#13707,#6650);
#5551=LINE('',#13709,#6651);
#5552=LINE('',#13711,#6652);
#5553=LINE('',#13716,#6653);
#5554=LINE('',#13720,#6654);
#5555=LINE('',#13722,#6655);
#5556=LINE('',#13724,#6656);
#5557=LINE('',#13726,#6657);
#5558=LINE('',#13730,#6658);
#5559=LINE('',#13731,#6659);
#5560=LINE('',#13733,#6660);
#5561=LINE('',#13735,#6661);
#5562=LINE('',#13738,#6662);
#5563=LINE('',#13739,#6663);
#5564=LINE('',#13741,#6664);
#5565=LINE('',#13743,#6665);
#5566=LINE('',#13746,#6666);
#5567=LINE('',#13747,#6667);
#5568=LINE('',#13749,#6668);
#5569=LINE('',#13750,#6669);
#5570=LINE('',#13754,#6670);
#5571=LINE('',#13756,#6671);
#5572=LINE('',#13758,#6672);
#5573=LINE('',#13759,#6673);
#5574=LINE('',#13761,#6674);
#5575=LINE('',#13768,#6675);
#5576=LINE('',#13770,#6676);
#5577=LINE('',#13772,#6677);
#5578=LINE('',#13774,#6678);
#5579=LINE('',#13776,#6679);
#5580=LINE('',#13778,#6680);
#5581=LINE('',#13780,#6681);
#5582=LINE('',#13782,#6682);
#5583=LINE('',#13784,#6683);
#5584=LINE('',#13786,#6684);
#5585=LINE('',#13794,#6685);
#5586=LINE('',#13796,#6686);
#5587=LINE('',#13798,#6687);
#5588=LINE('',#13800,#6688);
#5589=LINE('',#13802,#6689);
#5590=LINE('',#13804,#6690);
#5591=LINE('',#13806,#6691);
#5592=LINE('',#13808,#6692);
#5593=LINE('',#13812,#6693);
#5594=LINE('',#13814,#6694);
#5595=LINE('',#13815,#6695);
#5596=LINE('',#13818,#6696);
#5597=LINE('',#13820,#6697);
#5598=LINE('',#13825,#6698);
#5599=LINE('',#13826,#6699);
#5600=LINE('',#13828,#6700);
#5601=LINE('',#13830,#6701);
#5602=LINE('',#13833,#6702);
#5603=LINE('',#13834,#6703);
#5604=LINE('',#13836,#6704);
#5605=LINE('',#13838,#6705);
#5606=LINE('',#13841,#6706);
#5607=LINE('',#13843,#6707);
#5608=LINE('',#13844,#6708);
#5609=LINE('',#13846,#6709);
#5610=LINE('',#13849,#6710);
#5611=LINE('',#13852,#6711);
#5612=LINE('',#13854,#6712);
#5613=LINE('',#13857,#6713);
#5614=LINE('',#13859,#6714);
#5615=LINE('',#13861,#6715);
#5616=LINE('',#13863,#6716);
#5617=LINE('',#13866,#6717);
#5618=LINE('',#13868,#6718);
#5619=LINE('',#13870,#6719);
#5620=LINE('',#13872,#6720);
#5621=LINE('',#13875,#6721);
#5622=LINE('',#13877,#6722);
#5623=LINE('',#13879,#6723);
#5624=LINE('',#13881,#6724);
#5625=LINE('',#13884,#6725);
#5626=LINE('',#13886,#6726);
#5627=LINE('',#13888,#6727);
#5628=LINE('',#13890,#6728);
#5629=LINE('',#13893,#6729);
#5630=LINE('',#13895,#6730);
#5631=LINE('',#13897,#6731);
#5632=LINE('',#13899,#6732);
#5633=LINE('',#13902,#6733);
#5634=LINE('',#13904,#6734);
#5635=LINE('',#13906,#6735);
#5636=LINE('',#13928,#6736);
#5637=LINE('',#13930,#6737);
#5638=LINE('',#13932,#6738);
#5639=LINE('',#13934,#6739);
#5640=LINE('',#13936,#6740);
#5641=LINE('',#13938,#6741);
#5642=LINE('',#13942,#6742);
#5643=LINE('',#13944,#6743);
#5644=LINE('',#13950,#6744);
#5645=LINE('',#13952,#6745);
#5646=LINE('',#13953,#6746);
#5647=LINE('',#13955,#6747);
#5648=LINE('',#13958,#6748);
#5649=LINE('',#13961,#6749);
#5650=LINE('',#13963,#6750);
#5651=LINE('',#13965,#6751);
#5652=LINE('',#13967,#6752);
#5653=LINE('',#13969,#6753);
#5654=LINE('',#13971,#6754);
#5655=LINE('',#13975,#6755);
#5656=LINE('',#13977,#6756);
#5657=LINE('',#13982,#6757);
#5658=LINE('',#13984,#6758);
#5659=LINE('',#13987,#6759);
#5660=LINE('',#13989,#6760);
#5661=LINE('',#13991,#6761);
#5662=LINE('',#13993,#6762);
#5663=LINE('',#13996,#6763);
#5664=LINE('',#13998,#6764);
#5665=LINE('',#14000,#6765);
#5666=LINE('',#14002,#6766);
#5667=LINE('',#14005,#6767);
#5668=LINE('',#14007,#6768);
#5669=LINE('',#14009,#6769);
#5670=LINE('',#14011,#6770);
#5671=LINE('',#14014,#6771);
#5672=LINE('',#14016,#6772);
#5673=LINE('',#14018,#6773);
#5674=LINE('',#14020,#6774);
#5675=LINE('',#14023,#6775);
#5676=LINE('',#14025,#6776);
#5677=LINE('',#14027,#6777);
#5678=LINE('',#14029,#6778);
#5679=LINE('',#14032,#6779);
#5680=LINE('',#14034,#6780);
#5681=LINE('',#14036,#6781);
#5682=LINE('',#14059,#6782);
#5683=LINE('',#14062,#6783);
#5684=LINE('',#14064,#6784);
#5685=LINE('',#14066,#6785);
#5686=LINE('',#14070,#6786);
#5687=LINE('',#14073,#6787);
#5688=LINE('',#14075,#6788);
#5689=LINE('',#14077,#6789);
#5690=LINE('',#14079,#6790);
#5691=LINE('',#14081,#6791);
#5692=LINE('',#14083,#6792);
#5693=LINE('',#14085,#6793);
#5694=LINE('',#14089,#6794);
#5695=LINE('',#14091,#6795);
#5696=LINE('',#14093,#6796);
#5697=LINE('',#14097,#6797);
#5698=LINE('',#14099,#6798);
#5699=LINE('',#14101,#6799);
#5700=LINE('',#14103,#6800);
#5701=LINE('',#14104,#6801);
#5702=LINE('',#14106,#6802);
#5703=LINE('',#14108,#6803);
#5704=LINE('',#14110,#6804);
#5705=LINE('',#14112,#6805);
#5706=LINE('',#14114,#6806);
#5707=LINE('',#14115,#6807);
#5708=LINE('',#14117,#6808);
#5709=LINE('',#14119,#6809);
#5710=LINE('',#14121,#6810);
#5711=LINE('',#14122,#6811);
#5712=LINE('',#14124,#6812);
#5713=LINE('',#14125,#6813);
#5714=LINE('',#14136,#6814);
#5715=LINE('',#14139,#6815);
#5716=LINE('',#14141,#6816);
#5717=LINE('',#14143,#6817);
#5718=LINE('',#14145,#6818);
#5719=LINE('',#14147,#6819);
#5720=LINE('',#14151,#6820);
#5721=LINE('',#14155,#6821);
#5722=LINE('',#14157,#6822);
#5723=LINE('',#14159,#6823);
#5724=LINE('',#14163,#6824);
#5725=LINE('',#14167,#6825);
#5726=LINE('',#14170,#6826);
#5727=LINE('',#14172,#6827);
#5728=LINE('',#14174,#6828);
#5729=LINE('',#14176,#6829);
#5730=LINE('',#14178,#6830);
#5731=LINE('',#14184,#6831);
#5732=LINE('',#14186,#6832);
#5733=LINE('',#14188,#6833);
#5734=LINE('',#14190,#6834);
#5735=LINE('',#14196,#6835);
#5736=LINE('',#14198,#6836);
#5737=LINE('',#14201,#6837);
#5738=LINE('',#14205,#6838);
#5739=LINE('',#14206,#6839);
#5740=LINE('',#14207,#6840);
#5741=LINE('',#14211,#6841);
#5742=LINE('',#14213,#6842);
#5743=LINE('',#14218,#6843);
#5744=LINE('',#14222,#6844);
#5745=LINE('',#14224,#6845);
#5746=LINE('',#14226,#6846);
#5747=LINE('',#14230,#6847);
#5748=LINE('',#14234,#6848);
#5749=LINE('',#14236,#6849);
#5750=LINE('',#14238,#6850);
#5751=LINE('',#14240,#6851);
#5752=LINE('',#14242,#6852);
#5753=LINE('',#14247,#6853);
#5754=LINE('',#14251,#6854);
#5755=LINE('',#14253,#6855);
#5756=LINE('',#14255,#6856);
#5757=LINE('',#14257,#6857);
#5758=LINE('',#14263,#6858);
#5759=LINE('',#14265,#6859);
#5760=LINE('',#14267,#6860);
#5761=LINE('',#14269,#6861);
#5762=LINE('',#14271,#6862);
#5763=LINE('',#14273,#6863);
#5764=LINE('',#14275,#6864);
#5765=LINE('',#14279,#6865);
#5766=LINE('',#14283,#6866);
#5767=LINE('',#14287,#6867);
#5768=LINE('',#14291,#6868);
#5769=LINE('',#14292,#6869);
#5770=LINE('',#14297,#6870);
#5771=LINE('',#14298,#6871);
#5772=LINE('',#14299,#6872);
#5773=LINE('',#14303,#6873);
#5774=LINE('',#14307,#6874);
#5775=LINE('',#14311,#6875);
#5776=LINE('',#14316,#6876);
#5777=LINE('',#14317,#6877);
#5778=LINE('',#14318,#6878);
#5779=LINE('',#14322,#6879);
#5780=LINE('',#14324,#6880);
#5781=LINE('',#14326,#6881);
#5782=LINE('',#14328,#6882);
#5783=LINE('',#14329,#6883);
#5784=LINE('',#14331,#6884);
#5785=LINE('',#14333,#6885);
#5786=LINE('',#14335,#6886);
#5787=LINE('',#14337,#6887);
#5788=LINE('',#14340,#6888);
#5789=LINE('',#14342,#6889);
#5790=LINE('',#14356,#6890);
#5791=LINE('',#14360,#6891);
#5792=LINE('',#14361,#6892);
#5793=LINE('',#14365,#6893);
#5794=LINE('',#14379,#6894);
#5795=LINE('',#14382,#6895);
#5796=LINE('',#14384,#6896);
#5797=LINE('',#14386,#6897);
#5798=LINE('',#14388,#6898);
#5799=LINE('',#14391,#6899);
#5800=LINE('',#14393,#6900);
#5801=LINE('',#14407,#6901);
#5802=LINE('',#14411,#6902);
#5803=LINE('',#14413,#6903);
#5804=LINE('',#14415,#6904);
#5805=LINE('',#14419,#6905);
#5806=LINE('',#14433,#6906);
#5807=LINE('',#14434,#6907);
#5808=LINE('',#14436,#6908);
#5809=LINE('',#14439,#6909);
#5810=LINE('',#14441,#6910);
#5811=LINE('',#14443,#6911);
#5812=LINE('',#14447,#6912);
#5813=LINE('',#14449,#6913);
#5814=LINE('',#14451,#6914);
#5815=LINE('',#14453,#6915);
#5816=LINE('',#14455,#6916);
#5817=LINE('',#14457,#6917);
#5818=LINE('',#14459,#6918);
#5819=LINE('',#14461,#6919);
#5820=LINE('',#14464,#6920);
#5821=LINE('',#14467,#6921);
#5822=LINE('',#14469,#6922);
#5823=LINE('',#14471,#6923);
#5824=LINE('',#14473,#6924);
#5825=LINE('',#14475,#6925);
#5826=LINE('',#14478,#6926);
#5827=LINE('',#14479,#6927);
#5828=LINE('',#14480,#6928);
#5829=LINE('',#14482,#6929);
#5830=LINE('',#14484,#6930);
#5831=LINE('',#14485,#6931);
#5832=LINE('',#14487,#6932);
#5833=LINE('',#14489,#6933);
#5834=LINE('',#14491,#6934);
#5835=LINE('',#14492,#6935);
#5836=LINE('',#14493,#6936);
#5837=LINE('',#14494,#6937);
#5838=LINE('',#14499,#6938);
#5839=LINE('',#14501,#6939);
#5840=LINE('',#14504,#6940);
#5841=LINE('',#14505,#6941);
#5842=LINE('',#14509,#6942);
#5843=LINE('',#14510,#6943);
#5844=LINE('',#14512,#6944);
#5845=LINE('',#14513,#6945);
#5846=LINE('',#14517,#6946);
#5847=LINE('',#14518,#6947);
#5848=LINE('',#14520,#6948);
#5849=LINE('',#14523,#6949);
#5850=LINE('',#14529,#6950);
#5851=LINE('',#14533,#6951);
#5852=LINE('',#14535,#6952);
#5853=LINE('',#14537,#6953);
#5854=LINE('',#14539,#6954);
#5855=LINE('',#14542,#6955);
#5856=LINE('',#14544,#6956);
#5857=LINE('',#14546,#6957);
#5858=LINE('',#14551,#6958);
#5859=LINE('',#14555,#6959);
#5860=LINE('',#14557,#6960);
#5861=LINE('',#14559,#6961);
#5862=LINE('',#14567,#6962);
#5863=LINE('',#14590,#6963);
#5864=LINE('',#14595,#6964);
#5865=LINE('',#14597,#6965);
#5866=LINE('',#14599,#6966);
#5867=LINE('',#14601,#6967);
#5868=LINE('',#14610,#6968);
#5869=LINE('',#14614,#6969);
#5870=LINE('',#14616,#6970);
#5871=LINE('',#14618,#6971);
#5872=LINE('',#14623,#6972);
#5873=LINE('',#14627,#6973);
#5874=LINE('',#14629,#6974);
#5875=LINE('',#14631,#6975);
#5876=LINE('',#14633,#6976);
#5877=LINE('',#14636,#6977);
#5878=LINE('',#14638,#6978);
#5879=LINE('',#14640,#6979);
#5880=LINE('',#14643,#6980);
#5881=LINE('',#14661,#6981);
#5882=LINE('',#14676,#6982);
#5883=LINE('',#14678,#6983);
#5884=LINE('',#14680,#6984);
#5885=LINE('',#14682,#6985);
#5886=LINE('',#14696,#6986);
#5887=LINE('',#14700,#6987);
#5888=LINE('',#14704,#6988);
#5889=LINE('',#14708,#6989);
#5890=LINE('',#14710,#6990);
#5891=LINE('',#14715,#6991);
#5892=LINE('',#14747,#6992);
#5893=LINE('',#14749,#6993);
#5894=LINE('',#14766,#6994);
#5895=LINE('',#14769,#6995);
#5896=LINE('',#14771,#6996);
#5897=LINE('',#14773,#6997);
#5898=LINE('',#14775,#6998);
#5899=LINE('',#14777,#6999);
#5900=LINE('',#14779,#7000);
#5901=LINE('',#14781,#7001);
#5902=LINE('',#14783,#7002);
#5903=LINE('',#14785,#7003);
#5904=LINE('',#14787,#7004);
#5905=LINE('',#14789,#7005);
#5906=LINE('',#14792,#7006);
#5907=LINE('',#14793,#7007);
#5908=LINE('',#14795,#7008);
#5909=LINE('',#14798,#7009);
#5910=LINE('',#14800,#7010);
#5911=LINE('',#14802,#7011);
#5912=LINE('',#14803,#7012);
#5913=LINE('',#14806,#7013);
#5914=LINE('',#14808,#7014);
#5915=LINE('',#14810,#7015);
#5916=LINE('',#14811,#7016);
#5917=LINE('',#14814,#7017);
#5918=LINE('',#14816,#7018);
#5919=LINE('',#14818,#7019);
#5920=LINE('',#14820,#7020);
#5921=LINE('',#14822,#7021);
#5922=LINE('',#14824,#7022);
#5923=LINE('',#14826,#7023);
#5924=LINE('',#14827,#7024);
#5925=LINE('',#14830,#7025);
#5926=LINE('',#14832,#7026);
#5927=LINE('',#14834,#7027);
#5928=LINE('',#14836,#7028);
#5929=LINE('',#14838,#7029);
#5930=LINE('',#14840,#7030);
#5931=LINE('',#14842,#7031);
#5932=LINE('',#14844,#7032);
#5933=LINE('',#14846,#7033);
#5934=LINE('',#14848,#7034);
#5935=LINE('',#14850,#7035);
#5936=LINE('',#14851,#7036);
#5937=LINE('',#14854,#7037);
#5938=LINE('',#14856,#7038);
#5939=LINE('',#14858,#7039);
#5940=LINE('',#14859,#7040);
#5941=LINE('',#14862,#7041);
#5942=LINE('',#14864,#7042);
#5943=LINE('',#14866,#7043);
#5944=LINE('',#14867,#7044);
#5945=LINE('',#14870,#7045);
#5946=LINE('',#14872,#7046);
#5947=LINE('',#14874,#7047);
#5948=LINE('',#14876,#7048);
#5949=LINE('',#14878,#7049);
#5950=LINE('',#14880,#7050);
#5951=LINE('',#14882,#7051);
#5952=LINE('',#14883,#7052);
#5953=LINE('',#14886,#7053);
#5954=LINE('',#14888,#7054);
#5955=LINE('',#14890,#7055);
#5956=LINE('',#14891,#7056);
#5957=LINE('',#14894,#7057);
#5958=LINE('',#14896,#7058);
#5959=LINE('',#14898,#7059);
#5960=LINE('',#14899,#7060);
#5961=LINE('',#14901,#7061);
#5962=LINE('',#14903,#7062);
#5963=LINE('',#14905,#7063);
#5964=LINE('',#14906,#7064);
#5965=LINE('',#14908,#7065);
#5966=LINE('',#14910,#7066);
#5967=LINE('',#14913,#7067);
#5968=LINE('',#14915,#7068);
#5969=LINE('',#14917,#7069);
#5970=LINE('',#14918,#7070);
#5971=LINE('',#14921,#7071);
#5972=LINE('',#14923,#7072);
#5973=LINE('',#14925,#7073);
#5974=LINE('',#14926,#7074);
#5975=LINE('',#14928,#7075);
#5976=LINE('',#14930,#7076);
#5977=LINE('',#14931,#7077);
#5978=LINE('',#14933,#7078);
#5979=LINE('',#14935,#7079);
#5980=LINE('',#14936,#7080);
#5981=LINE('',#14938,#7081);
#5982=LINE('',#14940,#7082);
#5983=LINE('',#14941,#7083);
#5984=LINE('',#14944,#7084);
#5985=LINE('',#14946,#7085);
#5986=LINE('',#14948,#7086);
#5987=LINE('',#14950,#7087);
#5988=LINE('',#14953,#7088);
#5989=LINE('',#14955,#7089);
#5990=LINE('',#14957,#7090);
#5991=LINE('',#14958,#7091);
#5992=LINE('',#14960,#7092);
#5993=LINE('',#14962,#7093);
#5994=LINE('',#14963,#7094);
#5995=LINE('',#14966,#7095);
#5996=LINE('',#14968,#7096);
#5997=LINE('',#14970,#7097);
#5998=LINE('',#14971,#7098);
#5999=LINE('',#14974,#7099);
#6000=LINE('',#14976,#7100);
#6001=LINE('',#14978,#7101);
#6002=LINE('',#14980,#7102);
#6003=LINE('',#14983,#7103);
#6004=LINE('',#14985,#7104);
#6005=LINE('',#14987,#7105);
#6006=LINE('',#14989,#7106);
#6007=LINE('',#14992,#7107);
#6008=LINE('',#14994,#7108);
#6009=LINE('',#14996,#7109);
#6010=LINE('',#14998,#7110);
#6011=LINE('',#15001,#7111);
#6012=LINE('',#15003,#7112);
#6013=LINE('',#15005,#7113);
#6014=LINE('',#15007,#7114);
#6015=LINE('',#15009,#7115);
#6016=LINE('',#15011,#7116);
#6017=LINE('',#15013,#7117);
#6018=LINE('',#15015,#7118);
#6019=LINE('',#15016,#7119);
#6020=LINE('',#15018,#7120);
#6021=LINE('',#15019,#7121);
#6022=LINE('',#15021,#7122);
#6023=LINE('',#15024,#7123);
#6024=LINE('',#15026,#7124);
#6025=LINE('',#15028,#7125);
#6026=LINE('',#15029,#7126);
#6027=LINE('',#15031,#7127);
#6028=LINE('',#15033,#7128);
#6029=LINE('',#15034,#7129);
#6030=LINE('',#15037,#7130);
#6031=LINE('',#15039,#7131);
#6032=LINE('',#15041,#7132);
#6033=LINE('',#15042,#7133);
#6034=LINE('',#15043,#7134);
#6035=LINE('',#15045,#7135);
#6036=LINE('',#15047,#7136);
#6037=LINE('',#15049,#7137);
#6038=LINE('',#15051,#7138);
#6039=LINE('',#15053,#7139);
#6040=LINE('',#15055,#7140);
#6041=LINE('',#15057,#7141);
#6042=LINE('',#15059,#7142);
#6043=LINE('',#15061,#7143);
#6044=LINE('',#15063,#7144);
#6045=LINE('',#15065,#7145);
#6046=LINE('',#15067,#7146);
#6047=LINE('',#15069,#7147);
#6048=LINE('',#15072,#7148);
#6049=LINE('',#15074,#7149);
#6050=LINE('',#15076,#7150);
#6051=LINE('',#15078,#7151);
#6052=LINE('',#15080,#7152);
#6053=LINE('',#15082,#7153);
#6054=LINE('',#15084,#7154);
#6055=LINE('',#15086,#7155);
#6056=LINE('',#15087,#7156);
#6057=LINE('',#15089,#7157);
#6058=LINE('',#15090,#7158);
#6059=LINE('',#15092,#7159);
#6060=LINE('',#15093,#7160);
#6061=LINE('',#15097,#7161);
#6062=LINE('',#15099,#7162);
#6063=LINE('',#15101,#7163);
#6064=LINE('',#15103,#7164);
#6065=LINE('',#15105,#7165);
#6066=LINE('',#15107,#7166);
#6067=LINE('',#15109,#7167);
#6068=LINE('',#15110,#7168);
#6069=LINE('',#15114,#7169);
#6070=LINE('',#15116,#7170);
#6071=LINE('',#15118,#7171);
#6072=LINE('',#15120,#7172);
#6073=LINE('',#15121,#7173);
#6074=LINE('',#15125,#7174);
#6075=LINE('',#15127,#7175);
#6076=LINE('',#15129,#7176);
#6077=LINE('',#15131,#7177);
#6078=LINE('',#15133,#7178);
#6079=LINE('',#15135,#7179);
#6080=LINE('',#15137,#7180);
#6081=LINE('',#15138,#7181);
#6082=LINE('',#15142,#7182);
#6083=LINE('',#15144,#7183);
#6084=LINE('',#15145,#7184);
#6085=LINE('',#15147,#7185);
#6086=LINE('',#15148,#7186);
#6087=LINE('',#15149,#7187);
#6088=LINE('',#15154,#7188);
#6089=LINE('',#15156,#7189);
#6090=LINE('',#15159,#7190);
#6091=LINE('',#15161,#7191);
#6092=LINE('',#15163,#7192);
#6093=LINE('',#15165,#7193);
#6094=LINE('',#15168,#7194);
#6095=LINE('',#15169,#7195);
#6096=LINE('',#15171,#7196);
#6097=LINE('',#15173,#7197);
#6098=LINE('',#15175,#7198);
#6099=LINE('',#15178,#7199);
#6100=LINE('',#15179,#7200);
#6101=LINE('',#15181,#7201);
#6102=LINE('',#15183,#7202);
#6103=LINE('',#15185,#7203);
#6104=LINE('',#15187,#7204);
#6105=LINE('',#15189,#7205);
#6106=LINE('',#15193,#7206);
#6107=LINE('',#15195,#7207);
#6108=LINE('',#15197,#7208);
#6109=LINE('',#15199,#7209);
#6110=LINE('',#15200,#7210);
#6111=LINE('',#15204,#7211);
#6112=LINE('',#15206,#7212);
#6113=LINE('',#15208,#7213);
#6114=LINE('',#15210,#7214);
#6115=LINE('',#15212,#7215);
#6116=LINE('',#15214,#7216);
#6117=LINE('',#15216,#7217);
#6118=LINE('',#15217,#7218);
#6119=LINE('',#15221,#7219);
#6120=LINE('',#15223,#7220);
#6121=LINE('',#15224,#7221);
#6122=LINE('',#15226,#7222);
#6123=LINE('',#15227,#7223);
#6124=LINE('',#15228,#7224);
#6125=LINE('',#15233,#7225);
#6126=LINE('',#15235,#7226);
#6127=LINE('',#15237,#7227);
#6128=LINE('',#15239,#7228);
#6129=LINE('',#15242,#7229);
#6130=LINE('',#15243,#7230);
#6131=LINE('',#15245,#7231);
#6132=LINE('',#15247,#7232);
#6133=LINE('',#15249,#7233);
#6134=LINE('',#15252,#7234);
#6135=LINE('',#15253,#7235);
#6136=LINE('',#15255,#7236);
#6137=LINE('',#15257,#7237);
#6138=LINE('',#15259,#7238);
#6139=LINE('',#15261,#7239);
#6140=LINE('',#15263,#7240);
#6141=LINE('',#15265,#7241);
#6142=LINE('',#15267,#7242);
#6143=LINE('',#15269,#7243);
#6144=LINE('',#15271,#7244);
#6145=LINE('',#15273,#7245);
#6146=LINE('',#15275,#7246);
#6147=LINE('',#15277,#7247);
#6148=LINE('',#15278,#7248);
#6149=LINE('',#15282,#7249);
#6150=LINE('',#15284,#7250);
#6151=LINE('',#15286,#7251);
#6152=LINE('',#15288,#7252);
#6153=LINE('',#15289,#7253);
#6154=LINE('',#15293,#7254);
#6155=LINE('',#15295,#7255);
#6156=LINE('',#15297,#7256);
#6157=LINE('',#15299,#7257);
#6158=LINE('',#15301,#7258);
#6159=LINE('',#15303,#7259);
#6160=LINE('',#15305,#7260);
#6161=LINE('',#15306,#7261);
#6162=LINE('',#15310,#7262);
#6163=LINE('',#15311,#7263);
#6164=LINE('',#15312,#7264);
#6165=LINE('',#15314,#7265);
#6166=LINE('',#15315,#7266);
#6167=LINE('',#15316,#7267);
#6168=LINE('',#15322,#7268);
#6169=LINE('',#15324,#7269);
#6170=LINE('',#15327,#7270);
#6171=LINE('',#15330,#7271);
#6172=LINE('',#15331,#7272);
#6173=LINE('',#15333,#7273);
#6174=LINE('',#15335,#7274);
#6175=LINE('',#15337,#7275);
#6176=LINE('',#15339,#7276);
#6177=LINE('',#15341,#7277);
#6178=LINE('',#15343,#7278);
#6179=LINE('',#15345,#7279);
#6180=LINE('',#15347,#7280);
#6181=LINE('',#15349,#7281);
#6182=LINE('',#15351,#7282);
#6183=LINE('',#15353,#7283);
#6184=LINE('',#15355,#7284);
#6185=LINE('',#15357,#7285);
#6186=LINE('',#15361,#7286);
#6187=LINE('',#15363,#7287);
#6188=VECTOR('',#10230,1000.);
#6189=VECTOR('',#10231,1000.);
#6190=VECTOR('',#10232,1000.);
#6191=VECTOR('',#10233,1000.);
#6192=VECTOR('',#10234,1000.);
#6193=VECTOR('',#10235,1000.);
#6194=VECTOR('',#10236,1000.);
#6195=VECTOR('',#10237,1000.);
#6196=VECTOR('',#10238,1000.);
#6197=VECTOR('',#10239,1000.);
#6198=VECTOR('',#10240,1000.);
#6199=VECTOR('',#10241,1000.);
#6200=VECTOR('',#10242,1000.);
#6201=VECTOR('',#10243,1000.);
#6202=VECTOR('',#10244,1000.);
#6203=VECTOR('',#10245,1000.);
#6204=VECTOR('',#10246,1000.);
#6205=VECTOR('',#10247,1000.);
#6206=VECTOR('',#10248,1000.);
#6207=VECTOR('',#10249,1000.);
#6208=VECTOR('',#10252,1000.);
#6209=VECTOR('',#10253,1000.);
#6210=VECTOR('',#10254,1000.);
#6211=VECTOR('',#10255,1000.);
#6212=VECTOR('',#10256,1000.);
#6213=VECTOR('',#10259,1000.);
#6214=VECTOR('',#10260,1000.);
#6215=VECTOR('',#10261,1000.);
#6216=VECTOR('',#10262,1000.);
#6217=VECTOR('',#10263,1000.);
#6218=VECTOR('',#10264,1000.);
#6219=VECTOR('',#10265,1000.);
#6220=VECTOR('',#10266,1000.);
#6221=VECTOR('',#10267,1000.);
#6222=VECTOR('',#10268,1000.);
#6223=VECTOR('',#10269,1000.);
#6224=VECTOR('',#10270,1000.);
#6225=VECTOR('',#10271,1000.);
#6226=VECTOR('',#10274,1000.);
#6227=VECTOR('',#10275,1000.);
#6228=VECTOR('',#10276,1000.);
#6229=VECTOR('',#10277,1000.);
#6230=VECTOR('',#10278,1000.);
#6231=VECTOR('',#10279,1000.);
#6232=VECTOR('',#10280,1000.);
#6233=VECTOR('',#10281,1000.);
#6234=VECTOR('',#10282,1000.);
#6235=VECTOR('',#10283,1000.);
#6236=VECTOR('',#10284,1000.);
#6237=VECTOR('',#10285,1000.);
#6238=VECTOR('',#10286,1000.);
#6239=VECTOR('',#10289,1000.);
#6240=VECTOR('',#10290,1000.);
#6241=VECTOR('',#10291,1000.);
#6242=VECTOR('',#10292,1000.);
#6243=VECTOR('',#10293,1000.);
#6244=VECTOR('',#10296,1000.);
#6245=VECTOR('',#10297,1000.);
#6246=VECTOR('',#10298,1000.);
#6247=VECTOR('',#10301,1000.);
#6248=VECTOR('',#10302,1000.);
#6249=VECTOR('',#10303,1000.);
#6250=VECTOR('',#10304,1000.);
#6251=VECTOR('',#10309,1000.);
#6252=VECTOR('',#10312,1000.);
#6253=VECTOR('',#10317,1000.);
#6254=VECTOR('',#10318,1000.);
#6255=VECTOR('',#10319,1000.);
#6256=VECTOR('',#10320,1000.);
#6257=VECTOR('',#10323,1000.);
#6258=VECTOR('',#10324,1000.);
#6259=VECTOR('',#10325,1000.);
#6260=VECTOR('',#10326,1000.);
#6261=VECTOR('',#10329,1000.);
#6262=VECTOR('',#10330,1000.);
#6263=VECTOR('',#10331,1000.);
#6264=VECTOR('',#10332,1000.);
#6265=VECTOR('',#10333,1000.);
#6266=VECTOR('',#10334,1000.);
#6267=VECTOR('',#10335,1000.);
#6268=VECTOR('',#10336,1000.);
#6269=VECTOR('',#10337,1000.);
#6270=VECTOR('',#10338,1000.);
#6271=VECTOR('',#10339,1000.);
#6272=VECTOR('',#10340,1000.);
#6273=VECTOR('',#10341,1000.);
#6274=VECTOR('',#10344,1000.);
#6275=VECTOR('',#10345,1000.);
#6276=VECTOR('',#10346,1000.);
#6277=VECTOR('',#10347,1000.);
#6278=VECTOR('',#10348,1000.);
#6279=VECTOR('',#10349,1000.);
#6280=VECTOR('',#10350,1000.);
#6281=VECTOR('',#10351,1000.);
#6282=VECTOR('',#10352,1000.);
#6283=VECTOR('',#10353,1000.);
#6284=VECTOR('',#10354,1000.);
#6285=VECTOR('',#10355,1000.);
#6286=VECTOR('',#10356,1000.);
#6287=VECTOR('',#10359,1000.);
#6288=VECTOR('',#10360,1000.);
#6289=VECTOR('',#10361,1000.);
#6290=VECTOR('',#10362,1000.);
#6291=VECTOR('',#10363,1000.);
#6292=VECTOR('',#10366,1000.);
#6293=VECTOR('',#10367,1000.);
#6294=VECTOR('',#10368,1000.);
#6295=VECTOR('',#10371,1000.);
#6296=VECTOR('',#10372,1000.);
#6297=VECTOR('',#10373,1000.);
#6298=VECTOR('',#10374,1000.);
#6299=VECTOR('',#10379,1000.);
#6300=VECTOR('',#10382,1000.);
#6301=VECTOR('',#10393,1000.);
#6302=VECTOR('',#10394,1000.);
#6303=VECTOR('',#10395,1000.);
#6304=VECTOR('',#10396,1000.);
#6305=VECTOR('',#10397,1000.);
#6306=VECTOR('',#10398,1000.);
#6307=VECTOR('',#10399,1000.);
#6308=VECTOR('',#10400,1000.);
#6309=VECTOR('',#10401,1000.);
#6310=VECTOR('',#10402,1000.);
#6311=VECTOR('',#10403,1000.);
#6312=VECTOR('',#10404,1000.);
#6313=VECTOR('',#10405,1000.);
#6314=VECTOR('',#10406,1000.);
#6315=VECTOR('',#10407,1000.);
#6316=VECTOR('',#10408,1000.);
#6317=VECTOR('',#10411,1000.);
#6318=VECTOR('',#10412,1000.);
#6319=VECTOR('',#10413,1000.);
#6320=VECTOR('',#10414,1000.);
#6321=VECTOR('',#10415,1000.);
#6322=VECTOR('',#10416,1000.);
#6323=VECTOR('',#10417,1000.);
#6324=VECTOR('',#10418,1000.);
#6325=VECTOR('',#10419,1000.);
#6326=VECTOR('',#10420,1000.);
#6327=VECTOR('',#10421,1000.);
#6328=VECTOR('',#10422,1000.);
#6329=VECTOR('',#10423,1000.);
#6330=VECTOR('',#10424,1000.);
#6331=VECTOR('',#10425,1000.);
#6332=VECTOR('',#10426,1000.);
#6333=VECTOR('',#10429,1000.);
#6334=VECTOR('',#10430,1000.);
#6335=VECTOR('',#10431,1000.);
#6336=VECTOR('',#10432,1000.);
#6337=VECTOR('',#10435,1000.);
#6338=VECTOR('',#10436,1000.);
#6339=VECTOR('',#10437,1000.);
#6340=VECTOR('',#10438,1000.);
#6341=VECTOR('',#10439,1000.);
#6342=VECTOR('',#10440,1000.);
#6343=VECTOR('',#10441,1000.);
#6344=VECTOR('',#10442,1000.);
#6345=VECTOR('',#10443,1000.);
#6346=VECTOR('',#10444,1000.);
#6347=VECTOR('',#10445,1000.);
#6348=VECTOR('',#10446,1000.);
#6349=VECTOR('',#10447,1000.);
#6350=VECTOR('',#10448,1000.);
#6351=VECTOR('',#10449,1000.);
#6352=VECTOR('',#10450,1000.);
#6353=VECTOR('',#10451,1000.);
#6354=VECTOR('',#10452,1000.);
#6355=VECTOR('',#10453,1000.);
#6356=VECTOR('',#10456,1000.);
#6357=VECTOR('',#10457,1000.);
#6358=VECTOR('',#10458,1000.);
#6359=VECTOR('',#10459,1000.);
#6360=VECTOR('',#10460,1000.);
#6361=VECTOR('',#10461,1000.);
#6362=VECTOR('',#10462,1000.);
#6363=VECTOR('',#10463,1000.);
#6364=VECTOR('',#10464,1000.);
#6365=VECTOR('',#10465,1000.);
#6366=VECTOR('',#10466,1000.);
#6367=VECTOR('',#10467,1000.);
#6368=VECTOR('',#10468,1000.);
#6369=VECTOR('',#10469,1000.);
#6370=VECTOR('',#10470,1000.);
#6371=VECTOR('',#10471,1000.);
#6372=VECTOR('',#10472,1000.);
#6373=VECTOR('',#10473,1000.);
#6374=VECTOR('',#10476,1000.);
#6375=VECTOR('',#10477,1000.);
#6376=VECTOR('',#10478,1000.);
#6377=VECTOR('',#10479,1000.);
#6378=VECTOR('',#10480,1000.);
#6379=VECTOR('',#10481,1000.);
#6380=VECTOR('',#10492,1000.);
#6381=VECTOR('',#10495,1000.);
#6382=VECTOR('',#10498,1000.);
#6383=VECTOR('',#10499,1000.);
#6384=VECTOR('',#10502,1000.);
#6385=VECTOR('',#10505,1000.);
#6386=VECTOR('',#10512,1000.);
#6387=VECTOR('',#10515,1000.);
#6388=VECTOR('',#10516,1000.);
#6389=VECTOR('',#10517,1000.);
#6390=VECTOR('',#10518,1000.);
#6391=VECTOR('',#10519,1000.);
#6392=VECTOR('',#10520,1000.);
#6393=VECTOR('',#10521,1000.);
#6394=VECTOR('',#10522,1000.);
#6395=VECTOR('',#10523,1000.);
#6396=VECTOR('',#10524,1000.);
#6397=VECTOR('',#10525,1000.);
#6398=VECTOR('',#10526,1000.);
#6399=VECTOR('',#10527,1000.);
#6400=VECTOR('',#10528,1000.);
#6401=VECTOR('',#10529,1000.);
#6402=VECTOR('',#10530,1000.);
#6403=VECTOR('',#10533,1000.);
#6404=VECTOR('',#10538,1000.);
#6405=VECTOR('',#10539,1000.);
#6406=VECTOR('',#10540,1000.);
#6407=VECTOR('',#10541,1000.);
#6408=VECTOR('',#10542,1000.);
#6409=VECTOR('',#10543,1000.);
#6410=VECTOR('',#10544,1000.);
#6411=VECTOR('',#10547,1000.);
#6412=VECTOR('',#10548,1000.);
#6413=VECTOR('',#10549,1000.);
#6414=VECTOR('',#10554,1000.);
#6415=VECTOR('',#10555,1000.);
#6416=VECTOR('',#10556,1000.);
#6417=VECTOR('',#10557,1000.);
#6418=VECTOR('',#10558,1000.);
#6419=VECTOR('',#10559,1000.);
#6420=VECTOR('',#10560,1000.);
#6421=VECTOR('',#10561,1000.);
#6422=VECTOR('',#10562,1000.);
#6423=VECTOR('',#10563,1000.);
#6424=VECTOR('',#10564,1000.);
#6425=VECTOR('',#10565,1000.);
#6426=VECTOR('',#10566,1000.);
#6427=VECTOR('',#10567,1000.);
#6428=VECTOR('',#10570,1000.);
#6429=VECTOR('',#10571,1000.);
#6430=VECTOR('',#10572,1000.);
#6431=VECTOR('',#10573,1000.);
#6432=VECTOR('',#10576,1000.);
#6433=VECTOR('',#10577,1000.);
#6434=VECTOR('',#10578,1000.);
#6435=VECTOR('',#10579,1000.);
#6436=VECTOR('',#10582,1000.);
#6437=VECTOR('',#10583,1000.);
#6438=VECTOR('',#10584,1000.);
#6439=VECTOR('',#10587,1000.);
#6440=VECTOR('',#10588,1000.);
#6441=VECTOR('',#10589,1000.);
#6442=VECTOR('',#10592,1000.);
#6443=VECTOR('',#10593,1000.);
#6444=VECTOR('',#10596,1000.);
#6445=VECTOR('',#10597,1000.);
#6446=VECTOR('',#10598,1000.);
#6447=VECTOR('',#10601,1000.);
#6448=VECTOR('',#10602,1000.);
#6449=VECTOR('',#10603,1000.);
#6450=VECTOR('',#10606,1000.);
#6451=VECTOR('',#10607,1000.);
#6452=VECTOR('',#10608,1000.);
#6453=VECTOR('',#10609,1000.);
#6454=VECTOR('',#10610,1000.);
#6455=VECTOR('',#10621,1000.);
#6456=VECTOR('',#10622,1000.);
#6457=VECTOR('',#10623,1000.);
#6458=VECTOR('',#10628,1000.);
#6459=VECTOR('',#10629,1000.);
#6460=VECTOR('',#10630,1000.);
#6461=VECTOR('',#10631,1000.);
#6462=VECTOR('',#10632,1000.);
#6463=VECTOR('',#10633,1000.);
#6464=VECTOR('',#10634,1000.);
#6465=VECTOR('',#10635,1000.);
#6466=VECTOR('',#10636,1000.);
#6467=VECTOR('',#10637,1000.);
#6468=VECTOR('',#10638,1000.);
#6469=VECTOR('',#10639,1000.);
#6470=VECTOR('',#10642,1000.);
#6471=VECTOR('',#10643,1000.);
#6472=VECTOR('',#10644,1000.);
#6473=VECTOR('',#10647,1000.);
#6474=VECTOR('',#10648,1000.);
#6475=VECTOR('',#10649,1000.);
#6476=VECTOR('',#10650,1000.);
#6477=VECTOR('',#10653,1000.);
#6478=VECTOR('',#10654,1000.);
#6479=VECTOR('',#10655,1000.);
#6480=VECTOR('',#10658,1000.);
#6481=VECTOR('',#10659,1000.);
#6482=VECTOR('',#10662,1000.);
#6483=VECTOR('',#10663,1000.);
#6484=VECTOR('',#10666,1000.);
#6485=VECTOR('',#10667,1000.);
#6486=VECTOR('',#10668,1000.);
#6487=VECTOR('',#10673,1000.);
#6488=VECTOR('',#10674,1000.);
#6489=VECTOR('',#10675,1000.);
#6490=VECTOR('',#10676,1000.);
#6491=VECTOR('',#10677,1000.);
#6492=VECTOR('',#10678,1000.);
#6493=VECTOR('',#10689,1000.);
#6494=VECTOR('',#10690,1000.);
#6495=VECTOR('',#10691,1000.);
#6496=VECTOR('',#10692,1000.);
#6497=VECTOR('',#10693,1000.);
#6498=VECTOR('',#10694,1000.);
#6499=VECTOR('',#10695,1000.);
#6500=VECTOR('',#10696,1000.);
#6501=VECTOR('',#10697,1000.);
#6502=VECTOR('',#10700,1000.);
#6503=VECTOR('',#10705,1000.);
#6504=VECTOR('',#10706,1000.);
#6505=VECTOR('',#10707,1000.);
#6506=VECTOR('',#10708,1000.);
#6507=VECTOR('',#10709,1000.);
#6508=VECTOR('',#10710,1000.);
#6509=VECTOR('',#10711,1000.);
#6510=VECTOR('',#10712,1000.);
#6511=VECTOR('',#10713,1000.);
#6512=VECTOR('',#10714,1000.);
#6513=VECTOR('',#10715,1000.);
#6514=VECTOR('',#10716,1000.);
#6515=VECTOR('',#10717,1000.);
#6516=VECTOR('',#10718,1000.);
#6517=VECTOR('',#10721,1000.);
#6518=VECTOR('',#10722,1000.);
#6519=VECTOR('',#10723,1000.);
#6520=VECTOR('',#10724,1000.);
#6521=VECTOR('',#10725,1000.);
#6522=VECTOR('',#10726,1000.);
#6523=VECTOR('',#10727,1000.);
#6524=VECTOR('',#10728,1000.);
#6525=VECTOR('',#10729,1000.);
#6526=VECTOR('',#10730,1000.);
#6527=VECTOR('',#10731,1000.);
#6528=VECTOR('',#10734,1000.);
#6529=VECTOR('',#10735,1000.);
#6530=VECTOR('',#10736,1000.);
#6531=VECTOR('',#10739,1000.);
#6532=VECTOR('',#10740,1000.);
#6533=VECTOR('',#10741,1000.);
#6534=VECTOR('',#10742,1000.);
#6535=VECTOR('',#10745,1000.);
#6536=VECTOR('',#10746,1000.);
#6537=VECTOR('',#10747,1000.);
#6538=VECTOR('',#10750,1000.);
#6539=VECTOR('',#10751,1000.);
#6540=VECTOR('',#10754,1000.);
#6541=VECTOR('',#10755,1000.);
#6542=VECTOR('',#10758,1000.);
#6543=VECTOR('',#10759,1000.);
#6544=VECTOR('',#10760,1000.);
#6545=VECTOR('',#10763,1000.);
#6546=VECTOR('',#10766,1000.);
#6547=VECTOR('',#10767,1000.);
#6548=VECTOR('',#10770,1000.);
#6549=VECTOR('',#10773,1000.);
#6550=VECTOR('',#10774,1000.);
#6551=VECTOR('',#10775,1000.);
#6552=VECTOR('',#10776,1000.);
#6553=VECTOR('',#10777,1000.);
#6554=VECTOR('',#10778,1000.);
#6555=VECTOR('',#10781,1000.);
#6556=VECTOR('',#10782,1000.);
#6557=VECTOR('',#10783,1000.);
#6558=VECTOR('',#10784,1000.);
#6559=VECTOR('',#10787,1000.);
#6560=VECTOR('',#10788,1000.);
#6561=VECTOR('',#10791,1000.);
#6562=VECTOR('',#10794,1000.);
#6563=VECTOR('',#10795,1000.);
#6564=VECTOR('',#10796,1000.);
#6565=VECTOR('',#10797,1000.);
#6566=VECTOR('',#10798,1000.);
#6567=VECTOR('',#10799,1000.);
#6568=VECTOR('',#10802,1000.);
#6569=VECTOR('',#10803,1000.);
#6570=VECTOR('',#10806,1000.);
#6571=VECTOR('',#10807,1000.);
#6572=VECTOR('',#10814,1000.);
#6573=VECTOR('',#10817,1000.);
#6574=VECTOR('',#10820,1000.);
#6575=VECTOR('',#10821,1000.);
#6576=VECTOR('',#10824,1000.);
#6577=VECTOR('',#10835,1000.);
#6578=VECTOR('',#10836,1000.);
#6579=VECTOR('',#10839,1000.);
#6580=VECTOR('',#10840,1000.);
#6581=VECTOR('',#10843,1000.);
#6582=VECTOR('',#10846,1000.);
#6583=VECTOR('',#10847,1000.);
#6584=VECTOR('',#10850,1000.);
#6585=VECTOR('',#10851,1000.);
#6586=VECTOR('',#10854,1000.);
#6587=VECTOR('',#10867,1000.);
#6588=VECTOR('',#10868,1000.);
#6589=VECTOR('',#10869,1000.);
#6590=VECTOR('',#10870,1000.);
#6591=VECTOR('',#10873,1000.);
#6592=VECTOR('',#10874,1000.);
#6593=VECTOR('',#10877,1000.);
#6594=VECTOR('',#10878,1000.);
#6595=VECTOR('',#10881,1000.);
#6596=VECTOR('',#10884,1000.);
#6597=VECTOR('',#10885,1000.);
#6598=VECTOR('',#10886,1000.);
#6599=VECTOR('',#10893,1000.);
#6600=VECTOR('',#10894,1000.);
#6601=VECTOR('',#10899,1000.);
#6602=VECTOR('',#10902,1000.);
#6603=VECTOR('',#10905,1000.);
#6604=VECTOR('',#10910,1000.);
#6605=VECTOR('',#10911,1000.);
#6606=VECTOR('',#10912,1000.);
#6607=VECTOR('',#10915,1000.);
#6608=VECTOR('',#10916,1000.);
#6609=VECTOR('',#10917,1000.);
#6610=VECTOR('',#10922,1000.);
#6611=VECTOR('',#10927,1000.);
#6612=VECTOR('',#10928,1000.);
#6613=VECTOR('',#10929,1000.);
#6614=VECTOR('',#10934,1000.);
#6615=VECTOR('',#10937,1000.);
#6616=VECTOR('',#10938,1000.);
#6617=VECTOR('',#10941,1000.);
#6618=VECTOR('',#10942,1000.);
#6619=VECTOR('',#10945,1000.);
#6620=VECTOR('',#10954,1000.);
#6621=VECTOR('',#10955,1000.);
#6622=VECTOR('',#10958,1000.);
#6623=VECTOR('',#10961,1000.);
#6624=VECTOR('',#10966,1000.);
#6625=VECTOR('',#10967,1000.);
#6626=VECTOR('',#10970,1000.);
#6627=VECTOR('',#10973,1000.);
#6628=VECTOR('',#10978,1000.);
#6629=VECTOR('',#10981,1000.);
#6630=VECTOR('',#10982,1000.);
#6631=VECTOR('',#10985,1000.);
#6632=VECTOR('',#10986,1000.);
#6633=VECTOR('',#10993,1000.);
#6634=VECTOR('',#10996,1000.);
#6635=VECTOR('',#10999,1000.);
#6636=VECTOR('',#11000,1000.);
#6637=VECTOR('',#11003,1000.);
#6638=VECTOR('',#11014,1000.);
#6639=VECTOR('',#11015,1000.);
#6640=VECTOR('',#11018,1000.);
#6641=VECTOR('',#11019,1000.);
#6642=VECTOR('',#11022,1000.);
#6643=VECTOR('',#11025,1000.);
#6644=VECTOR('',#11026,1000.);
#6645=VECTOR('',#11029,1000.);
#6646=VECTOR('',#11030,1000.);
#6647=VECTOR('',#11033,1000.);
#6648=VECTOR('',#11046,1000.);
#6649=VECTOR('',#11047,1000.);
#6650=VECTOR('',#11050,1000.);
#6651=VECTOR('',#11051,1000.);
#6652=VECTOR('',#11054,1000.);
#6653=VECTOR('',#11061,1000.);
#6654=VECTOR('',#11066,1000.);
#6655=VECTOR('',#11069,1000.);
#6656=VECTOR('',#11072,1000.);
#6657=VECTOR('',#11075,1000.);
#6658=VECTOR('',#11082,1000.);
#6659=VECTOR('',#11083,1000.);
#6660=VECTOR('',#11086,1000.);
#6661=VECTOR('',#11089,1000.);
#6662=VECTOR('',#11094,1000.);
#6663=VECTOR('',#11095,1000.);
#6664=VECTOR('',#11098,1000.);
#6665=VECTOR('',#11101,1000.);
#6666=VECTOR('',#11106,1000.);
#6667=VECTOR('',#11107,1000.);
#6668=VECTOR('',#11110,1000.);
#6669=VECTOR('',#11111,1000.);
#6670=VECTOR('',#11118,1000.);
#6671=VECTOR('',#11121,1000.);
#6672=VECTOR('',#11124,1000.);
#6673=VECTOR('',#11125,1000.);
#6674=VECTOR('',#11128,1000.);
#6675=VECTOR('',#11139,1000.);
#6676=VECTOR('',#11140,1000.);
#6677=VECTOR('',#11143,1000.);
#6678=VECTOR('',#11144,1000.);
#6679=VECTOR('',#11147,1000.);
#6680=VECTOR('',#11150,1000.);
#6681=VECTOR('',#11151,1000.);
#6682=VECTOR('',#11154,1000.);
#6683=VECTOR('',#11155,1000.);
#6684=VECTOR('',#11158,1000.);
#6685=VECTOR('',#11171,1000.);
#6686=VECTOR('',#11172,1000.);
#6687=VECTOR('',#11175,1000.);
#6688=VECTOR('',#11176,1000.);
#6689=VECTOR('',#11179,1000.);
#6690=VECTOR('',#11182,1000.);
#6691=VECTOR('',#11183,1000.);
#6692=VECTOR('',#11184,1000.);
#6693=VECTOR('',#11189,1000.);
#6694=VECTOR('',#11192,1000.);
#6695=VECTOR('',#11193,1000.);
#6696=VECTOR('',#11198,1000.);
#6697=VECTOR('',#11201,1000.);
#6698=VECTOR('',#11210,1000.);
#6699=VECTOR('',#11211,1000.);
#6700=VECTOR('',#11214,1000.);
#6701=VECTOR('',#11217,1000.);
#6702=VECTOR('',#11222,1000.);
#6703=VECTOR('',#11223,1000.);
#6704=VECTOR('',#11226,1000.);
#6705=VECTOR('',#11229,1000.);
#6706=VECTOR('',#11234,1000.);
#6707=VECTOR('',#11235,1000.);
#6708=VECTOR('',#11236,1000.);
#6709=VECTOR('',#11239,1000.);
#6710=VECTOR('',#11244,1000.);
#6711=VECTOR('',#11249,1000.);
#6712=VECTOR('',#11252,1000.);
#6713=VECTOR('',#11257,1000.);
#6714=VECTOR('',#11258,1000.);
#6715=VECTOR('',#11259,1000.);
#6716=VECTOR('',#11262,1000.);
#6717=VECTOR('',#11263,1000.);
#6718=VECTOR('',#11264,1000.);
#6719=VECTOR('',#11265,1000.);
#6720=VECTOR('',#11268,1000.);
#6721=VECTOR('',#11269,1000.);
#6722=VECTOR('',#11270,1000.);
#6723=VECTOR('',#11271,1000.);
#6724=VECTOR('',#11274,1000.);
#6725=VECTOR('',#11275,1000.);
#6726=VECTOR('',#11276,1000.);
#6727=VECTOR('',#11277,1000.);
#6728=VECTOR('',#11280,1000.);
#6729=VECTOR('',#11281,1000.);
#6730=VECTOR('',#11282,1000.);
#6731=VECTOR('',#11283,1000.);
#6732=VECTOR('',#11286,1000.);
#6733=VECTOR('',#11287,1000.);
#6734=VECTOR('',#11288,1000.);
#6735=VECTOR('',#11289,1000.);
#6736=VECTOR('',#11332,1000.);
#6737=VECTOR('',#11333,1000.);
#6738=VECTOR('',#11334,1000.);
#6739=VECTOR('',#11337,1000.);
#6740=VECTOR('',#11338,1000.);
#6741=VECTOR('',#11341,1000.);
#6742=VECTOR('',#11346,1000.);
#6743=VECTOR('',#11347,1000.);
#6744=VECTOR('',#11358,1000.);
#6745=VECTOR('',#11359,1000.);
#6746=VECTOR('',#11360,1000.);
#6747=VECTOR('',#11363,1000.);
#6748=VECTOR('',#11368,1000.);
#6749=VECTOR('',#11373,1000.);
#6750=VECTOR('',#11374,1000.);
#6751=VECTOR('',#11375,1000.);
#6752=VECTOR('',#11378,1000.);
#6753=VECTOR('',#11379,1000.);
#6754=VECTOR('',#11382,1000.);
#6755=VECTOR('',#11387,1000.);
#6756=VECTOR('',#11388,1000.);
#6757=VECTOR('',#11397,1000.);
#6758=VECTOR('',#11400,1000.);
#6759=VECTOR('',#11405,1000.);
#6760=VECTOR('',#11406,1000.);
#6761=VECTOR('',#11407,1000.);
#6762=VECTOR('',#11410,1000.);
#6763=VECTOR('',#11411,1000.);
#6764=VECTOR('',#11412,1000.);
#6765=VECTOR('',#11413,1000.);
#6766=VECTOR('',#11416,1000.);
#6767=VECTOR('',#11417,1000.);
#6768=VECTOR('',#11418,1000.);
#6769=VECTOR('',#11419,1000.);
#6770=VECTOR('',#11422,1000.);
#6771=VECTOR('',#11423,1000.);
#6772=VECTOR('',#11424,1000.);
#6773=VECTOR('',#11425,1000.);
#6774=VECTOR('',#11428,1000.);
#6775=VECTOR('',#11429,1000.);
#6776=VECTOR('',#11430,1000.);
#6777=VECTOR('',#11431,1000.);
#6778=VECTOR('',#11434,1000.);
#6779=VECTOR('',#11435,1000.);
#6780=VECTOR('',#11436,1000.);
#6781=VECTOR('',#11437,1000.);
#6782=VECTOR('',#11482,1000.);
#6783=VECTOR('',#11483,1000.);
#6784=VECTOR('',#11484,1000.);
#6785=VECTOR('',#11485,1000.);
#6786=VECTOR('',#11490,1000.);
#6787=VECTOR('',#11491,1000.);
#6788=VECTOR('',#11492,1000.);
#6789=VECTOR('',#11493,1000.);
#6790=VECTOR('',#11494,1000.);
#6791=VECTOR('',#11495,1000.);
#6792=VECTOR('',#11496,1000.);
#6793=VECTOR('',#11497,1000.);
#6794=VECTOR('',#11502,1000.);
#6795=VECTOR('',#11503,1000.);
#6796=VECTOR('',#11506,1000.);
#6797=VECTOR('',#11509,1000.);
#6798=VECTOR('',#11512,1000.);
#6799=VECTOR('',#11513,1000.);
#6800=VECTOR('',#11514,1000.);
#6801=VECTOR('',#11515,1000.);
#6802=VECTOR('',#11516,1000.);
#6803=VECTOR('',#11517,1000.);
#6804=VECTOR('',#11520,1000.);
#6805=VECTOR('',#11521,1000.);
#6806=VECTOR('',#11522,1000.);
#6807=VECTOR('',#11523,1000.);
#6808=VECTOR('',#11526,1000.);
#6809=VECTOR('',#11527,1000.);
#6810=VECTOR('',#11528,1000.);
#6811=VECTOR('',#11529,1000.);
#6812=VECTOR('',#11532,1000.);
#6813=VECTOR('',#11533,1000.);
#6814=VECTOR('',#11554,1000.);
#6815=VECTOR('',#11555,1000.);
#6816=VECTOR('',#11556,1000.);
#6817=VECTOR('',#11557,1000.);
#6818=VECTOR('',#11558,1000.);
#6819=VECTOR('',#11559,1000.);
#6820=VECTOR('',#11564,1000.);
#6821=VECTOR('',#11569,1000.);
#6822=VECTOR('',#11570,1000.);
#6823=VECTOR('',#11571,1000.);
#6824=VECTOR('',#11576,1000.);
#6825=VECTOR('',#11581,1000.);
#6826=VECTOR('',#11582,1000.);
#6827=VECTOR('',#11583,1000.);
#6828=VECTOR('',#11584,1000.);
#6829=VECTOR('',#11585,1000.);
#6830=VECTOR('',#11586,1000.);
#6831=VECTOR('',#11593,1000.);
#6832=VECTOR('',#11596,1000.);
#6833=VECTOR('',#11597,1000.);
#6834=VECTOR('',#11598,1000.);
#6835=VECTOR('',#11605,1000.);
#6836=VECTOR('',#11608,1000.);
#6837=VECTOR('',#11609,1000.);
#6838=VECTOR('',#11612,1000.);
#6839=VECTOR('',#11613,1000.);
#6840=VECTOR('',#11614,1000.);
#6841=VECTOR('',#11617,1000.);
#6842=VECTOR('',#11620,1000.);
#6843=VECTOR('',#11623,1000.);
#6844=VECTOR('',#11628,1000.);
#6845=VECTOR('',#11629,1000.);
#6846=VECTOR('',#11630,1000.);
#6847=VECTOR('',#11635,1000.);
#6848=VECTOR('',#11640,1000.);
#6849=VECTOR('',#11641,1000.);
#6850=VECTOR('',#11642,1000.);
#6851=VECTOR('',#11643,1000.);
#6852=VECTOR('',#11644,1000.);
#6853=VECTOR('',#11649,1000.);
#6854=VECTOR('',#11652,1000.);
#6855=VECTOR('',#11655,1000.);
#6856=VECTOR('',#11656,1000.);
#6857=VECTOR('',#11657,1000.);
#6858=VECTOR('',#11664,1000.);
#6859=VECTOR('',#11667,1000.);
#6860=VECTOR('',#11668,1000.);
#6861=VECTOR('',#11669,1000.);
#6862=VECTOR('',#11670,1000.);
#6863=VECTOR('',#11671,1000.);
#6864=VECTOR('',#11674,1000.);
#6865=VECTOR('',#11677,1000.);
#6866=VECTOR('',#11680,1000.);
#6867=VECTOR('',#11683,1000.);
#6868=VECTOR('',#11686,1000.);
#6869=VECTOR('',#11687,1000.);
#6870=VECTOR('',#11692,1000.);
#6871=VECTOR('',#11693,1000.);
#6872=VECTOR('',#11694,1000.);
#6873=VECTOR('',#11697,1000.);
#6874=VECTOR('',#11700,1000.);
#6875=VECTOR('',#11703,1000.);
#6876=VECTOR('',#11708,1000.);
#6877=VECTOR('',#11709,1000.);
#6878=VECTOR('',#11710,1000.);
#6879=VECTOR('',#11713,1000.);
#6880=VECTOR('',#11714,1000.);
#6881=VECTOR('',#11715,1000.);
#6882=VECTOR('',#11718,1000.);
#6883=VECTOR('',#11719,1000.);
#6884=VECTOR('',#11722,1000.);
#6885=VECTOR('',#11723,1000.);
#6886=VECTOR('',#11724,1000.);
#6887=VECTOR('',#11727,1000.);
#6888=VECTOR('',#11728,1000.);
#6889=VECTOR('',#11729,1000.);
#6890=VECTOR('',#11742,1000.);
#6891=VECTOR('',#11745,1000.);
#6892=VECTOR('',#11746,1000.);
#6893=VECTOR('',#11749,1000.);
#6894=VECTOR('',#11764,1000.);
#6895=VECTOR('',#11765,1000.);
#6896=VECTOR('',#11766,1000.);
#6897=VECTOR('',#11767,1000.);
#6898=VECTOR('',#11770,1000.);
#6899=VECTOR('',#11771,1000.);
#6900=VECTOR('',#11772,1000.);
#6901=VECTOR('',#11785,1000.);
#6902=VECTOR('',#11788,1000.);
#6903=VECTOR('',#11789,1000.);
#6904=VECTOR('',#11790,1000.);
#6905=VECTOR('',#11793,1000.);
#6906=VECTOR('',#11808,1000.);
#6907=VECTOR('',#11809,1000.);
#6908=VECTOR('',#11812,1000.);
#6909=VECTOR('',#11813,1000.);
#6910=VECTOR('',#11814,1000.);
#6911=VECTOR('',#11815,1000.);
#6912=VECTOR('',#11822,1000.);
#6913=VECTOR('',#11825,1000.);
#6914=VECTOR('',#11828,1000.);
#6915=VECTOR('',#11831,1000.);
#6916=VECTOR('',#11834,1000.);
#6917=VECTOR('',#11837,1000.);
#6918=VECTOR('',#11840,1000.);
#6919=VECTOR('',#11843,1000.);
#6920=VECTOR('',#11848,1000.);
#6921=VECTOR('',#11853,1000.);
#6922=VECTOR('',#11856,1000.);
#6923=VECTOR('',#11859,1000.);
#6924=VECTOR('',#11862,1000.);
#6925=VECTOR('',#11865,1000.);
#6926=VECTOR('',#11870,1000.);
#6927=VECTOR('',#11871,1000.);
#6928=VECTOR('',#11872,1000.);
#6929=VECTOR('',#11873,1000.);
#6930=VECTOR('',#11874,1000.);
#6931=VECTOR('',#11875,1000.);
#6932=VECTOR('',#11878,1000.);
#6933=VECTOR('',#11879,1000.);
#6934=VECTOR('',#11880,1000.);
#6935=VECTOR('',#11881,1000.);
#6936=VECTOR('',#11882,1000.);
#6937=VECTOR('',#11883,1000.);
#6938=VECTOR('',#11892,1000.);
#6939=VECTOR('',#11895,1000.);
#6940=VECTOR('',#11900,1000.);
#6941=VECTOR('',#11901,1000.);
#6942=VECTOR('',#11908,1000.);
#6943=VECTOR('',#11909,1000.);
#6944=VECTOR('',#11912,1000.);
#6945=VECTOR('',#11913,1000.);
#6946=VECTOR('',#11920,1000.);
#6947=VECTOR('',#11921,1000.);
#6948=VECTOR('',#11924,1000.);
#6949=VECTOR('',#11929,1000.);
#6950=VECTOR('',#11936,1000.);
#6951=VECTOR('',#11939,1000.);
#6952=VECTOR('',#11940,1000.);
#6953=VECTOR('',#11941,1000.);
#6954=VECTOR('',#11944,1000.);
#6955=VECTOR('',#11945,1000.);
#6956=VECTOR('',#11946,1000.);
#6957=VECTOR('',#11947,1000.);
#6958=VECTOR('',#11952,1000.);
#6959=VECTOR('',#11955,1000.);
#6960=VECTOR('',#11956,1000.);
#6961=VECTOR('',#11957,1000.);
#6962=VECTOR('',#11962,1000.);
#6963=VECTOR('',#11977,1000.);
#6964=VECTOR('',#11986,1000.);
#6965=VECTOR('',#11989,1000.);
#6966=VECTOR('',#11992,1000.);
#6967=VECTOR('',#11995,1000.);
#6968=VECTOR('',#12008,1000.);
#6969=VECTOR('',#12011,1000.);
#6970=VECTOR('',#12012,1000.);
#6971=VECTOR('',#12013,1000.);
#6972=VECTOR('',#12018,1000.);
#6973=VECTOR('',#12021,1000.);
#6974=VECTOR('',#12022,1000.);
#6975=VECTOR('',#12023,1000.);
#6976=VECTOR('',#12026,1000.);
#6977=VECTOR('',#12027,1000.);
#6978=VECTOR('',#12028,1000.);
#6979=VECTOR('',#12029,1000.);
#6980=VECTOR('',#12034,1000.);
#6981=VECTOR('',#12049,1000.);
#6982=VECTOR('',#12058,1000.);
#6983=VECTOR('',#12061,1000.);
#6984=VECTOR('',#12064,1000.);
#6985=VECTOR('',#12067,1000.);
#6986=VECTOR('',#12088,1000.);
#6987=VECTOR('',#12091,1000.);
#6988=VECTOR('',#12094,1000.);
#6989=VECTOR('',#12097,1000.);
#6990=VECTOR('',#12100,1000.);
#6991=VECTOR('',#12105,1000.);
#6992=VECTOR('',#12126,1000.);
#6993=VECTOR('',#12129,1000.);
#6994=VECTOR('',#12156,1000.);
#6995=VECTOR('',#12157,1000.);
#6996=VECTOR('',#12158,1000.);
#6997=VECTOR('',#12159,1000.);
#6998=VECTOR('',#12160,1000.);
#6999=VECTOR('',#12161,1000.);
#7000=VECTOR('',#12162,1000.);
#7001=VECTOR('',#12163,1000.);
#7002=VECTOR('',#12166,1000.);
#7003=VECTOR('',#12167,1000.);
#7004=VECTOR('',#12168,1000.);
#7005=VECTOR('',#12171,1000.);
#7006=VECTOR('',#12172,1000.);
#7007=VECTOR('',#12173,1000.);
#7008=VECTOR('',#12176,1000.);
#7009=VECTOR('',#12177,1000.);
#7010=VECTOR('',#12178,1000.);
#7011=VECTOR('',#12179,1000.);
#7012=VECTOR('',#12180,1000.);
#7013=VECTOR('',#12181,1000.);
#7014=VECTOR('',#12182,1000.);
#7015=VECTOR('',#12183,1000.);
#7016=VECTOR('',#12184,1000.);
#7017=VECTOR('',#12185,1000.);
#7018=VECTOR('',#12186,1000.);
#7019=VECTOR('',#12187,1000.);
#7020=VECTOR('',#12188,1000.);
#7021=VECTOR('',#12189,1000.);
#7022=VECTOR('',#12190,1000.);
#7023=VECTOR('',#12191,1000.);
#7024=VECTOR('',#12192,1000.);
#7025=VECTOR('',#12193,1000.);
#7026=VECTOR('',#12194,1000.);
#7027=VECTOR('',#12195,1000.);
#7028=VECTOR('',#12196,1000.);
#7029=VECTOR('',#12197,1000.);
#7030=VECTOR('',#12198,1000.);
#7031=VECTOR('',#12199,1000.);
#7032=VECTOR('',#12200,1000.);
#7033=VECTOR('',#12201,1000.);
#7034=VECTOR('',#12202,1000.);
#7035=VECTOR('',#12203,1000.);
#7036=VECTOR('',#12204,1000.);
#7037=VECTOR('',#12205,1000.);
#7038=VECTOR('',#12206,1000.);
#7039=VECTOR('',#12207,1000.);
#7040=VECTOR('',#12208,1000.);
#7041=VECTOR('',#12209,1000.);
#7042=VECTOR('',#12210,1000.);
#7043=VECTOR('',#12211,1000.);
#7044=VECTOR('',#12212,1000.);
#7045=VECTOR('',#12213,1000.);
#7046=VECTOR('',#12214,1000.);
#7047=VECTOR('',#12215,1000.);
#7048=VECTOR('',#12216,1000.);
#7049=VECTOR('',#12217,1000.);
#7050=VECTOR('',#12218,1000.);
#7051=VECTOR('',#12219,1000.);
#7052=VECTOR('',#12220,1000.);
#7053=VECTOR('',#12221,1000.);
#7054=VECTOR('',#12222,1000.);
#7055=VECTOR('',#12223,1000.);
#7056=VECTOR('',#12224,1000.);
#7057=VECTOR('',#12225,1000.);
#7058=VECTOR('',#12226,1000.);
#7059=VECTOR('',#12227,1000.);
#7060=VECTOR('',#12228,1000.);
#7061=VECTOR('',#12229,1000.);
#7062=VECTOR('',#12230,1000.);
#7063=VECTOR('',#12231,1000.);
#7064=VECTOR('',#12232,1000.);
#7065=VECTOR('',#12233,1000.);
#7066=VECTOR('',#12236,1000.);
#7067=VECTOR('',#12237,1000.);
#7068=VECTOR('',#12238,1000.);
#7069=VECTOR('',#12239,1000.);
#7070=VECTOR('',#12240,1000.);
#7071=VECTOR('',#12241,1000.);
#7072=VECTOR('',#12242,1000.);
#7073=VECTOR('',#12243,1000.);
#7074=VECTOR('',#12244,1000.);
#7075=VECTOR('',#12245,1000.);
#7076=VECTOR('',#12246,1000.);
#7077=VECTOR('',#12247,1000.);
#7078=VECTOR('',#12248,1000.);
#7079=VECTOR('',#12249,1000.);
#7080=VECTOR('',#12250,1000.);
#7081=VECTOR('',#12251,1000.);
#7082=VECTOR('',#12252,1000.);
#7083=VECTOR('',#12253,1000.);
#7084=VECTOR('',#12254,1000.);
#7085=VECTOR('',#12255,1000.);
#7086=VECTOR('',#12256,1000.);
#7087=VECTOR('',#12259,1000.);
#7088=VECTOR('',#12260,1000.);
#7089=VECTOR('',#12261,1000.);
#7090=VECTOR('',#12262,1000.);
#7091=VECTOR('',#12263,1000.);
#7092=VECTOR('',#12264,1000.);
#7093=VECTOR('',#12265,1000.);
#7094=VECTOR('',#12266,1000.);
#7095=VECTOR('',#12267,1000.);
#7096=VECTOR('',#12268,1000.);
#7097=VECTOR('',#12269,1000.);
#7098=VECTOR('',#12270,1000.);
#7099=VECTOR('',#12271,1000.);
#7100=VECTOR('',#12272,1000.);
#7101=VECTOR('',#12273,1000.);
#7102=VECTOR('',#12276,1000.);
#7103=VECTOR('',#12277,1000.);
#7104=VECTOR('',#12278,1000.);
#7105=VECTOR('',#12279,1000.);
#7106=VECTOR('',#12282,1000.);
#7107=VECTOR('',#12283,1000.);
#7108=VECTOR('',#12284,1000.);
#7109=VECTOR('',#12285,1000.);
#7110=VECTOR('',#12288,1000.);
#7111=VECTOR('',#12289,1000.);
#7112=VECTOR('',#12290,1000.);
#7113=VECTOR('',#12291,1000.);
#7114=VECTOR('',#12292,1000.);
#7115=VECTOR('',#12293,1000.);
#7116=VECTOR('',#12294,1000.);
#7117=VECTOR('',#12295,1000.);
#7118=VECTOR('',#12298,1000.);
#7119=VECTOR('',#12299,1000.);
#7120=VECTOR('',#12302,1000.);
#7121=VECTOR('',#12303,1000.);
#7122=VECTOR('',#12306,1000.);
#7123=VECTOR('',#12307,1000.);
#7124=VECTOR('',#12308,1000.);
#7125=VECTOR('',#12309,1000.);
#7126=VECTOR('',#12310,1000.);
#7127=VECTOR('',#12311,1000.);
#7128=VECTOR('',#12312,1000.);
#7129=VECTOR('',#12313,1000.);
#7130=VECTOR('',#12314,1000.);
#7131=VECTOR('',#12315,1000.);
#7132=VECTOR('',#12316,1000.);
#7133=VECTOR('',#12317,1000.);
#7134=VECTOR('',#12318,1000.);
#7135=VECTOR('',#12321,1000.);
#7136=VECTOR('',#12322,1000.);
#7137=VECTOR('',#12323,1000.);
#7138=VECTOR('',#12326,1000.);
#7139=VECTOR('',#12327,1000.);
#7140=VECTOR('',#12328,1000.);
#7141=VECTOR('',#12331,1000.);
#7142=VECTOR('',#12332,1000.);
#7143=VECTOR('',#12333,1000.);
#7144=VECTOR('',#12336,1000.);
#7145=VECTOR('',#12337,1000.);
#7146=VECTOR('',#12338,1000.);
#7147=VECTOR('',#12341,1000.);
#7148=VECTOR('',#12342,1000.);
#7149=VECTOR('',#12343,1000.);
#7150=VECTOR('',#12344,1000.);
#7151=VECTOR('',#12345,1000.);
#7152=VECTOR('',#12346,1000.);
#7153=VECTOR('',#12347,1000.);
#7154=VECTOR('',#12348,1000.);
#7155=VECTOR('',#12351,1000.);
#7156=VECTOR('',#12352,1000.);
#7157=VECTOR('',#12355,1000.);
#7158=VECTOR('',#12356,1000.);
#7159=VECTOR('',#12359,1000.);
#7160=VECTOR('',#12360,1000.);
#7161=VECTOR('',#12367,1000.);
#7162=VECTOR('',#12368,1000.);
#7163=VECTOR('',#12369,1000.);
#7164=VECTOR('',#12372,1000.);
#7165=VECTOR('',#12373,1000.);
#7166=VECTOR('',#12374,1000.);
#7167=VECTOR('',#12377,1000.);
#7168=VECTOR('',#12378,1000.);
#7169=VECTOR('',#12385,1000.);
#7170=VECTOR('',#12386,1000.);
#7171=VECTOR('',#12387,1000.);
#7172=VECTOR('',#12390,1000.);
#7173=VECTOR('',#12391,1000.);
#7174=VECTOR('',#12398,1000.);
#7175=VECTOR('',#12399,1000.);
#7176=VECTOR('',#12400,1000.);
#7177=VECTOR('',#12403,1000.);
#7178=VECTOR('',#12404,1000.);
#7179=VECTOR('',#12405,1000.);
#7180=VECTOR('',#12408,1000.);
#7181=VECTOR('',#12409,1000.);
#7182=VECTOR('',#12416,1000.);
#7183=VECTOR('',#12419,1000.);
#7184=VECTOR('',#12420,1000.);
#7185=VECTOR('',#12423,1000.);
#7186=VECTOR('',#12424,1000.);
#7187=VECTOR('',#12425,1000.);
#7188=VECTOR('',#12434,1000.);
#7189=VECTOR('',#12437,1000.);
#7190=VECTOR('',#12442,1000.);
#7191=VECTOR('',#12443,1000.);
#7192=VECTOR('',#12444,1000.);
#7193=VECTOR('',#12447,1000.);
#7194=VECTOR('',#12448,1000.);
#7195=VECTOR('',#12449,1000.);
#7196=VECTOR('',#12452,1000.);
#7197=VECTOR('',#12455,1000.);
#7198=VECTOR('',#12458,1000.);
#7199=VECTOR('',#12459,1000.);
#7200=VECTOR('',#12460,1000.);
#7201=VECTOR('',#12463,1000.);
#7202=VECTOR('',#12464,1000.);
#7203=VECTOR('',#12467,1000.);
#7204=VECTOR('',#12468,1000.);
#7205=VECTOR('',#12471,1000.);
#7206=VECTOR('',#12478,1000.);
#7207=VECTOR('',#12479,1000.);
#7208=VECTOR('',#12480,1000.);
#7209=VECTOR('',#12483,1000.);
#7210=VECTOR('',#12484,1000.);
#7211=VECTOR('',#12491,1000.);
#7212=VECTOR('',#12492,1000.);
#7213=VECTOR('',#12493,1000.);
#7214=VECTOR('',#12496,1000.);
#7215=VECTOR('',#12497,1000.);
#7216=VECTOR('',#12498,1000.);
#7217=VECTOR('',#12501,1000.);
#7218=VECTOR('',#12502,1000.);
#7219=VECTOR('',#12509,1000.);
#7220=VECTOR('',#12512,1000.);
#7221=VECTOR('',#12513,1000.);
#7222=VECTOR('',#12516,1000.);
#7223=VECTOR('',#12517,1000.);
#7224=VECTOR('',#12518,1000.);
#7225=VECTOR('',#12527,1000.);
#7226=VECTOR('',#12528,1000.);
#7227=VECTOR('',#12529,1000.);
#7228=VECTOR('',#12532,1000.);
#7229=VECTOR('',#12533,1000.);
#7230=VECTOR('',#12534,1000.);
#7231=VECTOR('',#12537,1000.);
#7232=VECTOR('',#12540,1000.);
#7233=VECTOR('',#12543,1000.);
#7234=VECTOR('',#12544,1000.);
#7235=VECTOR('',#12545,1000.);
#7236=VECTOR('',#12548,1000.);
#7237=VECTOR('',#12549,1000.);
#7238=VECTOR('',#12552,1000.);
#7239=VECTOR('',#12553,1000.);
#7240=VECTOR('',#12556,1000.);
#7241=VECTOR('',#12559,1000.);
#7242=VECTOR('',#12560,1000.);
#7243=VECTOR('',#12561,1000.);
#7244=VECTOR('',#12564,1000.);
#7245=VECTOR('',#12565,1000.);
#7246=VECTOR('',#12566,1000.);
#7247=VECTOR('',#12569,1000.);
#7248=VECTOR('',#12570,1000.);
#7249=VECTOR('',#12577,1000.);
#7250=VECTOR('',#12578,1000.);
#7251=VECTOR('',#12579,1000.);
#7252=VECTOR('',#12582,1000.);
#7253=VECTOR('',#12583,1000.);
#7254=VECTOR('',#12590,1000.);
#7255=VECTOR('',#12591,1000.);
#7256=VECTOR('',#12592,1000.);
#7257=VECTOR('',#12595,1000.);
#7258=VECTOR('',#12596,1000.);
#7259=VECTOR('',#12597,1000.);
#7260=VECTOR('',#12600,1000.);
#7261=VECTOR('',#12601,1000.);
#7262=VECTOR('',#12608,1000.);
#7263=VECTOR('',#12609,1000.);
#7264=VECTOR('',#12610,1000.);
#7265=VECTOR('',#12613,1000.);
#7266=VECTOR('',#12614,1000.);
#7267=VECTOR('',#12615,1000.);
#7268=VECTOR('',#12626,1000.);
#7269=VECTOR('',#12629,1000.);
#7270=VECTOR('',#12634,1000.);
#7271=VECTOR('',#12635,1000.);
#7272=VECTOR('',#12636,1000.);
#7273=VECTOR('',#12639,1000.);
#7274=VECTOR('',#12640,1000.);
#7275=VECTOR('',#12643,1000.);
#7276=VECTOR('',#12644,1000.);
#7277=VECTOR('',#12647,1000.);
#7278=VECTOR('',#12650,1000.);
#7279=VECTOR('',#12651,1000.);
#7280=VECTOR('',#12652,1000.);
#7281=VECTOR('',#12655,1000.);
#7282=VECTOR('',#12656,1000.);
#7283=VECTOR('',#12659,1000.);
#7284=VECTOR('',#12660,1000.);
#7285=VECTOR('',#12663,1000.);
#7286=VECTOR('',#12670,1000.);
#7287=VECTOR('',#12673,1000.);
#7288=EDGE_LOOP('',(#355,#356,#357,#358,#359,#360,#361,#362,#363,#364,#365,
#366,#367,#368,#369,#370,#371,#372,#373,#374));
#7289=EDGE_LOOP('',(#375,#376,#377,#378,#379,#380));
#7290=EDGE_LOOP('',(#381,#382,#383,#384,#385,#386,#387,#388,#389,#390,#391,
#392,#393));
#7291=EDGE_LOOP('',(#394,#395,#396,#397,#398,#399,#400,#401,#402,#403,#404,
#405,#406));
#7292=EDGE_LOOP('',(#407,#408,#409,#410,#411,#412));
#7293=EDGE_LOOP('',(#413,#414,#415,#416));
#7294=EDGE_LOOP('',(#417,#418,#419,#420,#421,#422));
#7295=EDGE_LOOP('',(#423,#424,#425,#426,#427,#428));
#7296=EDGE_LOOP('',(#429,#430,#431,#432));
#7297=EDGE_LOOP('',(#433,#434,#435,#436,#437));
#7298=EDGE_LOOP('',(#438,#439,#440,#441,#442,#443,#444,#445,#446,#447,#448,
#449,#450));
#7299=EDGE_LOOP('',(#451,#452,#453,#454,#455,#456,#457,#458,#459,#460,#461,
#462,#463));
#7300=EDGE_LOOP('',(#464,#465,#466,#467,#468,#469));
#7301=EDGE_LOOP('',(#470,#471,#472,#473));
#7302=EDGE_LOOP('',(#474,#475,#476,#477,#478,#479));
#7303=EDGE_LOOP('',(#480,#481,#482,#483,#484,#485,#486));
#7304=EDGE_LOOP('',(#487));
#7305=EDGE_LOOP('',(#488));
#7306=EDGE_LOOP('',(#489));
#7307=EDGE_LOOP('',(#490,#491,#492,#493));
#7308=EDGE_LOOP('',(#494,#495,#496,#497));
#7309=EDGE_LOOP('',(#498,#499,#500,#501));
#7310=EDGE_LOOP('',(#502,#503,#504,#505));
#7311=EDGE_LOOP('',(#506,#507,#508,#509));
#7312=EDGE_LOOP('',(#510,#511,#512,#513));
#7313=EDGE_LOOP('',(#514,#515,#516,#517));
#7314=EDGE_LOOP('',(#518,#519,#520,#521));
#7315=EDGE_LOOP('',(#522,#523,#524,#525,#526,#527,#528,#529,#530,#531,#532,
#533,#534,#535));
#7316=EDGE_LOOP('',(#536,#537,#538,#539));
#7317=EDGE_LOOP('',(#540,#541,#542,#543));
#7318=EDGE_LOOP('',(#544,#545,#546,#547));
#7319=EDGE_LOOP('',(#548,#549,#550,#551,#552,#553,#554,#555,#556,#557,#558,
#559,#560,#561,#562,#563));
#7320=EDGE_LOOP('',(#564,#565,#566,#567));
#7321=EDGE_LOOP('',(#568,#569,#570,#571));
#7322=EDGE_LOOP('',(#572,#573,#574,#575));
#7323=EDGE_LOOP('',(#576,#577,#578,#579,#580,#581,#582,#583));
#7324=EDGE_LOOP('',(#584));
#7325=EDGE_LOOP('',(#585));
#7326=EDGE_LOOP('',(#586));
#7327=EDGE_LOOP('',(#587,#588,#589,#590,#591));
#7328=EDGE_LOOP('',(#592,#593,#594,#595,#596));
#7329=EDGE_LOOP('',(#597));
#7330=EDGE_LOOP('',(#598));
#7331=EDGE_LOOP('',(#599));
#7332=EDGE_LOOP('',(#600,#601,#602,#603,#604,#605,#606,#607,#608,#609,#610,
#611,#612,#613,#614,#615,#616,#617,#618,#619,#620,#621));
#7333=EDGE_LOOP('',(#622,#623,#624,#625,#626,#627,#628));
#7334=EDGE_LOOP('',(#629,#630,#631,#632,#633));
#7335=EDGE_LOOP('',(#634));
#7336=EDGE_LOOP('',(#635,#636,#637,#638,#639,#640,#641,#642,#643,#644,#645,
#646,#647,#648,#649,#650));
#7337=EDGE_LOOP('',(#651,#652,#653,#654));
#7338=EDGE_LOOP('',(#655,#656,#657,#658));
#7339=EDGE_LOOP('',(#659,#660,#661,#662));
#7340=EDGE_LOOP('',(#663,#664,#665,#666));
#7341=EDGE_LOOP('',(#667,#668,#669,#670));
#7342=EDGE_LOOP('',(#671,#672,#673,#674));
#7343=EDGE_LOOP('',(#675,#676,#677,#678));
#7344=EDGE_LOOP('',(#679,#680,#681,#682,#683,#684,#685,#686));
#7345=EDGE_LOOP('',(#687));
#7346=EDGE_LOOP('',(#688));
#7347=EDGE_LOOP('',(#689));
#7348=EDGE_LOOP('',(#690,#691,#692,#693,#694));
#7349=EDGE_LOOP('',(#695));
#7350=EDGE_LOOP('',(#696,#697,#698,#699,#700,#701,#702,#703,#704,#705,#706,
#707,#708,#709,#710,#711));
#7351=EDGE_LOOP('',(#712,#713,#714,#715));
#7352=EDGE_LOOP('',(#716,#717,#718,#719));
#7353=EDGE_LOOP('',(#720,#721,#722,#723));
#7354=EDGE_LOOP('',(#724,#725,#726,#727));
#7355=EDGE_LOOP('',(#728,#729,#730,#731));
#7356=EDGE_LOOP('',(#732,#733,#734,#735));
#7357=EDGE_LOOP('',(#736,#737,#738,#739,#740,#741,#742,#743));
#7358=EDGE_LOOP('',(#744));
#7359=EDGE_LOOP('',(#745));
#7360=EDGE_LOOP('',(#746));
#7361=EDGE_LOOP('',(#747,#748,#749,#750,#751,#752,#753,#754,#755,#756,#757,
#758,#759,#760,#761,#762));
#7362=EDGE_LOOP('',(#763,#764,#765,#766));
#7363=EDGE_LOOP('',(#767));
#7364=EDGE_LOOP('',(#768,#769,#770,#771,#772,#773,#774,#775,#776,#777,#778,
#779,#780,#781,#782,#783));
#7365=EDGE_LOOP('',(#784,#785,#786,#787,#788,#789,#790,#791,#792,#793,#794,
#795,#796,#797,#798,#799));
#7366=EDGE_LOOP('',(#800,#801,#802,#803));
#7367=EDGE_LOOP('',(#804,#805,#806,#807));
#7368=EDGE_LOOP('',(#808,#809,#810,#811));
#7369=EDGE_LOOP('',(#812,#813,#814,#815));
#7370=EDGE_LOOP('',(#816,#817,#818,#819));
#7371=EDGE_LOOP('',(#820,#821,#822,#823));
#7372=EDGE_LOOP('',(#824,#825,#826,#827));
#7373=EDGE_LOOP('',(#828,#829,#830,#831,#832,#833,#834,#835));
#7374=EDGE_LOOP('',(#836,#837,#838,#839));
#7375=EDGE_LOOP('',(#840,#841,#842,#843,#844,#845,#846,#847));
#7376=EDGE_LOOP('',(#848,#849,#850,#851,#852,#853,#854,#855,#856,#857));
#7377=EDGE_LOOP('',(#858,#859,#860,#861));
#7378=EDGE_LOOP('',(#862,#863,#864,#865));
#7379=EDGE_LOOP('',(#866,#867,#868,#869,#870,#871,#872,#873,#874,#875,#876,
#877,#878,#879,#880,#881));
#7380=EDGE_LOOP('',(#882,#883,#884,#885,#886,#887));
#7381=EDGE_LOOP('',(#888,#889,#890,#891,#892,#893));
#7382=EDGE_LOOP('',(#894,#895,#896,#897,#898,#899,#900,#901));
#7383=EDGE_LOOP('',(#902,#903,#904,#905));
#7384=EDGE_LOOP('',(#906,#907,#908,#909));
#7385=EDGE_LOOP('',(#910,#911,#912,#913));
#7386=EDGE_LOOP('',(#914,#915,#916,#917));
#7387=EDGE_LOOP('',(#918,#919,#920,#921));
#7388=EDGE_LOOP('',(#922,#923,#924,#925));
#7389=EDGE_LOOP('',(#926,#927,#928,#929,#930,#931));
#7390=EDGE_LOOP('',(#932));
#7391=EDGE_LOOP('',(#933));
#7392=EDGE_LOOP('',(#934,#935,#936,#937));
#7393=EDGE_LOOP('',(#938,#939,#940,#941));
#7394=EDGE_LOOP('',(#942,#943,#944,#945));
#7395=EDGE_LOOP('',(#946,#947,#948,#949));
#7396=EDGE_LOOP('',(#950,#951,#952,#953));
#7397=EDGE_LOOP('',(#954,#955,#956,#957));
#7398=EDGE_LOOP('',(#958,#959,#960,#961));
#7399=EDGE_LOOP('',(#962,#963,#964,#965));
#7400=EDGE_LOOP('',(#966));
#7401=EDGE_LOOP('',(#967));
#7402=EDGE_LOOP('',(#968));
#7403=EDGE_LOOP('',(#969));
#7404=EDGE_LOOP('',(#970,#971,#972,#973,#974,#975));
#7405=EDGE_LOOP('',(#976,#977,#978,#979));
#7406=EDGE_LOOP('',(#980,#981,#982,#983));
#7407=EDGE_LOOP('',(#984,#985,#986,#987));
#7408=EDGE_LOOP('',(#988,#989,#990,#991,#992,#993,#994,#995));
#7409=EDGE_LOOP('',(#996,#997,#998,#999,#1000));
#7410=EDGE_LOOP('',(#1001,#1002,#1003,#1004));
#7411=EDGE_LOOP('',(#1005,#1006,#1007,#1008));
#7412=EDGE_LOOP('',(#1009,#1010,#1011,#1012));
#7413=EDGE_LOOP('',(#1013,#1014,#1015,#1016));
#7414=EDGE_LOOP('',(#1017,#1018,#1019,#1020));
#7415=EDGE_LOOP('',(#1021,#1022,#1023,#1024));
#7416=EDGE_LOOP('',(#1025,#1026,#1027,#1028));
#7417=EDGE_LOOP('',(#1029,#1030,#1031,#1032));
#7418=EDGE_LOOP('',(#1033,#1034,#1035,#1036,#1037,#1038,#1039,#1040,#1041,
#1042));
#7419=EDGE_LOOP('',(#1043,#1044,#1045,#1046,#1047,#1048,#1049,#1050,#1051,
#1052));
#7420=EDGE_LOOP('',(#1053));
#7421=EDGE_LOOP('',(#1054));
#7422=EDGE_LOOP('',(#1055));
#7423=EDGE_LOOP('',(#1056));
#7424=EDGE_LOOP('',(#1057,#1058,#1059,#1060));
#7425=EDGE_LOOP('',(#1061,#1062,#1063,#1064));
#7426=EDGE_LOOP('',(#1065,#1066,#1067,#1068));
#7427=EDGE_LOOP('',(#1069,#1070,#1071,#1072));
#7428=EDGE_LOOP('',(#1073,#1074,#1075,#1076));
#7429=EDGE_LOOP('',(#1077,#1078,#1079,#1080));
#7430=EDGE_LOOP('',(#1081,#1082,#1083,#1084));
#7431=EDGE_LOOP('',(#1085,#1086,#1087,#1088));
#7432=EDGE_LOOP('',(#1089,#1090,#1091,#1092,#1093));
#7433=EDGE_LOOP('',(#1094,#1095,#1096,#1097,#1098,#1099));
#7434=EDGE_LOOP('',(#1100,#1101,#1102,#1103,#1104,#1105));
#7435=EDGE_LOOP('',(#1106,#1107,#1108,#1109,#1110,#1111,#1112,#1113));
#7436=EDGE_LOOP('',(#1114,#1115,#1116,#1117));
#7437=EDGE_LOOP('',(#1118,#1119,#1120,#1121));
#7438=EDGE_LOOP('',(#1122,#1123,#1124,#1125));
#7439=EDGE_LOOP('',(#1126,#1127,#1128,#1129));
#7440=EDGE_LOOP('',(#1130,#1131,#1132,#1133));
#7441=EDGE_LOOP('',(#1134,#1135,#1136,#1137));
#7442=EDGE_LOOP('',(#1138,#1139,#1140,#1141,#1142,#1143));
#7443=EDGE_LOOP('',(#1144));
#7444=EDGE_LOOP('',(#1145));
#7445=EDGE_LOOP('',(#1146,#1147,#1148,#1149));
#7446=EDGE_LOOP('',(#1150,#1151,#1152,#1153));
#7447=EDGE_LOOP('',(#1154,#1155,#1156,#1157));
#7448=EDGE_LOOP('',(#1158,#1159,#1160,#1161));
#7449=EDGE_LOOP('',(#1162,#1163,#1164,#1165));
#7450=EDGE_LOOP('',(#1166,#1167,#1168,#1169));
#7451=EDGE_LOOP('',(#1170,#1171,#1172,#1173));
#7452=EDGE_LOOP('',(#1174,#1175,#1176,#1177));
#7453=EDGE_LOOP('',(#1178));
#7454=EDGE_LOOP('',(#1179));
#7455=EDGE_LOOP('',(#1180));
#7456=EDGE_LOOP('',(#1181));
#7457=EDGE_LOOP('',(#1182,#1183,#1184,#1185));
#7458=EDGE_LOOP('',(#1186,#1187,#1188,#1189));
#7459=EDGE_LOOP('',(#1190,#1191,#1192,#1193));
#7460=EDGE_LOOP('',(#1194,#1195,#1196,#1197));
#7461=EDGE_LOOP('',(#1198,#1199,#1200,#1201,#1202));
#7462=EDGE_LOOP('',(#1203,#1204,#1205,#1206));
#7463=EDGE_LOOP('',(#1207,#1208,#1209,#1210));
#7464=EDGE_LOOP('',(#1211,#1212,#1213,#1214));
#7465=EDGE_LOOP('',(#1215,#1216,#1217,#1218));
#7466=EDGE_LOOP('',(#1219));
#7467=EDGE_LOOP('',(#1220));
#7468=EDGE_LOOP('',(#1221));
#7469=EDGE_LOOP('',(#1222));
#7470=EDGE_LOOP('',(#1223,#1224,#1225,#1226));
#7471=EDGE_LOOP('',(#1227,#1228,#1229,#1230));
#7472=EDGE_LOOP('',(#1231,#1232,#1233,#1234));
#7473=EDGE_LOOP('',(#1235,#1236,#1237,#1238));
#7474=EDGE_LOOP('',(#1239,#1240,#1241,#1242));
#7475=EDGE_LOOP('',(#1243,#1244,#1245,#1246));
#7476=EDGE_LOOP('',(#1247,#1248,#1249,#1250));
#7477=EDGE_LOOP('',(#1251,#1252,#1253,#1254));
#7478=EDGE_LOOP('',(#1255,#1256,#1257,#1258,#1259,#1260));
#7479=EDGE_LOOP('',(#1261,#1262,#1263,#1264,#1265,#1266));
#7480=EDGE_LOOP('',(#1267,#1268,#1269,#1270,#1271,#1272,#1273,#1274));
#7481=EDGE_LOOP('',(#1275,#1276,#1277,#1278));
#7482=EDGE_LOOP('',(#1279,#1280,#1281,#1282));
#7483=EDGE_LOOP('',(#1283,#1284,#1285,#1286));
#7484=EDGE_LOOP('',(#1287,#1288,#1289,#1290));
#7485=EDGE_LOOP('',(#1291,#1292,#1293,#1294));
#7486=EDGE_LOOP('',(#1295,#1296,#1297,#1298));
#7487=EDGE_LOOP('',(#1299,#1300,#1301,#1302,#1303,#1304));
#7488=EDGE_LOOP('',(#1305));
#7489=EDGE_LOOP('',(#1306));
#7490=EDGE_LOOP('',(#1307,#1308,#1309,#1310));
#7491=EDGE_LOOP('',(#1311,#1312,#1313,#1314));
#7492=EDGE_LOOP('',(#1315,#1316,#1317,#1318));
#7493=EDGE_LOOP('',(#1319,#1320,#1321,#1322));
#7494=EDGE_LOOP('',(#1323,#1324,#1325,#1326));
#7495=EDGE_LOOP('',(#1327,#1328,#1329,#1330));
#7496=EDGE_LOOP('',(#1331,#1332,#1333,#1334));
#7497=EDGE_LOOP('',(#1335,#1336,#1337,#1338));
#7498=EDGE_LOOP('',(#1339));
#7499=EDGE_LOOP('',(#1340));
#7500=EDGE_LOOP('',(#1341));
#7501=EDGE_LOOP('',(#1342));
#7502=EDGE_LOOP('',(#1343,#1344,#1345,#1346));
#7503=EDGE_LOOP('',(#1347,#1348,#1349,#1350));
#7504=EDGE_LOOP('',(#1351,#1352,#1353,#1354));
#7505=EDGE_LOOP('',(#1355,#1356,#1357,#1358,#1359,#1360,#1361,#1362));
#7506=EDGE_LOOP('',(#1363,#1364,#1365,#1366,#1367));
#7507=EDGE_LOOP('',(#1368,#1369,#1370,#1371,#1372,#1373));
#7508=EDGE_LOOP('',(#1374,#1375,#1376,#1377));
#7509=EDGE_LOOP('',(#1378,#1379,#1380,#1381));
#7510=EDGE_LOOP('',(#1382,#1383,#1384,#1385));
#7511=EDGE_LOOP('',(#1386,#1387,#1388,#1389));
#7512=EDGE_LOOP('',(#1390));
#7513=EDGE_LOOP('',(#1391));
#7514=EDGE_LOOP('',(#1392));
#7515=EDGE_LOOP('',(#1393));
#7516=EDGE_LOOP('',(#1394,#1395,#1396,#1397));
#7517=EDGE_LOOP('',(#1398,#1399,#1400,#1401));
#7518=EDGE_LOOP('',(#1402,#1403,#1404,#1405));
#7519=EDGE_LOOP('',(#1406,#1407,#1408,#1409));
#7520=EDGE_LOOP('',(#1410,#1411,#1412,#1413));
#7521=EDGE_LOOP('',(#1414,#1415,#1416,#1417));
#7522=EDGE_LOOP('',(#1418,#1419,#1420,#1421));
#7523=EDGE_LOOP('',(#1422,#1423,#1424,#1425));
#7524=EDGE_LOOP('',(#1426,#1427,#1428,#1429,#1430));
#7525=EDGE_LOOP('',(#1431,#1432,#1433));
#7526=EDGE_LOOP('',(#1434,#1435,#1436,#1437));
#7527=EDGE_LOOP('',(#1438,#1439,#1440,#1441));
#7528=EDGE_LOOP('',(#1442,#1443,#1444,#1445));
#7529=EDGE_LOOP('',(#1446,#1447,#1448,#1449));
#7530=EDGE_LOOP('',(#1450,#1451,#1452,#1453));
#7531=EDGE_LOOP('',(#1454,#1455,#1456,#1457));
#7532=EDGE_LOOP('',(#1458,#1459,#1460,#1461));
#7533=EDGE_LOOP('',(#1462,#1463,#1464,#1465));
#7534=EDGE_LOOP('',(#1466,#1467,#1468,#1469));
#7535=EDGE_LOOP('',(#1470,#1471,#1472,#1473));
#7536=EDGE_LOOP('',(#1474,#1475,#1476,#1477));
#7537=EDGE_LOOP('',(#1478,#1479,#1480,#1481));
#7538=EDGE_LOOP('',(#1482,#1483,#1484,#1485,#1486,#1487,#1488,#1489,#1490,
#1491,#1492,#1493,#1494));
#7539=EDGE_LOOP('',(#1495,#1496,#1497,#1498,#1499,#1500,#1501,#1502,#1503,
#1504,#1505,#1506,#1507));
#7540=EDGE_LOOP('',(#1508,#1509,#1510,#1511));
#7541=EDGE_LOOP('',(#1512,#1513,#1514,#1515));
#7542=EDGE_LOOP('',(#1516,#1517,#1518,#1519));
#7543=EDGE_LOOP('',(#1520,#1521,#1522,#1523));
#7544=EDGE_LOOP('',(#1524,#1525,#1526,#1527));
#7545=EDGE_LOOP('',(#1528,#1529,#1530,#1531));
#7546=EDGE_LOOP('',(#1532,#1533,#1534,#1535));
#7547=EDGE_LOOP('',(#1536,#1537,#1538,#1539));
#7548=EDGE_LOOP('',(#1540,#1541,#1542,#1543));
#7549=EDGE_LOOP('',(#1544,#1545,#1546,#1547));
#7550=EDGE_LOOP('',(#1548,#1549,#1550,#1551));
#7551=EDGE_LOOP('',(#1552,#1553,#1554,#1555,#1556));
#7552=EDGE_LOOP('',(#1557,#1558,#1559,#1560,#1561,#1562,#1563,#1564,#1565,
#1566,#1567,#1568,#1569));
#7553=EDGE_LOOP('',(#1570,#1571,#1572,#1573,#1574));
#7554=EDGE_LOOP('',(#1575,#1576,#1577));
#7555=EDGE_LOOP('',(#1578,#1579,#1580,#1581));
#7556=EDGE_LOOP('',(#1582,#1583,#1584,#1585));
#7557=EDGE_LOOP('',(#1586,#1587,#1588,#1589));
#7558=EDGE_LOOP('',(#1590,#1591,#1592,#1593));
#7559=EDGE_LOOP('',(#1594,#1595,#1596,#1597));
#7560=EDGE_LOOP('',(#1598,#1599,#1600,#1601));
#7561=EDGE_LOOP('',(#1602,#1603,#1604,#1605));
#7562=EDGE_LOOP('',(#1606,#1607,#1608,#1609));
#7563=EDGE_LOOP('',(#1610,#1611,#1612,#1613,#1614));
#7564=EDGE_LOOP('',(#1615,#1616,#1617,#1618));
#7565=EDGE_LOOP('',(#1619,#1620,#1621,#1622));
#7566=EDGE_LOOP('',(#1623,#1624,#1625,#1626));
#7567=EDGE_LOOP('',(#1627,#1628,#1629,#1630));
#7568=EDGE_LOOP('',(#1631,#1632,#1633,#1634));
#7569=EDGE_LOOP('',(#1635,#1636,#1637,#1638));
#7570=EDGE_LOOP('',(#1639,#1640,#1641,#1642));
#7571=EDGE_LOOP('',(#1643,#1644,#1645,#1646));
#7572=EDGE_LOOP('',(#1647,#1648,#1649,#1650));
#7573=EDGE_LOOP('',(#1651,#1652,#1653,#1654,#1655,#1656,#1657,#1658,#1659,
#1660,#1661,#1662,#1663));
#7574=EDGE_LOOP('',(#1664,#1665,#1666,#1667,#1668,#1669,#1670,#1671,#1672,
#1673,#1674,#1675,#1676));
#7575=EDGE_LOOP('',(#1677,#1678,#1679,#1680));
#7576=EDGE_LOOP('',(#1681,#1682,#1683,#1684));
#7577=EDGE_LOOP('',(#1685,#1686,#1687,#1688));
#7578=EDGE_LOOP('',(#1689,#1690,#1691,#1692));
#7579=EDGE_LOOP('',(#1693,#1694,#1695,#1696));
#7580=EDGE_LOOP('',(#1697,#1698,#1699,#1700));
#7581=EDGE_LOOP('',(#1701,#1702,#1703,#1704));
#7582=EDGE_LOOP('',(#1705));
#7583=EDGE_LOOP('',(#1706,#1707,#1708,#1709,#1710,#1711,#1712,#1713));
#7584=EDGE_LOOP('',(#1714,#1715,#1716,#1717));
#7585=EDGE_LOOP('',(#1718,#1719,#1720,#1721));
#7586=EDGE_LOOP('',(#1722,#1723,#1724,#1725,#1726,#1727,#1728,#1729));
#7587=EDGE_LOOP('',(#1730,#1731,#1732,#1733));
#7588=EDGE_LOOP('',(#1734,#1735,#1736,#1737));
#7589=EDGE_LOOP('',(#1738,#1739,#1740,#1741));
#7590=EDGE_LOOP('',(#1742,#1743,#1744,#1745));
#7591=EDGE_LOOP('',(#1746,#1747,#1748,#1749));
#7592=EDGE_LOOP('',(#1750,#1751,#1752,#1753));
#7593=EDGE_LOOP('',(#1754,#1755,#1756,#1757));
#7594=EDGE_LOOP('',(#1758,#1759,#1760,#1761));
#7595=EDGE_LOOP('',(#1762,#1763));
#7596=EDGE_LOOP('',(#1764,#1765,#1766,#1767,#1768,#1769,#1770,#1771));
#7597=EDGE_LOOP('',(#1772));
#7598=EDGE_LOOP('',(#1773,#1774));
#7599=EDGE_LOOP('',(#1775,#1776,#1777,#1778,#1779,#1780));
#7600=EDGE_LOOP('',(#1781,#1782,#1783,#1784));
#7601=EDGE_LOOP('',(#1785,#1786,#1787,#1788));
#7602=EDGE_LOOP('',(#1789,#1790,#1791,#1792));
#7603=EDGE_LOOP('',(#1793,#1794,#1795,#1796,#1797,#1798));
#7604=EDGE_LOOP('',(#1799,#1800,#1801,#1802));
#7605=EDGE_LOOP('',(#1803,#1804,#1805,#1806));
#7606=EDGE_LOOP('',(#1807,#1808,#1809,#1810));
#7607=EDGE_LOOP('',(#1811,#1812,#1813,#1814,#1815,#1816,#1817,#1818));
#7608=EDGE_LOOP('',(#1819,#1820,#1821,#1822));
#7609=EDGE_LOOP('',(#1823,#1824,#1825,#1826));
#7610=EDGE_LOOP('',(#1827,#1828,#1829,#1830));
#7611=EDGE_LOOP('',(#1831,#1832,#1833,#1834,#1835,#1836));
#7612=EDGE_LOOP('',(#1837,#1838,#1839,#1840));
#7613=EDGE_LOOP('',(#1841,#1842,#1843,#1844));
#7614=EDGE_LOOP('',(#1845,#1846,#1847,#1848));
#7615=EDGE_LOOP('',(#1849,#1850,#1851,#1852,#1853,#1854));
#7616=EDGE_LOOP('',(#1855,#1856,#1857,#1858,#1859,#1860,#1861,#1862,#1863,
#1864));
#7617=EDGE_LOOP('',(#1865,#1866,#1867,#1868,#1869,#1870,#1871,#1872,#1873,
#1874));
#7618=EDGE_LOOP('',(#1875,#1876,#1877,#1878,#1879,#1880,#1881,#1882));
#7619=EDGE_LOOP('',(#1883,#1884,#1885,#1886));
#7620=EDGE_LOOP('',(#1887,#1888,#1889,#1890));
#7621=EDGE_LOOP('',(#1891,#1892,#1893,#1894,#1895,#1896,#1897,#1898,#1899,
#1900,#1901,#1902,#1903,#1904,#1905,#1906,#1907,#1908,#1909,#1910,#1911,
#1912));
#7622=EDGE_LOOP('',(#1913,#1914,#1915,#1916));
#7623=EDGE_LOOP('',(#1917,#1918,#1919,#1920,#1921,#1922,#1923,#1924,#1925,
#1926,#1927,#1928,#1929,#1930,#1931,#1932,#1933,#1934,#1935,#1936,#1937,
#1938));
#7624=EDGE_LOOP('',(#1939,#1940,#1941,#1942));
#7625=EDGE_LOOP('',(#1943,#1944,#1945,#1946));
#7626=EDGE_LOOP('',(#1947,#1948,#1949,#1950,#1951,#1952));
#7627=EDGE_LOOP('',(#1953,#1954,#1955,#1956));
#7628=EDGE_LOOP('',(#1957,#1958,#1959,#1960));
#7629=EDGE_LOOP('',(#1961,#1962,#1963,#1964));
#7630=EDGE_LOOP('',(#1965,#1966,#1967,#1968));
#7631=EDGE_LOOP('',(#1969,#1970,#1971,#1972));
#7632=EDGE_LOOP('',(#1973,#1974,#1975,#1976));
#7633=EDGE_LOOP('',(#1977,#1978,#1979,#1980));
#7634=EDGE_LOOP('',(#1981,#1982,#1983,#1984,#1985,#1986));
#7635=EDGE_LOOP('',(#1987,#1988,#1989,#1990));
#7636=EDGE_LOOP('',(#1991,#1992,#1993,#1994));
#7637=EDGE_LOOP('',(#1995,#1996,#1997,#1998));
#7638=EDGE_LOOP('',(#1999,#2000,#2001,#2002));
#7639=EDGE_LOOP('',(#2003,#2004,#2005,#2006));
#7640=EDGE_LOOP('',(#2007,#2008,#2009,#2010));
#7641=EDGE_LOOP('',(#2011,#2012,#2013,#2014,#2015,#2016,#2017,#2018,#2019,
#2020));
#7642=EDGE_LOOP('',(#2021,#2022,#2023,#2024,#2025,#2026,#2027,#2028,#2029,
#2030));
#7643=EDGE_LOOP('',(#2031,#2032,#2033,#2034));
#7644=EDGE_LOOP('',(#2035,#2036,#2037,#2038));
#7645=EDGE_LOOP('',(#2039,#2040,#2041,#2042));
#7646=EDGE_LOOP('',(#2043,#2044,#2045,#2046));
#7647=EDGE_LOOP('',(#2047,#2048,#2049,#2050));
#7648=EDGE_LOOP('',(#2051,#2052,#2053,#2054));
#7649=EDGE_LOOP('',(#2055,#2056,#2057,#2058));
#7650=EDGE_LOOP('',(#2059,#2060,#2061,#2062));
#7651=EDGE_LOOP('',(#2063,#2064,#2065,#2066));
#7652=EDGE_LOOP('',(#2067,#2068,#2069,#2070,#2071,#2072,#2073,#2074));
#7653=EDGE_LOOP('',(#2075,#2076,#2077,#2078,#2079,#2080,#2081,#2082));
#7654=EDGE_LOOP('',(#2083,#2084,#2085,#2086));
#7655=EDGE_LOOP('',(#2087,#2088,#2089,#2090));
#7656=EDGE_LOOP('',(#2091,#2092,#2093,#2094));
#7657=EDGE_LOOP('',(#2095,#2096,#2097,#2098));
#7658=EDGE_LOOP('',(#2099,#2100,#2101,#2102));
#7659=EDGE_LOOP('',(#2103,#2104,#2105,#2106));
#7660=EDGE_LOOP('',(#2107,#2108,#2109,#2110));
#7661=EDGE_LOOP('',(#2111,#2112,#2113,#2114,#2115,#2116));
#7662=EDGE_LOOP('',(#2117,#2118,#2119,#2120));
#7663=EDGE_LOOP('',(#2121,#2122,#2123,#2124,#2125,#2126));
#7664=EDGE_LOOP('',(#2127,#2128,#2129,#2130,#2131,#2132,#2133,#2134));
#7665=EDGE_LOOP('',(#2135,#2136,#2137,#2138,#2139,#2140));
#7666=EDGE_LOOP('',(#2141,#2142,#2143,#2144,#2145,#2146,#2147,#2148));
#7667=EDGE_LOOP('',(#2149,#2150,#2151,#2152,#2153,#2154));
#7668=EDGE_LOOP('',(#2155,#2156,#2157,#2158,#2159,#2160,#2161,#2162,#2163,
#2164));
#7669=EDGE_LOOP('',(#2165,#2166,#2167,#2168,#2169,#2170,#2171,#2172,#2173,
#2174));
#7670=EDGE_LOOP('',(#2175,#2176,#2177,#2178,#2179,#2180));
#7671=EDGE_LOOP('',(#2181,#2182,#2183,#2184,#2185,#2186));
#7672=EDGE_LOOP('',(#2187,#2188,#2189,#2190));
#7673=EDGE_LOOP('',(#2191,#2192,#2193,#2194));
#7674=EDGE_LOOP('',(#2195,#2196,#2197,#2198));
#7675=EDGE_LOOP('',(#2199,#2200,#2201,#2202));
#7676=EDGE_LOOP('',(#2203,#2204,#2205,#2206,#2207,#2208));
#7677=EDGE_LOOP('',(#2209,#2210,#2211,#2212,#2213,#2214));
#7678=EDGE_LOOP('',(#2215,#2216,#2217,#2218));
#7679=EDGE_LOOP('',(#2219,#2220,#2221,#2222,#2223,#2224));
#7680=EDGE_LOOP('',(#2225,#2226,#2227,#2228,#2229,#2230,#2231,#2232));
#7681=EDGE_LOOP('',(#2233,#2234,#2235,#2236,#2237,#2238));
#7682=EDGE_LOOP('',(#2239,#2240,#2241,#2242,#2243,#2244,#2245,#2246));
#7683=EDGE_LOOP('',(#2247,#2248,#2249,#2250,#2251,#2252,#2253,#2254,#2255,
#2256));
#7684=EDGE_LOOP('',(#2257,#2258,#2259,#2260,#2261,#2262,#2263,#2264,#2265,
#2266));
#7685=EDGE_LOOP('',(#2267,#2268,#2269,#2270,#2271,#2272));
#7686=EDGE_LOOP('',(#2273,#2274,#2275,#2276,#2277,#2278));
#7687=EDGE_LOOP('',(#2279,#2280,#2281,#2282));
#7688=EDGE_LOOP('',(#2283,#2284,#2285,#2286));
#7689=EDGE_LOOP('',(#2287,#2288,#2289,#2290));
#7690=EDGE_LOOP('',(#2291,#2292,#2293,#2294));
#7691=EDGE_LOOP('',(#2295,#2296,#2297,#2298));
#7692=EDGE_LOOP('',(#2299,#2300,#2301,#2302));
#7693=EDGE_LOOP('',(#2303));
#7694=EDGE_LOOP('',(#2304,#2305,#2306,#2307,#2308,#2309,#2310,#2311));
#7695=EDGE_LOOP('',(#2312,#2313));
#7696=EDGE_LOOP('',(#2314,#2315));
#7697=EDGE_LOOP('',(#2316,#2317,#2318,#2319));
#7698=EDGE_LOOP('',(#2320,#2321,#2322,#2323));
#7699=EDGE_LOOP('',(#2324));
#7700=EDGE_LOOP('',(#2325));
#7701=EDGE_LOOP('',(#2326));
#7702=EDGE_LOOP('',(#2327));
#7703=EDGE_LOOP('',(#2328));
#7704=EDGE_LOOP('',(#2329));
#7705=EDGE_LOOP('',(#2330,#2331,#2332,#2333,#2334,#2335));
#7706=EDGE_LOOP('',(#2336,#2337,#2338,#2339,#2340,#2341));
#7707=EDGE_LOOP('',(#2342,#2343,#2344,#2345));
#7708=EDGE_LOOP('',(#2346));
#7709=EDGE_LOOP('',(#2347));
#7710=EDGE_LOOP('',(#2348));
#7711=EDGE_LOOP('',(#2349));
#7712=EDGE_LOOP('',(#2350));
#7713=EDGE_LOOP('',(#2351));
#7714=EDGE_LOOP('',(#2352));
#7715=EDGE_LOOP('',(#2353,#2354,#2355,#2356,#2357,#2358,#2359,#2360));
#7716=EDGE_LOOP('',(#2361,#2362,#2363,#2364));
#7717=EDGE_LOOP('',(#2365,#2366,#2367,#2368));
#7718=EDGE_LOOP('',(#2369,#2370,#2371,#2372));
#7719=EDGE_LOOP('',(#2373,#2374,#2375,#2376));
#7720=EDGE_LOOP('',(#2377,#2378,#2379,#2380,#2381,#2382,#2383,#2384));
#7721=EDGE_LOOP('',(#2385,#2386,#2387,#2388,#2389,#2390,#2391,#2392,#2393,
#2394,#2395,#2396));
#7722=EDGE_LOOP('',(#2397,#2398,#2399,#2400));
#7723=EDGE_LOOP('',(#2401,#2402,#2403,#2404));
#7724=EDGE_LOOP('',(#2405,#2406,#2407,#2408,#2409,#2410,#2411,#2412));
#7725=EDGE_LOOP('',(#2413,#2414,#2415,#2416));
#7726=EDGE_LOOP('',(#2417,#2418,#2419,#2420));
#7727=EDGE_LOOP('',(#2421,#2422,#2423,#2424,#2425,#2426,#2427,#2428));
#7728=EDGE_LOOP('',(#2429,#2430,#2431,#2432));
#7729=EDGE_LOOP('',(#2433,#2434,#2435,#2436));
#7730=EDGE_LOOP('',(#2437,#2438,#2439,#2440,#2441,#2442,#2443,#2444,#2445,
#2446,#2447,#2448));
#7731=EDGE_LOOP('',(#2449,#2450,#2451,#2452));
#7732=EDGE_LOOP('',(#2453,#2454,#2455,#2456));
#7733=EDGE_LOOP('',(#2457,#2458,#2459,#2460));
#7734=EDGE_LOOP('',(#2461,#2462,#2463,#2464));
#7735=EDGE_LOOP('',(#2465,#2466,#2467,#2468));
#7736=EDGE_LOOP('',(#2469,#2470,#2471,#2472));
#7737=EDGE_LOOP('',(#2473,#2474,#2475,#2476));
#7738=EDGE_LOOP('',(#2477,#2478,#2479,#2480,#2481,#2482,#2483,#2484));
#7739=EDGE_LOOP('',(#2485,#2486,#2487,#2488));
#7740=EDGE_LOOP('',(#2489,#2490,#2491,#2492));
#7741=EDGE_LOOP('',(#2493,#2494,#2495,#2496));
#7742=EDGE_LOOP('',(#2497,#2498,#2499,#2500));
#7743=EDGE_LOOP('',(#2501,#2502,#2503,#2504));
#7744=EDGE_LOOP('',(#2505,#2506,#2507,#2508));
#7745=EDGE_LOOP('',(#2509,#2510,#2511,#2512));
#7746=EDGE_LOOP('',(#2513,#2514,#2515,#2516));
#7747=EDGE_LOOP('',(#2517,#2518,#2519,#2520));
#7748=EDGE_LOOP('',(#2521,#2522,#2523,#2524));
#7749=EDGE_LOOP('',(#2525,#2526,#2527,#2528,#2529,#2530,#2531,#2532));
#7750=EDGE_LOOP('',(#2533,#2534,#2535,#2536));
#7751=EDGE_LOOP('',(#2537,#2538,#2539,#2540));
#7752=EDGE_LOOP('',(#2541,#2542,#2543,#2544));
#7753=EDGE_LOOP('',(#2545,#2546,#2547,#2548,#2549));
#7754=EDGE_LOOP('',(#2550,#2551,#2552,#2553,#2554));
#7755=EDGE_LOOP('',(#2555,#2556,#2557,#2558));
#7756=EDGE_LOOP('',(#2559,#2560,#2561,#2562));
#7757=EDGE_LOOP('',(#2563,#2564,#2565,#2566));
#7758=EDGE_LOOP('',(#2567,#2568,#2569,#2570,#2571));
#7759=EDGE_LOOP('',(#2572,#2573,#2574,#2575,#2576));
#7760=EDGE_LOOP('',(#2577,#2578,#2579,#2580));
#7761=EDGE_LOOP('',(#2581,#2582,#2583,#2584));
#7762=EDGE_LOOP('',(#2585,#2586,#2587,#2588,#2589));
#7763=EDGE_LOOP('',(#2590,#2591,#2592,#2593,#2594));
#7764=EDGE_LOOP('',(#2595,#2596,#2597,#2598));
#7765=EDGE_LOOP('',(#2599,#2600,#2601,#2602));
#7766=EDGE_LOOP('',(#2603,#2604,#2605,#2606));
#7767=EDGE_LOOP('',(#2607,#2608,#2609,#2610));
#7768=EDGE_LOOP('',(#2611,#2612,#2613,#2614));
#7769=EDGE_LOOP('',(#2615,#2616,#2617,#2618));
#7770=EDGE_LOOP('',(#2619,#2620,#2621,#2622));
#7771=EDGE_LOOP('',(#2623,#2624,#2625,#2626));
#7772=EDGE_LOOP('',(#2627,#2628,#2629,#2630));
#7773=EDGE_LOOP('',(#2631,#2632,#2633,#2634));
#7774=EDGE_LOOP('',(#2635,#2636,#2637,#2638));
#7775=EDGE_LOOP('',(#2639,#2640,#2641,#2642));
#7776=EDGE_LOOP('',(#2643,#2644,#2645,#2646));
#7777=EDGE_LOOP('',(#2647,#2648,#2649,#2650));
#7778=EDGE_LOOP('',(#2651,#2652,#2653,#2654));
#7779=EDGE_LOOP('',(#2655,#2656,#2657,#2658));
#7780=EDGE_LOOP('',(#2659,#2660,#2661,#2662));
#7781=EDGE_LOOP('',(#2663,#2664,#2665,#2666));
#7782=EDGE_LOOP('',(#2667,#2668,#2669,#2670));
#7783=EDGE_LOOP('',(#2671,#2672,#2673,#2674));
#7784=EDGE_LOOP('',(#2675,#2676,#2677,#2678));
#7785=EDGE_LOOP('',(#2679,#2680,#2681,#2682));
#7786=EDGE_LOOP('',(#2683,#2684,#2685,#2686));
#7787=EDGE_LOOP('',(#2687,#2688,#2689,#2690));
#7788=EDGE_LOOP('',(#2691,#2692,#2693,#2694));
#7789=EDGE_LOOP('',(#2695,#2696,#2697,#2698));
#7790=EDGE_LOOP('',(#2699,#2700,#2701,#2702,#2703));
#7791=EDGE_LOOP('',(#2704,#2705,#2706,#2707,#2708));
#7792=EDGE_LOOP('',(#2709,#2710,#2711,#2712));
#7793=EDGE_LOOP('',(#2713,#2714,#2715,#2716));
#7794=EDGE_LOOP('',(#2717,#2718,#2719,#2720));
#7795=EDGE_LOOP('',(#2721,#2722,#2723,#2724));
#7796=EDGE_LOOP('',(#2725,#2726,#2727,#2728));
#7797=EDGE_LOOP('',(#2729,#2730,#2731,#2732));
#7798=EDGE_LOOP('',(#2733,#2734,#2735,#2736));
#7799=EDGE_LOOP('',(#2737,#2738,#2739,#2740));
#7800=EDGE_LOOP('',(#2741,#2742,#2743,#2744));
#7801=EDGE_LOOP('',(#2745,#2746,#2747,#2748));
#7802=EDGE_LOOP('',(#2749,#2750,#2751,#2752));
#7803=EDGE_LOOP('',(#2753,#2754,#2755,#2756));
#7804=EDGE_LOOP('',(#2757,#2758,#2759,#2760));
#7805=EDGE_LOOP('',(#2761,#2762,#2763,#2764));
#7806=EDGE_LOOP('',(#2765,#2766,#2767,#2768));
#7807=EDGE_LOOP('',(#2769,#2770,#2771,#2772));
#7808=EDGE_LOOP('',(#2773,#2774,#2775,#2776));
#7809=EDGE_LOOP('',(#2777,#2778,#2779,#2780));
#7810=EDGE_LOOP('',(#2781,#2782,#2783,#2784));
#7811=EDGE_LOOP('',(#2785,#2786,#2787,#2788));
#7812=EDGE_LOOP('',(#2789,#2790,#2791,#2792));
#7813=EDGE_LOOP('',(#2793,#2794,#2795,#2796));
#7814=EDGE_LOOP('',(#2797,#2798,#2799,#2800,#2801));
#7815=EDGE_LOOP('',(#2802,#2803,#2804,#2805,#2806));
#7816=EDGE_LOOP('',(#2807,#2808,#2809,#2810));
#7817=EDGE_LOOP('',(#2811,#2812,#2813,#2814));
#7818=EDGE_LOOP('',(#2815,#2816,#2817,#2818,#2819));
#7819=EDGE_LOOP('',(#2820,#2821,#2822,#2823,#2824));
#7820=EDGE_LOOP('',(#2825,#2826,#2827,#2828));
#7821=EDGE_LOOP('',(#2829,#2830,#2831,#2832));
#7822=EDGE_LOOP('',(#2833,#2834,#2835,#2836));
#7823=EDGE_LOOP('',(#2837,#2838,#2839,#2840));
#7824=EDGE_LOOP('',(#2841,#2842,#2843,#2844));
#7825=EDGE_LOOP('',(#2845,#2846,#2847,#2848));
#7826=EDGE_LOOP('',(#2849,#2850,#2851,#2852));
#7827=EDGE_LOOP('',(#2853,#2854,#2855,#2856));
#7828=EDGE_LOOP('',(#2857,#2858,#2859,#2860));
#7829=EDGE_LOOP('',(#2861,#2862,#2863,#2864));
#7830=EDGE_LOOP('',(#2865,#2866,#2867,#2868));
#7831=EDGE_LOOP('',(#2869,#2870,#2871,#2872));
#7832=EDGE_LOOP('',(#2873,#2874,#2875,#2876));
#7833=EDGE_LOOP('',(#2877,#2878,#2879,#2880));
#7834=EDGE_LOOP('',(#2881,#2882,#2883,#2884));
#7835=EDGE_LOOP('',(#2885,#2886,#2887,#2888));
#7836=EDGE_LOOP('',(#2889,#2890,#2891,#2892));
#7837=EDGE_LOOP('',(#2893,#2894,#2895,#2896));
#7838=EDGE_LOOP('',(#2897,#2898,#2899,#2900));
#7839=EDGE_LOOP('',(#2901,#2902,#2903,#2904));
#7840=EDGE_LOOP('',(#2905,#2906,#2907,#2908));
#7841=EDGE_LOOP('',(#2909,#2910,#2911,#2912));
#7842=EDGE_LOOP('',(#2913,#2914,#2915,#2916));
#7843=EDGE_LOOP('',(#2917,#2918,#2919,#2920));
#7844=EDGE_LOOP('',(#2921,#2922,#2923,#2924));
#7845=EDGE_LOOP('',(#2925,#2926,#2927,#2928));
#7846=EDGE_LOOP('',(#2929,#2930,#2931,#2932));
#7847=EDGE_LOOP('',(#2933,#2934,#2935,#2936));
#7848=EDGE_LOOP('',(#2937,#2938,#2939,#2940));
#7849=FACE_BOUND('',#7288,.T.);
#7850=FACE_BOUND('',#7289,.T.);
#7851=FACE_BOUND('',#7290,.T.);
#7852=FACE_BOUND('',#7291,.T.);
#7853=FACE_BOUND('',#7292,.T.);
#7854=FACE_BOUND('',#7293,.T.);
#7855=FACE_BOUND('',#7294,.T.);
#7856=FACE_BOUND('',#7295,.T.);
#7857=FACE_BOUND('',#7296,.T.);
#7858=FACE_BOUND('',#7297,.T.);
#7859=FACE_BOUND('',#7298,.T.);
#7860=FACE_BOUND('',#7299,.T.);
#7861=FACE_BOUND('',#7300,.T.);
#7862=FACE_BOUND('',#7301,.T.);
#7863=FACE_BOUND('',#7302,.T.);
#7864=FACE_BOUND('',#7303,.T.);
#7865=FACE_BOUND('',#7304,.T.);
#7866=FACE_BOUND('',#7305,.T.);
#7867=FACE_BOUND('',#7306,.T.);
#7868=FACE_BOUND('',#7307,.T.);
#7869=FACE_BOUND('',#7308,.T.);
#7870=FACE_BOUND('',#7309,.T.);
#7871=FACE_BOUND('',#7310,.T.);
#7872=FACE_BOUND('',#7311,.T.);
#7873=FACE_BOUND('',#7312,.T.);
#7874=FACE_BOUND('',#7313,.T.);
#7875=FACE_BOUND('',#7314,.T.);
#7876=FACE_BOUND('',#7315,.T.);
#7877=FACE_BOUND('',#7316,.T.);
#7878=FACE_BOUND('',#7317,.T.);
#7879=FACE_BOUND('',#7318,.T.);
#7880=FACE_BOUND('',#7319,.T.);
#7881=FACE_BOUND('',#7320,.T.);
#7882=FACE_BOUND('',#7321,.T.);
#7883=FACE_BOUND('',#7322,.T.);
#7884=FACE_BOUND('',#7323,.T.);
#7885=FACE_BOUND('',#7324,.T.);
#7886=FACE_BOUND('',#7325,.T.);
#7887=FACE_BOUND('',#7326,.T.);
#7888=FACE_BOUND('',#7327,.T.);
#7889=FACE_BOUND('',#7328,.T.);
#7890=FACE_BOUND('',#7329,.T.);
#7891=FACE_BOUND('',#7330,.T.);
#7892=FACE_BOUND('',#7331,.T.);
#7893=FACE_BOUND('',#7332,.T.);
#7894=FACE_BOUND('',#7333,.T.);
#7895=FACE_BOUND('',#7334,.T.);
#7896=FACE_BOUND('',#7335,.T.);
#7897=FACE_BOUND('',#7336,.T.);
#7898=FACE_BOUND('',#7337,.T.);
#7899=FACE_BOUND('',#7338,.T.);
#7900=FACE_BOUND('',#7339,.T.);
#7901=FACE_BOUND('',#7340,.T.);
#7902=FACE_BOUND('',#7341,.T.);
#7903=FACE_BOUND('',#7342,.T.);
#7904=FACE_BOUND('',#7343,.T.);
#7905=FACE_BOUND('',#7344,.T.);
#7906=FACE_BOUND('',#7345,.T.);
#7907=FACE_BOUND('',#7346,.T.);
#7908=FACE_BOUND('',#7347,.T.);
#7909=FACE_BOUND('',#7348,.T.);
#7910=FACE_BOUND('',#7349,.T.);
#7911=FACE_BOUND('',#7350,.T.);
#7912=FACE_BOUND('',#7351,.T.);
#7913=FACE_BOUND('',#7352,.T.);
#7914=FACE_BOUND('',#7353,.T.);
#7915=FACE_BOUND('',#7354,.T.);
#7916=FACE_BOUND('',#7355,.T.);
#7917=FACE_BOUND('',#7356,.T.);
#7918=FACE_BOUND('',#7357,.T.);
#7919=FACE_BOUND('',#7358,.T.);
#7920=FACE_BOUND('',#7359,.T.);
#7921=FACE_BOUND('',#7360,.T.);
#7922=FACE_BOUND('',#7361,.T.);
#7923=FACE_BOUND('',#7362,.T.);
#7924=FACE_BOUND('',#7363,.T.);
#7925=FACE_BOUND('',#7364,.T.);
#7926=FACE_BOUND('',#7365,.T.);
#7927=FACE_BOUND('',#7366,.T.);
#7928=FACE_BOUND('',#7367,.T.);
#7929=FACE_BOUND('',#7368,.T.);
#7930=FACE_BOUND('',#7369,.T.);
#7931=FACE_BOUND('',#7370,.T.);
#7932=FACE_BOUND('',#7371,.T.);
#7933=FACE_BOUND('',#7372,.T.);
#7934=FACE_BOUND('',#7373,.T.);
#7935=FACE_BOUND('',#7374,.T.);
#7936=FACE_BOUND('',#7375,.T.);
#7937=FACE_BOUND('',#7376,.T.);
#7938=FACE_BOUND('',#7377,.T.);
#7939=FACE_BOUND('',#7378,.T.);
#7940=FACE_BOUND('',#7379,.T.);
#7941=FACE_BOUND('',#7380,.T.);
#7942=FACE_BOUND('',#7381,.T.);
#7943=FACE_BOUND('',#7382,.T.);
#7944=FACE_BOUND('',#7383,.T.);
#7945=FACE_BOUND('',#7384,.T.);
#7946=FACE_BOUND('',#7385,.T.);
#7947=FACE_BOUND('',#7386,.T.);
#7948=FACE_BOUND('',#7387,.T.);
#7949=FACE_BOUND('',#7388,.T.);
#7950=FACE_BOUND('',#7389,.T.);
#7951=FACE_BOUND('',#7390,.T.);
#7952=FACE_BOUND('',#7391,.T.);
#7953=FACE_BOUND('',#7392,.T.);
#7954=FACE_BOUND('',#7393,.T.);
#7955=FACE_BOUND('',#7394,.T.);
#7956=FACE_BOUND('',#7395,.T.);
#7957=FACE_BOUND('',#7396,.T.);
#7958=FACE_BOUND('',#7397,.T.);
#7959=FACE_BOUND('',#7398,.T.);
#7960=FACE_BOUND('',#7399,.T.);
#7961=FACE_BOUND('',#7400,.T.);
#7962=FACE_BOUND('',#7401,.T.);
#7963=FACE_BOUND('',#7402,.T.);
#7964=FACE_BOUND('',#7403,.T.);
#7965=FACE_BOUND('',#7404,.T.);
#7966=FACE_BOUND('',#7405,.T.);
#7967=FACE_BOUND('',#7406,.T.);
#7968=FACE_BOUND('',#7407,.T.);
#7969=FACE_BOUND('',#7408,.T.);
#7970=FACE_BOUND('',#7409,.T.);
#7971=FACE_BOUND('',#7410,.T.);
#7972=FACE_BOUND('',#7411,.T.);
#7973=FACE_BOUND('',#7412,.T.);
#7974=FACE_BOUND('',#7413,.T.);
#7975=FACE_BOUND('',#7414,.T.);
#7976=FACE_BOUND('',#7415,.T.);
#7977=FACE_BOUND('',#7416,.T.);
#7978=FACE_BOUND('',#7417,.T.);
#7979=FACE_BOUND('',#7418,.T.);
#7980=FACE_BOUND('',#7419,.T.);
#7981=FACE_BOUND('',#7420,.T.);
#7982=FACE_BOUND('',#7421,.T.);
#7983=FACE_BOUND('',#7422,.T.);
#7984=FACE_BOUND('',#7423,.T.);
#7985=FACE_BOUND('',#7424,.T.);
#7986=FACE_BOUND('',#7425,.T.);
#7987=FACE_BOUND('',#7426,.T.);
#7988=FACE_BOUND('',#7427,.T.);
#7989=FACE_BOUND('',#7428,.T.);
#7990=FACE_BOUND('',#7429,.T.);
#7991=FACE_BOUND('',#7430,.T.);
#7992=FACE_BOUND('',#7431,.T.);
#7993=FACE_BOUND('',#7432,.T.);
#7994=FACE_BOUND('',#7433,.T.);
#7995=FACE_BOUND('',#7434,.T.);
#7996=FACE_BOUND('',#7435,.T.);
#7997=FACE_BOUND('',#7436,.T.);
#7998=FACE_BOUND('',#7437,.T.);
#7999=FACE_BOUND('',#7438,.T.);
#8000=FACE_BOUND('',#7439,.T.);
#8001=FACE_BOUND('',#7440,.T.);
#8002=FACE_BOUND('',#7441,.T.);
#8003=FACE_BOUND('',#7442,.T.);
#8004=FACE_BOUND('',#7443,.T.);
#8005=FACE_BOUND('',#7444,.T.);
#8006=FACE_BOUND('',#7445,.T.);
#8007=FACE_BOUND('',#7446,.T.);
#8008=FACE_BOUND('',#7447,.T.);
#8009=FACE_BOUND('',#7448,.T.);
#8010=FACE_BOUND('',#7449,.T.);
#8011=FACE_BOUND('',#7450,.T.);
#8012=FACE_BOUND('',#7451,.T.);
#8013=FACE_BOUND('',#7452,.T.);
#8014=FACE_BOUND('',#7453,.T.);
#8015=FACE_BOUND('',#7454,.T.);
#8016=FACE_BOUND('',#7455,.T.);
#8017=FACE_BOUND('',#7456,.T.);
#8018=FACE_BOUND('',#7457,.T.);
#8019=FACE_BOUND('',#7458,.T.);
#8020=FACE_BOUND('',#7459,.T.);
#8021=FACE_BOUND('',#7460,.T.);
#8022=FACE_BOUND('',#7461,.T.);
#8023=FACE_BOUND('',#7462,.T.);
#8024=FACE_BOUND('',#7463,.T.);
#8025=FACE_BOUND('',#7464,.T.);
#8026=FACE_BOUND('',#7465,.T.);
#8027=FACE_BOUND('',#7466,.T.);
#8028=FACE_BOUND('',#7467,.T.);
#8029=FACE_BOUND('',#7468,.T.);
#8030=FACE_BOUND('',#7469,.T.);
#8031=FACE_BOUND('',#7470,.T.);
#8032=FACE_BOUND('',#7471,.T.);
#8033=FACE_BOUND('',#7472,.T.);
#8034=FACE_BOUND('',#7473,.T.);
#8035=FACE_BOUND('',#7474,.T.);
#8036=FACE_BOUND('',#7475,.T.);
#8037=FACE_BOUND('',#7476,.T.);
#8038=FACE_BOUND('',#7477,.T.);
#8039=FACE_BOUND('',#7478,.T.);
#8040=FACE_BOUND('',#7479,.T.);
#8041=FACE_BOUND('',#7480,.T.);
#8042=FACE_BOUND('',#7481,.T.);
#8043=FACE_BOUND('',#7482,.T.);
#8044=FACE_BOUND('',#7483,.T.);
#8045=FACE_BOUND('',#7484,.T.);
#8046=FACE_BOUND('',#7485,.T.);
#8047=FACE_BOUND('',#7486,.T.);
#8048=FACE_BOUND('',#7487,.T.);
#8049=FACE_BOUND('',#7488,.T.);
#8050=FACE_BOUND('',#7489,.T.);
#8051=FACE_BOUND('',#7490,.T.);
#8052=FACE_BOUND('',#7491,.T.);
#8053=FACE_BOUND('',#7492,.T.);
#8054=FACE_BOUND('',#7493,.T.);
#8055=FACE_BOUND('',#7494,.T.);
#8056=FACE_BOUND('',#7495,.T.);
#8057=FACE_BOUND('',#7496,.T.);
#8058=FACE_BOUND('',#7497,.T.);
#8059=FACE_BOUND('',#7498,.T.);
#8060=FACE_BOUND('',#7499,.T.);
#8061=FACE_BOUND('',#7500,.T.);
#8062=FACE_BOUND('',#7501,.T.);
#8063=FACE_BOUND('',#7502,.T.);
#8064=FACE_BOUND('',#7503,.T.);
#8065=FACE_BOUND('',#7504,.T.);
#8066=FACE_BOUND('',#7505,.T.);
#8067=FACE_BOUND('',#7506,.T.);
#8068=FACE_BOUND('',#7507,.T.);
#8069=FACE_BOUND('',#7508,.T.);
#8070=FACE_BOUND('',#7509,.T.);
#8071=FACE_BOUND('',#7510,.T.);
#8072=FACE_BOUND('',#7511,.T.);
#8073=FACE_BOUND('',#7512,.T.);
#8074=FACE_BOUND('',#7513,.T.);
#8075=FACE_BOUND('',#7514,.T.);
#8076=FACE_BOUND('',#7515,.T.);
#8077=FACE_BOUND('',#7516,.T.);
#8078=FACE_BOUND('',#7517,.T.);
#8079=FACE_BOUND('',#7518,.T.);
#8080=FACE_BOUND('',#7519,.T.);
#8081=FACE_BOUND('',#7520,.T.);
#8082=FACE_BOUND('',#7521,.T.);
#8083=FACE_BOUND('',#7522,.T.);
#8084=FACE_BOUND('',#7523,.T.);
#8085=FACE_BOUND('',#7524,.T.);
#8086=FACE_BOUND('',#7525,.T.);
#8087=FACE_BOUND('',#7526,.T.);
#8088=FACE_BOUND('',#7527,.T.);
#8089=FACE_BOUND('',#7528,.T.);
#8090=FACE_BOUND('',#7529,.T.);
#8091=FACE_BOUND('',#7530,.T.);
#8092=FACE_BOUND('',#7531,.T.);
#8093=FACE_BOUND('',#7532,.T.);
#8094=FACE_BOUND('',#7533,.T.);
#8095=FACE_BOUND('',#7534,.T.);
#8096=FACE_BOUND('',#7535,.T.);
#8097=FACE_BOUND('',#7536,.T.);
#8098=FACE_BOUND('',#7537,.T.);
#8099=FACE_BOUND('',#7538,.T.);
#8100=FACE_BOUND('',#7539,.T.);
#8101=FACE_BOUND('',#7540,.T.);
#8102=FACE_BOUND('',#7541,.T.);
#8103=FACE_BOUND('',#7542,.T.);
#8104=FACE_BOUND('',#7543,.T.);
#8105=FACE_BOUND('',#7544,.T.);
#8106=FACE_BOUND('',#7545,.T.);
#8107=FACE_BOUND('',#7546,.T.);
#8108=FACE_BOUND('',#7547,.T.);
#8109=FACE_BOUND('',#7548,.T.);
#8110=FACE_BOUND('',#7549,.T.);
#8111=FACE_BOUND('',#7550,.T.);
#8112=FACE_BOUND('',#7551,.T.);
#8113=FACE_BOUND('',#7552,.T.);
#8114=FACE_BOUND('',#7553,.T.);
#8115=FACE_BOUND('',#7554,.T.);
#8116=FACE_BOUND('',#7555,.T.);
#8117=FACE_BOUND('',#7556,.T.);
#8118=FACE_BOUND('',#7557,.T.);
#8119=FACE_BOUND('',#7558,.T.);
#8120=FACE_BOUND('',#7559,.T.);
#8121=FACE_BOUND('',#7560,.T.);
#8122=FACE_BOUND('',#7561,.T.);
#8123=FACE_BOUND('',#7562,.T.);
#8124=FACE_BOUND('',#7563,.T.);
#8125=FACE_BOUND('',#7564,.T.);
#8126=FACE_BOUND('',#7565,.T.);
#8127=FACE_BOUND('',#7566,.T.);
#8128=FACE_BOUND('',#7567,.T.);
#8129=FACE_BOUND('',#7568,.T.);
#8130=FACE_BOUND('',#7569,.T.);
#8131=FACE_BOUND('',#7570,.T.);
#8132=FACE_BOUND('',#7571,.T.);
#8133=FACE_BOUND('',#7572,.T.);
#8134=FACE_BOUND('',#7573,.T.);
#8135=FACE_BOUND('',#7574,.T.);
#8136=FACE_BOUND('',#7575,.T.);
#8137=FACE_BOUND('',#7576,.T.);
#8138=FACE_BOUND('',#7577,.T.);
#8139=FACE_BOUND('',#7578,.T.);
#8140=FACE_BOUND('',#7579,.T.);
#8141=FACE_BOUND('',#7580,.T.);
#8142=FACE_BOUND('',#7581,.T.);
#8143=FACE_BOUND('',#7582,.T.);
#8144=FACE_BOUND('',#7583,.T.);
#8145=FACE_BOUND('',#7584,.T.);
#8146=FACE_BOUND('',#7585,.T.);
#8147=FACE_BOUND('',#7586,.T.);
#8148=FACE_BOUND('',#7587,.T.);
#8149=FACE_BOUND('',#7588,.T.);
#8150=FACE_BOUND('',#7589,.T.);
#8151=FACE_BOUND('',#7590,.T.);
#8152=FACE_BOUND('',#7591,.T.);
#8153=FACE_BOUND('',#7592,.T.);
#8154=FACE_BOUND('',#7593,.T.);
#8155=FACE_BOUND('',#7594,.T.);
#8156=FACE_BOUND('',#7595,.T.);
#8157=FACE_BOUND('',#7596,.T.);
#8158=FACE_BOUND('',#7597,.T.);
#8159=FACE_BOUND('',#7598,.T.);
#8160=FACE_BOUND('',#7599,.T.);
#8161=FACE_BOUND('',#7600,.T.);
#8162=FACE_BOUND('',#7601,.T.);
#8163=FACE_BOUND('',#7602,.T.);
#8164=FACE_BOUND('',#7603,.T.);
#8165=FACE_BOUND('',#7604,.T.);
#8166=FACE_BOUND('',#7605,.T.);
#8167=FACE_BOUND('',#7606,.T.);
#8168=FACE_BOUND('',#7607,.T.);
#8169=FACE_BOUND('',#7608,.T.);
#8170=FACE_BOUND('',#7609,.T.);
#8171=FACE_BOUND('',#7610,.T.);
#8172=FACE_BOUND('',#7611,.T.);
#8173=FACE_BOUND('',#7612,.T.);
#8174=FACE_BOUND('',#7613,.T.);
#8175=FACE_BOUND('',#7614,.T.);
#8176=FACE_BOUND('',#7615,.T.);
#8177=FACE_BOUND('',#7616,.T.);
#8178=FACE_BOUND('',#7617,.T.);
#8179=FACE_BOUND('',#7618,.T.);
#8180=FACE_BOUND('',#7619,.T.);
#8181=FACE_BOUND('',#7620,.T.);
#8182=FACE_BOUND('',#7621,.T.);
#8183=FACE_BOUND('',#7622,.T.);
#8184=FACE_BOUND('',#7623,.T.);
#8185=FACE_BOUND('',#7624,.T.);
#8186=FACE_BOUND('',#7625,.T.);
#8187=FACE_BOUND('',#7626,.T.);
#8188=FACE_BOUND('',#7627,.T.);
#8189=FACE_BOUND('',#7628,.T.);
#8190=FACE_BOUND('',#7629,.T.);
#8191=FACE_BOUND('',#7630,.T.);
#8192=FACE_BOUND('',#7631,.T.);
#8193=FACE_BOUND('',#7632,.T.);
#8194=FACE_BOUND('',#7633,.T.);
#8195=FACE_BOUND('',#7634,.T.);
#8196=FACE_BOUND('',#7635,.T.);
#8197=FACE_BOUND('',#7636,.T.);
#8198=FACE_BOUND('',#7637,.T.);
#8199=FACE_BOUND('',#7638,.T.);
#8200=FACE_BOUND('',#7639,.T.);
#8201=FACE_BOUND('',#7640,.T.);
#8202=FACE_BOUND('',#7641,.T.);
#8203=FACE_BOUND('',#7642,.T.);
#8204=FACE_BOUND('',#7643,.T.);
#8205=FACE_BOUND('',#7644,.T.);
#8206=FACE_BOUND('',#7645,.T.);
#8207=FACE_BOUND('',#7646,.T.);
#8208=FACE_BOUND('',#7647,.T.);
#8209=FACE_BOUND('',#7648,.T.);
#8210=FACE_BOUND('',#7649,.T.);
#8211=FACE_BOUND('',#7650,.T.);
#8212=FACE_BOUND('',#7651,.T.);
#8213=FACE_BOUND('',#7652,.T.);
#8214=FACE_BOUND('',#7653,.T.);
#8215=FACE_BOUND('',#7654,.T.);
#8216=FACE_BOUND('',#7655,.T.);
#8217=FACE_BOUND('',#7656,.T.);
#8218=FACE_BOUND('',#7657,.T.);
#8219=FACE_BOUND('',#7658,.T.);
#8220=FACE_BOUND('',#7659,.T.);
#8221=FACE_BOUND('',#7660,.T.);
#8222=FACE_BOUND('',#7661,.T.);
#8223=FACE_BOUND('',#7662,.T.);
#8224=FACE_BOUND('',#7663,.T.);
#8225=FACE_BOUND('',#7664,.T.);
#8226=FACE_BOUND('',#7665,.T.);
#8227=FACE_BOUND('',#7666,.T.);
#8228=FACE_BOUND('',#7667,.T.);
#8229=FACE_BOUND('',#7668,.T.);
#8230=FACE_BOUND('',#7669,.T.);
#8231=FACE_BOUND('',#7670,.T.);
#8232=FACE_BOUND('',#7671,.T.);
#8233=FACE_BOUND('',#7672,.T.);
#8234=FACE_BOUND('',#7673,.T.);
#8235=FACE_BOUND('',#7674,.T.);
#8236=FACE_BOUND('',#7675,.T.);
#8237=FACE_BOUND('',#7676,.T.);
#8238=FACE_BOUND('',#7677,.T.);
#8239=FACE_BOUND('',#7678,.T.);
#8240=FACE_BOUND('',#7679,.T.);
#8241=FACE_BOUND('',#7680,.T.);
#8242=FACE_BOUND('',#7681,.T.);
#8243=FACE_BOUND('',#7682,.T.);
#8244=FACE_BOUND('',#7683,.T.);
#8245=FACE_BOUND('',#7684,.T.);
#8246=FACE_BOUND('',#7685,.T.);
#8247=FACE_BOUND('',#7686,.T.);
#8248=FACE_BOUND('',#7687,.T.);
#8249=FACE_BOUND('',#7688,.T.);
#8250=FACE_BOUND('',#7689,.T.);
#8251=FACE_BOUND('',#7690,.T.);
#8252=FACE_BOUND('',#7691,.T.);
#8253=FACE_BOUND('',#7692,.T.);
#8254=FACE_BOUND('',#7693,.T.);
#8255=FACE_BOUND('',#7694,.T.);
#8256=FACE_BOUND('',#7695,.T.);
#8257=FACE_BOUND('',#7696,.T.);
#8258=FACE_BOUND('',#7697,.T.);
#8259=FACE_BOUND('',#7698,.T.);
#8260=FACE_BOUND('',#7699,.T.);
#8261=FACE_BOUND('',#7700,.T.);
#8262=FACE_BOUND('',#7701,.T.);
#8263=FACE_BOUND('',#7702,.T.);
#8264=FACE_BOUND('',#7703,.T.);
#8265=FACE_BOUND('',#7704,.T.);
#8266=FACE_BOUND('',#7705,.T.);
#8267=FACE_BOUND('',#7706,.T.);
#8268=FACE_BOUND('',#7707,.T.);
#8269=FACE_BOUND('',#7708,.T.);
#8270=FACE_BOUND('',#7709,.T.);
#8271=FACE_BOUND('',#7710,.T.);
#8272=FACE_BOUND('',#7711,.T.);
#8273=FACE_BOUND('',#7712,.T.);
#8274=FACE_BOUND('',#7713,.T.);
#8275=FACE_BOUND('',#7714,.T.);
#8276=FACE_BOUND('',#7715,.T.);
#8277=FACE_BOUND('',#7716,.T.);
#8278=FACE_BOUND('',#7717,.T.);
#8279=FACE_BOUND('',#7718,.T.);
#8280=FACE_BOUND('',#7719,.T.);
#8281=FACE_BOUND('',#7720,.T.);
#8282=FACE_BOUND('',#7721,.T.);
#8283=FACE_BOUND('',#7722,.T.);
#8284=FACE_BOUND('',#7723,.T.);
#8285=FACE_BOUND('',#7724,.T.);
#8286=FACE_BOUND('',#7725,.T.);
#8287=FACE_BOUND('',#7726,.T.);
#8288=FACE_BOUND('',#7727,.T.);
#8289=FACE_BOUND('',#7728,.T.);
#8290=FACE_BOUND('',#7729,.T.);
#8291=FACE_BOUND('',#7730,.T.);
#8292=FACE_BOUND('',#7731,.T.);
#8293=FACE_BOUND('',#7732,.T.);
#8294=FACE_BOUND('',#7733,.T.);
#8295=FACE_BOUND('',#7734,.T.);
#8296=FACE_BOUND('',#7735,.T.);
#8297=FACE_BOUND('',#7736,.T.);
#8298=FACE_BOUND('',#7737,.T.);
#8299=FACE_BOUND('',#7738,.T.);
#8300=FACE_BOUND('',#7739,.T.);
#8301=FACE_BOUND('',#7740,.T.);
#8302=FACE_BOUND('',#7741,.T.);
#8303=FACE_BOUND('',#7742,.T.);
#8304=FACE_BOUND('',#7743,.T.);
#8305=FACE_BOUND('',#7744,.T.);
#8306=FACE_BOUND('',#7745,.T.);
#8307=FACE_BOUND('',#7746,.T.);
#8308=FACE_BOUND('',#7747,.T.);
#8309=FACE_BOUND('',#7748,.T.);
#8310=FACE_BOUND('',#7749,.T.);
#8311=FACE_BOUND('',#7750,.T.);
#8312=FACE_BOUND('',#7751,.T.);
#8313=FACE_BOUND('',#7752,.T.);
#8314=FACE_BOUND('',#7753,.T.);
#8315=FACE_BOUND('',#7754,.T.);
#8316=FACE_BOUND('',#7755,.T.);
#8317=FACE_BOUND('',#7756,.T.);
#8318=FACE_BOUND('',#7757,.T.);
#8319=FACE_BOUND('',#7758,.T.);
#8320=FACE_BOUND('',#7759,.T.);
#8321=FACE_BOUND('',#7760,.T.);
#8322=FACE_BOUND('',#7761,.T.);
#8323=FACE_BOUND('',#7762,.T.);
#8324=FACE_BOUND('',#7763,.T.);
#8325=FACE_BOUND('',#7764,.T.);
#8326=FACE_BOUND('',#7765,.T.);
#8327=FACE_BOUND('',#7766,.T.);
#8328=FACE_BOUND('',#7767,.T.);
#8329=FACE_BOUND('',#7768,.T.);
#8330=FACE_BOUND('',#7769,.T.);
#8331=FACE_BOUND('',#7770,.T.);
#8332=FACE_BOUND('',#7771,.T.);
#8333=FACE_BOUND('',#7772,.T.);
#8334=FACE_BOUND('',#7773,.T.);
#8335=FACE_BOUND('',#7774,.T.);
#8336=FACE_BOUND('',#7775,.T.);
#8337=FACE_BOUND('',#7776,.T.);
#8338=FACE_BOUND('',#7777,.T.);
#8339=FACE_BOUND('',#7778,.T.);
#8340=FACE_BOUND('',#7779,.T.);
#8341=FACE_BOUND('',#7780,.T.);
#8342=FACE_BOUND('',#7781,.T.);
#8343=FACE_BOUND('',#7782,.T.);
#8344=FACE_BOUND('',#7783,.T.);
#8345=FACE_BOUND('',#7784,.T.);
#8346=FACE_BOUND('',#7785,.T.);
#8347=FACE_BOUND('',#7786,.T.);
#8348=FACE_BOUND('',#7787,.T.);
#8349=FACE_BOUND('',#7788,.T.);
#8350=FACE_BOUND('',#7789,.T.);
#8351=FACE_BOUND('',#7790,.T.);
#8352=FACE_BOUND('',#7791,.T.);
#8353=FACE_BOUND('',#7792,.T.);
#8354=FACE_BOUND('',#7793,.T.);
#8355=FACE_BOUND('',#7794,.T.);
#8356=FACE_BOUND('',#7795,.T.);
#8357=FACE_BOUND('',#7796,.T.);
#8358=FACE_BOUND('',#7797,.T.);
#8359=FACE_BOUND('',#7798,.T.);
#8360=FACE_BOUND('',#7799,.T.);
#8361=FACE_BOUND('',#7800,.T.);
#8362=FACE_BOUND('',#7801,.T.);
#8363=FACE_BOUND('',#7802,.T.);
#8364=FACE_BOUND('',#7803,.T.);
#8365=FACE_BOUND('',#7804,.T.);
#8366=FACE_BOUND('',#7805,.T.);
#8367=FACE_BOUND('',#7806,.T.);
#8368=FACE_BOUND('',#7807,.T.);
#8369=FACE_BOUND('',#7808,.T.);
#8370=FACE_BOUND('',#7809,.T.);
#8371=FACE_BOUND('',#7810,.T.);
#8372=FACE_BOUND('',#7811,.T.);
#8373=FACE_BOUND('',#7812,.T.);
#8374=FACE_BOUND('',#7813,.T.);
#8375=FACE_BOUND('',#7814,.T.);
#8376=FACE_BOUND('',#7815,.T.);
#8377=FACE_BOUND('',#7816,.T.);
#8378=FACE_BOUND('',#7817,.T.);
#8379=FACE_BOUND('',#7818,.T.);
#8380=FACE_BOUND('',#7819,.T.);
#8381=FACE_BOUND('',#7820,.T.);
#8382=FACE_BOUND('',#7821,.T.);
#8383=FACE_BOUND('',#7822,.T.);
#8384=FACE_BOUND('',#7823,.T.);
#8385=FACE_BOUND('',#7824,.T.);
#8386=FACE_BOUND('',#7825,.T.);
#8387=FACE_BOUND('',#7826,.T.);
#8388=FACE_BOUND('',#7827,.T.);
#8389=FACE_BOUND('',#7828,.T.);
#8390=FACE_BOUND('',#7829,.T.);
#8391=FACE_BOUND('',#7830,.T.);
#8392=FACE_BOUND('',#7831,.T.);
#8393=FACE_BOUND('',#7832,.T.);
#8394=FACE_BOUND('',#7833,.T.);
#8395=FACE_BOUND('',#7834,.T.);
#8396=FACE_BOUND('',#7835,.T.);
#8397=FACE_BOUND('',#7836,.T.);
#8398=FACE_BOUND('',#7837,.T.);
#8399=FACE_BOUND('',#7838,.T.);
#8400=FACE_BOUND('',#7839,.T.);
#8401=FACE_BOUND('',#7840,.T.);
#8402=FACE_BOUND('',#7841,.T.);
#8403=FACE_BOUND('',#7842,.T.);
#8404=FACE_BOUND('',#7843,.T.);
#8405=FACE_BOUND('',#7844,.T.);
#8406=FACE_BOUND('',#7845,.T.);
#8407=FACE_BOUND('',#7846,.T.);
#8408=FACE_BOUND('',#7847,.T.);
#8409=FACE_BOUND('',#7848,.T.);
#8410=PLANE('',#9546);
#8411=PLANE('',#9547);
#8412=PLANE('',#9548);
#8413=PLANE('',#9549);
#8414=PLANE('',#9550);
#8415=PLANE('',#9551);
#8416=PLANE('',#9552);
#8417=PLANE('',#9557);
#8418=PLANE('',#9558);
#8419=PLANE('',#9559);
#8420=PLANE('',#9560);
#8421=PLANE('',#9561);
#8422=PLANE('',#9562);
#8423=PLANE('',#9563);
#8424=PLANE('',#9568);
#8425=PLANE('',#9572);
#8426=PLANE('',#9573);
#8427=PLANE('',#9575);
#8428=PLANE('',#9576);
#8429=PLANE('',#9578);
#8430=PLANE('',#9581);
#8431=PLANE('',#9592);
#8432=PLANE('',#9593);
#8433=PLANE('',#9594);
#8434=PLANE('',#9596);
#8435=PLANE('',#9597);
#8436=PLANE('',#9598);
#8437=PLANE('',#9599);
#8438=PLANE('',#9600);
#8439=PLANE('',#9601);
#8440=PLANE('',#9602);
#8441=PLANE('',#9603);
#8442=PLANE('',#9605);
#8443=PLANE('',#9608);
#8444=PLANE('',#9609);
#8445=PLANE('',#9611);
#8446=PLANE('',#9612);
#8447=PLANE('',#9613);
#8448=PLANE('',#9614);
#8449=PLANE('',#9615);
#8450=PLANE('',#9616);
#8451=PLANE('',#9617);
#8452=PLANE('',#9620);
#8453=PLANE('',#9623);
#8454=PLANE('',#9624);
#8455=PLANE('',#9625);
#8456=PLANE('',#9627);
#8457=PLANE('',#9628);
#8458=PLANE('',#9629);
#8459=PLANE('',#9630);
#8460=PLANE('',#9631);
#8461=PLANE('',#9632);
#8462=PLANE('',#9633);
#8463=PLANE('',#9634);
#8464=PLANE('',#9635);
#8465=PLANE('',#9636);
#8466=PLANE('',#9637);
#8467=PLANE('',#9638);
#8468=PLANE('',#9639);
#8469=PLANE('',#9640);
#8470=PLANE('',#9641);
#8471=PLANE('',#9642);
#8472=PLANE('',#9643);
#8473=PLANE('',#9644);
#8474=PLANE('',#9645);
#8475=PLANE('',#9646);
#8476=PLANE('',#9647);
#8477=PLANE('',#9648);
#8478=PLANE('',#9649);
#8479=PLANE('',#9650);
#8480=PLANE('',#9651);
#8481=PLANE('',#9654);
#8482=PLANE('',#9655);
#8483=PLANE('',#9656);
#8484=PLANE('',#9657);
#8485=PLANE('',#9658);
#8486=PLANE('',#9659);
#8487=PLANE('',#9660);
#8488=PLANE('',#9661);
#8489=PLANE('',#9665);
#8490=PLANE('',#9666);
#8491=PLANE('',#9667);
#8492=PLANE('',#9668);
#8493=PLANE('',#9669);
#8494=PLANE('',#9673);
#8495=PLANE('',#9675);
#8496=PLANE('',#9676);
#8497=PLANE('',#9677);
#8498=PLANE('',#9678);
#8499=PLANE('',#9679);
#8500=PLANE('',#9683);
#8501=PLANE('',#9684);
#8502=PLANE('',#9687);
#8503=PLANE('',#9692);
#8504=PLANE('',#9693);
#8505=PLANE('',#9694);
#8506=PLANE('',#9695);
#8507=PLANE('',#9696);
#8508=PLANE('',#9697);
#8509=PLANE('',#9698);
#8510=PLANE('',#9699);
#8511=PLANE('',#9701);
#8512=PLANE('',#9702);
#8513=PLANE('',#9703);
#8514=PLANE('',#9704);
#8515=PLANE('',#9705);
#8516=PLANE('',#9706);
#8517=PLANE('',#9707);
#8518=PLANE('',#9708);
#8519=PLANE('',#9709);
#8520=PLANE('',#9710);
#8521=PLANE('',#9713);
#8522=PLANE('',#9714);
#8523=PLANE('',#9715);
#8524=PLANE('',#9716);
#8525=PLANE('',#9717);
#8526=PLANE('',#9718);
#8527=PLANE('',#9719);
#8528=PLANE('',#9720);
#8529=PLANE('',#9724);
#8530=PLANE('',#9725);
#8531=PLANE('',#9726);
#8532=PLANE('',#9727);
#8533=PLANE('',#9730);
#8534=PLANE('',#9732);
#8535=PLANE('',#9734);
#8536=PLANE('',#9737);
#8537=PLANE('',#9738);
#8538=PLANE('',#9739);
#8539=PLANE('',#9740);
#8540=PLANE('',#9741);
#8541=PLANE('',#9742);
#8542=PLANE('',#9743);
#8543=PLANE('',#9744);
#8544=PLANE('',#9745);
#8545=PLANE('',#9746);
#8546=PLANE('',#9747);
#8547=PLANE('',#9748);
#8548=PLANE('',#9749);
#8549=PLANE('',#9750);
#8550=PLANE('',#9751);
#8551=PLANE('',#9752);
#8552=PLANE('',#9753);
#8553=PLANE('',#9754);
#8554=PLANE('',#9757);
#8555=PLANE('',#9758);
#8556=PLANE('',#9759);
#8557=PLANE('',#9760);
#8558=PLANE('',#9761);
#8559=PLANE('',#9762);
#8560=PLANE('',#9763);
#8561=PLANE('',#9764);
#8562=PLANE('',#9768);
#8563=PLANE('',#9769);
#8564=PLANE('',#9770);
#8565=PLANE('',#9771);
#8566=PLANE('',#9774);
#8567=PLANE('',#9775);
#8568=PLANE('',#9777);
#8569=PLANE('',#9778);
#8570=PLANE('',#9781);
#8571=PLANE('',#9782);
#8572=PLANE('',#9783);
#8573=PLANE('',#9784);
#8574=PLANE('',#9785);
#8575=PLANE('',#9786);
#8576=PLANE('',#9787);
#8577=PLANE('',#9788);
#8578=PLANE('',#9789);
#8579=PLANE('',#9790);
#8580=PLANE('',#9791);
#8581=PLANE('',#9792);
#8582=PLANE('',#9793);
#8583=PLANE('',#9794);
#8584=PLANE('',#9795);
#8585=PLANE('',#9796);
#8586=PLANE('',#9797);
#8587=PLANE('',#9798);
#8588=PLANE('',#9799);
#8589=PLANE('',#9800);
#8590=PLANE('',#9801);
#8591=PLANE('',#9802);
#8592=PLANE('',#9803);
#8593=PLANE('',#9810);
#8594=PLANE('',#9823);
#8595=PLANE('',#9824);
#8596=PLANE('',#9827);
#8597=PLANE('',#9830);
#8598=PLANE('',#9831);
#8599=PLANE('',#9832);
#8600=PLANE('',#9833);
#8601=PLANE('',#9834);
#8602=PLANE('',#9835);
#8603=PLANE('',#9836);
#8604=PLANE('',#9837);
#8605=PLANE('',#9838);
#8606=PLANE('',#9841);
#8607=PLANE('',#9844);
#8608=PLANE('',#9845);
#8609=PLANE('',#9846);
#8610=PLANE('',#9847);
#8611=PLANE('',#9848);
#8612=PLANE('',#9849);
#8613=PLANE('',#9850);
#8614=PLANE('',#9851);
#8615=PLANE('',#9852);
#8616=PLANE('',#9853);
#8617=PLANE('',#9854);
#8618=PLANE('',#9861);
#8619=PLANE('',#9875);
#8620=PLANE('',#9877);
#8621=PLANE('',#9878);
#8622=PLANE('',#9880);
#8623=PLANE('',#9882);
#8624=PLANE('',#9883);
#8625=PLANE('',#9884);
#8626=PLANE('',#9885);
#8627=PLANE('',#9886);
#8628=PLANE('',#9887);
#8629=PLANE('',#9888);
#8630=PLANE('',#9889);
#8631=PLANE('',#9893);
#8632=PLANE('',#9895);
#8633=PLANE('',#9899);
#8634=PLANE('',#9903);
#8635=PLANE('',#9907);
#8636=PLANE('',#9911);
#8637=PLANE('',#9917);
#8638=PLANE('',#9921);
#8639=PLANE('',#9925);
#8640=PLANE('',#9929);
#8641=PLANE('',#9930);
#8642=PLANE('',#9935);
#8643=PLANE('',#9940);
#8644=PLANE('',#9943);
#8645=PLANE('',#9944);
#8646=PLANE('',#9945);
#8647=PLANE('',#9960);
#8648=PLANE('',#9961);
#8649=PLANE('',#9976);
#8650=PLANE('',#9977);
#8651=PLANE('',#9978);
#8652=PLANE('',#9987);
#8653=PLANE('',#9988);
#8654=PLANE('',#9997);
#8655=PLANE('',#9998);
#8656=PLANE('',#9999);
#8657=PLANE('',#10002);
#8658=PLANE('',#10003);
#8659=PLANE('',#10004);
#8660=PLANE('',#10005);
#8661=PLANE('',#10008);
#8662=PLANE('',#10009);
#8663=PLANE('',#10012);
#8664=PLANE('',#10014);
#8665=PLANE('',#10016);
#8666=PLANE('',#10017);
#8667=PLANE('',#10020);
#8668=PLANE('',#10021);
#8669=PLANE('',#10027);
#8670=PLANE('',#10033);
#8671=PLANE('',#10036);
#8672=PLANE('',#10037);
#8673=PLANE('',#10038);
#8674=PLANE('',#10039);
#8675=PLANE('',#10044);
#8676=PLANE('',#10047);
#8677=PLANE('',#10050);
#8678=PLANE('',#10051);
#8679=PLANE('',#10057);
#8680=PLANE('',#10063);
#8681=PLANE('',#10064);
#8682=PLANE('',#10065);
#8683=PLANE('',#10066);
#8684=PLANE('',#10080);
#8685=PLANE('',#10082);
#8686=PLANE('',#10089);
#8687=PLANE('',#10092);
#8688=PLANE('',#10093);
#8689=PLANE('',#10094);
#8690=PLANE('',#10098);
#8691=PLANE('',#10100);
#8692=PLANE('',#10106);
#8693=PLANE('',#10107);
#8694=PLANE('',#10108);
#8695=PLANE('',#10109);
#8696=PLANE('',#10110);
#8697=PLANE('',#10111);
#8698=PLANE('',#10112);
#8699=PLANE('',#10113);
#8700=PLANE('',#10114);
#8701=PLANE('',#10115);
#8702=PLANE('',#10116);
#8703=PLANE('',#10117);
#8704=PLANE('',#10118);
#8705=PLANE('',#10119);
#8706=PLANE('',#10120);
#8707=PLANE('',#10121);
#8708=PLANE('',#10122);
#8709=PLANE('',#10123);
#8710=PLANE('',#10124);
#8711=PLANE('',#10125);
#8712=PLANE('',#10126);
#8713=PLANE('',#10127);
#8714=PLANE('',#10128);
#8715=PLANE('',#10129);
#8716=PLANE('',#10130);
#8717=PLANE('',#10131);
#8718=PLANE('',#10132);
#8719=PLANE('',#10133);
#8720=PLANE('',#10134);
#8721=PLANE('',#10135);
#8722=PLANE('',#10136);
#8723=PLANE('',#10137);
#8724=PLANE('',#10138);
#8725=PLANE('',#10139);
#8726=PLANE('',#10140);
#8727=PLANE('',#10141);
#8728=PLANE('',#10142);
#8729=PLANE('',#10143);
#8730=PLANE('',#10144);
#8731=PLANE('',#10145);
#8732=PLANE('',#10146);
#8733=PLANE('',#10147);
#8734=PLANE('',#10148);
#8735=PLANE('',#10149);
#8736=PLANE('',#10150);
#8737=PLANE('',#10151);
#8738=PLANE('',#10152);
#8739=PLANE('',#10153);
#8740=PLANE('',#10154);
#8741=PLANE('',#10155);
#8742=PLANE('',#10156);
#8743=PLANE('',#10157);
#8744=PLANE('',#10158);
#8745=PLANE('',#10159);
#8746=PLANE('',#10160);
#8747=PLANE('',#10161);
#8748=PLANE('',#10162);
#8749=PLANE('',#10163);
#8750=PLANE('',#10164);
#8751=PLANE('',#10165);
#8752=PLANE('',#10166);
#8753=PLANE('',#10167);
#8754=PLANE('',#10168);
#8755=PLANE('',#10169);
#8756=PLANE('',#10170);
#8757=PLANE('',#10171);
#8758=PLANE('',#10172);
#8759=PLANE('',#10173);
#8760=PLANE('',#10174);
#8761=PLANE('',#10175);
#8762=PLANE('',#10176);
#8763=PLANE('',#10177);
#8764=PLANE('',#10178);
#8765=PLANE('',#10179);
#8766=PLANE('',#10180);
#8767=PLANE('',#10181);
#8768=PLANE('',#10182);
#8769=PLANE('',#10183);
#8770=PLANE('',#10184);
#8771=PLANE('',#10185);
#8772=PLANE('',#10186);
#8773=PLANE('',#10187);
#8774=PLANE('',#10188);
#8775=PLANE('',#10189);
#8776=PLANE('',#10190);
#8777=PLANE('',#10191);
#8778=PLANE('',#10192);
#8779=PLANE('',#10193);
#8780=PLANE('',#10194);
#8781=PLANE('',#10195);
#8782=PLANE('',#10196);
#8783=PLANE('',#10197);
#8784=PLANE('',#10198);
#8785=PLANE('',#10199);
#8786=PLANE('',#10200);
#8787=PLANE('',#10201);
#8788=PLANE('',#10202);
#8789=PLANE('',#10203);
#8790=PLANE('',#10204);
#8791=PLANE('',#10205);
#8792=PLANE('',#10206);
#8793=PLANE('',#10207);
#8794=PLANE('',#10208);
#8795=PLANE('',#10209);
#8796=PLANE('',#10210);
#8797=PLANE('',#10211);
#8798=PLANE('',#10212);
#8799=PLANE('',#10213);
#8800=PLANE('',#10214);
#8801=PLANE('',#10215);
#8802=PLANE('',#10216);
#8803=PLANE('',#10217);
#8804=PLANE('',#10218);
#8805=PLANE('',#10219);
#8806=PLANE('',#10220);
#8807=PLANE('',#10221);
#8808=ADVANCED_FACE('',(#7849),#8410,.T.);
#8809=ADVANCED_FACE('',(#7850),#8411,.T.);
#8810=ADVANCED_FACE('',(#7851),#8412,.T.);
#8811=ADVANCED_FACE('',(#7852),#8413,.T.);
#8812=ADVANCED_FACE('',(#7853),#8414,.T.);
#8813=ADVANCED_FACE('',(#7854),#8415,.F.);
#8814=ADVANCED_FACE('',(#7855),#8416,.T.);
#8815=ADVANCED_FACE('',(#7856),#272,.T.);
#8816=ADVANCED_FACE('',(#7857),#8417,.T.);
#8817=ADVANCED_FACE('',(#7858),#8418,.T.);
#8818=ADVANCED_FACE('',(#7859),#8419,.T.);
#8819=ADVANCED_FACE('',(#7860),#8420,.T.);
#8820=ADVANCED_FACE('',(#7861),#8421,.T.);
#8821=ADVANCED_FACE('',(#7862),#8422,.F.);
#8822=ADVANCED_FACE('',(#7863),#8423,.T.);
#8823=ADVANCED_FACE('',(#7864),#273,.T.);
#8824=ADVANCED_FACE('',(#7865,#7866,#7867,#7868,#7869,#7870,#7871),#8424,
 .T.);
#8825=ADVANCED_FACE('',(#7872,#7873,#7874,#7875),#8425,.T.);
#8826=ADVANCED_FACE('',(#7876,#7877,#7878,#7879),#8426,.T.);
#8827=ADVANCED_FACE('',(#7880,#7881,#7882,#7883),#8427,.T.);
#8828=ADVANCED_FACE('',(#7884,#7885),#8428,.T.);
#8829=ADVANCED_FACE('',(#7886,#7887),#8429,.F.);
#8830=ADVANCED_FACE('',(#7888,#7889,#7890,#7891,#7892,#7893),#8430,.T.);
#8831=ADVANCED_FACE('',(#7894),#8431,.T.);
#8832=ADVANCED_FACE('',(#7895),#8432,.T.);
#8833=ADVANCED_FACE('',(#7896,#7897),#8433,.F.);
#8834=ADVANCED_FACE('',(#7898),#8434,.T.);
#8835=ADVANCED_FACE('',(#7899),#8435,.T.);
#8836=ADVANCED_FACE('',(#7900),#8436,.T.);
#8837=ADVANCED_FACE('',(#7901),#8437,.F.);
#8838=ADVANCED_FACE('',(#7902),#8438,.F.);
#8839=ADVANCED_FACE('',(#7903),#8439,.T.);
#8840=ADVANCED_FACE('',(#7904),#8440,.T.);
#8841=ADVANCED_FACE('',(#7905,#7906),#8441,.T.);
#8842=ADVANCED_FACE('',(#7907,#7908),#8442,.F.);
#8843=ADVANCED_FACE('',(#7909),#8443,.T.);
#8844=ADVANCED_FACE('',(#7910,#7911),#8444,.F.);
#8845=ADVANCED_FACE('',(#7912),#8445,.T.);
#8846=ADVANCED_FACE('',(#7913),#8446,.T.);
#8847=ADVANCED_FACE('',(#7914),#8447,.T.);
#8848=ADVANCED_FACE('',(#7915),#8448,.F.);
#8849=ADVANCED_FACE('',(#7916),#8449,.F.);
#8850=ADVANCED_FACE('',(#7917),#8450,.T.);
#8851=ADVANCED_FACE('',(#7918,#7919),#8451,.T.);
#8852=ADVANCED_FACE('',(#7920,#7921),#8452,.F.);
#8853=ADVANCED_FACE('',(#7922),#8453,.F.);
#8854=ADVANCED_FACE('',(#7923),#8454,.T.);
#8855=ADVANCED_FACE('',(#7924,#7925),#8455,.F.);
#8856=ADVANCED_FACE('',(#7926),#8456,.T.);
#8857=ADVANCED_FACE('',(#7927),#8457,.T.);
#8858=ADVANCED_FACE('',(#7928),#8458,.T.);
#8859=ADVANCED_FACE('',(#7929),#8459,.T.);
#8860=ADVANCED_FACE('',(#7930),#8460,.F.);
#8861=ADVANCED_FACE('',(#7931),#8461,.F.);
#8862=ADVANCED_FACE('',(#7932),#8462,.T.);
#8863=ADVANCED_FACE('',(#7933),#8463,.T.);
#8864=ADVANCED_FACE('',(#7934),#8464,.T.);
#8865=ADVANCED_FACE('',(#7935),#8465,.T.);
#8866=ADVANCED_FACE('',(#7936),#8466,.T.);
#8867=ADVANCED_FACE('',(#7937),#8467,.T.);
#8868=ADVANCED_FACE('',(#7938),#8468,.T.);
#8869=ADVANCED_FACE('',(#7939),#8469,.T.);
#8870=ADVANCED_FACE('',(#7940),#8470,.T.);
#8871=ADVANCED_FACE('',(#7941),#8471,.F.);
#8872=ADVANCED_FACE('',(#7942),#8472,.F.);
#8873=ADVANCED_FACE('',(#7943),#8473,.T.);
#8874=ADVANCED_FACE('',(#7944),#8474,.T.);
#8875=ADVANCED_FACE('',(#7945),#8475,.T.);
#8876=ADVANCED_FACE('',(#7946),#8476,.T.);
#8877=ADVANCED_FACE('',(#7947),#8477,.T.);
#8878=ADVANCED_FACE('',(#7948),#8478,.T.);
#8879=ADVANCED_FACE('',(#7949),#8479,.T.);
#8880=ADVANCED_FACE('',(#7950),#8480,.T.);
#8881=ADVANCED_FACE('',(#7951,#7952),#274,.F.);
#8882=ADVANCED_FACE('',(#7953),#8481,.T.);
#8883=ADVANCED_FACE('',(#7954),#8482,.T.);
#8884=ADVANCED_FACE('',(#7955),#8483,.T.);
#8885=ADVANCED_FACE('',(#7956),#8484,.F.);
#8886=ADVANCED_FACE('',(#7957),#8485,.F.);
#8887=ADVANCED_FACE('',(#7958),#8486,.F.);
#8888=ADVANCED_FACE('',(#7959),#8487,.T.);
#8889=ADVANCED_FACE('',(#7960),#8488,.T.);
#8890=ADVANCED_FACE('',(#7961,#7962),#275,.F.);
#8891=ADVANCED_FACE('',(#7963,#7964),#95,.F.);
#8892=ADVANCED_FACE('',(#7965),#8489,.T.);
#8893=ADVANCED_FACE('',(#7966),#8490,.F.);
#8894=ADVANCED_FACE('',(#7967),#8491,.F.);
#8895=ADVANCED_FACE('',(#7968),#8492,.F.);
#8896=ADVANCED_FACE('',(#7969),#8493,.T.);
#8897=ADVANCED_FACE('',(#7970),#276,.T.);
#8898=ADVANCED_FACE('',(#7971),#8494,.T.);
#8899=ADVANCED_FACE('',(#7972),#8495,.T.);
#8900=ADVANCED_FACE('',(#7973),#8496,.T.);
#8901=ADVANCED_FACE('',(#7974),#8497,.T.);
#8902=ADVANCED_FACE('',(#7975),#8498,.F.);
#8903=ADVANCED_FACE('',(#7976),#8499,.F.);
#8904=ADVANCED_FACE('',(#7977),#277,.T.);
#8905=ADVANCED_FACE('',(#7978),#8500,.F.);
#8906=ADVANCED_FACE('',(#7979),#8501,.F.);
#8907=ADVANCED_FACE('',(#7980),#8502,.T.);
#8908=ADVANCED_FACE('',(#7981,#7982),#278,.F.);
#8909=ADVANCED_FACE('',(#7983,#7984),#279,.F.);
#8910=ADVANCED_FACE('',(#7985),#8503,.T.);
#8911=ADVANCED_FACE('',(#7986),#8504,.T.);
#8912=ADVANCED_FACE('',(#7987),#8505,.T.);
#8913=ADVANCED_FACE('',(#7988),#8506,.T.);
#8914=ADVANCED_FACE('',(#7989),#8507,.T.);
#8915=ADVANCED_FACE('',(#7990),#8508,.T.);
#8916=ADVANCED_FACE('',(#7991),#8509,.T.);
#8917=ADVANCED_FACE('',(#7992),#8510,.T.);
#8918=ADVANCED_FACE('',(#7993),#280,.T.);
#8919=ADVANCED_FACE('',(#7994),#8511,.F.);
#8920=ADVANCED_FACE('',(#7995),#8512,.F.);
#8921=ADVANCED_FACE('',(#7996),#8513,.T.);
#8922=ADVANCED_FACE('',(#7997),#8514,.T.);
#8923=ADVANCED_FACE('',(#7998),#8515,.T.);
#8924=ADVANCED_FACE('',(#7999),#8516,.T.);
#8925=ADVANCED_FACE('',(#8000),#8517,.T.);
#8926=ADVANCED_FACE('',(#8001),#8518,.T.);
#8927=ADVANCED_FACE('',(#8002),#8519,.T.);
#8928=ADVANCED_FACE('',(#8003),#8520,.T.);
#8929=ADVANCED_FACE('',(#8004,#8005),#281,.F.);
#8930=ADVANCED_FACE('',(#8006),#8521,.T.);
#8931=ADVANCED_FACE('',(#8007),#8522,.T.);
#8932=ADVANCED_FACE('',(#8008),#8523,.T.);
#8933=ADVANCED_FACE('',(#8009),#8524,.F.);
#8934=ADVANCED_FACE('',(#8010),#8525,.F.);
#8935=ADVANCED_FACE('',(#8011),#8526,.F.);
#8936=ADVANCED_FACE('',(#8012),#8527,.T.);
#8937=ADVANCED_FACE('',(#8013),#8528,.T.);
#8938=ADVANCED_FACE('',(#8014,#8015),#282,.F.);
#8939=ADVANCED_FACE('',(#8016,#8017),#96,.F.);
#8940=ADVANCED_FACE('',(#8018),#8529,.F.);
#8941=ADVANCED_FACE('',(#8019),#8530,.F.);
#8942=ADVANCED_FACE('',(#8020),#8531,.F.);
#8943=ADVANCED_FACE('',(#8021),#8532,.T.);
#8944=ADVANCED_FACE('',(#8022),#283,.T.);
#8945=ADVANCED_FACE('',(#8023),#8533,.T.);
#8946=ADVANCED_FACE('',(#8024),#8534,.T.);
#8947=ADVANCED_FACE('',(#8025),#284,.T.);
#8948=ADVANCED_FACE('',(#8026),#8535,.F.);
#8949=ADVANCED_FACE('',(#8027,#8028),#285,.F.);
#8950=ADVANCED_FACE('',(#8029,#8030),#286,.F.);
#8951=ADVANCED_FACE('',(#8031),#8536,.T.);
#8952=ADVANCED_FACE('',(#8032),#8537,.T.);
#8953=ADVANCED_FACE('',(#8033),#8538,.T.);
#8954=ADVANCED_FACE('',(#8034),#8539,.T.);
#8955=ADVANCED_FACE('',(#8035),#8540,.T.);
#8956=ADVANCED_FACE('',(#8036),#8541,.T.);
#8957=ADVANCED_FACE('',(#8037),#8542,.T.);
#8958=ADVANCED_FACE('',(#8038),#8543,.T.);
#8959=ADVANCED_FACE('',(#8039),#8544,.F.);
#8960=ADVANCED_FACE('',(#8040),#8545,.F.);
#8961=ADVANCED_FACE('',(#8041),#8546,.T.);
#8962=ADVANCED_FACE('',(#8042),#8547,.T.);
#8963=ADVANCED_FACE('',(#8043),#8548,.T.);
#8964=ADVANCED_FACE('',(#8044),#8549,.T.);
#8965=ADVANCED_FACE('',(#8045),#8550,.T.);
#8966=ADVANCED_FACE('',(#8046),#8551,.T.);
#8967=ADVANCED_FACE('',(#8047),#8552,.T.);
#8968=ADVANCED_FACE('',(#8048),#8553,.T.);
#8969=ADVANCED_FACE('',(#8049,#8050),#287,.F.);
#8970=ADVANCED_FACE('',(#8051),#8554,.T.);
#8971=ADVANCED_FACE('',(#8052),#8555,.T.);
#8972=ADVANCED_FACE('',(#8053),#8556,.T.);
#8973=ADVANCED_FACE('',(#8054),#8557,.F.);
#8974=ADVANCED_FACE('',(#8055),#8558,.F.);
#8975=ADVANCED_FACE('',(#8056),#8559,.F.);
#8976=ADVANCED_FACE('',(#8057),#8560,.T.);
#8977=ADVANCED_FACE('',(#8058),#8561,.T.);
#8978=ADVANCED_FACE('',(#8059,#8060),#288,.F.);
#8979=ADVANCED_FACE('',(#8061,#8062),#97,.F.);
#8980=ADVANCED_FACE('',(#8063),#8562,.F.);
#8981=ADVANCED_FACE('',(#8064),#8563,.F.);
#8982=ADVANCED_FACE('',(#8065),#8564,.F.);
#8983=ADVANCED_FACE('',(#8066),#8565,.T.);
#8984=ADVANCED_FACE('',(#8067),#289,.T.);
#8985=ADVANCED_FACE('',(#8068),#8566,.T.);
#8986=ADVANCED_FACE('',(#8069),#8567,.T.);
#8987=ADVANCED_FACE('',(#8070),#290,.T.);
#8988=ADVANCED_FACE('',(#8071),#8568,.F.);
#8989=ADVANCED_FACE('',(#8072),#8569,.F.);
#8990=ADVANCED_FACE('',(#8073,#8074),#291,.F.);
#8991=ADVANCED_FACE('',(#8075,#8076),#292,.F.);
#8992=ADVANCED_FACE('',(#8077),#8570,.T.);
#8993=ADVANCED_FACE('',(#8078),#8571,.T.);
#8994=ADVANCED_FACE('',(#8079),#8572,.T.);
#8995=ADVANCED_FACE('',(#8080),#8573,.T.);
#8996=ADVANCED_FACE('',(#8081),#8574,.T.);
#8997=ADVANCED_FACE('',(#8082),#8575,.T.);
#8998=ADVANCED_FACE('',(#8083),#8576,.T.);
#8999=ADVANCED_FACE('',(#8084),#8577,.T.);
#9000=ADVANCED_FACE('',(#8085),#8578,.T.);
#9001=ADVANCED_FACE('',(#8086),#8579,.T.);
#9002=ADVANCED_FACE('',(#8087),#8580,.F.);
#9003=ADVANCED_FACE('',(#8088),#8581,.T.);
#9004=ADVANCED_FACE('',(#8089),#8582,.T.);
#9005=ADVANCED_FACE('',(#8090),#8583,.T.);
#9006=ADVANCED_FACE('',(#8091),#8584,.T.);
#9007=ADVANCED_FACE('',(#8092),#8585,.T.);
#9008=ADVANCED_FACE('',(#8093),#8586,.T.);
#9009=ADVANCED_FACE('',(#8094),#8587,.T.);
#9010=ADVANCED_FACE('',(#8095),#8588,.T.);
#9011=ADVANCED_FACE('',(#8096),#8589,.T.);
#9012=ADVANCED_FACE('',(#8097),#8590,.T.);
#9013=ADVANCED_FACE('',(#8098),#8591,.T.);
#9014=ADVANCED_FACE('',(#8099),#8592,.T.);
#9015=ADVANCED_FACE('',(#8100),#8593,.F.);
#9016=ADVANCED_FACE('',(#8101),#293,.T.);
#9017=ADVANCED_FACE('',(#8102),#294,.F.);
#9018=ADVANCED_FACE('',(#8103),#295,.F.);
#9019=ADVANCED_FACE('',(#8104),#296,.T.);
#9020=ADVANCED_FACE('',(#8105),#297,.T.);
#9021=ADVANCED_FACE('',(#8106),#298,.T.);
#9022=ADVANCED_FACE('',(#8107),#8594,.F.);
#9023=ADVANCED_FACE('',(#8108),#8595,.F.);
#9024=ADVANCED_FACE('',(#8109),#299,.T.);
#9025=ADVANCED_FACE('',(#8110),#8596,.F.);
#9026=ADVANCED_FACE('',(#8111),#300,.T.);
#9027=ADVANCED_FACE('',(#8112),#8597,.F.);
#9028=ADVANCED_FACE('',(#8113),#8598,.F.);
#9029=ADVANCED_FACE('',(#8114),#8599,.T.);
#9030=ADVANCED_FACE('',(#8115),#8600,.T.);
#9031=ADVANCED_FACE('',(#8116),#8601,.F.);
#9032=ADVANCED_FACE('',(#8117),#8602,.T.);
#9033=ADVANCED_FACE('',(#8118),#8603,.T.);
#9034=ADVANCED_FACE('',(#8119),#8604,.F.);
#9035=ADVANCED_FACE('',(#8120),#8605,.F.);
#9036=ADVANCED_FACE('',(#8121),#301,.T.);
#9037=ADVANCED_FACE('',(#8122),#8606,.F.);
#9038=ADVANCED_FACE('',(#8123),#302,.T.);
#9039=ADVANCED_FACE('',(#8124),#8607,.F.);
#9040=ADVANCED_FACE('',(#8125),#8608,.T.);
#9041=ADVANCED_FACE('',(#8126),#8609,.T.);
#9042=ADVANCED_FACE('',(#8127),#8610,.T.);
#9043=ADVANCED_FACE('',(#8128),#8611,.T.);
#9044=ADVANCED_FACE('',(#8129),#8612,.T.);
#9045=ADVANCED_FACE('',(#8130),#8613,.T.);
#9046=ADVANCED_FACE('',(#8131),#8614,.T.);
#9047=ADVANCED_FACE('',(#8132),#8615,.T.);
#9048=ADVANCED_FACE('',(#8133),#8616,.T.);
#9049=ADVANCED_FACE('',(#8134),#8617,.F.);
#9050=ADVANCED_FACE('',(#8135),#8618,.T.);
#9051=ADVANCED_FACE('',(#8136),#303,.T.);
#9052=ADVANCED_FACE('',(#8137),#304,.F.);
#9053=ADVANCED_FACE('',(#8138),#305,.F.);
#9054=ADVANCED_FACE('',(#8139),#306,.T.);
#9055=ADVANCED_FACE('',(#8140),#307,.T.);
#9056=ADVANCED_FACE('',(#8141),#308,.T.);
#9057=ADVANCED_FACE('',(#8142,#8143),#8619,.F.);
#9058=ADVANCED_FACE('',(#8144),#8620,.T.);
#9059=ADVANCED_FACE('',(#8145),#8621,.T.);
#9060=ADVANCED_FACE('',(#8146),#8622,.T.);
#9061=ADVANCED_FACE('',(#8147),#8623,.T.);
#9062=ADVANCED_FACE('',(#8148,#8149),#8624,.F.);
#9063=ADVANCED_FACE('',(#8150,#8151),#8625,.F.);
#9064=ADVANCED_FACE('',(#8152),#8626,.F.);
#9065=ADVANCED_FACE('',(#8153),#8627,.T.);
#9066=ADVANCED_FACE('',(#8154),#8628,.F.);
#9067=ADVANCED_FACE('',(#8155),#8629,.T.);
#9068=ADVANCED_FACE('',(#8156),#8630,.F.);
#9069=ADVANCED_FACE('',(#8157,#8158),#309,.F.);
#9070=ADVANCED_FACE('',(#8159),#8631,.F.);
#9071=ADVANCED_FACE('',(#8160),#8632,.T.);
#9072=ADVANCED_FACE('',(#8161),#310,.T.);
#9073=ADVANCED_FACE('',(#8162),#8633,.T.);
#9074=ADVANCED_FACE('',(#8163),#311,.T.);
#9075=ADVANCED_FACE('',(#8164),#8634,.F.);
#9076=ADVANCED_FACE('',(#8165),#312,.F.);
#9077=ADVANCED_FACE('',(#8166),#8635,.F.);
#9078=ADVANCED_FACE('',(#8167),#313,.F.);
#9079=ADVANCED_FACE('',(#8168),#8636,.F.);
#9080=ADVANCED_FACE('',(#8169),#314,.T.);
#9081=ADVANCED_FACE('',(#8170),#8637,.T.);
#9082=ADVANCED_FACE('',(#8171),#315,.T.);
#9083=ADVANCED_FACE('',(#8172),#8638,.T.);
#9084=ADVANCED_FACE('',(#8173),#316,.F.);
#9085=ADVANCED_FACE('',(#8174),#8639,.F.);
#9086=ADVANCED_FACE('',(#8175),#317,.F.);
#9087=ADVANCED_FACE('',(#8176),#8640,.F.);
#9088=ADVANCED_FACE('',(#8177),#8641,.F.);
#9089=ADVANCED_FACE('',(#8178),#8642,.F.);
#9090=ADVANCED_FACE('',(#8179),#8643,.F.);
#9091=ADVANCED_FACE('',(#8180),#8644,.T.);
#9092=ADVANCED_FACE('',(#8181),#8645,.F.);
#9093=ADVANCED_FACE('',(#8182),#8646,.F.);
#9094=ADVANCED_FACE('',(#8183),#8647,.T.);
#9095=ADVANCED_FACE('',(#8184),#8648,.T.);
#9096=ADVANCED_FACE('',(#8185),#8649,.F.);
#9097=ADVANCED_FACE('',(#8186),#8650,.F.);
#9098=ADVANCED_FACE('',(#8187),#8651,.T.);
#9099=ADVANCED_FACE('',(#8188),#318,.T.);
#9100=ADVANCED_FACE('',(#8189),#319,.F.);
#9101=ADVANCED_FACE('',(#8190),#320,.T.);
#9102=ADVANCED_FACE('',(#8191),#321,.F.);
#9103=ADVANCED_FACE('',(#8192),#322,.T.);
#9104=ADVANCED_FACE('',(#8193),#323,.F.);
#9105=ADVANCED_FACE('',(#8194),#8652,.T.);
#9106=ADVANCED_FACE('',(#8195),#8653,.F.);
#9107=ADVANCED_FACE('',(#8196),#324,.F.);
#9108=ADVANCED_FACE('',(#8197),#325,.T.);
#9109=ADVANCED_FACE('',(#8198),#326,.F.);
#9110=ADVANCED_FACE('',(#8199),#327,.T.);
#9111=ADVANCED_FACE('',(#8200),#328,.F.);
#9112=ADVANCED_FACE('',(#8201),#329,.T.);
#9113=ADVANCED_FACE('',(#8202),#8654,.T.);
#9114=ADVANCED_FACE('',(#8203),#8655,.F.);
#9115=ADVANCED_FACE('',(#8204),#8656,.F.);
#9116=ADVANCED_FACE('',(#8205),#330,.T.);
#9117=ADVANCED_FACE('',(#8206),#331,.F.);
#9118=ADVANCED_FACE('',(#8207),#8657,.F.);
#9119=ADVANCED_FACE('',(#8208),#8658,.F.);
#9120=ADVANCED_FACE('',(#8209),#8659,.F.);
#9121=ADVANCED_FACE('',(#8210),#8660,.F.);
#9122=ADVANCED_FACE('',(#8211),#332,.T.);
#9123=ADVANCED_FACE('',(#8212),#333,.F.);
#9124=ADVANCED_FACE('',(#8213),#8661,.T.);
#9125=ADVANCED_FACE('',(#8214),#8662,.F.);
#9126=ADVANCED_FACE('',(#8215),#334,.T.);
#9127=ADVANCED_FACE('',(#8216),#335,.F.);
#9128=ADVANCED_FACE('',(#8217),#8663,.T.);
#9129=ADVANCED_FACE('',(#8218),#336,.T.);
#9130=ADVANCED_FACE('',(#8219),#8664,.F.);
#9131=ADVANCED_FACE('',(#8220),#337,.F.);
#9132=ADVANCED_FACE('',(#8221),#8665,.T.);
#9133=ADVANCED_FACE('',(#8222),#8666,.T.);
#9134=ADVANCED_FACE('',(#8223),#8667,.T.);
#9135=ADVANCED_FACE('',(#8224),#8668,.F.);
#9136=ADVANCED_FACE('',(#8225),#338,.F.);
#9137=ADVANCED_FACE('',(#8226),#8669,.T.);
#9138=ADVANCED_FACE('',(#8227),#339,.T.);
#9139=ADVANCED_FACE('',(#8228),#8670,.F.);
#9140=ADVANCED_FACE('',(#8229),#8671,.T.);
#9141=ADVANCED_FACE('',(#8230),#8672,.T.);
#9142=ADVANCED_FACE('',(#8231),#8673,.F.);
#9143=ADVANCED_FACE('',(#8232),#8674,.F.);
#9144=ADVANCED_FACE('',(#8233),#340,.T.);
#9145=ADVANCED_FACE('',(#8234),#341,.T.);
#9146=ADVANCED_FACE('',(#8235),#342,.T.);
#9147=ADVANCED_FACE('',(#8236),#343,.T.);
#9148=ADVANCED_FACE('',(#8237),#8675,.T.);
#9149=ADVANCED_FACE('',(#8238),#8676,.F.);
#9150=ADVANCED_FACE('',(#8239),#8677,.F.);
#9151=ADVANCED_FACE('',(#8240),#8678,.T.);
#9152=ADVANCED_FACE('',(#8241),#344,.F.);
#9153=ADVANCED_FACE('',(#8242),#8679,.F.);
#9154=ADVANCED_FACE('',(#8243),#345,.T.);
#9155=ADVANCED_FACE('',(#8244),#8680,.T.);
#9156=ADVANCED_FACE('',(#8245),#8681,.T.);
#9157=ADVANCED_FACE('',(#8246),#8682,.F.);
#9158=ADVANCED_FACE('',(#8247),#8683,.F.);
#9159=ADVANCED_FACE('',(#8248),#346,.T.);
#9160=ADVANCED_FACE('',(#8249),#347,.T.);
#9161=ADVANCED_FACE('',(#8250),#348,.T.);
#9162=ADVANCED_FACE('',(#8251),#349,.T.);
#9163=ADVANCED_FACE('',(#8252),#350,.T.);
#9164=ADVANCED_FACE('',(#8253),#351,.T.);
#9165=ADVANCED_FACE('',(#8254,#8255),#352,.T.);
#9166=ADVANCED_FACE('',(#8256),#8684,.F.);
#9167=ADVANCED_FACE('',(#8257),#8685,.F.);
#9168=ADVANCED_FACE('',(#8258),#18,.T.);
#9169=ADVANCED_FACE('',(#8259),#19,.T.);
#9170=ADVANCED_FACE('',(#8260,#8261),#353,.T.);
#9171=ADVANCED_FACE('',(#8262,#8263),#8686,.T.);
#9172=ADVANCED_FACE('',(#8264,#8265),#20,.T.);
#9173=ADVANCED_FACE('',(#8266),#8687,.T.);
#9174=ADVANCED_FACE('',(#8267),#8688,.T.);
#9175=ADVANCED_FACE('',(#8268),#8689,.F.);
#9176=ADVANCED_FACE('',(#8269,#8270),#354,.T.);
#9177=ADVANCED_FACE('',(#8271,#8272),#8690,.F.);
#9178=ADVANCED_FACE('',(#8273),#8691,.T.);
#9179=ADVANCED_FACE('',(#8274,#8275),#98,.T.);
#9180=ADVANCED_FACE('',(#8276),#8692,.T.);
#9181=ADVANCED_FACE('',(#8277),#8693,.T.);
#9182=ADVANCED_FACE('',(#8278),#8694,.T.);
#9183=ADVANCED_FACE('',(#8279,#8280,#8281,#8282,#8283,#8284,#8285,#8286,
#8287,#8288),#8695,.T.);
#9184=ADVANCED_FACE('',(#8289,#8290,#8291,#8292),#8696,.T.);
#9185=ADVANCED_FACE('',(#8293,#8294,#8295,#8296),#8697,.T.);
#9186=ADVANCED_FACE('',(#8297),#8698,.T.);
#9187=ADVANCED_FACE('',(#8298),#8699,.T.);
#9188=ADVANCED_FACE('',(#8299),#8700,.T.);
#9189=ADVANCED_FACE('',(#8300),#8701,.T.);
#9190=ADVANCED_FACE('',(#8301),#8702,.T.);
#9191=ADVANCED_FACE('',(#8302,#8303,#8304,#8305),#8703,.T.);
#9192=ADVANCED_FACE('',(#8306),#8704,.T.);
#9193=ADVANCED_FACE('',(#8307),#8705,.F.);
#9194=ADVANCED_FACE('',(#8308),#8706,.T.);
#9195=ADVANCED_FACE('',(#8309),#8707,.F.);
#9196=ADVANCED_FACE('',(#8310),#8708,.T.);
#9197=ADVANCED_FACE('',(#8311),#8709,.T.);
#9198=ADVANCED_FACE('',(#8312),#8710,.T.);
#9199=ADVANCED_FACE('',(#8313),#8711,.T.);
#9200=ADVANCED_FACE('',(#8314),#8712,.F.);
#9201=ADVANCED_FACE('',(#8315),#8713,.T.);
#9202=ADVANCED_FACE('',(#8316),#8714,.T.);
#9203=ADVANCED_FACE('',(#8317),#8715,.T.);
#9204=ADVANCED_FACE('',(#8318),#8716,.T.);
#9205=ADVANCED_FACE('',(#8319),#8717,.F.);
#9206=ADVANCED_FACE('',(#8320),#8718,.T.);
#9207=ADVANCED_FACE('',(#8321),#8719,.T.);
#9208=ADVANCED_FACE('',(#8322),#8720,.T.);
#9209=ADVANCED_FACE('',(#8323),#8721,.F.);
#9210=ADVANCED_FACE('',(#8324),#8722,.T.);
#9211=ADVANCED_FACE('',(#8325),#8723,.T.);
#9212=ADVANCED_FACE('',(#8326),#8724,.T.);
#9213=ADVANCED_FACE('',(#8327),#8725,.T.);
#9214=ADVANCED_FACE('',(#8328),#8726,.F.);
#9215=ADVANCED_FACE('',(#8329),#8727,.T.);
#9216=ADVANCED_FACE('',(#8330),#8728,.F.);
#9217=ADVANCED_FACE('',(#8331),#8729,.F.);
#9218=ADVANCED_FACE('',(#8332),#8730,.F.);
#9219=ADVANCED_FACE('',(#8333),#8731,.F.);
#9220=ADVANCED_FACE('',(#8334),#8732,.T.);
#9221=ADVANCED_FACE('',(#8335),#8733,.T.);
#9222=ADVANCED_FACE('',(#8336),#8734,.F.);
#9223=ADVANCED_FACE('',(#8337),#8735,.F.);
#9224=ADVANCED_FACE('',(#8338),#8736,.F.);
#9225=ADVANCED_FACE('',(#8339),#8737,.F.);
#9226=ADVANCED_FACE('',(#8340),#8738,.F.);
#9227=ADVANCED_FACE('',(#8341),#8739,.F.);
#9228=ADVANCED_FACE('',(#8342),#8740,.T.);
#9229=ADVANCED_FACE('',(#8343),#8741,.F.);
#9230=ADVANCED_FACE('',(#8344),#8742,.F.);
#9231=ADVANCED_FACE('',(#8345),#8743,.F.);
#9232=ADVANCED_FACE('',(#8346),#8744,.T.);
#9233=ADVANCED_FACE('',(#8347),#8745,.T.);
#9234=ADVANCED_FACE('',(#8348),#8746,.T.);
#9235=ADVANCED_FACE('',(#8349),#8747,.T.);
#9236=ADVANCED_FACE('',(#8350),#8748,.T.);
#9237=ADVANCED_FACE('',(#8351),#8749,.F.);
#9238=ADVANCED_FACE('',(#8352),#8750,.T.);
#9239=ADVANCED_FACE('',(#8353),#8751,.T.);
#9240=ADVANCED_FACE('',(#8354),#8752,.T.);
#9241=ADVANCED_FACE('',(#8355),#8753,.T.);
#9242=ADVANCED_FACE('',(#8356),#8754,.F.);
#9243=ADVANCED_FACE('',(#8357),#8755,.T.);
#9244=ADVANCED_FACE('',(#8358),#8756,.F.);
#9245=ADVANCED_FACE('',(#8359),#8757,.F.);
#9246=ADVANCED_FACE('',(#8360),#8758,.F.);
#9247=ADVANCED_FACE('',(#8361),#8759,.F.);
#9248=ADVANCED_FACE('',(#8362),#8760,.T.);
#9249=ADVANCED_FACE('',(#8363),#8761,.F.);
#9250=ADVANCED_FACE('',(#8364),#8762,.F.);
#9251=ADVANCED_FACE('',(#8365),#8763,.F.);
#9252=ADVANCED_FACE('',(#8366),#8764,.F.);
#9253=ADVANCED_FACE('',(#8367),#8765,.T.);
#9254=ADVANCED_FACE('',(#8368),#8766,.F.);
#9255=ADVANCED_FACE('',(#8369),#8767,.F.);
#9256=ADVANCED_FACE('',(#8370),#8768,.F.);
#9257=ADVANCED_FACE('',(#8371),#8769,.T.);
#9258=ADVANCED_FACE('',(#8372),#8770,.T.);
#9259=ADVANCED_FACE('',(#8373),#8771,.T.);
#9260=ADVANCED_FACE('',(#8374),#8772,.T.);
#9261=ADVANCED_FACE('',(#8375),#8773,.F.);
#9262=ADVANCED_FACE('',(#8376),#8774,.T.);
#9263=ADVANCED_FACE('',(#8377),#8775,.T.);
#9264=ADVANCED_FACE('',(#8378),#8776,.T.);
#9265=ADVANCED_FACE('',(#8379),#8777,.F.);
#9266=ADVANCED_FACE('',(#8380),#8778,.T.);
#9267=ADVANCED_FACE('',(#8381),#8779,.T.);
#9268=ADVANCED_FACE('',(#8382),#8780,.T.);
#9269=ADVANCED_FACE('',(#8383),#8781,.T.);
#9270=ADVANCED_FACE('',(#8384),#8782,.F.);
#9271=ADVANCED_FACE('',(#8385),#8783,.T.);
#9272=ADVANCED_FACE('',(#8386),#8784,.F.);
#9273=ADVANCED_FACE('',(#8387),#8785,.F.);
#9274=ADVANCED_FACE('',(#8388),#8786,.F.);
#9275=ADVANCED_FACE('',(#8389),#8787,.F.);
#9276=ADVANCED_FACE('',(#8390),#8788,.T.);
#9277=ADVANCED_FACE('',(#8391),#8789,.F.);
#9278=ADVANCED_FACE('',(#8392),#8790,.F.);
#9279=ADVANCED_FACE('',(#8393),#8791,.F.);
#9280=ADVANCED_FACE('',(#8394),#8792,.F.);
#9281=ADVANCED_FACE('',(#8395),#8793,.F.);
#9282=ADVANCED_FACE('',(#8396),#8794,.F.);
#9283=ADVANCED_FACE('',(#8397),#8795,.F.);
#9284=ADVANCED_FACE('',(#8398),#8796,.T.);
#9285=ADVANCED_FACE('',(#8399),#8797,.F.);
#9286=ADVANCED_FACE('',(#8400),#8798,.F.);
#9287=ADVANCED_FACE('',(#8401),#8799,.F.);
#9288=ADVANCED_FACE('',(#8402),#8800,.T.);
#9289=ADVANCED_FACE('',(#8403),#8801,.T.);
#9290=ADVANCED_FACE('',(#8404),#8802,.T.);
#9291=ADVANCED_FACE('',(#8405),#8803,.F.);
#9292=ADVANCED_FACE('',(#8406),#8804,.F.);
#9293=ADVANCED_FACE('',(#8407),#8805,.F.);
#9294=ADVANCED_FACE('',(#8408),#8806,.T.);
#9295=ADVANCED_FACE('',(#8409),#8807,.T.);
#9296=CLOSED_SHELL('',(#8808,#8809,#8810,#8811,#8812,#8813,#8814,#8815,
#8816,#8817,#8818,#8819,#8820,#8821,#8822,#8823,#8824,#8825,#8826,#8827,
#8828,#8829,#8830,#8831,#8832,#8833,#8834,#8835,#8836,#8837,#8838,#8839,
#8840,#8841,#8842,#8843,#8844,#8845,#8846,#8847,#8848,#8849,#8850,#8851,
#8852,#8853,#8854,#8855,#8856,#8857,#8858,#8859,#8860,#8861,#8862,#8863,
#8864,#8865,#8866,#8867,#8868,#8869,#8870,#8871,#8872,#8873,#8874,#8875,
#8876,#8877,#8878,#8879,#8880,#8881,#8882,#8883,#8884,#8885,#8886,#8887,
#8888,#8889,#8890,#8891,#8892,#8893,#8894,#8895,#8896,#8897,#8898,#8899,
#8900,#8901,#8902,#8903,#8904,#8905,#8906,#8907,#8908,#8909,#8910,#8911,
#8912,#8913,#8914,#8915,#8916,#8917,#8918,#8919,#8920,#8921,#8922,#8923,
#8924,#8925,#8926,#8927,#8928,#8929,#8930,#8931,#8932,#8933,#8934,#8935,
#8936,#8937,#8938,#8939,#8940,#8941,#8942,#8943,#8944,#8945,#8946,#8947,
#8948,#8949,#8950,#8951,#8952,#8953,#8954,#8955,#8956,#8957,#8958,#8959,
#8960,#8961,#8962,#8963,#8964,#8965,#8966,#8967,#8968,#8969,#8970,#8971,
#8972,#8973,#8974,#8975,#8976,#8977,#8978,#8979,#8980,#8981,#8982,#8983,
#8984,#8985,#8986,#8987,#8988,#8989,#8990,#8991,#8992,#8993,#8994,#8995,
#8996,#8997,#8998,#8999,#9000,#9001,#9002,#9003,#9004,#9005,#9006,#9007,
#9008,#9009,#9010,#9011,#9012,#9013,#9014,#9015,#9016,#9017,#9018,#9019,
#9020,#9021,#9022,#9023,#9024,#9025,#9026,#9027,#9028,#9029,#9030,#9031,
#9032,#9033,#9034,#9035,#9036,#9037,#9038,#9039,#9040,#9041,#9042,#9043,
#9044,#9045,#9046,#9047,#9048,#9049,#9050,#9051,#9052,#9053,#9054,#9055,
#9056));
#9297=CLOSED_SHELL('',(#9057,#9058,#9059,#9060,#9061,#9062,#9063,#9064,
#9065,#9066,#9067,#9068,#9069,#9070));
#9298=CLOSED_SHELL('',(#9071,#9072,#9073,#9074,#9075,#9076,#9077,#9078,
#9079,#9080,#9081,#9082,#9083,#9084,#9085,#9086,#9087,#9088,#9089,#9090,
#9091,#9092,#9093,#9094,#9095,#9096,#9097,#9098,#9099,#9100,#9101,#9102,
#9103,#9104,#9105,#9106,#9107,#9108,#9109,#9110,#9111,#9112,#9113,#9114,
#9115,#9116,#9117,#9118,#9119,#9120,#9121,#9122,#9123,#9124,#9125,#9126,
#9127,#9128,#9129,#9130,#9131,#9132,#9133,#9134,#9135,#9136,#9137,#9138,
#9139,#9140,#9141,#9142,#9143,#9144,#9145,#9146,#9147,#9148,#9149,#9150,
#9151,#9152,#9153,#9154,#9155,#9156,#9157,#9158,#9159,#9160,#9161,#9162,
#9163,#9164));
#9299=CLOSED_SHELL('',(#9165,#9166,#9167,#9168,#9169,#9170,#9171,#9172,
#9173,#9174,#9175,#9176,#9177,#9178,#9179));
#9300=CLOSED_SHELL('',(#9180,#9181,#9182,#9183,#9184,#9185,#9186,#9187,
#9188,#9189,#9190,#9191,#9192,#9193,#9194,#9195,#9196,#9197,#9198,#9199,
#9200,#9201,#9202,#9203,#9204,#9205,#9206,#9207,#9208,#9209,#9210,#9211,
#9212,#9213,#9214,#9215,#9216,#9217,#9218,#9219,#9220,#9221,#9222,#9223,
#9224,#9225,#9226,#9227,#9228,#9229,#9230,#9231,#9232,#9233,#9234,#9235,
#9236,#9237,#9238,#9239,#9240,#9241,#9242,#9243,#9244,#9245,#9246,#9247,
#9248,#9249,#9250,#9251,#9252,#9253,#9254,#9255,#9256,#9257,#9258,#9259,
#9260,#9261,#9262,#9263,#9264,#9265,#9266,#9267,#9268,#9269,#9270,#9271,
#9272,#9273,#9274,#9275,#9276,#9277,#9278,#9279,#9280,#9281,#9282,#9283,
#9284,#9285,#9286,#9287,#9288,#9289,#9290,#9291,#9292,#9293,#9294,#9295));
#9301=STYLED_ITEM('',(#9333),#9528);
#9302=STYLED_ITEM('',(#9334),#9057);
#9303=STYLED_ITEM('',(#9335),#9058);
#9304=STYLED_ITEM('',(#9336),#9059);
#9305=STYLED_ITEM('',(#9337),#9060);
#9306=STYLED_ITEM('',(#9338),#9061);
#9307=STYLED_ITEM('',(#9339),#9062);
#9308=STYLED_ITEM('',(#9340),#9063);
#9309=STYLED_ITEM('',(#9341),#9064);
#9310=STYLED_ITEM('',(#9342),#9065);
#9311=STYLED_ITEM('',(#9343),#9066);
#9312=STYLED_ITEM('',(#9344),#9067);
#9313=STYLED_ITEM('',(#9345),#9068);
#9314=STYLED_ITEM('',(#9346),#9069);
#9315=STYLED_ITEM('',(#9347),#9070);
#9316=STYLED_ITEM('',(#9348),#9530);
#9317=STYLED_ITEM('',(#9349),#9165);
#9318=STYLED_ITEM('',(#9350),#9166);
#9319=STYLED_ITEM('',(#9351),#9167);
#9320=STYLED_ITEM('',(#9352),#9168);
#9321=STYLED_ITEM('',(#9353),#9169);
#9322=STYLED_ITEM('',(#9354),#9170);
#9323=STYLED_ITEM('',(#9355),#9171);
#9324=STYLED_ITEM('',(#9356),#9172);
#9325=STYLED_ITEM('',(#9357),#9173);
#9326=STYLED_ITEM('',(#9358),#9174);
#9327=STYLED_ITEM('',(#9359),#9175);
#9328=STYLED_ITEM('',(#9360),#9176);
#9329=STYLED_ITEM('',(#9361),#9177);
#9330=STYLED_ITEM('',(#9362),#9178);
#9331=STYLED_ITEM('',(#9363),#9179);
#9332=STYLED_ITEM('',(#9364),#9532);
#9333=PRESENTATION_STYLE_ASSIGNMENT((#9365));
#9334=PRESENTATION_STYLE_ASSIGNMENT((#9366));
#9335=PRESENTATION_STYLE_ASSIGNMENT((#9367));
#9336=PRESENTATION_STYLE_ASSIGNMENT((#9368));
#9337=PRESENTATION_STYLE_ASSIGNMENT((#9369));
#9338=PRESENTATION_STYLE_ASSIGNMENT((#9370));
#9339=PRESENTATION_STYLE_ASSIGNMENT((#9371));
#9340=PRESENTATION_STYLE_ASSIGNMENT((#9372));
#9341=PRESENTATION_STYLE_ASSIGNMENT((#9373));
#9342=PRESENTATION_STYLE_ASSIGNMENT((#9374));
#9343=PRESENTATION_STYLE_ASSIGNMENT((#9375));
#9344=PRESENTATION_STYLE_ASSIGNMENT((#9376));
#9345=PRESENTATION_STYLE_ASSIGNMENT((#9377));
#9346=PRESENTATION_STYLE_ASSIGNMENT((#9378));
#9347=PRESENTATION_STYLE_ASSIGNMENT((#9379));
#9348=PRESENTATION_STYLE_ASSIGNMENT((#9380));
#9349=PRESENTATION_STYLE_ASSIGNMENT((#9381));
#9350=PRESENTATION_STYLE_ASSIGNMENT((#9382));
#9351=PRESENTATION_STYLE_ASSIGNMENT((#9383));
#9352=PRESENTATION_STYLE_ASSIGNMENT((#9384));
#9353=PRESENTATION_STYLE_ASSIGNMENT((#9385));
#9354=PRESENTATION_STYLE_ASSIGNMENT((#9386));
#9355=PRESENTATION_STYLE_ASSIGNMENT((#9387));
#9356=PRESENTATION_STYLE_ASSIGNMENT((#9388));
#9357=PRESENTATION_STYLE_ASSIGNMENT((#9389));
#9358=PRESENTATION_STYLE_ASSIGNMENT((#9390));
#9359=PRESENTATION_STYLE_ASSIGNMENT((#9391));
#9360=PRESENTATION_STYLE_ASSIGNMENT((#9392));
#9361=PRESENTATION_STYLE_ASSIGNMENT((#9393));
#9362=PRESENTATION_STYLE_ASSIGNMENT((#9394));
#9363=PRESENTATION_STYLE_ASSIGNMENT((#9395));
#9364=PRESENTATION_STYLE_ASSIGNMENT((#9396));
#9365=SURFACE_STYLE_USAGE(.BOTH.,#9397);
#9366=SURFACE_STYLE_USAGE(.BOTH.,#9398);
#9367=SURFACE_STYLE_USAGE(.BOTH.,#9399);
#9368=SURFACE_STYLE_USAGE(.BOTH.,#9400);
#9369=SURFACE_STYLE_USAGE(.BOTH.,#9401);
#9370=SURFACE_STYLE_USAGE(.BOTH.,#9402);
#9371=SURFACE_STYLE_USAGE(.BOTH.,#9403);
#9372=SURFACE_STYLE_USAGE(.BOTH.,#9404);
#9373=SURFACE_STYLE_USAGE(.BOTH.,#9405);
#9374=SURFACE_STYLE_USAGE(.BOTH.,#9406);
#9375=SURFACE_STYLE_USAGE(.BOTH.,#9407);
#9376=SURFACE_STYLE_USAGE(.BOTH.,#9408);
#9377=SURFACE_STYLE_USAGE(.BOTH.,#9409);
#9378=SURFACE_STYLE_USAGE(.BOTH.,#9410);
#9379=SURFACE_STYLE_USAGE(.BOTH.,#9411);
#9380=SURFACE_STYLE_USAGE(.BOTH.,#9412);
#9381=SURFACE_STYLE_USAGE(.BOTH.,#9413);
#9382=SURFACE_STYLE_USAGE(.BOTH.,#9414);
#9383=SURFACE_STYLE_USAGE(.BOTH.,#9415);
#9384=SURFACE_STYLE_USAGE(.BOTH.,#9416);
#9385=SURFACE_STYLE_USAGE(.BOTH.,#9417);
#9386=SURFACE_STYLE_USAGE(.BOTH.,#9418);
#9387=SURFACE_STYLE_USAGE(.BOTH.,#9419);
#9388=SURFACE_STYLE_USAGE(.BOTH.,#9420);
#9389=SURFACE_STYLE_USAGE(.BOTH.,#9421);
#9390=SURFACE_STYLE_USAGE(.BOTH.,#9422);
#9391=SURFACE_STYLE_USAGE(.BOTH.,#9423);
#9392=SURFACE_STYLE_USAGE(.BOTH.,#9424);
#9393=SURFACE_STYLE_USAGE(.BOTH.,#9425);
#9394=SURFACE_STYLE_USAGE(.BOTH.,#9426);
#9395=SURFACE_STYLE_USAGE(.BOTH.,#9427);
#9396=SURFACE_STYLE_USAGE(.BOTH.,#9428);
#9397=SURFACE_SIDE_STYLE('',(#9429));
#9398=SURFACE_SIDE_STYLE('',(#9430));
#9399=SURFACE_SIDE_STYLE('',(#9431));
#9400=SURFACE_SIDE_STYLE('',(#9432));
#9401=SURFACE_SIDE_STYLE('',(#9433));
#9402=SURFACE_SIDE_STYLE('',(#9434));
#9403=SURFACE_SIDE_STYLE('',(#9435));
#9404=SURFACE_SIDE_STYLE('',(#9436));
#9405=SURFACE_SIDE_STYLE('',(#9437));
#9406=SURFACE_SIDE_STYLE('',(#9438));
#9407=SURFACE_SIDE_STYLE('',(#9439));
#9408=SURFACE_SIDE_STYLE('',(#9440));
#9409=SURFACE_SIDE_STYLE('',(#9441));
#9410=SURFACE_SIDE_STYLE('',(#9442));
#9411=SURFACE_SIDE_STYLE('',(#9443));
#9412=SURFACE_SIDE_STYLE('',(#9444));
#9413=SURFACE_SIDE_STYLE('',(#9445));
#9414=SURFACE_SIDE_STYLE('',(#9446));
#9415=SURFACE_SIDE_STYLE('',(#9447));
#9416=SURFACE_SIDE_STYLE('',(#9448));
#9417=SURFACE_SIDE_STYLE('',(#9449));
#9418=SURFACE_SIDE_STYLE('',(#9450));
#9419=SURFACE_SIDE_STYLE('',(#9451));
#9420=SURFACE_SIDE_STYLE('',(#9452));
#9421=SURFACE_SIDE_STYLE('',(#9453));
#9422=SURFACE_SIDE_STYLE('',(#9454));
#9423=SURFACE_SIDE_STYLE('',(#9455));
#9424=SURFACE_SIDE_STYLE('',(#9456));
#9425=SURFACE_SIDE_STYLE('',(#9457));
#9426=SURFACE_SIDE_STYLE('',(#9458));
#9427=SURFACE_SIDE_STYLE('',(#9459));
#9428=SURFACE_SIDE_STYLE('',(#9460));
#9429=SURFACE_STYLE_FILL_AREA(#9461);
#9430=SURFACE_STYLE_FILL_AREA(#9462);
#9431=SURFACE_STYLE_FILL_AREA(#9463);
#9432=SURFACE_STYLE_FILL_AREA(#9464);
#9433=SURFACE_STYLE_FILL_AREA(#9465);
#9434=SURFACE_STYLE_FILL_AREA(#9466);
#9435=SURFACE_STYLE_FILL_AREA(#9467);
#9436=SURFACE_STYLE_FILL_AREA(#9468);
#9437=SURFACE_STYLE_FILL_AREA(#9469);
#9438=SURFACE_STYLE_FILL_AREA(#9470);
#9439=SURFACE_STYLE_FILL_AREA(#9471);
#9440=SURFACE_STYLE_FILL_AREA(#9472);
#9441=SURFACE_STYLE_FILL_AREA(#9473);
#9442=SURFACE_STYLE_FILL_AREA(#9474);
#9443=SURFACE_STYLE_FILL_AREA(#9475);
#9444=SURFACE_STYLE_FILL_AREA(#9476);
#9445=SURFACE_STYLE_FILL_AREA(#9477);
#9446=SURFACE_STYLE_FILL_AREA(#9478);
#9447=SURFACE_STYLE_FILL_AREA(#9479);
#9448=SURFACE_STYLE_FILL_AREA(#9480);
#9449=SURFACE_STYLE_FILL_AREA(#9481);
#9450=SURFACE_STYLE_FILL_AREA(#9482);
#9451=SURFACE_STYLE_FILL_AREA(#9483);
#9452=SURFACE_STYLE_FILL_AREA(#9484);
#9453=SURFACE_STYLE_FILL_AREA(#9485);
#9454=SURFACE_STYLE_FILL_AREA(#9486);
#9455=SURFACE_STYLE_FILL_AREA(#9487);
#9456=SURFACE_STYLE_FILL_AREA(#9488);
#9457=SURFACE_STYLE_FILL_AREA(#9489);
#9458=SURFACE_STYLE_FILL_AREA(#9490);
#9459=SURFACE_STYLE_FILL_AREA(#9491);
#9460=SURFACE_STYLE_FILL_AREA(#9492);
#9461=FILL_AREA_STYLE('',(#9493));
#9462=FILL_AREA_STYLE('',(#9494));
#9463=FILL_AREA_STYLE('',(#9495));
#9464=FILL_AREA_STYLE('',(#9496));
#9465=FILL_AREA_STYLE('',(#9497));
#9466=FILL_AREA_STYLE('',(#9498));
#9467=FILL_AREA_STYLE('',(#9499));
#9468=FILL_AREA_STYLE('',(#9500));
#9469=FILL_AREA_STYLE('',(#9501));
#9470=FILL_AREA_STYLE('',(#9502));
#9471=FILL_AREA_STYLE('',(#9503));
#9472=FILL_AREA_STYLE('',(#9504));
#9473=FILL_AREA_STYLE('',(#9505));
#9474=FILL_AREA_STYLE('',(#9506));
#9475=FILL_AREA_STYLE('',(#9507));
#9476=FILL_AREA_STYLE('',(#9508));
#9477=FILL_AREA_STYLE('',(#9509));
#9478=FILL_AREA_STYLE('',(#9510));
#9479=FILL_AREA_STYLE('',(#9511));
#9480=FILL_AREA_STYLE('',(#9512));
#9481=FILL_AREA_STYLE('',(#9513));
#9482=FILL_AREA_STYLE('',(#9514));
#9483=FILL_AREA_STYLE('',(#9515));
#9484=FILL_AREA_STYLE('',(#9516));
#9485=FILL_AREA_STYLE('',(#9517));
#9486=FILL_AREA_STYLE('',(#9518));
#9487=FILL_AREA_STYLE('',(#9519));
#9488=FILL_AREA_STYLE('',(#9520));
#9489=FILL_AREA_STYLE('',(#9521));
#9490=FILL_AREA_STYLE('',(#9522));
#9491=FILL_AREA_STYLE('',(#9523));
#9492=FILL_AREA_STYLE('',(#9524));
#9493=FILL_AREA_STYLE_COLOUR('',#9525);
#9494=FILL_AREA_STYLE_COLOUR('',#9526);
#9495=FILL_AREA_STYLE_COLOUR('',#9526);
#9496=FILL_AREA_STYLE_COLOUR('',#9526);
#9497=FILL_AREA_STYLE_COLOUR('',#9526);
#9498=FILL_AREA_STYLE_COLOUR('',#9526);
#9499=FILL_AREA_STYLE_COLOUR('',#9526);
#9500=FILL_AREA_STYLE_COLOUR('',#9526);
#9501=FILL_AREA_STYLE_COLOUR('',#9526);
#9502=FILL_AREA_STYLE_COLOUR('',#9526);
#9503=FILL_AREA_STYLE_COLOUR('',#9526);
#9504=FILL_AREA_STYLE_COLOUR('',#9526);
#9505=FILL_AREA_STYLE_COLOUR('',#9526);
#9506=FILL_AREA_STYLE_COLOUR('',#9527);
#9507=FILL_AREA_STYLE_COLOUR('',#9526);
#9508=FILL_AREA_STYLE_COLOUR('',#9526);
#9509=FILL_AREA_STYLE_COLOUR('',#9526);
#9510=FILL_AREA_STYLE_COLOUR('',#9526);
#9511=FILL_AREA_STYLE_COLOUR('',#9526);
#9512=FILL_AREA_STYLE_COLOUR('',#9526);
#9513=FILL_AREA_STYLE_COLOUR('',#9526);
#9514=FILL_AREA_STYLE_COLOUR('',#9527);
#9515=FILL_AREA_STYLE_COLOUR('',#9526);
#9516=FILL_AREA_STYLE_COLOUR('',#9526);
#9517=FILL_AREA_STYLE_COLOUR('',#9526);
#9518=FILL_AREA_STYLE_COLOUR('',#9526);
#9519=FILL_AREA_STYLE_COLOUR('',#9526);
#9520=FILL_AREA_STYLE_COLOUR('',#9526);
#9521=FILL_AREA_STYLE_COLOUR('',#9526);
#9522=FILL_AREA_STYLE_COLOUR('',#9526);
#9523=FILL_AREA_STYLE_COLOUR('',#9526);
#9524=FILL_AREA_STYLE_COLOUR('',#9525);
#9525=COLOUR_RGB('',0.39215686917305,0.600000023841858,0.39215686917305);
#9526=COLOUR_RGB('',0.74039214849472,0.778039216995239,0.800000011920929);
#9527=COLOUR_RGB('',0.200000017881393,0.200000017881393,0.200000017881393);
#9528=MANIFOLD_SOLID_BREP('',#9296);
#9529=MANIFOLD_SOLID_BREP('',#9297);
#9530=MANIFOLD_SOLID_BREP('',#9298);
#9531=MANIFOLD_SOLID_BREP('',#9299);
#9532=MANIFOLD_SOLID_BREP('',#9300);
#9533=SHAPE_DEFINITION_REPRESENTATION(#15388,#9539);
#9534=SHAPE_DEFINITION_REPRESENTATION(#15387,#9540);
#9535=SHAPE_DEFINITION_REPRESENTATION(#15390,#9541);
#9536=SHAPE_DEFINITION_REPRESENTATION(#15392,#9542);
#9537=SHAPE_DEFINITION_REPRESENTATION(#15394,#9543);
#9538=SHAPE_DEFINITION_REPRESENTATION(#15399,#9544);
#9539=SHAPE_REPRESENTATION('691351500003',(#9545),#15373);
#9540=SHAPE_REPRESENTATION('6913515000xx',(#9545,#9874,#9894,#10073,#10102,
#10103,#10104,#10105,#10222,#10223,#10224,#10225),#15372);
#9541=SHAPE_REPRESENTATION('6913515000xx_CAGE',(#9545),#15374);
#9542=SHAPE_REPRESENTATION('6913515000xx_PIN',(#9545),#15375);
#9543=SHAPE_REPRESENTATION('6913515000xx_VIS',(#9545),#15376);
#9544=SHAPE_REPRESENTATION('691351500003_CAPOT',(#9545),#15377);
#9545=AXIS2_PLACEMENT_3D('',#12688,#10226,#10227);
#9546=AXIS2_PLACEMENT_3D('',#12689,#10228,#10229);
#9547=AXIS2_PLACEMENT_3D('',#12730,#10250,#10251);
#9548=AXIS2_PLACEMENT_3D('',#12740,#10257,#10258);
#9549=AXIS2_PLACEMENT_3D('',#12767,#10272,#10273);
#9550=AXIS2_PLACEMENT_3D('',#12794,#10287,#10288);
#9551=AXIS2_PLACEMENT_3D('',#12804,#10294,#10295);
#9552=AXIS2_PLACEMENT_3D('',#12810,#10299,#10300);
#9553=AXIS2_PLACEMENT_3D('',#12817,#10305,#10306);
#9554=AXIS2_PLACEMENT_3D('',#12818,#10307,#10308);
#9555=AXIS2_PLACEMENT_3D('',#12822,#10310,#10311);
#9556=AXIS2_PLACEMENT_3D('',#12826,#10313,#10314);
#9557=AXIS2_PLACEMENT_3D('',#12827,#10315,#10316);
#9558=AXIS2_PLACEMENT_3D('',#12836,#10321,#10322);
#9559=AXIS2_PLACEMENT_3D('',#12844,#10327,#10328);
#9560=AXIS2_PLACEMENT_3D('',#12871,#10342,#10343);
#9561=AXIS2_PLACEMENT_3D('',#12898,#10357,#10358);
#9562=AXIS2_PLACEMENT_3D('',#12908,#10364,#10365);
#9563=AXIS2_PLACEMENT_3D('',#12914,#10369,#10370);
#9564=AXIS2_PLACEMENT_3D('',#12921,#10375,#10376);
#9565=AXIS2_PLACEMENT_3D('',#12922,#10377,#10378);
#9566=AXIS2_PLACEMENT_3D('',#12926,#10380,#10381);
#9567=AXIS2_PLACEMENT_3D('',#12929,#10383,#10384);
#9568=AXIS2_PLACEMENT_3D('',#12930,#10385,#10386);
#9569=AXIS2_PLACEMENT_3D('',#12931,#10387,#10388);
#9570=AXIS2_PLACEMENT_3D('',#12933,#10389,#10390);
#9571=AXIS2_PLACEMENT_3D('',#12935,#10391,#10392);
#9572=AXIS2_PLACEMENT_3D('',#12969,#10409,#10410);
#9573=AXIS2_PLACEMENT_3D('',#13002,#10427,#10428);
#9574=AXIS2_PLACEMENT_3D('',#13010,#10433,#10434);
#9575=AXIS2_PLACEMENT_3D('',#13049,#10454,#10455);
#9576=AXIS2_PLACEMENT_3D('',#13084,#10474,#10475);
#9577=AXIS2_PLACEMENT_3D('',#13096,#10482,#10483);
#9578=AXIS2_PLACEMENT_3D('',#13098,#10484,#10485);
#9579=AXIS2_PLACEMENT_3D('',#13099,#10486,#10487);
#9580=AXIS2_PLACEMENT_3D('',#13101,#10488,#10489);
#9581=AXIS2_PLACEMENT_3D('',#13103,#10490,#10491);
#9582=AXIS2_PLACEMENT_3D('',#13107,#10493,#10494);
#9583=AXIS2_PLACEMENT_3D('',#13111,#10496,#10497);
#9584=AXIS2_PLACEMENT_3D('',#13117,#10500,#10501);
#9585=AXIS2_PLACEMENT_3D('',#13121,#10503,#10504);
#9586=AXIS2_PLACEMENT_3D('',#13124,#10506,#10507);
#9587=AXIS2_PLACEMENT_3D('',#13126,#10508,#10509);
#9588=AXIS2_PLACEMENT_3D('',#13128,#10510,#10511);
#9589=AXIS2_PLACEMENT_3D('',#13133,#10513,#10514);
#9590=AXIS2_PLACEMENT_3D('',#13166,#10531,#10532);
#9591=AXIS2_PLACEMENT_3D('',#13170,#10534,#10535);
#9592=AXIS2_PLACEMENT_3D('',#13171,#10536,#10537);
#9593=AXIS2_PLACEMENT_3D('',#13186,#10545,#10546);
#9594=AXIS2_PLACEMENT_3D('',#13191,#10550,#10551);
#9595=AXIS2_PLACEMENT_3D('',#13192,#10552,#10553);
#9596=AXIS2_PLACEMENT_3D('',#13220,#10568,#10569);
#9597=AXIS2_PLACEMENT_3D('',#13229,#10574,#10575);
#9598=AXIS2_PLACEMENT_3D('',#13238,#10580,#10581);
#9599=AXIS2_PLACEMENT_3D('',#13244,#10585,#10586);
#9600=AXIS2_PLACEMENT_3D('',#13250,#10590,#10591);
#9601=AXIS2_PLACEMENT_3D('',#13254,#10594,#10595);
#9602=AXIS2_PLACEMENT_3D('',#13260,#10599,#10600);
#9603=AXIS2_PLACEMENT_3D('',#13266,#10604,#10605);
#9604=AXIS2_PLACEMENT_3D('',#13276,#10611,#10612);
#9605=AXIS2_PLACEMENT_3D('',#13278,#10613,#10614);
#9606=AXIS2_PLACEMENT_3D('',#13279,#10615,#10616);
#9607=AXIS2_PLACEMENT_3D('',#13281,#10617,#10618);
#9608=AXIS2_PLACEMENT_3D('',#13283,#10619,#10620);
#9609=AXIS2_PLACEMENT_3D('',#13288,#10624,#10625);
#9610=AXIS2_PLACEMENT_3D('',#13289,#10626,#10627);
#9611=AXIS2_PLACEMENT_3D('',#13311,#10640,#10641);
#9612=AXIS2_PLACEMENT_3D('',#13317,#10645,#10646);
#9613=AXIS2_PLACEMENT_3D('',#13326,#10651,#10652);
#9614=AXIS2_PLACEMENT_3D('',#13332,#10656,#10657);
#9615=AXIS2_PLACEMENT_3D('',#13336,#10660,#10661);
#9616=AXIS2_PLACEMENT_3D('',#13340,#10664,#10665);
#9617=AXIS2_PLACEMENT_3D('',#13346,#10669,#10670);
#9618=AXIS2_PLACEMENT_3D('',#13347,#10671,#10672);
#9619=AXIS2_PLACEMENT_3D('',#13360,#10679,#10680);
#9620=AXIS2_PLACEMENT_3D('',#13362,#10681,#10682);
#9621=AXIS2_PLACEMENT_3D('',#13363,#10683,#10684);
#9622=AXIS2_PLACEMENT_3D('',#13365,#10685,#10686);
#9623=AXIS2_PLACEMENT_3D('',#13367,#10687,#10688);
#9624=AXIS2_PLACEMENT_3D('',#13380,#10698,#10699);
#9625=AXIS2_PLACEMENT_3D('',#13382,#10701,#10702);
#9626=AXIS2_PLACEMENT_3D('',#13383,#10703,#10704);
#9627=AXIS2_PLACEMENT_3D('',#13411,#10719,#10720);
#9628=AXIS2_PLACEMENT_3D('',#13429,#10732,#10733);
#9629=AXIS2_PLACEMENT_3D('',#13435,#10737,#10738);
#9630=AXIS2_PLACEMENT_3D('',#13444,#10743,#10744);
#9631=AXIS2_PLACEMENT_3D('',#13450,#10748,#10749);
#9632=AXIS2_PLACEMENT_3D('',#13454,#10752,#10753);
#9633=AXIS2_PLACEMENT_3D('',#13458,#10756,#10757);
#9634=AXIS2_PLACEMENT_3D('',#13464,#10761,#10762);
#9635=AXIS2_PLACEMENT_3D('',#13466,#10764,#10765);
#9636=AXIS2_PLACEMENT_3D('',#13469,#10768,#10769);
#9637=AXIS2_PLACEMENT_3D('',#13471,#10771,#10772);
#9638=AXIS2_PLACEMENT_3D('',#13483,#10779,#10780);
#9639=AXIS2_PLACEMENT_3D('',#13488,#10785,#10786);
#9640=AXIS2_PLACEMENT_3D('',#13492,#10789,#10790);
#9641=AXIS2_PLACEMENT_3D('',#13494,#10792,#10793);
#9642=AXIS2_PLACEMENT_3D('',#13503,#10800,#10801);
#9643=AXIS2_PLACEMENT_3D('',#13506,#10804,#10805);
#9644=AXIS2_PLACEMENT_3D('',#13509,#10808,#10809);
#9645=AXIS2_PLACEMENT_3D('',#13510,#10810,#10811);
#9646=AXIS2_PLACEMENT_3D('',#13511,#10812,#10813);
#9647=AXIS2_PLACEMENT_3D('',#13513,#10815,#10816);
#9648=AXIS2_PLACEMENT_3D('',#13515,#10818,#10819);
#9649=AXIS2_PLACEMENT_3D('',#13518,#10822,#10823);
#9650=AXIS2_PLACEMENT_3D('',#13520,#10825,#10826);
#9651=AXIS2_PLACEMENT_3D('',#13521,#10827,#10828);
#9652=AXIS2_PLACEMENT_3D('',#13522,#10829,#10830);
#9653=AXIS2_PLACEMENT_3D('',#13523,#10831,#10832);
#9654=AXIS2_PLACEMENT_3D('',#13525,#10833,#10834);
#9655=AXIS2_PLACEMENT_3D('',#13529,#10837,#10838);
#9656=AXIS2_PLACEMENT_3D('',#13533,#10841,#10842);
#9657=AXIS2_PLACEMENT_3D('',#13535,#10844,#10845);
#9658=AXIS2_PLACEMENT_3D('',#13539,#10848,#10849);
#9659=AXIS2_PLACEMENT_3D('',#13543,#10852,#10853);
#9660=AXIS2_PLACEMENT_3D('',#13545,#10855,#10856);
#9661=AXIS2_PLACEMENT_3D('',#13546,#10857,#10858);
#9662=AXIS2_PLACEMENT_3D('',#13547,#10859,#10860);
#9663=AXIS2_PLACEMENT_3D('',#13548,#10861,#10862);
#9664=AXIS2_PLACEMENT_3D('',#13550,#10863,#10864);
#9665=AXIS2_PLACEMENT_3D('',#13551,#10865,#10866);
#9666=AXIS2_PLACEMENT_3D('',#13558,#10871,#10872);
#9667=AXIS2_PLACEMENT_3D('',#13562,#10875,#10876);
#9668=AXIS2_PLACEMENT_3D('',#13566,#10879,#10880);
#9669=AXIS2_PLACEMENT_3D('',#13568,#10882,#10883);
#9670=AXIS2_PLACEMENT_3D('',#13574,#10887,#10888);
#9671=AXIS2_PLACEMENT_3D('',#13575,#10889,#10890);
#9672=AXIS2_PLACEMENT_3D('',#13577,#10891,#10892);
#9673=AXIS2_PLACEMENT_3D('',#13581,#10895,#10896);
#9674=AXIS2_PLACEMENT_3D('',#13582,#10897,#10898);
#9675=AXIS2_PLACEMENT_3D('',#13585,#10900,#10901);
#9676=AXIS2_PLACEMENT_3D('',#13587,#10903,#10904);
#9677=AXIS2_PLACEMENT_3D('',#13589,#10906,#10907);
#9678=AXIS2_PLACEMENT_3D('',#13590,#10908,#10909);
#9679=AXIS2_PLACEMENT_3D('',#13596,#10913,#10914);
#9680=AXIS2_PLACEMENT_3D('',#13602,#10918,#10919);
#9681=AXIS2_PLACEMENT_3D('',#13603,#10920,#10921);
#9682=AXIS2_PLACEMENT_3D('',#13607,#10923,#10924);
#9683=AXIS2_PLACEMENT_3D('',#13608,#10925,#10926);
#9684=AXIS2_PLACEMENT_3D('',#13614,#10930,#10931);
#9685=AXIS2_PLACEMENT_3D('',#13615,#10932,#10933);
#9686=AXIS2_PLACEMENT_3D('',#13619,#10935,#10936);
#9687=AXIS2_PLACEMENT_3D('',#13624,#10939,#10940);
#9688=AXIS2_PLACEMENT_3D('',#13629,#10943,#10944);
#9689=AXIS2_PLACEMENT_3D('',#13633,#10946,#10947);
#9690=AXIS2_PLACEMENT_3D('',#13634,#10948,#10949);
#9691=AXIS2_PLACEMENT_3D('',#13635,#10950,#10951);
#9692=AXIS2_PLACEMENT_3D('',#13636,#10952,#10953);
#9693=AXIS2_PLACEMENT_3D('',#13639,#10956,#10957);
#9694=AXIS2_PLACEMENT_3D('',#13641,#10959,#10960);
#9695=AXIS2_PLACEMENT_3D('',#13643,#10962,#10963);
#9696=AXIS2_PLACEMENT_3D('',#13644,#10964,#10965);
#9697=AXIS2_PLACEMENT_3D('',#13647,#10968,#10969);
#9698=AXIS2_PLACEMENT_3D('',#13649,#10971,#10972);
#9699=AXIS2_PLACEMENT_3D('',#13651,#10974,#10975);
#9700=AXIS2_PLACEMENT_3D('',#13652,#10976,#10977);
#9701=AXIS2_PLACEMENT_3D('',#13654,#10979,#10980);
#9702=AXIS2_PLACEMENT_3D('',#13657,#10983,#10984);
#9703=AXIS2_PLACEMENT_3D('',#13660,#10987,#10988);
#9704=AXIS2_PLACEMENT_3D('',#13661,#10989,#10990);
#9705=AXIS2_PLACEMENT_3D('',#13662,#10991,#10992);
#9706=AXIS2_PLACEMENT_3D('',#13664,#10994,#10995);
#9707=AXIS2_PLACEMENT_3D('',#13666,#10997,#10998);
#9708=AXIS2_PLACEMENT_3D('',#13669,#11001,#11002);
#9709=AXIS2_PLACEMENT_3D('',#13671,#11004,#11005);
#9710=AXIS2_PLACEMENT_3D('',#13672,#11006,#11007);
#9711=AXIS2_PLACEMENT_3D('',#13673,#11008,#11009);
#9712=AXIS2_PLACEMENT_3D('',#13674,#11010,#11011);
#9713=AXIS2_PLACEMENT_3D('',#13676,#11012,#11013);
#9714=AXIS2_PLACEMENT_3D('',#13680,#11016,#11017);
#9715=AXIS2_PLACEMENT_3D('',#13684,#11020,#11021);
#9716=AXIS2_PLACEMENT_3D('',#13686,#11023,#11024);
#9717=AXIS2_PLACEMENT_3D('',#13690,#11027,#11028);
#9718=AXIS2_PLACEMENT_3D('',#13694,#11031,#11032);
#9719=AXIS2_PLACEMENT_3D('',#13696,#11034,#11035);
#9720=AXIS2_PLACEMENT_3D('',#13697,#11036,#11037);
#9721=AXIS2_PLACEMENT_3D('',#13698,#11038,#11039);
#9722=AXIS2_PLACEMENT_3D('',#13699,#11040,#11041);
#9723=AXIS2_PLACEMENT_3D('',#13701,#11042,#11043);
#9724=AXIS2_PLACEMENT_3D('',#13702,#11044,#11045);
#9725=AXIS2_PLACEMENT_3D('',#13706,#11048,#11049);
#9726=AXIS2_PLACEMENT_3D('',#13710,#11052,#11053);
#9727=AXIS2_PLACEMENT_3D('',#13712,#11055,#11056);
#9728=AXIS2_PLACEMENT_3D('',#13713,#11057,#11058);
#9729=AXIS2_PLACEMENT_3D('',#13714,#11059,#11060);
#9730=AXIS2_PLACEMENT_3D('',#13717,#11062,#11063);
#9731=AXIS2_PLACEMENT_3D('',#13718,#11064,#11065);
#9732=AXIS2_PLACEMENT_3D('',#13721,#11067,#11068);
#9733=AXIS2_PLACEMENT_3D('',#13723,#11070,#11071);
#9734=AXIS2_PLACEMENT_3D('',#13725,#11073,#11074);
#9735=AXIS2_PLACEMENT_3D('',#13727,#11076,#11077);
#9736=AXIS2_PLACEMENT_3D('',#13728,#11078,#11079);
#9737=AXIS2_PLACEMENT_3D('',#13729,#11080,#11081);
#9738=AXIS2_PLACEMENT_3D('',#13732,#11084,#11085);
#9739=AXIS2_PLACEMENT_3D('',#13734,#11087,#11088);
#9740=AXIS2_PLACEMENT_3D('',#13736,#11090,#11091);
#9741=AXIS2_PLACEMENT_3D('',#13737,#11092,#11093);
#9742=AXIS2_PLACEMENT_3D('',#13740,#11096,#11097);
#9743=AXIS2_PLACEMENT_3D('',#13742,#11099,#11100);
#9744=AXIS2_PLACEMENT_3D('',#13744,#11102,#11103);
#9745=AXIS2_PLACEMENT_3D('',#13745,#11104,#11105);
#9746=AXIS2_PLACEMENT_3D('',#13748,#11108,#11109);
#9747=AXIS2_PLACEMENT_3D('',#13751,#11112,#11113);
#9748=AXIS2_PLACEMENT_3D('',#13752,#11114,#11115);
#9749=AXIS2_PLACEMENT_3D('',#13753,#11116,#11117);
#9750=AXIS2_PLACEMENT_3D('',#13755,#11119,#11120);
#9751=AXIS2_PLACEMENT_3D('',#13757,#11122,#11123);
#9752=AXIS2_PLACEMENT_3D('',#13760,#11126,#11127);
#9753=AXIS2_PLACEMENT_3D('',#13762,#11129,#11130);
#9754=AXIS2_PLACEMENT_3D('',#13763,#11131,#11132);
#9755=AXIS2_PLACEMENT_3D('',#13764,#11133,#11134);
#9756=AXIS2_PLACEMENT_3D('',#13765,#11135,#11136);
#9757=AXIS2_PLACEMENT_3D('',#13767,#11137,#11138);
#9758=AXIS2_PLACEMENT_3D('',#13771,#11141,#11142);
#9759=AXIS2_PLACEMENT_3D('',#13775,#11145,#11146);
#9760=AXIS2_PLACEMENT_3D('',#13777,#11148,#11149);
#9761=AXIS2_PLACEMENT_3D('',#13781,#11152,#11153);
#9762=AXIS2_PLACEMENT_3D('',#13785,#11156,#11157);
#9763=AXIS2_PLACEMENT_3D('',#13787,#11159,#11160);
#9764=AXIS2_PLACEMENT_3D('',#13788,#11161,#11162);
#9765=AXIS2_PLACEMENT_3D('',#13789,#11163,#11164);
#9766=AXIS2_PLACEMENT_3D('',#13790,#11165,#11166);
#9767=AXIS2_PLACEMENT_3D('',#13792,#11167,#11168);
#9768=AXIS2_PLACEMENT_3D('',#13793,#11169,#11170);
#9769=AXIS2_PLACEMENT_3D('',#13797,#11173,#11174);
#9770=AXIS2_PLACEMENT_3D('',#13801,#11177,#11178);
#9771=AXIS2_PLACEMENT_3D('',#13803,#11180,#11181);
#9772=AXIS2_PLACEMENT_3D('',#13809,#11185,#11186);
#9773=AXIS2_PLACEMENT_3D('',#13810,#11187,#11188);
#9774=AXIS2_PLACEMENT_3D('',#13813,#11190,#11191);
#9775=AXIS2_PLACEMENT_3D('',#13816,#11194,#11195);
#9776=AXIS2_PLACEMENT_3D('',#13817,#11196,#11197);
#9777=AXIS2_PLACEMENT_3D('',#13819,#11199,#11200);
#9778=AXIS2_PLACEMENT_3D('',#13821,#11202,#11203);
#9779=AXIS2_PLACEMENT_3D('',#13822,#11204,#11205);
#9780=AXIS2_PLACEMENT_3D('',#13823,#11206,#11207);
#9781=AXIS2_PLACEMENT_3D('',#13824,#11208,#11209);
#9782=AXIS2_PLACEMENT_3D('',#13827,#11212,#11213);
#9783=AXIS2_PLACEMENT_3D('',#13829,#11215,#11216);
#9784=AXIS2_PLACEMENT_3D('',#13831,#11218,#11219);
#9785=AXIS2_PLACEMENT_3D('',#13832,#11220,#11221);
#9786=AXIS2_PLACEMENT_3D('',#13835,#11224,#11225);
#9787=AXIS2_PLACEMENT_3D('',#13837,#11227,#11228);
#9788=AXIS2_PLACEMENT_3D('',#13839,#11230,#11231);
#9789=AXIS2_PLACEMENT_3D('',#13840,#11232,#11233);
#9790=AXIS2_PLACEMENT_3D('',#13845,#11237,#11238);
#9791=AXIS2_PLACEMENT_3D('',#13847,#11240,#11241);
#9792=AXIS2_PLACEMENT_3D('',#13848,#11242,#11243);
#9793=AXIS2_PLACEMENT_3D('',#13850,#11245,#11246);
#9794=AXIS2_PLACEMENT_3D('',#13851,#11247,#11248);
#9795=AXIS2_PLACEMENT_3D('',#13853,#11250,#11251);
#9796=AXIS2_PLACEMENT_3D('',#13855,#11253,#11254);
#9797=AXIS2_PLACEMENT_3D('',#13856,#11255,#11256);
#9798=AXIS2_PLACEMENT_3D('',#13862,#11260,#11261);
#9799=AXIS2_PLACEMENT_3D('',#13871,#11266,#11267);
#9800=AXIS2_PLACEMENT_3D('',#13880,#11272,#11273);
#9801=AXIS2_PLACEMENT_3D('',#13889,#11278,#11279);
#9802=AXIS2_PLACEMENT_3D('',#13898,#11284,#11285);
#9803=AXIS2_PLACEMENT_3D('',#13907,#11290,#11291);
#9804=AXIS2_PLACEMENT_3D('',#13908,#11292,#11293);
#9805=AXIS2_PLACEMENT_3D('',#13909,#11294,#11295);
#9806=AXIS2_PLACEMENT_3D('',#13910,#11296,#11297);
#9807=AXIS2_PLACEMENT_3D('',#13911,#11298,#11299);
#9808=AXIS2_PLACEMENT_3D('',#13912,#11300,#11301);
#9809=AXIS2_PLACEMENT_3D('',#13913,#11302,#11303);
#9810=AXIS2_PLACEMENT_3D('',#13914,#11304,#11305);
#9811=AXIS2_PLACEMENT_3D('',#13915,#11306,#11307);
#9812=AXIS2_PLACEMENT_3D('',#13916,#11308,#11309);
#9813=AXIS2_PLACEMENT_3D('',#13917,#11310,#11311);
#9814=AXIS2_PLACEMENT_3D('',#13918,#11312,#11313);
#9815=AXIS2_PLACEMENT_3D('',#13919,#11314,#11315);
#9816=AXIS2_PLACEMENT_3D('',#13920,#11316,#11317);
#9817=AXIS2_PLACEMENT_3D('',#13921,#11318,#11319);
#9818=AXIS2_PLACEMENT_3D('',#13922,#11320,#11321);
#9819=AXIS2_PLACEMENT_3D('',#13923,#11322,#11323);
#9820=AXIS2_PLACEMENT_3D('',#13924,#11324,#11325);
#9821=AXIS2_PLACEMENT_3D('',#13925,#11326,#11327);
#9822=AXIS2_PLACEMENT_3D('',#13926,#11328,#11329);
#9823=AXIS2_PLACEMENT_3D('',#13927,#11330,#11331);
#9824=AXIS2_PLACEMENT_3D('',#13933,#11335,#11336);
#9825=AXIS2_PLACEMENT_3D('',#13937,#11339,#11340);
#9826=AXIS2_PLACEMENT_3D('',#13940,#11342,#11343);
#9827=AXIS2_PLACEMENT_3D('',#13941,#11344,#11345);
#9828=AXIS2_PLACEMENT_3D('',#13945,#11348,#11349);
#9829=AXIS2_PLACEMENT_3D('',#13946,#11350,#11351);
#9830=AXIS2_PLACEMENT_3D('',#13947,#11352,#11353);
#9831=AXIS2_PLACEMENT_3D('',#13948,#11354,#11355);
#9832=AXIS2_PLACEMENT_3D('',#13949,#11356,#11357);
#9833=AXIS2_PLACEMENT_3D('',#13954,#11361,#11362);
#9834=AXIS2_PLACEMENT_3D('',#13956,#11364,#11365);
#9835=AXIS2_PLACEMENT_3D('',#13957,#11366,#11367);
#9836=AXIS2_PLACEMENT_3D('',#13959,#11369,#11370);
#9837=AXIS2_PLACEMENT_3D('',#13960,#11371,#11372);
#9838=AXIS2_PLACEMENT_3D('',#13966,#11376,#11377);
#9839=AXIS2_PLACEMENT_3D('',#13970,#11380,#11381);
#9840=AXIS2_PLACEMENT_3D('',#13973,#11383,#11384);
#9841=AXIS2_PLACEMENT_3D('',#13974,#11385,#11386);
#9842=AXIS2_PLACEMENT_3D('',#13978,#11389,#11390);
#9843=AXIS2_PLACEMENT_3D('',#13979,#11391,#11392);
#9844=AXIS2_PLACEMENT_3D('',#13980,#11393,#11394);
#9845=AXIS2_PLACEMENT_3D('',#13981,#11395,#11396);
#9846=AXIS2_PLACEMENT_3D('',#13983,#11398,#11399);
#9847=AXIS2_PLACEMENT_3D('',#13985,#11401,#11402);
#9848=AXIS2_PLACEMENT_3D('',#13986,#11403,#11404);
#9849=AXIS2_PLACEMENT_3D('',#13992,#11408,#11409);
#9850=AXIS2_PLACEMENT_3D('',#14001,#11414,#11415);
#9851=AXIS2_PLACEMENT_3D('',#14010,#11420,#11421);
#9852=AXIS2_PLACEMENT_3D('',#14019,#11426,#11427);
#9853=AXIS2_PLACEMENT_3D('',#14028,#11432,#11433);
#9854=AXIS2_PLACEMENT_3D('',#14037,#11438,#11439);
#9855=AXIS2_PLACEMENT_3D('',#14038,#11440,#11441);
#9856=AXIS2_PLACEMENT_3D('',#14039,#11442,#11443);
#9857=AXIS2_PLACEMENT_3D('',#14040,#11444,#11445);
#9858=AXIS2_PLACEMENT_3D('',#14041,#11446,#11447);
#9859=AXIS2_PLACEMENT_3D('',#14042,#11448,#11449);
#9860=AXIS2_PLACEMENT_3D('',#14043,#11450,#11451);
#9861=AXIS2_PLACEMENT_3D('',#14044,#11452,#11453);
#9862=AXIS2_PLACEMENT_3D('',#14045,#11454,#11455);
#9863=AXIS2_PLACEMENT_3D('',#14046,#11456,#11457);
#9864=AXIS2_PLACEMENT_3D('',#14047,#11458,#11459);
#9865=AXIS2_PLACEMENT_3D('',#14048,#11460,#11461);
#9866=AXIS2_PLACEMENT_3D('',#14049,#11462,#11463);
#9867=AXIS2_PLACEMENT_3D('',#14050,#11464,#11465);
#9868=AXIS2_PLACEMENT_3D('',#14051,#11466,#11467);
#9869=AXIS2_PLACEMENT_3D('',#14052,#11468,#11469);
#9870=AXIS2_PLACEMENT_3D('',#14053,#11470,#11471);
#9871=AXIS2_PLACEMENT_3D('',#14054,#11472,#11473);
#9872=AXIS2_PLACEMENT_3D('',#14055,#11474,#11475);
#9873=AXIS2_PLACEMENT_3D('',#14056,#11476,#11477);
#9874=AXIS2_PLACEMENT_3D('',#14057,#11478,#11479);
#9875=AXIS2_PLACEMENT_3D('',#14058,#11480,#11481);
#9876=AXIS2_PLACEMENT_3D('',#14067,#11486,#11487);
#9877=AXIS2_PLACEMENT_3D('',#14069,#11488,#11489);
#9878=AXIS2_PLACEMENT_3D('',#14086,#11498,#11499);
#9879=AXIS2_PLACEMENT_3D('',#14087,#11500,#11501);
#9880=AXIS2_PLACEMENT_3D('',#14092,#11504,#11505);
#9881=AXIS2_PLACEMENT_3D('',#14096,#11507,#11508);
#9882=AXIS2_PLACEMENT_3D('',#14098,#11510,#11511);
#9883=AXIS2_PLACEMENT_3D('',#14109,#11518,#11519);
#9884=AXIS2_PLACEMENT_3D('',#14116,#11524,#11525);
#9885=AXIS2_PLACEMENT_3D('',#14123,#11530,#11531);
#9886=AXIS2_PLACEMENT_3D('',#14126,#11534,#11535);
#9887=AXIS2_PLACEMENT_3D('',#14127,#11536,#11537);
#9888=AXIS2_PLACEMENT_3D('',#14128,#11538,#11539);
#9889=AXIS2_PLACEMENT_3D('',#14129,#11540,#11541);
#9890=AXIS2_PLACEMENT_3D('',#14130,#11542,#11543);
#9891=AXIS2_PLACEMENT_3D('',#14131,#11544,#11545);
#9892=AXIS2_PLACEMENT_3D('',#14132,#11546,#11547);
#9893=AXIS2_PLACEMENT_3D('',#14133,#11548,#11549);
#9894=AXIS2_PLACEMENT_3D('',#14134,#11550,#11551);
#9895=AXIS2_PLACEMENT_3D('',#14135,#11552,#11553);
#9896=AXIS2_PLACEMENT_3D('',#14148,#11560,#11561);
#9897=AXIS2_PLACEMENT_3D('',#14149,#11562,#11563);
#9898=AXIS2_PLACEMENT_3D('',#14153,#11565,#11566);
#9899=AXIS2_PLACEMENT_3D('',#14154,#11567,#11568);
#9900=AXIS2_PLACEMENT_3D('',#14160,#11572,#11573);
#9901=AXIS2_PLACEMENT_3D('',#14161,#11574,#11575);
#9902=AXIS2_PLACEMENT_3D('',#14165,#11577,#11578);
#9903=AXIS2_PLACEMENT_3D('',#14166,#11579,#11580);
#9904=AXIS2_PLACEMENT_3D('',#14179,#11587,#11588);
#9905=AXIS2_PLACEMENT_3D('',#14180,#11589,#11590);
#9906=AXIS2_PLACEMENT_3D('',#14182,#11591,#11592);
#9907=AXIS2_PLACEMENT_3D('',#14185,#11594,#11595);
#9908=AXIS2_PLACEMENT_3D('',#14191,#11599,#11600);
#9909=AXIS2_PLACEMENT_3D('',#14192,#11601,#11602);
#9910=AXIS2_PLACEMENT_3D('',#14194,#11603,#11604);
#9911=AXIS2_PLACEMENT_3D('',#14197,#11606,#11607);
#9912=AXIS2_PLACEMENT_3D('',#14203,#11610,#11611);
#9913=AXIS2_PLACEMENT_3D('',#14209,#11615,#11616);
#9914=AXIS2_PLACEMENT_3D('',#14212,#11618,#11619);
#9915=AXIS2_PLACEMENT_3D('',#14216,#11621,#11622);
#9916=AXIS2_PLACEMENT_3D('',#14220,#11624,#11625);
#9917=AXIS2_PLACEMENT_3D('',#14221,#11626,#11627);
#9918=AXIS2_PLACEMENT_3D('',#14227,#11631,#11632);
#9919=AXIS2_PLACEMENT_3D('',#14228,#11633,#11634);
#9920=AXIS2_PLACEMENT_3D('',#14232,#11636,#11637);
#9921=AXIS2_PLACEMENT_3D('',#14233,#11638,#11639);
#9922=AXIS2_PLACEMENT_3D('',#14243,#11645,#11646);
#9923=AXIS2_PLACEMENT_3D('',#14244,#11647,#11648);
#9924=AXIS2_PLACEMENT_3D('',#14249,#11650,#11651);
#9925=AXIS2_PLACEMENT_3D('',#14252,#11653,#11654);
#9926=AXIS2_PLACEMENT_3D('',#14258,#11658,#11659);
#9927=AXIS2_PLACEMENT_3D('',#14259,#11660,#11661);
#9928=AXIS2_PLACEMENT_3D('',#14261,#11662,#11663);
#9929=AXIS2_PLACEMENT_3D('',#14264,#11665,#11666);
#9930=AXIS2_PLACEMENT_3D('',#14274,#11672,#11673);
#9931=AXIS2_PLACEMENT_3D('',#14277,#11675,#11676);
#9932=AXIS2_PLACEMENT_3D('',#14281,#11678,#11679);
#9933=AXIS2_PLACEMENT_3D('',#14285,#11681,#11682);
#9934=AXIS2_PLACEMENT_3D('',#14289,#11684,#11685);
#9935=AXIS2_PLACEMENT_3D('',#14293,#11688,#11689);
#9936=AXIS2_PLACEMENT_3D('',#14294,#11690,#11691);
#9937=AXIS2_PLACEMENT_3D('',#14301,#11695,#11696);
#9938=AXIS2_PLACEMENT_3D('',#14305,#11698,#11699);
#9939=AXIS2_PLACEMENT_3D('',#14309,#11701,#11702);
#9940=AXIS2_PLACEMENT_3D('',#14312,#11704,#11705);
#9941=AXIS2_PLACEMENT_3D('',#14313,#11706,#11707);
#9942=AXIS2_PLACEMENT_3D('',#14320,#11711,#11712);
#9943=AXIS2_PLACEMENT_3D('',#14327,#11716,#11717);
#9944=AXIS2_PLACEMENT_3D('',#14330,#11720,#11721);
#9945=AXIS2_PLACEMENT_3D('',#14336,#11725,#11726);
#9946=AXIS2_PLACEMENT_3D('',#14344,#11730,#11731);
#9947=AXIS2_PLACEMENT_3D('',#14346,#11732,#11733);
#9948=AXIS2_PLACEMENT_3D('',#14348,#11734,#11735);
#9949=AXIS2_PLACEMENT_3D('',#14350,#11736,#11737);
#9950=AXIS2_PLACEMENT_3D('',#14352,#11738,#11739);
#9951=AXIS2_PLACEMENT_3D('',#14354,#11740,#11741);
#9952=AXIS2_PLACEMENT_3D('',#14358,#11743,#11744);
#9953=AXIS2_PLACEMENT_3D('',#14363,#11747,#11748);
#9954=AXIS2_PLACEMENT_3D('',#14367,#11750,#11751);
#9955=AXIS2_PLACEMENT_3D('',#14369,#11752,#11753);
#9956=AXIS2_PLACEMENT_3D('',#14371,#11754,#11755);
#9957=AXIS2_PLACEMENT_3D('',#14373,#11756,#11757);
#9958=AXIS2_PLACEMENT_3D('',#14375,#11758,#11759);
#9959=AXIS2_PLACEMENT_3D('',#14377,#11760,#11761);
#9960=AXIS2_PLACEMENT_3D('',#14378,#11762,#11763);
#9961=AXIS2_PLACEMENT_3D('',#14387,#11768,#11769);
#9962=AXIS2_PLACEMENT_3D('',#14395,#11773,#11774);
#9963=AXIS2_PLACEMENT_3D('',#14397,#11775,#11776);
#9964=AXIS2_PLACEMENT_3D('',#14399,#11777,#11778);
#9965=AXIS2_PLACEMENT_3D('',#14401,#11779,#11780);
#9966=AXIS2_PLACEMENT_3D('',#14403,#11781,#11782);
#9967=AXIS2_PLACEMENT_3D('',#14405,#11783,#11784);
#9968=AXIS2_PLACEMENT_3D('',#14409,#11786,#11787);
#9969=AXIS2_PLACEMENT_3D('',#14417,#11791,#11792);
#9970=AXIS2_PLACEMENT_3D('',#14421,#11794,#11795);
#9971=AXIS2_PLACEMENT_3D('',#14423,#11796,#11797);
#9972=AXIS2_PLACEMENT_3D('',#14425,#11798,#11799);
#9973=AXIS2_PLACEMENT_3D('',#14427,#11800,#11801);
#9974=AXIS2_PLACEMENT_3D('',#14429,#11802,#11803);
#9975=AXIS2_PLACEMENT_3D('',#14431,#11804,#11805);
#9976=AXIS2_PLACEMENT_3D('',#14432,#11806,#11807);
#9977=AXIS2_PLACEMENT_3D('',#14435,#11810,#11811);
#9978=AXIS2_PLACEMENT_3D('',#14444,#11816,#11817);
#9979=AXIS2_PLACEMENT_3D('',#14445,#11818,#11819);
#9980=AXIS2_PLACEMENT_3D('',#14446,#11820,#11821);
#9981=AXIS2_PLACEMENT_3D('',#14448,#11823,#11824);
#9982=AXIS2_PLACEMENT_3D('',#14450,#11826,#11827);
#9983=AXIS2_PLACEMENT_3D('',#14452,#11829,#11830);
#9984=AXIS2_PLACEMENT_3D('',#14454,#11832,#11833);
#9985=AXIS2_PLACEMENT_3D('',#14456,#11835,#11836);
#9986=AXIS2_PLACEMENT_3D('',#14458,#11838,#11839);
#9987=AXIS2_PLACEMENT_3D('',#14460,#11841,#11842);
#9988=AXIS2_PLACEMENT_3D('',#14462,#11844,#11845);
#9989=AXIS2_PLACEMENT_3D('',#14463,#11846,#11847);
#9990=AXIS2_PLACEMENT_3D('',#14465,#11849,#11850);
#9991=AXIS2_PLACEMENT_3D('',#14466,#11851,#11852);
#9992=AXIS2_PLACEMENT_3D('',#14468,#11854,#11855);
#9993=AXIS2_PLACEMENT_3D('',#14470,#11857,#11858);
#9994=AXIS2_PLACEMENT_3D('',#14472,#11860,#11861);
#9995=AXIS2_PLACEMENT_3D('',#14474,#11863,#11864);
#9996=AXIS2_PLACEMENT_3D('',#14476,#11866,#11867);
#9997=AXIS2_PLACEMENT_3D('',#14477,#11868,#11869);
#9998=AXIS2_PLACEMENT_3D('',#14486,#11876,#11877);
#9999=AXIS2_PLACEMENT_3D('',#14495,#11884,#11885);
#10000=AXIS2_PLACEMENT_3D('',#14496,#11886,#11887);
#10001=AXIS2_PLACEMENT_3D('',#14497,#11888,#11889);
#10002=AXIS2_PLACEMENT_3D('',#14498,#11890,#11891);
#10003=AXIS2_PLACEMENT_3D('',#14500,#11893,#11894);
#10004=AXIS2_PLACEMENT_3D('',#14502,#11896,#11897);
#10005=AXIS2_PLACEMENT_3D('',#14503,#11898,#11899);
#10006=AXIS2_PLACEMENT_3D('',#14506,#11902,#11903);
#10007=AXIS2_PLACEMENT_3D('',#14507,#11904,#11905);
#10008=AXIS2_PLACEMENT_3D('',#14508,#11906,#11907);
#10009=AXIS2_PLACEMENT_3D('',#14511,#11910,#11911);
#10010=AXIS2_PLACEMENT_3D('',#14514,#11914,#11915);
#10011=AXIS2_PLACEMENT_3D('',#14515,#11916,#11917);
#10012=AXIS2_PLACEMENT_3D('',#14516,#11918,#11919);
#10013=AXIS2_PLACEMENT_3D('',#14519,#11922,#11923);
#10014=AXIS2_PLACEMENT_3D('',#14521,#11925,#11926);
#10015=AXIS2_PLACEMENT_3D('',#14522,#11927,#11928);
#10016=AXIS2_PLACEMENT_3D('',#14524,#11930,#11931);
#10017=AXIS2_PLACEMENT_3D('',#14525,#11932,#11933);
#10018=AXIS2_PLACEMENT_3D('',#14526,#11934,#11935);
#10019=AXIS2_PLACEMENT_3D('',#14531,#11937,#11938);
#10020=AXIS2_PLACEMENT_3D('',#14538,#11942,#11943);
#10021=AXIS2_PLACEMENT_3D('',#14547,#11948,#11949);
#10022=AXIS2_PLACEMENT_3D('',#14548,#11950,#11951);
#10023=AXIS2_PLACEMENT_3D('',#14553,#11953,#11954);
#10024=AXIS2_PLACEMENT_3D('',#14560,#11958,#11959);
#10025=AXIS2_PLACEMENT_3D('',#14561,#11960,#11961);
#10026=AXIS2_PLACEMENT_3D('',#14573,#11963,#11964);
#10027=AXIS2_PLACEMENT_3D('',#14574,#11965,#11966);
#10028=AXIS2_PLACEMENT_3D('',#14575,#11967,#11968);
#10029=AXIS2_PLACEMENT_3D('',#14576,#11969,#11970);
#10030=AXIS2_PLACEMENT_3D('',#14577,#11971,#11972);
#10031=AXIS2_PLACEMENT_3D('',#14583,#11973,#11974);
#10032=AXIS2_PLACEMENT_3D('',#14584,#11975,#11976);
#10033=AXIS2_PLACEMENT_3D('',#14591,#11978,#11979);
#10034=AXIS2_PLACEMENT_3D('',#14592,#11980,#11981);
#10035=AXIS2_PLACEMENT_3D('',#14593,#11982,#11983);
#10036=AXIS2_PLACEMENT_3D('',#14594,#11984,#11985);
#10037=AXIS2_PLACEMENT_3D('',#14596,#11987,#11988);
#10038=AXIS2_PLACEMENT_3D('',#14598,#11990,#11991);
#10039=AXIS2_PLACEMENT_3D('',#14600,#11993,#11994);
#10040=AXIS2_PLACEMENT_3D('',#14602,#11996,#11997);
#10041=AXIS2_PLACEMENT_3D('',#14603,#11998,#11999);
#10042=AXIS2_PLACEMENT_3D('',#14604,#12000,#12001);
#10043=AXIS2_PLACEMENT_3D('',#14605,#12002,#12003);
#10044=AXIS2_PLACEMENT_3D('',#14606,#12004,#12005);
#10045=AXIS2_PLACEMENT_3D('',#14607,#12006,#12007);
#10046=AXIS2_PLACEMENT_3D('',#14612,#12009,#12010);
#10047=AXIS2_PLACEMENT_3D('',#14619,#12014,#12015);
#10048=AXIS2_PLACEMENT_3D('',#14620,#12016,#12017);
#10049=AXIS2_PLACEMENT_3D('',#14625,#12019,#12020);
#10050=AXIS2_PLACEMENT_3D('',#14632,#12024,#12025);
#10051=AXIS2_PLACEMENT_3D('',#14641,#12030,#12031);
#10052=AXIS2_PLACEMENT_3D('',#14642,#12032,#12033);
#10053=AXIS2_PLACEMENT_3D('',#14644,#12035,#12036);
#10054=AXIS2_PLACEMENT_3D('',#14645,#12037,#12038);
#10055=AXIS2_PLACEMENT_3D('',#14651,#12039,#12040);
#10056=AXIS2_PLACEMENT_3D('',#14652,#12041,#12042);
#10057=AXIS2_PLACEMENT_3D('',#14658,#12043,#12044);
#10058=AXIS2_PLACEMENT_3D('',#14659,#12045,#12046);
#10059=AXIS2_PLACEMENT_3D('',#14660,#12047,#12048);
#10060=AXIS2_PLACEMENT_3D('',#14662,#12050,#12051);
#10061=AXIS2_PLACEMENT_3D('',#14663,#12052,#12053);
#10062=AXIS2_PLACEMENT_3D('',#14674,#12054,#12055);
#10063=AXIS2_PLACEMENT_3D('',#14675,#12056,#12057);
#10064=AXIS2_PLACEMENT_3D('',#14677,#12059,#12060);
#10065=AXIS2_PLACEMENT_3D('',#14679,#12062,#12063);
#10066=AXIS2_PLACEMENT_3D('',#14681,#12065,#12066);
#10067=AXIS2_PLACEMENT_3D('',#14683,#12068,#12069);
#10068=AXIS2_PLACEMENT_3D('',#14684,#12070,#12071);
#10069=AXIS2_PLACEMENT_3D('',#14685,#12072,#12073);
#10070=AXIS2_PLACEMENT_3D('',#14686,#12074,#12075);
#10071=AXIS2_PLACEMENT_3D('',#14687,#12076,#12077);
#10072=AXIS2_PLACEMENT_3D('',#14688,#12078,#12079);
#10073=AXIS2_PLACEMENT_3D('',#14689,#12080,#12081);
#10074=AXIS2_PLACEMENT_3D('',#14690,#12082,#12083);
#10075=AXIS2_PLACEMENT_3D('',#14691,#12084,#12085);
#10076=AXIS2_PLACEMENT_3D('',#14693,#12086,#12087);
#10077=AXIS2_PLACEMENT_3D('',#14698,#12089,#12090);
#10078=AXIS2_PLACEMENT_3D('',#14702,#12092,#12093);
#10079=AXIS2_PLACEMENT_3D('',#14706,#12095,#12096);
#10080=AXIS2_PLACEMENT_3D('',#14709,#12098,#12099);
#10081=AXIS2_PLACEMENT_3D('',#14713,#12101,#12102);
#10082=AXIS2_PLACEMENT_3D('',#14714,#12103,#12104);
#10083=AXIS2_PLACEMENT_3D('',#14718,#12106,#12107);
#10084=AXIS2_PLACEMENT_3D('',#14719,#12108,#12109);
#10085=AXIS2_PLACEMENT_3D('',#14728,#12110,#12111);
#10086=AXIS2_PLACEMENT_3D('',#14737,#12112,#12113);
#10087=AXIS2_PLACEMENT_3D('',#14738,#12114,#12115);
#10088=AXIS2_PLACEMENT_3D('',#14740,#12116,#12117);
#10089=AXIS2_PLACEMENT_3D('',#14742,#12118,#12119);
#10090=AXIS2_PLACEMENT_3D('',#14743,#12120,#12121);
#10091=AXIS2_PLACEMENT_3D('',#14745,#12122,#12123);
#10092=AXIS2_PLACEMENT_3D('',#14746,#12124,#12125);
#10093=AXIS2_PLACEMENT_3D('',#14748,#12127,#12128);
#10094=AXIS2_PLACEMENT_3D('',#14750,#12130,#12131);
#10095=AXIS2_PLACEMENT_3D('',#14751,#12132,#12133);
#10096=AXIS2_PLACEMENT_3D('',#14752,#12134,#12135);
#10097=AXIS2_PLACEMENT_3D('',#14754,#12136,#12137);
#10098=AXIS2_PLACEMENT_3D('',#14756,#12138,#12139);
#10099=AXIS2_PLACEMENT_3D('',#14757,#12140,#12141);
#10100=AXIS2_PLACEMENT_3D('',#14759,#12142,#12143);
#10101=AXIS2_PLACEMENT_3D('',#14760,#12144,#12145);
#10102=AXIS2_PLACEMENT_3D('',#14761,#12146,#12147);
#10103=AXIS2_PLACEMENT_3D('',#14762,#12148,#12149);
#10104=AXIS2_PLACEMENT_3D('',#14763,#12150,#12151);
#10105=AXIS2_PLACEMENT_3D('',#14764,#12152,#12153);
#10106=AXIS2_PLACEMENT_3D('',#14765,#12154,#12155);
#10107=AXIS2_PLACEMENT_3D('',#14782,#12164,#12165);
#10108=AXIS2_PLACEMENT_3D('',#14788,#12169,#12170);
#10109=AXIS2_PLACEMENT_3D('',#14794,#12174,#12175);
#10110=AXIS2_PLACEMENT_3D('',#14909,#12234,#12235);
#10111=AXIS2_PLACEMENT_3D('',#14949,#12257,#12258);
#10112=AXIS2_PLACEMENT_3D('',#14979,#12274,#12275);
#10113=AXIS2_PLACEMENT_3D('',#14988,#12280,#12281);
#10114=AXIS2_PLACEMENT_3D('',#14997,#12286,#12287);
#10115=AXIS2_PLACEMENT_3D('',#15014,#12296,#12297);
#10116=AXIS2_PLACEMENT_3D('',#15017,#12300,#12301);
#10117=AXIS2_PLACEMENT_3D('',#15020,#12304,#12305);
#10118=AXIS2_PLACEMENT_3D('',#15044,#12319,#12320);
#10119=AXIS2_PLACEMENT_3D('',#15050,#12324,#12325);
#10120=AXIS2_PLACEMENT_3D('',#15056,#12329,#12330);
#10121=AXIS2_PLACEMENT_3D('',#15062,#12334,#12335);
#10122=AXIS2_PLACEMENT_3D('',#15068,#12339,#12340);
#10123=AXIS2_PLACEMENT_3D('',#15085,#12349,#12350);
#10124=AXIS2_PLACEMENT_3D('',#15088,#12353,#12354);
#10125=AXIS2_PLACEMENT_3D('',#15091,#12357,#12358);
#10126=AXIS2_PLACEMENT_3D('',#15094,#12361,#12362);
#10127=AXIS2_PLACEMENT_3D('',#15095,#12363,#12364);
#10128=AXIS2_PLACEMENT_3D('',#15096,#12365,#12366);
#10129=AXIS2_PLACEMENT_3D('',#15102,#12370,#12371);
#10130=AXIS2_PLACEMENT_3D('',#15108,#12375,#12376);
#10131=AXIS2_PLACEMENT_3D('',#15111,#12379,#12380);
#10132=AXIS2_PLACEMENT_3D('',#15112,#12381,#12382);
#10133=AXIS2_PLACEMENT_3D('',#15113,#12383,#12384);
#10134=AXIS2_PLACEMENT_3D('',#15119,#12388,#12389);
#10135=AXIS2_PLACEMENT_3D('',#15122,#12392,#12393);
#10136=AXIS2_PLACEMENT_3D('',#15123,#12394,#12395);
#10137=AXIS2_PLACEMENT_3D('',#15124,#12396,#12397);
#10138=AXIS2_PLACEMENT_3D('',#15130,#12401,#12402);
#10139=AXIS2_PLACEMENT_3D('',#15136,#12406,#12407);
#10140=AXIS2_PLACEMENT_3D('',#15139,#12410,#12411);
#10141=AXIS2_PLACEMENT_3D('',#15140,#12412,#12413);
#10142=AXIS2_PLACEMENT_3D('',#15141,#12414,#12415);
#10143=AXIS2_PLACEMENT_3D('',#15143,#12417,#12418);
#10144=AXIS2_PLACEMENT_3D('',#15146,#12421,#12422);
#10145=AXIS2_PLACEMENT_3D('',#15150,#12426,#12427);
#10146=AXIS2_PLACEMENT_3D('',#15151,#12428,#12429);
#10147=AXIS2_PLACEMENT_3D('',#15152,#12430,#12431);
#10148=AXIS2_PLACEMENT_3D('',#15153,#12432,#12433);
#10149=AXIS2_PLACEMENT_3D('',#15155,#12435,#12436);
#10150=AXIS2_PLACEMENT_3D('',#15157,#12438,#12439);
#10151=AXIS2_PLACEMENT_3D('',#15158,#12440,#12441);
#10152=AXIS2_PLACEMENT_3D('',#15164,#12445,#12446);
#10153=AXIS2_PLACEMENT_3D('',#15170,#12450,#12451);
#10154=AXIS2_PLACEMENT_3D('',#15172,#12453,#12454);
#10155=AXIS2_PLACEMENT_3D('',#15174,#12456,#12457);
#10156=AXIS2_PLACEMENT_3D('',#15180,#12461,#12462);
#10157=AXIS2_PLACEMENT_3D('',#15184,#12465,#12466);
#10158=AXIS2_PLACEMENT_3D('',#15188,#12469,#12470);
#10159=AXIS2_PLACEMENT_3D('',#15190,#12472,#12473);
#10160=AXIS2_PLACEMENT_3D('',#15191,#12474,#12475);
#10161=AXIS2_PLACEMENT_3D('',#15192,#12476,#12477);
#10162=AXIS2_PLACEMENT_3D('',#15198,#12481,#12482);
#10163=AXIS2_PLACEMENT_3D('',#15201,#12485,#12486);
#10164=AXIS2_PLACEMENT_3D('',#15202,#12487,#12488);
#10165=AXIS2_PLACEMENT_3D('',#15203,#12489,#12490);
#10166=AXIS2_PLACEMENT_3D('',#15209,#12494,#12495);
#10167=AXIS2_PLACEMENT_3D('',#15215,#12499,#12500);
#10168=AXIS2_PLACEMENT_3D('',#15218,#12503,#12504);
#10169=AXIS2_PLACEMENT_3D('',#15219,#12505,#12506);
#10170=AXIS2_PLACEMENT_3D('',#15220,#12507,#12508);
#10171=AXIS2_PLACEMENT_3D('',#15222,#12510,#12511);
#10172=AXIS2_PLACEMENT_3D('',#15225,#12514,#12515);
#10173=AXIS2_PLACEMENT_3D('',#15229,#12519,#12520);
#10174=AXIS2_PLACEMENT_3D('',#15230,#12521,#12522);
#10175=AXIS2_PLACEMENT_3D('',#15231,#12523,#12524);
#10176=AXIS2_PLACEMENT_3D('',#15232,#12525,#12526);
#10177=AXIS2_PLACEMENT_3D('',#15238,#12530,#12531);
#10178=AXIS2_PLACEMENT_3D('',#15244,#12535,#12536);
#10179=AXIS2_PLACEMENT_3D('',#15246,#12538,#12539);
#10180=AXIS2_PLACEMENT_3D('',#15248,#12541,#12542);
#10181=AXIS2_PLACEMENT_3D('',#15254,#12546,#12547);
#10182=AXIS2_PLACEMENT_3D('',#15258,#12550,#12551);
#10183=AXIS2_PLACEMENT_3D('',#15262,#12554,#12555);
#10184=AXIS2_PLACEMENT_3D('',#15264,#12557,#12558);
#10185=AXIS2_PLACEMENT_3D('',#15270,#12562,#12563);
#10186=AXIS2_PLACEMENT_3D('',#15276,#12567,#12568);
#10187=AXIS2_PLACEMENT_3D('',#15279,#12571,#12572);
#10188=AXIS2_PLACEMENT_3D('',#15280,#12573,#12574);
#10189=AXIS2_PLACEMENT_3D('',#15281,#12575,#12576);
#10190=AXIS2_PLACEMENT_3D('',#15287,#12580,#12581);
#10191=AXIS2_PLACEMENT_3D('',#15290,#12584,#12585);
#10192=AXIS2_PLACEMENT_3D('',#15291,#12586,#12587);
#10193=AXIS2_PLACEMENT_3D('',#15292,#12588,#12589);
#10194=AXIS2_PLACEMENT_3D('',#15298,#12593,#12594);
#10195=AXIS2_PLACEMENT_3D('',#15304,#12598,#12599);
#10196=AXIS2_PLACEMENT_3D('',#15307,#12602,#12603);
#10197=AXIS2_PLACEMENT_3D('',#15308,#12604,#12605);
#10198=AXIS2_PLACEMENT_3D('',#15309,#12606,#12607);
#10199=AXIS2_PLACEMENT_3D('',#15313,#12611,#12612);
#10200=AXIS2_PLACEMENT_3D('',#15317,#12616,#12617);
#10201=AXIS2_PLACEMENT_3D('',#15318,#12618,#12619);
#10202=AXIS2_PLACEMENT_3D('',#15319,#12620,#12621);
#10203=AXIS2_PLACEMENT_3D('',#15320,#12622,#12623);
#10204=AXIS2_PLACEMENT_3D('',#15321,#12624,#12625);
#10205=AXIS2_PLACEMENT_3D('',#15323,#12627,#12628);
#10206=AXIS2_PLACEMENT_3D('',#15325,#12630,#12631);
#10207=AXIS2_PLACEMENT_3D('',#15326,#12632,#12633);
#10208=AXIS2_PLACEMENT_3D('',#15332,#12637,#12638);
#10209=AXIS2_PLACEMENT_3D('',#15336,#12641,#12642);
#10210=AXIS2_PLACEMENT_3D('',#15340,#12645,#12646);
#10211=AXIS2_PLACEMENT_3D('',#15342,#12648,#12649);
#10212=AXIS2_PLACEMENT_3D('',#15348,#12653,#12654);
#10213=AXIS2_PLACEMENT_3D('',#15352,#12657,#12658);
#10214=AXIS2_PLACEMENT_3D('',#15356,#12661,#12662);
#10215=AXIS2_PLACEMENT_3D('',#15358,#12664,#12665);
#10216=AXIS2_PLACEMENT_3D('',#15359,#12666,#12667);
#10217=AXIS2_PLACEMENT_3D('',#15360,#12668,#12669);
#10218=AXIS2_PLACEMENT_3D('',#15362,#12671,#12672);
#10219=AXIS2_PLACEMENT_3D('',#15364,#12674,#12675);
#10220=AXIS2_PLACEMENT_3D('',#15365,#12676,#12677);
#10221=AXIS2_PLACEMENT_3D('',#15366,#12678,#12679);
#10222=AXIS2_PLACEMENT_3D('',#15367,#12680,#12681);
#10223=AXIS2_PLACEMENT_3D('',#15368,#12682,#12683);
#10224=AXIS2_PLACEMENT_3D('',#15369,#12684,#12685);
#10225=AXIS2_PLACEMENT_3D('',#15370,#12686,#12687);
#10226=DIRECTION('',(0.,0.,1.));
#10227=DIRECTION('',(1.,0.,0.));
#10228=DIRECTION('',(0.,1.,2.0289163461717E-16));
#10229=DIRECTION('',(0.,-2.0289163461717E-16,1.));
#10230=DIRECTION('',(1.,0.,0.));
#10231=DIRECTION('',(0.,-1.03257349760524E-16,-1.));
#10232=DIRECTION('',(-1.,0.,0.));
#10233=DIRECTION('',(0.,2.0289163461717E-16,-1.));
#10234=DIRECTION('',(-1.,0.,0.));
#10235=DIRECTION('',(0.,-2.0289163461717E-16,1.));
#10236=DIRECTION('',(-1.,0.,0.));
#10237=DIRECTION('',(0.,2.0289163461717E-16,-1.));
#10238=DIRECTION('',(-1.,0.,0.));
#10239=DIRECTION('',(0.,-2.0289163461717E-16,1.));
#10240=DIRECTION('',(-1.,0.,0.));
#10241=DIRECTION('',(0.,2.0289163461717E-16,-1.));
#10242=DIRECTION('',(-1.,0.,0.));
#10243=DIRECTION('',(0.,-2.31841973990611E-16,1.));
#10244=DIRECTION('',(-1.,0.,0.));
#10245=DIRECTION('',(0.,1.03257349760524E-16,1.));
#10246=DIRECTION('',(-1.,0.,0.));
#10247=DIRECTION('',(0.,1.03257349760524E-16,1.));
#10248=DIRECTION('',(-1.,0.,0.));
#10249=DIRECTION('',(0.,-1.03257349760524E-16,-1.));
#10250=DIRECTION('',(0.,0.707106781186547,0.707106781186547));
#10251=DIRECTION('',(1.,0.,0.));
#10252=DIRECTION('',(0.,-0.707106781186548,0.707106781186548));
#10253=DIRECTION('',(1.,0.,0.));
#10254=DIRECTION('',(1.,0.,0.));
#10255=DIRECTION('',(1.,0.,0.));
#10256=DIRECTION('',(0.,0.707106781186548,-0.707106781186548));
#10257=DIRECTION('',(-1.,2.64318448669746E-32,-2.74264581182104E-16));
#10258=DIRECTION('',(-2.74264581182104E-16,0.,1.));
#10259=DIRECTION('',(0.,-1.,-9.63735264431559E-17));
#10260=DIRECTION('',(-2.74264581182104E-16,0.,1.));
#10261=DIRECTION('',(0.,-1.,-9.63735264431559E-17));
#10262=DIRECTION('',(1.71754799601664E-16,9.63735264431559E-17,-1.));
#10263=DIRECTION('',(0.,-1.,-9.63735264431559E-17));
#10264=DIRECTION('',(0.,9.63735264431559E-17,-1.));
#10265=DIRECTION('',(0.,1.,9.63735264431559E-17));
#10266=DIRECTION('',(0.,-9.63735264431559E-17,1.));
#10267=DIRECTION('',(0.,1.,9.63735264431559E-17));
#10268=DIRECTION('',(0.,9.63735264431559E-17,-1.));
#10269=DIRECTION('',(0.,-1.,-9.63735264431559E-17));
#10270=DIRECTION('',(2.06514699521049E-16,9.63735264431559E-17,-1.));
#10271=DIRECTION('',(-1.93934345193154E-16,0.707106781186548,0.707106781186547));
#10272=DIRECTION('',(1.,0.,0.));
#10273=DIRECTION('',(0.,0.,-1.));
#10274=DIRECTION('',(0.,-1.,-9.63735264431559E-17));
#10275=DIRECTION('',(0.,0.,-1.));
#10276=DIRECTION('',(0.,-1.,-9.63735264431559E-17));
#10277=DIRECTION('',(0.,-0.707106781186548,-0.707106781186547));
#10278=DIRECTION('',(0.,-9.63735264431559E-17,1.));
#10279=DIRECTION('',(0.,-1.,-9.63735264431559E-17));
#10280=DIRECTION('',(-1.39897054514259E-16,-9.63735264431559E-17,1.));
#10281=DIRECTION('',(0.,1.,9.63735264431559E-17));
#10282=DIRECTION('',(0.,-9.63735264431559E-17,1.));
#10283=DIRECTION('',(0.,1.,9.63735264431559E-17));
#10284=DIRECTION('',(-1.39897054514259E-16,-9.63735264431559E-17,1.));
#10285=DIRECTION('',(0.,-1.,-9.63735264431559E-17));
#10286=DIRECTION('',(0.,-9.63735264431559E-17,1.));
#10287=DIRECTION('',(-0.994521895368273,-0.104528463267654,-2.72762131109612E-16));
#10288=DIRECTION('',(0.104528463267654,-0.994521895368273,0.));
#10289=DIRECTION('',(0.104528463267654,-0.994521895368273,-8.31118757814189E-17));
#10290=DIRECTION('',(2.64135315385439E-16,9.63735264431559E-17,-1.));
#10291=DIRECTION('',(-0.0237353576790069,0.2258268434094,0.973878262203031));
#10292=DIRECTION('',(-0.104528463267654,0.994521895368273,0.));
#10293=DIRECTION('',(-2.74264581182104E-16,0.,1.));
#10294=DIRECTION('',(0.,1.,9.63735264431559E-17));
#10295=DIRECTION('',(0.,-9.63735264431559E-17,1.));
#10296=DIRECTION('',(1.,0.,0.));
#10297=DIRECTION('',(-1.,1.17402681730066E-32,-1.21820468818596E-16));
#10298=DIRECTION('',(-1.01292657966644E-17,-9.63735264431559E-17,1.));
#10299=DIRECTION('',(0.994521895368273,-0.104528463267654,0.));
#10300=DIRECTION('',(0.104528463267654,0.994521895368273,0.));
#10301=DIRECTION('',(0.,9.63735264431559E-17,-1.));
#10302=DIRECTION('',(-0.104528463267654,-0.994521895368273,0.));
#10303=DIRECTION('',(-0.0237353576790066,-0.2258268434094,-0.973878262203031));
#10304=DIRECTION('',(-0.104528463267654,-0.994521895368273,-1.08579288581725E-16));
#10305=DIRECTION('',(0.,9.63735264431559E-17,-1.));
#10306=DIRECTION('',(0.,1.,9.63735264431559E-17));
#10307=DIRECTION('',(0.,0.,1.));
#10308=DIRECTION('',(1.,0.,0.));
#10309=DIRECTION('',(0.,9.63735264431559E-17,-1.));
#10310=DIRECTION('',(0.,-9.63735264431559E-17,1.));
#10311=DIRECTION('',(1.,0.,0.));
#10312=DIRECTION('',(0.,9.63735264431559E-17,-1.));
#10313=DIRECTION('',(0.,-9.63735264431559E-17,1.));
#10314=DIRECTION('',(1.,0.,0.));
#10315=DIRECTION('',(-1.,0.,0.));
#10316=DIRECTION('',(0.,0.,1.));
#10317=DIRECTION('',(0.,1.,2.96533927517403E-16));
#10318=DIRECTION('',(0.,1.11200222819026E-16,1.));
#10319=DIRECTION('',(0.,1.,1.94912750109754E-16));
#10320=DIRECTION('',(0.,2.96533927517403E-16,-1.));
#10321=DIRECTION('',(0.,0.707106781186547,0.707106781186547));
#10322=DIRECTION('',(1.,0.,0.));
#10323=DIRECTION('',(1.,0.,0.));
#10324=DIRECTION('',(0.,0.707106781186548,-0.707106781186548));
#10325=DIRECTION('',(0.,0.707106781186548,-0.707106781186548));
#10326=DIRECTION('',(1.,0.,0.));
#10327=DIRECTION('',(-1.,2.64318448669746E-32,-2.74264581182104E-16));
#10328=DIRECTION('',(-2.74264581182104E-16,0.,1.));
#10329=DIRECTION('',(0.,-1.,-9.63735264431559E-17));
#10330=DIRECTION('',(-2.74264581182104E-16,0.,1.));
#10331=DIRECTION('',(0.,-1.,-9.63735264431559E-17));
#10332=DIRECTION('',(1.71754799601664E-16,9.63735264431559E-17,-1.));
#10333=DIRECTION('',(0.,-1.,-9.63735264431559E-17));
#10334=DIRECTION('',(0.,9.63735264431559E-17,-1.));
#10335=DIRECTION('',(0.,1.,9.63735264431559E-17));
#10336=DIRECTION('',(0.,-9.63735264431559E-17,1.));
#10337=DIRECTION('',(0.,1.,9.63735264431559E-17));
#10338=DIRECTION('',(0.,9.63735264431559E-17,-1.));
#10339=DIRECTION('',(0.,-1.,-9.63735264431559E-17));
#10340=DIRECTION('',(2.06514699521049E-16,9.63735264431559E-17,-1.));
#10341=DIRECTION('',(-1.93934345193154E-16,0.707106781186548,0.707106781186547));
#10342=DIRECTION('',(1.,0.,0.));
#10343=DIRECTION('',(0.,0.,-1.));
#10344=DIRECTION('',(0.,-1.,-9.63735264431559E-17));
#10345=DIRECTION('',(0.,0.,-1.));
#10346=DIRECTION('',(0.,-1.,-9.63735264431559E-17));
#10347=DIRECTION('',(0.,-0.707106781186547,-0.707106781186548));
#10348=DIRECTION('',(0.,-9.63735264431559E-17,1.));
#10349=DIRECTION('',(0.,-1.,-9.63735264431559E-17));
#10350=DIRECTION('',(-1.39897054514259E-16,-9.63735264431559E-17,1.));
#10351=DIRECTION('',(0.,1.,9.63735264431559E-17));
#10352=DIRECTION('',(0.,-9.63735264431559E-17,1.));
#10353=DIRECTION('',(0.,1.,9.63735264431559E-17));
#10354=DIRECTION('',(-1.39897054514259E-16,-9.63735264431559E-17,1.));
#10355=DIRECTION('',(0.,-1.,-9.63735264431559E-17));
#10356=DIRECTION('',(0.,-9.63735264431559E-17,1.));
#10357=DIRECTION('',(-0.994521895368273,-0.104528463267654,-2.72762131109612E-16));
#10358=DIRECTION('',(0.104528463267654,-0.994521895368273,0.));
#10359=DIRECTION('',(0.104528463267654,-0.994521895368273,-8.31118757814189E-17));
#10360=DIRECTION('',(2.64135315385439E-16,9.63735264431559E-17,-1.));
#10361=DIRECTION('',(-0.0237353576790069,0.2258268434094,0.973878262203031));
#10362=DIRECTION('',(-0.104528463267654,0.994521895368273,0.));
#10363=DIRECTION('',(-2.74264581182104E-16,0.,1.));
#10364=DIRECTION('',(0.,1.,9.63735264431559E-17));
#10365=DIRECTION('',(0.,-9.63735264431559E-17,1.));
#10366=DIRECTION('',(1.,0.,0.));
#10367=DIRECTION('',(-1.,1.17402681730066E-32,-1.21820468818596E-16));
#10368=DIRECTION('',(-1.01292657966644E-17,-9.63735264431559E-17,1.));
#10369=DIRECTION('',(0.994521895368273,-0.104528463267654,0.));
#10370=DIRECTION('',(0.104528463267654,0.994521895368273,0.));
#10371=DIRECTION('',(0.,9.63735264431559E-17,-1.));
#10372=DIRECTION('',(-0.104528463267654,-0.994521895368273,0.));
#10373=DIRECTION('',(-0.0237353576790066,-0.2258268434094,-0.973878262203031));
#10374=DIRECTION('',(-0.104528463267654,-0.994521895368273,-1.08579288581725E-16));
#10375=DIRECTION('',(0.,9.63735264431559E-17,-1.));
#10376=DIRECTION('',(0.,1.,9.63735264431559E-17));
#10377=DIRECTION('',(0.,0.,1.));
#10378=DIRECTION('',(1.,0.,0.));
#10379=DIRECTION('',(0.,9.63735264431559E-17,-1.));
#10380=DIRECTION('',(0.,-9.63735264431559E-17,1.));
#10381=DIRECTION('',(1.,0.,0.));
#10382=DIRECTION('',(0.,9.63735264431559E-17,-1.));
#10383=DIRECTION('',(0.,-9.63735264431559E-17,1.));
#10384=DIRECTION('',(1.,0.,0.));
#10385=DIRECTION('',(0.,0.,1.));
#10386=DIRECTION('',(1.,0.,0.));
#10387=DIRECTION('',(0.,0.,-1.));
#10388=DIRECTION('',(1.,0.,0.));
#10389=DIRECTION('',(0.,0.,-1.));
#10390=DIRECTION('',(1.,0.,0.));
#10391=DIRECTION('',(0.,0.,-1.));
#10392=DIRECTION('',(1.,0.,0.));
#10393=DIRECTION('',(-1.,0.,0.));
#10394=DIRECTION('',(0.,-1.,0.));
#10395=DIRECTION('',(-1.,0.,0.));
#10396=DIRECTION('',(0.,1.,0.));
#10397=DIRECTION('',(-1.,0.,0.));
#10398=DIRECTION('',(0.,1.,0.));
#10399=DIRECTION('',(1.,0.,0.));
#10400=DIRECTION('',(0.,-1.,0.));
#10401=DIRECTION('',(-1.,0.,0.));
#10402=DIRECTION('',(0.,1.,0.));
#10403=DIRECTION('',(1.,0.,0.));
#10404=DIRECTION('',(0.,-1.,0.));
#10405=DIRECTION('',(-1.,0.,0.));
#10406=DIRECTION('',(0.,1.,0.));
#10407=DIRECTION('',(1.,0.,0.));
#10408=DIRECTION('',(0.,-1.,0.));
#10409=DIRECTION('',(0.,9.74563750548768E-17,-1.));
#10410=DIRECTION('',(0.,1.,9.74563750548768E-17));
#10411=DIRECTION('',(-1.,0.,0.));
#10412=DIRECTION('',(0.,1.,9.74563750548768E-17));
#10413=DIRECTION('',(-1.,0.,0.));
#10414=DIRECTION('',(0.,-1.,-9.74563750548768E-17));
#10415=DIRECTION('',(-1.,0.,0.));
#10416=DIRECTION('',(0.,-1.,-9.74563750548768E-17));
#10417=DIRECTION('',(1.,0.,0.));
#10418=DIRECTION('',(0.,1.,9.74563750548768E-17));
#10419=DIRECTION('',(-1.,0.,0.));
#10420=DIRECTION('',(0.,-1.,-9.74563750548768E-17));
#10421=DIRECTION('',(1.,0.,0.));
#10422=DIRECTION('',(0.,1.,9.74563750548768E-17));
#10423=DIRECTION('',(-1.,0.,0.));
#10424=DIRECTION('',(0.,-1.,-9.74563750548768E-17));
#10425=DIRECTION('',(1.,0.,0.));
#10426=DIRECTION('',(0.,1.,9.74563750548768E-17));
#10427=DIRECTION('',(0.,0.,-1.));
#10428=DIRECTION('',(-1.,0.,0.));
#10429=DIRECTION('',(0.,1.,-6.19544098563146E-16));
#10430=DIRECTION('',(1.,0.,0.));
#10431=DIRECTION('',(0.,1.,-6.19544098563146E-16));
#10432=DIRECTION('',(1.,0.,0.));
#10433=DIRECTION('',(0.,-9.63735264431559E-17,1.));
#10434=DIRECTION('',(1.,0.,0.));
#10435=DIRECTION('',(0.,-1.,-9.63735264431559E-17));
#10436=DIRECTION('',(-1.,0.,0.));
#10437=DIRECTION('',(0.,-1.,0.));
#10438=DIRECTION('',(-1.,0.,0.));
#10439=DIRECTION('',(0.,1.,0.));
#10440=DIRECTION('',(-1.,0.,0.));
#10441=DIRECTION('',(0.,-1.,-9.63735264431559E-17));
#10442=DIRECTION('',(-1.,0.,0.));
#10443=DIRECTION('',(0.,-1.,0.));
#10444=DIRECTION('',(1.,0.,0.));
#10445=DIRECTION('',(0.,1.,0.));
#10446=DIRECTION('',(-1.,0.,0.));
#10447=DIRECTION('',(0.,-1.,0.));
#10448=DIRECTION('',(1.,0.,0.));
#10449=DIRECTION('',(0.,1.,0.));
#10450=DIRECTION('',(-1.,0.,0.));
#10451=DIRECTION('',(0.,-1.,0.));
#10452=DIRECTION('',(1.,0.,0.));
#10453=DIRECTION('',(0.,1.,0.));
#10454=DIRECTION('',(-1.21820468818596E-16,-9.63735264431559E-17,1.));
#10455=DIRECTION('',(1.,0.,1.21820468818596E-16));
#10456=DIRECTION('',(-1.,1.17402681730066E-32,-1.21820468818596E-16));
#10457=DIRECTION('',(0.,-1.,-9.63735264431559E-17));
#10458=DIRECTION('',(-1.,1.17402681730066E-32,-1.21820468818596E-16));
#10459=DIRECTION('',(0.,-1.,-9.63735264431559E-17));
#10460=DIRECTION('',(-1.,1.17402681730066E-32,-1.21820468818596E-16));
#10461=DIRECTION('',(-1.,1.17402681730066E-32,-1.21820468818596E-16));
#10462=DIRECTION('',(-1.,0.,-1.21820468818596E-16));
#10463=DIRECTION('',(0.,1.,9.63735264431559E-17));
#10464=DIRECTION('',(1.,0.,1.21820468818596E-16));
#10465=DIRECTION('',(0.,-1.,-9.63735264431559E-17));
#10466=DIRECTION('',(-1.,0.,-1.21820468818596E-16));
#10467=DIRECTION('',(0.,1.,9.63735264431559E-17));
#10468=DIRECTION('',(1.,0.,1.21820468818596E-16));
#10469=DIRECTION('',(0.,-1.,-9.63735264431559E-17));
#10470=DIRECTION('',(-1.,0.,-1.21820468818596E-16));
#10471=DIRECTION('',(0.,1.,9.63735264431559E-17));
#10472=DIRECTION('',(1.,0.,1.21820468818596E-16));
#10473=DIRECTION('',(0.,-1.,-9.63735264431559E-17));
#10474=DIRECTION('',(0.,9.63735264431559E-17,-1.));
#10475=DIRECTION('',(0.,1.,9.63735264431559E-17));
#10476=DIRECTION('',(0.,-1.,-9.63735264431559E-17));
#10477=DIRECTION('',(1.,0.,0.));
#10478=DIRECTION('',(0.,-1.,-9.63735264431559E-17));
#10479=DIRECTION('',(-1.,0.,0.));
#10480=DIRECTION('',(0.,-1.,-9.63735264431559E-17));
#10481=DIRECTION('',(1.,0.,0.));
#10482=DIRECTION('',(0.,9.63735264431559E-17,-1.));
#10483=DIRECTION('',(0.,1.,9.63735264431559E-17));
#10484=DIRECTION('',(0.,0.,-1.));
#10485=DIRECTION('',(-1.,0.,0.));
#10486=DIRECTION('',(0.,0.,-1.));
#10487=DIRECTION('',(1.,0.,0.));
#10488=DIRECTION('',(0.,0.,-1.));
#10489=DIRECTION('',(1.,0.,0.));
#10490=DIRECTION('',(0.,1.,2.96533927517403E-16));
#10491=DIRECTION('',(0.,-2.96533927517403E-16,1.));
#10492=DIRECTION('',(0.892198407730781,-1.33927670184551E-16,0.451643666226661));
#10493=DIRECTION('',(0.,-1.,-2.96533927517403E-16));
#10494=DIRECTION('',(-1.,0.,0.));
#10495=DIRECTION('',(-1.,0.,0.));
#10496=DIRECTION('',(0.,-1.,-2.96533927517403E-16));
#10497=DIRECTION('',(1.,0.,0.));
#10498=DIRECTION('',(0.892198407730781,1.33927670184551E-16,-0.451643666226661));
#10499=DIRECTION('',(0.892198407730781,-1.33927670184551E-16,0.451643666226661));
#10500=DIRECTION('',(0.,-1.,-2.96533927517403E-16));
#10501=DIRECTION('',(-1.,0.,0.));
#10502=DIRECTION('',(-1.,0.,0.));
#10503=DIRECTION('',(0.,-1.,-2.96533927517403E-16));
#10504=DIRECTION('',(1.,0.,0.));
#10505=DIRECTION('',(0.892198407730781,1.33927670184551E-16,-0.451643666226661));
#10506=DIRECTION('',(0.,-1.,-2.96533927517403E-16));
#10507=DIRECTION('',(-1.,0.,0.));
#10508=DIRECTION('',(0.,-1.,-2.96533927517403E-16));
#10509=DIRECTION('',(-1.,0.,0.));
#10510=DIRECTION('',(0.,-1.,-2.96533927517403E-16));
#10511=DIRECTION('',(-1.,0.,0.));
#10512=DIRECTION('',(-1.,0.,0.));
#10513=DIRECTION('',(0.,1.,2.96533927517403E-16));
#10514=DIRECTION('',(-1.,0.,0.));
#10515=DIRECTION('',(-1.,0.,0.));
#10516=DIRECTION('',(-1.,0.,0.));
#10517=DIRECTION('',(0.267643863786094,-2.85715749975924E-16,0.963517909629941));
#10518=DIRECTION('',(-1.,0.,0.));
#10519=DIRECTION('',(0.267643863786094,2.85715749975924E-16,-0.963517909629941));
#10520=DIRECTION('',(-1.,0.,0.));
#10521=DIRECTION('',(0.267643863786094,-2.85715749975924E-16,0.963517909629941));
#10522=DIRECTION('',(-1.,0.,0.));
#10523=DIRECTION('',(0.267643863786094,2.85715749975924E-16,-0.963517909629941));
#10524=DIRECTION('',(-1.,0.,0.));
#10525=DIRECTION('',(0.267643863786094,-2.85715749975924E-16,0.963517909629941));
#10526=DIRECTION('',(-1.,0.,0.));
#10527=DIRECTION('',(0.267643863786094,2.85715749975924E-16,-0.963517909629941));
#10528=DIRECTION('',(-1.,0.,0.));
#10529=DIRECTION('',(0.,2.96533927517403E-16,-1.));
#10530=DIRECTION('',(-1.,0.,0.));
#10531=DIRECTION('',(0.,1.,2.96533927517403E-16));
#10532=DIRECTION('',(-1.,0.,0.));
#10533=DIRECTION('',(-1.,0.,0.));
#10534=DIRECTION('',(0.,1.,2.96533927517403E-16));
#10535=DIRECTION('',(-1.,0.,0.));
#10536=DIRECTION('',(0.,1.39897054514259E-16,-1.));
#10537=DIRECTION('',(0.,1.,1.39897054514259E-16));
#10538=DIRECTION('',(-1.,0.,0.));
#10539=DIRECTION('',(0.,1.,2.47817639425259E-15));
#10540=DIRECTION('',(1.,0.,0.));
#10541=DIRECTION('',(1.,0.,0.));
#10542=DIRECTION('',(1.,0.,0.));
#10543=DIRECTION('',(1.,0.,0.));
#10544=DIRECTION('',(0.,-1.,-1.39897054514259E-16));
#10545=DIRECTION('',(0.,-1.94912750109754E-16,1.));
#10546=DIRECTION('',(0.,-1.,-1.94912750109754E-16));
#10547=DIRECTION('',(0.,1.,2.96533927517403E-16));
#10548=DIRECTION('',(1.,0.,0.));
#10549=DIRECTION('',(0.,1.,2.96533927517403E-16));
#10550=DIRECTION('',(0.,1.,9.63735264431559E-17));
#10551=DIRECTION('',(0.,-9.63735264431559E-17,1.));
#10552=DIRECTION('',(0.,1.,9.63735264431559E-17));
#10553=DIRECTION('',(1.,0.,0.));
#10554=DIRECTION('',(-1.,1.74147311232931E-32,-1.80700362080917E-16));
#10555=DIRECTION('',(1.,0.,0.));
#10556=DIRECTION('',(-1.39897054514259E-16,-9.63735264431559E-17,1.));
#10557=DIRECTION('',(1.,8.70736556164657E-33,-9.03501810404587E-17));
#10558=DIRECTION('',(0.,9.63735264431559E-17,-1.));
#10559=DIRECTION('',(-1.,2.61220966849397E-32,-2.71050543121376E-16));
#10560=DIRECTION('',(-1.39897054514259E-16,-9.63735264431559E-17,1.));
#10561=DIRECTION('',(-1.,2.08976773479518E-32,-2.16840434497101E-16));
#10562=DIRECTION('',(0.,-9.63735264431559E-17,1.));
#10563=DIRECTION('',(-1.,0.,0.));
#10564=DIRECTION('',(0.,9.63735264431559E-17,-1.));
#10565=DIRECTION('',(-1.,-2.08976773479518E-32,2.16840434497101E-16));
#10566=DIRECTION('',(1.,-3.26526208561746E-33,3.3881317890172E-17));
#10567=DIRECTION('',(0.,9.63735264431559E-17,-1.));
#10568=DIRECTION('',(0.,-1.,-9.63735264431559E-17));
#10569=DIRECTION('',(0.,9.63735264431559E-17,-1.));
#10570=DIRECTION('',(0.,-9.63735264431559E-17,1.));
#10571=DIRECTION('',(1.,-1.17402681730066E-32,1.21820468818596E-16));
#10572=DIRECTION('',(0.,-9.63735264431559E-17,1.));
#10573=DIRECTION('',(-1.,2.08976773479518E-32,-2.16840434497101E-16));
#10574=DIRECTION('',(0.,-1.,-9.63735264431559E-17));
#10575=DIRECTION('',(0.,9.63735264431559E-17,-1.));
#10576=DIRECTION('',(0.,-9.63735264431559E-17,1.));
#10577=DIRECTION('',(1.,0.,0.));
#10578=DIRECTION('',(-3.33600668457079E-16,9.63735264431559E-17,-1.));
#10579=DIRECTION('',(1.,0.,0.));
#10580=DIRECTION('',(0.,-1.,-9.63735264431559E-17));
#10581=DIRECTION('',(0.,9.63735264431559E-17,-1.));
#10582=DIRECTION('',(0.,9.63735264431559E-17,-1.));
#10583=DIRECTION('',(1.,-1.17402681730066E-32,1.21820468818596E-16));
#10584=DIRECTION('',(-1.,-2.08976773479518E-32,2.16840434497101E-16));
#10585=DIRECTION('',(0.,1.,9.63735264431559E-17));
#10586=DIRECTION('',(0.,-9.63735264431559E-17,1.));
#10587=DIRECTION('',(1.,0.,0.));
#10588=DIRECTION('',(1.47010464065831E-16,9.63735264431559E-17,-1.));
#10589=DIRECTION('',(0.,-9.63735264431559E-17,1.));
#10590=DIRECTION('',(0.,1.,9.63735264431559E-17));
#10591=DIRECTION('',(0.,-9.63735264431559E-17,1.));
#10592=DIRECTION('',(1.,0.,0.));
#10593=DIRECTION('',(-7.35052320329156E-17,-9.63735264431559E-17,1.));
#10594=DIRECTION('',(0.,-1.,-9.63735264431559E-17));
#10595=DIRECTION('',(0.,9.63735264431559E-17,-1.));
#10596=DIRECTION('',(1.47010464065831E-16,9.63735264431559E-17,-1.));
#10597=DIRECTION('',(1.,0.,0.));
#10598=DIRECTION('',(-7.35052320329156E-17,-9.63735264431559E-17,1.));
#10599=DIRECTION('',(0.,-0.976187060183953,0.216930457818656));
#10600=DIRECTION('',(0.,-0.216930457818656,-0.976187060183953));
#10601=DIRECTION('',(0.,0.216930457818656,0.976187060183953));
#10602=DIRECTION('',(0.,-0.216930457818657,-0.976187060183953));
#10603=DIRECTION('',(-1.,0.,0.));
#10604=DIRECTION('',(0.,9.63735264431559E-17,-1.));
#10605=DIRECTION('',(0.,1.,9.63735264431559E-17));
#10606=DIRECTION('',(1.,0.,0.));
#10607=DIRECTION('',(0.,-1.,-9.63735264431559E-17));
#10608=DIRECTION('',(-1.,0.,0.));
#10609=DIRECTION('',(0.,-1.,-9.63735264431559E-17));
#10610=DIRECTION('',(1.,0.,0.));
#10611=DIRECTION('',(0.,9.63735264431559E-17,-1.));
#10612=DIRECTION('',(0.,1.,9.63735264431559E-17));
#10613=DIRECTION('',(0.,0.,-1.));
#10614=DIRECTION('',(-1.,0.,0.));
#10615=DIRECTION('',(0.,0.,-1.));
#10616=DIRECTION('',(1.,0.,0.));
#10617=DIRECTION('',(0.,0.,-1.));
#10618=DIRECTION('',(1.,0.,0.));
#10619=DIRECTION('',(0.,-1.94912750109754E-16,1.));
#10620=DIRECTION('',(0.,-1.,-1.94912750109754E-16));
#10621=DIRECTION('',(0.,1.,2.96533927517403E-16));
#10622=DIRECTION('',(1.,8.03756821075068E-32,-2.71050543121376E-16));
#10623=DIRECTION('',(0.,1.,2.96533927517403E-16));
#10624=DIRECTION('',(0.,1.,9.63735264431559E-17));
#10625=DIRECTION('',(0.,-9.63735264431559E-17,1.));
#10626=DIRECTION('',(0.,1.,9.63735264431559E-17));
#10627=DIRECTION('',(1.,0.,0.));
#10628=DIRECTION('',(-1.,1.74147311232931E-32,-1.80700362080917E-16));
#10629=DIRECTION('',(1.,0.,0.));
#10630=DIRECTION('',(1.,8.70736556164657E-33,-9.03501810404587E-17));
#10631=DIRECTION('',(0.,9.63735264431559E-17,-1.));
#10632=DIRECTION('',(-1.,2.61220966849397E-32,-2.71050543121376E-16));
#10633=DIRECTION('',(-1.,2.08976773479518E-32,-2.16840434497101E-16));
#10634=DIRECTION('',(0.,-9.63735264431559E-17,1.));
#10635=DIRECTION('',(-1.,0.,0.));
#10636=DIRECTION('',(0.,9.63735264431559E-17,-1.));
#10637=DIRECTION('',(-1.,-2.08976773479518E-32,2.16840434497101E-16));
#10638=DIRECTION('',(1.,-3.26526208561746E-33,3.3881317890172E-17));
#10639=DIRECTION('',(0.,9.63735264431559E-17,-1.));
#10640=DIRECTION('',(0.,-1.,-9.63735264431559E-17));
#10641=DIRECTION('',(0.,9.63735264431559E-17,-1.));
#10642=DIRECTION('',(1.,-1.17402681730066E-32,1.21820468818596E-16));
#10643=DIRECTION('',(0.,-9.63735264431559E-17,1.));
#10644=DIRECTION('',(-1.,2.08976773479518E-32,-2.16840434497101E-16));
#10645=DIRECTION('',(0.,-1.,-9.63735264431559E-17));
#10646=DIRECTION('',(0.,9.63735264431559E-17,-1.));
#10647=DIRECTION('',(0.,-9.63735264431559E-17,1.));
#10648=DIRECTION('',(1.,0.,0.));
#10649=DIRECTION('',(-3.33600668457079E-16,9.63735264431559E-17,-1.));
#10650=DIRECTION('',(1.,0.,0.));
#10651=DIRECTION('',(0.,-1.,-9.63735264431559E-17));
#10652=DIRECTION('',(0.,9.63735264431559E-17,-1.));
#10653=DIRECTION('',(0.,9.63735264431559E-17,-1.));
#10654=DIRECTION('',(1.,-1.17402681730066E-32,1.21820468818596E-16));
#10655=DIRECTION('',(-1.,-2.08976773479518E-32,2.16840434497101E-16));
#10656=DIRECTION('',(0.,1.,9.63735264431559E-17));
#10657=DIRECTION('',(0.,-9.63735264431559E-17,1.));
#10658=DIRECTION('',(1.,0.,0.));
#10659=DIRECTION('',(1.47010464065831E-16,9.63735264431559E-17,-1.));
#10660=DIRECTION('',(0.,1.,9.63735264431559E-17));
#10661=DIRECTION('',(0.,-9.63735264431559E-17,1.));
#10662=DIRECTION('',(1.,0.,0.));
#10663=DIRECTION('',(-7.35052320329156E-17,-9.63735264431559E-17,1.));
#10664=DIRECTION('',(0.,-1.,-9.63735264431559E-17));
#10665=DIRECTION('',(0.,9.63735264431559E-17,-1.));
#10666=DIRECTION('',(1.47010464065831E-16,9.63735264431559E-17,-1.));
#10667=DIRECTION('',(1.,0.,0.));
#10668=DIRECTION('',(-7.35052320329156E-17,-9.63735264431559E-17,1.));
#10669=DIRECTION('',(0.,9.63735264431559E-17,-1.));
#10670=DIRECTION('',(0.,1.,9.63735264431559E-17));
#10671=DIRECTION('',(0.,-9.63735264431559E-17,1.));
#10672=DIRECTION('',(1.,0.,0.));
#10673=DIRECTION('',(1.,0.,0.));
#10674=DIRECTION('',(0.,-1.,-9.63735264431559E-17));
#10675=DIRECTION('',(-1.,0.,0.));
#10676=DIRECTION('',(0.,-1.,-9.63735264431559E-17));
#10677=DIRECTION('',(1.,0.,0.));
#10678=DIRECTION('',(0.,-1.,-9.63735264431559E-17));
#10679=DIRECTION('',(0.,9.63735264431559E-17,-1.));
#10680=DIRECTION('',(0.,1.,9.63735264431559E-17));
#10681=DIRECTION('',(0.,0.,-1.));
#10682=DIRECTION('',(-1.,0.,0.));
#10683=DIRECTION('',(0.,0.,-1.));
#10684=DIRECTION('',(1.,0.,0.));
#10685=DIRECTION('',(0.,0.,-1.));
#10686=DIRECTION('',(1.,0.,0.));
#10687=DIRECTION('',(-1.,0.,0.));
#10688=DIRECTION('',(0.,0.,1.));
#10689=DIRECTION('',(0.,1.,2.96533927517403E-16));
#10690=DIRECTION('',(0.,1.,1.94912750109754E-16));
#10691=DIRECTION('',(0.,0.263117405792106,-0.964763821237733));
#10692=DIRECTION('',(0.,0.,-1.));
#10693=DIRECTION('',(0.,0.,1.));
#10694=DIRECTION('',(0.,0.216930457818656,0.976187060183953));
#10695=DIRECTION('',(0.,-9.74563750548768E-17,1.));
#10696=DIRECTION('',(0.,-4.95635278850516E-15,-1.));
#10697=DIRECTION('',(0.,-2.96533927517403E-16,1.));
#10698=DIRECTION('',(0.,-1.94912750109754E-16,1.));
#10699=DIRECTION('',(0.,-1.,-1.94912750109754E-16));
#10700=DIRECTION('',(0.,1.,2.96533927517403E-16));
#10701=DIRECTION('',(0.,1.,9.63735264431559E-17));
#10702=DIRECTION('',(0.,-9.63735264431559E-17,1.));
#10703=DIRECTION('',(0.,1.,9.63735264431559E-17));
#10704=DIRECTION('',(1.,0.,0.));
#10705=DIRECTION('',(-1.,1.74147311232931E-32,-1.80700362080917E-16));
#10706=DIRECTION('',(0.,9.63735264431559E-17,-1.));
#10707=DIRECTION('',(1.,0.,0.));
#10708=DIRECTION('',(1.,8.70736556164657E-33,-9.03501810404587E-17));
#10709=DIRECTION('',(0.,9.63735264431559E-17,-1.));
#10710=DIRECTION('',(-1.,2.61220966849397E-32,-2.71050543121376E-16));
#10711=DIRECTION('',(-1.,2.08976773479518E-32,-2.16840434497101E-16));
#10712=DIRECTION('',(0.,-9.63735264431559E-17,1.));
#10713=DIRECTION('',(-1.,0.,0.));
#10714=DIRECTION('',(0.,9.63735264431559E-17,-1.));
#10715=DIRECTION('',(-1.,-2.08976773479518E-32,2.16840434497101E-16));
#10716=DIRECTION('',(0.,9.63735264431559E-17,-1.));
#10717=DIRECTION('',(1.,-3.26526208561746E-33,3.3881317890172E-17));
#10718=DIRECTION('',(0.,9.63735264431559E-17,-1.));
#10719=DIRECTION('',(-1.,1.32159224334873E-32,-1.37132290591052E-16));
#10720=DIRECTION('',(-1.37132290591052E-16,0.,1.));
#10721=DIRECTION('',(1.33866767608371E-16,-0.216930457818656,-0.976187060183953));
#10722=DIRECTION('',(0.,9.63735264431559E-17,-1.));
#10723=DIRECTION('',(1.71754799601664E-16,9.63735264431559E-17,-1.));
#10724=DIRECTION('',(0.,-1.,-9.63735264431559E-17));
#10725=DIRECTION('',(0.,1.,9.63735264431559E-17));
#10726=DIRECTION('',(0.,-9.63735264431559E-17,1.));
#10727=DIRECTION('',(0.,1.,9.63735264431559E-17));
#10728=DIRECTION('',(0.,-1.,-9.63735264431559E-17));
#10729=DIRECTION('',(2.06514699521049E-16,9.63735264431559E-17,-1.));
#10730=DIRECTION('',(-9.69671725965771E-17,0.707106781186547,0.707106781186548));
#10731=DIRECTION('',(1.37132290591052E-16,9.63735264431559E-17,-1.));
#10732=DIRECTION('',(0.,-1.,-9.63735264431559E-17));
#10733=DIRECTION('',(0.,9.63735264431559E-17,-1.));
#10734=DIRECTION('',(1.,-1.17402681730066E-32,1.21820468818596E-16));
#10735=DIRECTION('',(0.,-9.63735264431559E-17,1.));
#10736=DIRECTION('',(-1.,2.08976773479518E-32,-2.16840434497101E-16));
#10737=DIRECTION('',(0.,-1.,-9.63735264431559E-17));
#10738=DIRECTION('',(0.,9.63735264431559E-17,-1.));
#10739=DIRECTION('',(0.,-9.63735264431559E-17,1.));
#10740=DIRECTION('',(1.,0.,0.));
#10741=DIRECTION('',(-3.33600668457079E-16,9.63735264431559E-17,-1.));
#10742=DIRECTION('',(1.,0.,0.));
#10743=DIRECTION('',(0.,-1.,-9.63735264431559E-17));
#10744=DIRECTION('',(0.,9.63735264431559E-17,-1.));
#10745=DIRECTION('',(0.,9.63735264431559E-17,-1.));
#10746=DIRECTION('',(1.,-1.17402681730066E-32,1.21820468818596E-16));
#10747=DIRECTION('',(-1.,-2.08976773479518E-32,2.16840434497101E-16));
#10748=DIRECTION('',(0.,1.,9.63735264431559E-17));
#10749=DIRECTION('',(0.,-9.63735264431559E-17,1.));
#10750=DIRECTION('',(1.,0.,0.));
#10751=DIRECTION('',(1.47010464065831E-16,9.63735264431559E-17,-1.));
#10752=DIRECTION('',(0.,1.,9.63735264431559E-17));
#10753=DIRECTION('',(0.,-9.63735264431559E-17,1.));
#10754=DIRECTION('',(1.,0.,0.));
#10755=DIRECTION('',(-7.35052320329156E-17,-9.63735264431559E-17,1.));
#10756=DIRECTION('',(0.,-1.,-9.63735264431559E-17));
#10757=DIRECTION('',(0.,9.63735264431559E-17,-1.));
#10758=DIRECTION('',(1.47010464065831E-16,9.63735264431559E-17,-1.));
#10759=DIRECTION('',(1.,0.,0.));
#10760=DIRECTION('',(-7.35052320329156E-17,-9.63735264431559E-17,1.));
#10761=DIRECTION('',(0.,-0.976187060183953,0.216930457818656));
#10762=DIRECTION('',(0.,-0.216930457818656,-0.976187060183953));
#10763=DIRECTION('',(-1.,0.,0.));
#10764=DIRECTION('',(0.,-1.,-9.74563750548768E-17));
#10765=DIRECTION('',(0.,9.74563750548768E-17,-1.));
#10766=DIRECTION('',(0.,-9.63735264431559E-17,1.));
#10767=DIRECTION('',(0.,0.,-1.));
#10768=DIRECTION('',(0.,-1.,0.));
#10769=DIRECTION('',(0.,0.,-1.));
#10770=DIRECTION('',(0.,-2.77555756156289E-15,-1.));
#10771=DIRECTION('',(0.,1.,0.));
#10772=DIRECTION('',(0.,0.,1.));
#10773=DIRECTION('',(1.,0.,0.));
#10774=DIRECTION('',(0.,0.,-1.));
#10775=DIRECTION('',(-1.,0.,0.));
#10776=DIRECTION('',(0.,0.,1.));
#10777=DIRECTION('',(-1.,0.,0.));
#10778=DIRECTION('',(0.,0.,-1.));
#10779=DIRECTION('',(0.,0.964763821237733,0.263117405792106));
#10780=DIRECTION('',(0.,-0.263117405792106,0.964763821237733));
#10781=DIRECTION('',(0.,-0.263117405792106,0.964763821237733));
#10782=DIRECTION('',(-1.,0.,0.));
#10783=DIRECTION('',(1.,0.,0.));
#10784=DIRECTION('',(-1.,0.,0.));
#10785=DIRECTION('',(0.,-1.94912750109754E-16,1.));
#10786=DIRECTION('',(0.,-1.,-1.94912750109754E-16));
#10787=DIRECTION('',(0.,1.,2.96533927517403E-16));
#10788=DIRECTION('',(1.,0.,0.));
#10789=DIRECTION('',(0.,1.,-4.95635278850516E-15));
#10790=DIRECTION('',(0.,4.95635278850516E-15,1.));
#10791=DIRECTION('',(0.,5.01830719836147E-15,1.));
#10792=DIRECTION('',(1.,0.,0.));
#10793=DIRECTION('',(0.,0.,-1.));
#10794=DIRECTION('',(0.,-0.707106781186548,-0.707106781186547));
#10795=DIRECTION('',(0.,-1.,-9.63735264431559E-17));
#10796=DIRECTION('',(0.,1.,9.63735264431559E-17));
#10797=DIRECTION('',(0.,-9.63735264431559E-17,1.));
#10798=DIRECTION('',(0.,1.,9.63735264431559E-17));
#10799=DIRECTION('',(0.,-1.,-9.63735264431559E-17));
#10800=DIRECTION('',(-1.,1.4167916846069E-32,-1.47010464065831E-16));
#10801=DIRECTION('',(-1.47010464065831E-16,0.,1.));
#10802=DIRECTION('',(0.,-1.,-9.63735264431559E-17));
#10803=DIRECTION('',(0.,-1.,-9.63735264431559E-17));
#10804=DIRECTION('',(1.,-7.0839584230345E-33,7.35052320329156E-17));
#10805=DIRECTION('',(7.35052320329156E-17,0.,-1.));
#10806=DIRECTION('',(0.,-1.,-9.63735264431559E-17));
#10807=DIRECTION('',(0.,-1.,-9.63735264431559E-17));
#10808=DIRECTION('',(0.,9.63735264431559E-17,-1.));
#10809=DIRECTION('',(0.,1.,9.63735264431559E-17));
#10810=DIRECTION('',(0.,9.63735264431559E-17,-1.));
#10811=DIRECTION('',(0.,1.,9.63735264431559E-17));
#10812=DIRECTION('',(2.16840434497101E-16,-9.63735264431559E-17,1.));
#10813=DIRECTION('',(1.,0.,-2.16840434497101E-16));
#10814=DIRECTION('',(0.,-1.,-9.63735264431559E-17));
#10815=DIRECTION('',(-1.,0.,0.));
#10816=DIRECTION('',(0.,0.,1.));
#10817=DIRECTION('',(0.,-1.,-9.63735264431559E-17));
#10818=DIRECTION('',(0.,-9.63735264431559E-17,1.));
#10819=DIRECTION('',(0.,-1.,-9.63735264431559E-17));
#10820=DIRECTION('',(-1.,0.,0.));
#10821=DIRECTION('',(0.,-1.,-9.63735264431559E-17));
#10822=DIRECTION('',(1.,0.,0.));
#10823=DIRECTION('',(0.,0.,-1.));
#10824=DIRECTION('',(0.,-1.,-9.63735264431559E-17));
#10825=DIRECTION('',(-2.16840434497101E-16,-9.63735264431559E-17,1.));
#10826=DIRECTION('',(1.,0.,2.16840434497101E-16));
#10827=DIRECTION('',(-8.61400795889536E-17,-0.707106781186548,0.707106781186547));
#10828=DIRECTION('',(1.,-1.17402681730066E-32,1.21820468818596E-16));
#10829=DIRECTION('',(0.,-1.,-9.63735264431559E-17));
#10830=DIRECTION('',(0.,9.63735264431559E-17,-1.));
#10831=DIRECTION('',(0.,-1.,-2.96533927517403E-16));
#10832=DIRECTION('',(0.,2.96533927517403E-16,-1.));
#10833=DIRECTION('',(9.03501810404587E-17,-9.63735264431559E-17,1.));
#10834=DIRECTION('',(0.,-1.,-9.63735264431559E-17));
#10835=DIRECTION('',(0.478852130680573,0.877895572914384,4.13415155119947E-17));
#10836=DIRECTION('',(0.,1.,9.63735264431559E-17));
#10837=DIRECTION('',(1.,0.,0.));
#10838=DIRECTION('',(0.,0.,-1.));
#10839=DIRECTION('',(0.,9.63735264431559E-17,-1.));
#10840=DIRECTION('',(0.,1.,9.63735264431559E-17));
#10841=DIRECTION('',(2.71050543121376E-16,9.63735264431559E-17,-1.));
#10842=DIRECTION('',(-1.,0.,-2.71050543121376E-16));
#10843=DIRECTION('',(-0.478852130680573,-0.877895572914384,-2.14399022306392E-16));
#10844=DIRECTION('',(1.80700362080917E-16,9.63735264431559E-17,-1.));
#10845=DIRECTION('',(-1.,0.,-1.80700362080917E-16));
#10846=DIRECTION('',(0.,1.,9.63735264431559E-17));
#10847=DIRECTION('',(0.478852130680573,-0.877895572914384,1.92286118660448E-18));
#10848=DIRECTION('',(1.,0.,0.));
#10849=DIRECTION('',(0.,0.,-1.));
#10850=DIRECTION('',(0.,1.,9.63735264431559E-17));
#10851=DIRECTION('',(0.,-9.63735264431559E-17,1.));
#10852=DIRECTION('',(-3.3881317890172E-17,-9.63735264431559E-17,1.));
#10853=DIRECTION('',(0.,-1.,-9.63735264431559E-17));
#10854=DIRECTION('',(-0.478852130680573,0.877895572914384,6.83817509486192E-17));
#10855=DIRECTION('',(0.877895572914384,-0.478852130680573,-4.61486684785058E-17));
#10856=DIRECTION('',(0.,-9.63735264431559E-17,1.));
#10857=DIRECTION('',(-0.877895572914384,-0.478852130680573,-4.61486684785058E-17));
#10858=DIRECTION('',(0.,-9.63735264431559E-17,1.));
#10859=DIRECTION('',(0.,1.,2.96533927517403E-16));
#10860=DIRECTION('',(0.,-2.96533927517403E-16,1.));
#10861=DIRECTION('',(0.,-1.,-3.09772049281573E-16));
#10862=DIRECTION('',(0.,3.09772049281573E-16,-1.));
#10863=DIRECTION('',(0.,1.,3.09772049281573E-16));
#10864=DIRECTION('',(0.,-3.09772049281573E-16,1.));
#10865=DIRECTION('',(0.,0.707106781186547,0.707106781186547));
#10866=DIRECTION('',(1.,0.,0.));
#10867=DIRECTION('',(0.,-0.707106781186548,0.707106781186548));
#10868=DIRECTION('',(1.,0.,0.));
#10869=DIRECTION('',(1.,0.,0.));
#10870=DIRECTION('',(0.,-0.707106781186551,0.707106781186544));
#10871=DIRECTION('',(0.963517909629941,-7.93654861044232E-17,0.267643863786094));
#10872=DIRECTION('',(0.267643863786094,0.,-0.963517909629941));
#10873=DIRECTION('',(0.,1.,2.96533927517403E-16));
#10874=DIRECTION('',(0.267643863786094,2.85715749975924E-16,-0.963517909629941));
#10875=DIRECTION('',(0.,2.96533927517403E-16,-1.));
#10876=DIRECTION('',(0.,1.,2.96533927517403E-16));
#10877=DIRECTION('',(0.,1.,2.96533927517403E-16));
#10878=DIRECTION('',(-1.,0.,0.));
#10879=DIRECTION('',(-0.963517909629941,-7.93654861044232E-17,0.267643863786094));
#10880=DIRECTION('',(0.267643863786094,0.,0.963517909629941));
#10881=DIRECTION('',(0.267643863786094,-2.85715749975924E-16,0.963517909629941));
#10882=DIRECTION('',(0.,1.,2.96533927517403E-16));
#10883=DIRECTION('',(0.,-2.96533927517403E-16,1.));
#10884=DIRECTION('',(0.,2.96533927517403E-16,-1.));
#10885=DIRECTION('',(-1.,0.,0.));
#10886=DIRECTION('',(0.,-2.96533927517403E-16,1.));
#10887=DIRECTION('',(0.,1.,2.96533927517403E-16));
#10888=DIRECTION('',(0.,-2.96533927517403E-16,1.));
#10889=DIRECTION('',(0.,1.,2.96533927517403E-16));
#10890=DIRECTION('',(-1.,0.,0.));
#10891=DIRECTION('',(0.,1.,2.96533927517403E-16));
#10892=DIRECTION('',(-1.,0.,0.));
#10893=DIRECTION('',(0.,1.,2.96533927517403E-16));
#10894=DIRECTION('',(0.,1.,2.96533927517403E-16));
#10895=DIRECTION('',(0.,1.,2.96533927517403E-16));
#10896=DIRECTION('',(0.,-2.96533927517403E-16,1.));
#10897=DIRECTION('',(0.,1.,2.96533927517403E-16));
#10898=DIRECTION('',(-1.,0.,0.));
#10899=DIRECTION('',(-1.,0.,0.));
#10900=DIRECTION('',(0.,2.96533927517403E-16,-1.));
#10901=DIRECTION('',(0.,1.,2.96533927517403E-16));
#10902=DIRECTION('',(-1.,0.,0.));
#10903=DIRECTION('',(0.,2.96533927517403E-16,-1.));
#10904=DIRECTION('',(0.,1.,2.96533927517403E-16));
#10905=DIRECTION('',(0.,1.,2.96533927517403E-16));
#10906=DIRECTION('',(0.,1.,2.96533927517403E-16));
#10907=DIRECTION('',(0.,-2.96533927517403E-16,1.));
#10908=DIRECTION('',(1.,0.,0.));
#10909=DIRECTION('',(0.,0.,-1.));
#10910=DIRECTION('',(0.,-1.,0.));
#10911=DIRECTION('',(0.,0.,-1.));
#10912=DIRECTION('',(0.,-1.,0.));
#10913=DIRECTION('',(0.,-1.,0.));
#10914=DIRECTION('',(0.,0.,-1.));
#10915=DIRECTION('',(-1.,0.,0.));
#10916=DIRECTION('',(0.,0.,-1.));
#10917=DIRECTION('',(-1.,0.,0.));
#10918=DIRECTION('',(0.,0.,-1.));
#10919=DIRECTION('',(-1.,0.,0.));
#10920=DIRECTION('',(0.,0.,1.));
#10921=DIRECTION('',(-1.,0.,0.));
#10922=DIRECTION('',(0.,0.,-1.));
#10923=DIRECTION('',(0.,0.,1.));
#10924=DIRECTION('',(-1.,0.,0.));
#10925=DIRECTION('',(0.,-1.,0.));
#10926=DIRECTION('',(0.,0.,-1.));
#10927=DIRECTION('',(-1.,0.,0.));
#10928=DIRECTION('',(0.,0.,-1.));
#10929=DIRECTION('',(-1.,0.,0.));
#10930=DIRECTION('',(0.,0.,1.));
#10931=DIRECTION('',(1.,0.,0.));
#10932=DIRECTION('',(0.,0.,1.));
#10933=DIRECTION('',(-1.,0.,0.));
#10934=DIRECTION('',(-1.,0.,0.));
#10935=DIRECTION('',(0.,0.,1.));
#10936=DIRECTION('',(-1.,0.,0.));
#10937=DIRECTION('',(-1.,0.,0.));
#10938=DIRECTION('',(0.,1.,0.));
#10939=DIRECTION('',(0.,0.,1.));
#10940=DIRECTION('',(1.,0.,0.));
#10941=DIRECTION('',(0.,1.,0.));
#10942=DIRECTION('',(-1.,0.,0.));
#10943=DIRECTION('',(0.,0.,1.));
#10944=DIRECTION('',(-1.,0.,0.));
#10945=DIRECTION('',(-1.,0.,0.));
#10946=DIRECTION('',(0.,0.,1.));
#10947=DIRECTION('',(-1.,0.,0.));
#10948=DIRECTION('',(0.,0.,1.));
#10949=DIRECTION('',(1.,0.,0.));
#10950=DIRECTION('',(0.,0.,1.));
#10951=DIRECTION('',(1.,0.,0.));
#10952=DIRECTION('',(1.,0.,0.));
#10953=DIRECTION('',(0.,0.,-1.));
#10954=DIRECTION('',(0.,0.,1.));
#10955=DIRECTION('',(0.,0.,1.));
#10956=DIRECTION('',(0.,-1.,0.));
#10957=DIRECTION('',(0.,0.,-1.));
#10958=DIRECTION('',(0.,0.,1.));
#10959=DIRECTION('',(-1.,0.,0.));
#10960=DIRECTION('',(0.,0.,1.));
#10961=DIRECTION('',(0.,0.,1.));
#10962=DIRECTION('',(0.,1.,0.));
#10963=DIRECTION('',(0.,0.,1.));
#10964=DIRECTION('',(1.,0.,0.));
#10965=DIRECTION('',(0.,0.,-1.));
#10966=DIRECTION('',(0.,0.,1.));
#10967=DIRECTION('',(0.,0.,1.));
#10968=DIRECTION('',(0.,-1.,0.));
#10969=DIRECTION('',(0.,0.,-1.));
#10970=DIRECTION('',(0.,0.,1.));
#10971=DIRECTION('',(-1.,0.,0.));
#10972=DIRECTION('',(0.,0.,1.));
#10973=DIRECTION('',(0.,0.,1.));
#10974=DIRECTION('',(0.,1.,0.));
#10975=DIRECTION('',(0.,0.,1.));
#10976=DIRECTION('',(0.,9.63735264431559E-17,-1.));
#10977=DIRECTION('',(0.,1.,9.63735264431559E-17));
#10978=DIRECTION('',(0.,9.63735264431559E-17,-1.));
#10979=DIRECTION('',(-1.,1.4167916846069E-32,-1.47010464065831E-16));
#10980=DIRECTION('',(-1.47010464065831E-16,0.,1.));
#10981=DIRECTION('',(0.,-1.,-9.63735264431559E-17));
#10982=DIRECTION('',(0.,-1.,-9.63735264431559E-17));
#10983=DIRECTION('',(1.,-7.0839584230345E-33,7.35052320329156E-17));
#10984=DIRECTION('',(7.35052320329156E-17,0.,-1.));
#10985=DIRECTION('',(0.,-1.,-9.63735264431559E-17));
#10986=DIRECTION('',(0.,-1.,-9.63735264431559E-17));
#10987=DIRECTION('',(0.,9.63735264431559E-17,-1.));
#10988=DIRECTION('',(0.,1.,9.63735264431559E-17));
#10989=DIRECTION('',(0.,9.63735264431559E-17,-1.));
#10990=DIRECTION('',(0.,1.,9.63735264431559E-17));
#10991=DIRECTION('',(2.16840434497101E-16,-9.63735264431559E-17,1.));
#10992=DIRECTION('',(1.,0.,-2.16840434497101E-16));
#10993=DIRECTION('',(0.,-1.,-9.63735264431559E-17));
#10994=DIRECTION('',(-1.,0.,0.));
#10995=DIRECTION('',(0.,0.,1.));
#10996=DIRECTION('',(0.,-1.,-9.63735264431559E-17));
#10997=DIRECTION('',(0.,-9.63735264431559E-17,1.));
#10998=DIRECTION('',(0.,-1.,-9.63735264431559E-17));
#10999=DIRECTION('',(-1.,0.,0.));
#11000=DIRECTION('',(0.,-1.,-9.63735264431559E-17));
#11001=DIRECTION('',(1.,0.,0.));
#11002=DIRECTION('',(0.,0.,-1.));
#11003=DIRECTION('',(0.,-1.,-9.63735264431559E-17));
#11004=DIRECTION('',(-2.16840434497101E-16,-9.63735264431559E-17,1.));
#11005=DIRECTION('',(1.,0.,2.16840434497101E-16));
#11006=DIRECTION('',(-8.61400795889536E-17,-0.707106781186547,0.707106781186548));
#11007=DIRECTION('',(1.,-1.17402681730066E-32,1.21820468818596E-16));
#11008=DIRECTION('',(0.,-1.,-9.63735264431559E-17));
#11009=DIRECTION('',(0.,9.63735264431559E-17,-1.));
#11010=DIRECTION('',(0.,-1.,-2.96533927517403E-16));
#11011=DIRECTION('',(0.,2.96533927517403E-16,-1.));
#11012=DIRECTION('',(9.03501810404587E-17,-9.63735264431559E-17,1.));
#11013=DIRECTION('',(0.,-1.,-9.63735264431559E-17));
#11014=DIRECTION('',(0.478852130680573,0.877895572914384,4.13415155119947E-17));
#11015=DIRECTION('',(0.,1.,9.63735264431559E-17));
#11016=DIRECTION('',(1.,0.,0.));
#11017=DIRECTION('',(0.,0.,-1.));
#11018=DIRECTION('',(0.,9.63735264431559E-17,-1.));
#11019=DIRECTION('',(0.,1.,9.63735264431559E-17));
#11020=DIRECTION('',(2.71050543121376E-16,9.63735264431559E-17,-1.));
#11021=DIRECTION('',(-1.,0.,-2.71050543121376E-16));
#11022=DIRECTION('',(-0.478852130680573,-0.877895572914384,-2.14399022306392E-16));
#11023=DIRECTION('',(1.80700362080917E-16,9.63735264431559E-17,-1.));
#11024=DIRECTION('',(-1.,0.,-1.80700362080917E-16));
#11025=DIRECTION('',(0.,1.,9.63735264431559E-17));
#11026=DIRECTION('',(0.478852130680573,-0.877895572914384,1.92286118660448E-18));
#11027=DIRECTION('',(1.,0.,0.));
#11028=DIRECTION('',(0.,0.,-1.));
#11029=DIRECTION('',(0.,1.,9.63735264431559E-17));
#11030=DIRECTION('',(0.,-9.63735264431559E-17,1.));
#11031=DIRECTION('',(-3.3881317890172E-17,-9.63735264431559E-17,1.));
#11032=DIRECTION('',(0.,-1.,-9.63735264431559E-17));
#11033=DIRECTION('',(-0.478852130680573,0.877895572914384,6.83817509486192E-17));
#11034=DIRECTION('',(0.877895572914384,-0.478852130680573,-4.61486684785058E-17));
#11035=DIRECTION('',(0.,-9.63735264431559E-17,1.));
#11036=DIRECTION('',(-0.877895572914384,-0.478852130680573,-4.61486684785058E-17));
#11037=DIRECTION('',(0.,-9.63735264431559E-17,1.));
#11038=DIRECTION('',(0.,1.,2.96533927517403E-16));
#11039=DIRECTION('',(0.,-2.96533927517403E-16,1.));
#11040=DIRECTION('',(0.,-1.,-3.09772049281573E-16));
#11041=DIRECTION('',(0.,3.09772049281573E-16,-1.));
#11042=DIRECTION('',(0.,1.,3.09772049281573E-16));
#11043=DIRECTION('',(0.,-3.09772049281573E-16,1.));
#11044=DIRECTION('',(0.963517909629941,-7.93654861044232E-17,0.267643863786094));
#11045=DIRECTION('',(0.267643863786094,0.,-0.963517909629941));
#11046=DIRECTION('',(0.,1.,2.96533927517403E-16));
#11047=DIRECTION('',(0.267643863786094,2.85715749975924E-16,-0.963517909629941));
#11048=DIRECTION('',(0.,2.96533927517403E-16,-1.));
#11049=DIRECTION('',(0.,1.,2.96533927517403E-16));
#11050=DIRECTION('',(0.,1.,2.96533927517403E-16));
#11051=DIRECTION('',(-1.,0.,0.));
#11052=DIRECTION('',(-0.963517909629941,-7.93654861044232E-17,0.267643863786094));
#11053=DIRECTION('',(0.267643863786094,0.,0.963517909629941));
#11054=DIRECTION('',(0.267643863786094,-2.85715749975924E-16,0.963517909629941));
#11055=DIRECTION('',(0.,1.,2.96533927517403E-16));
#11056=DIRECTION('',(0.,-2.96533927517403E-16,1.));
#11057=DIRECTION('',(0.,1.,2.96533927517403E-16));
#11058=DIRECTION('',(0.,-2.96533927517403E-16,1.));
#11059=DIRECTION('',(0.,1.,2.96533927517403E-16));
#11060=DIRECTION('',(-1.,0.,0.));
#11061=DIRECTION('',(0.,1.,2.96533927517403E-16));
#11062=DIRECTION('',(0.,1.,2.96533927517403E-16));
#11063=DIRECTION('',(0.,-2.96533927517403E-16,1.));
#11064=DIRECTION('',(0.,1.,2.96533927517403E-16));
#11065=DIRECTION('',(-1.,0.,0.));
#11066=DIRECTION('',(-1.,0.,0.));
#11067=DIRECTION('',(0.,2.96533927517403E-16,-1.));
#11068=DIRECTION('',(0.,1.,2.96533927517403E-16));
#11069=DIRECTION('',(0.,1.,2.96533927517403E-16));
#11070=DIRECTION('',(0.,0.,-1.));
#11071=DIRECTION('',(-1.,0.,0.));
#11072=DIRECTION('',(0.,0.,-1.));
#11073=DIRECTION('',(0.,-1.,0.));
#11074=DIRECTION('',(0.,0.,-1.));
#11075=DIRECTION('',(0.,0.,-1.));
#11076=DIRECTION('',(0.,0.,1.));
#11077=DIRECTION('',(1.,0.,0.));
#11078=DIRECTION('',(0.,0.,1.));
#11079=DIRECTION('',(1.,0.,0.));
#11080=DIRECTION('',(1.,0.,0.));
#11081=DIRECTION('',(0.,0.,-1.));
#11082=DIRECTION('',(0.,0.,1.));
#11083=DIRECTION('',(0.,0.,1.));
#11084=DIRECTION('',(0.,-1.,0.));
#11085=DIRECTION('',(0.,0.,-1.));
#11086=DIRECTION('',(0.,0.,1.));
#11087=DIRECTION('',(-1.,0.,0.));
#11088=DIRECTION('',(0.,0.,1.));
#11089=DIRECTION('',(0.,0.,1.));
#11090=DIRECTION('',(0.,1.,0.));
#11091=DIRECTION('',(0.,0.,1.));
#11092=DIRECTION('',(1.,0.,0.));
#11093=DIRECTION('',(0.,0.,-1.));
#11094=DIRECTION('',(0.,0.,1.));
#11095=DIRECTION('',(0.,0.,1.));
#11096=DIRECTION('',(0.,-1.,0.));
#11097=DIRECTION('',(0.,0.,-1.));
#11098=DIRECTION('',(0.,0.,1.));
#11099=DIRECTION('',(-1.,0.,0.));
#11100=DIRECTION('',(0.,0.,1.));
#11101=DIRECTION('',(0.,0.,1.));
#11102=DIRECTION('',(0.,1.,0.));
#11103=DIRECTION('',(0.,0.,1.));
#11104=DIRECTION('',(-1.,1.4167916846069E-32,-1.47010464065831E-16));
#11105=DIRECTION('',(-1.47010464065831E-16,0.,1.));
#11106=DIRECTION('',(0.,-1.,-9.63735264431559E-17));
#11107=DIRECTION('',(0.,-1.,-9.63735264431559E-17));
#11108=DIRECTION('',(1.,-7.0839584230345E-33,7.35052320329156E-17));
#11109=DIRECTION('',(7.35052320329156E-17,0.,-1.));
#11110=DIRECTION('',(0.,-1.,-9.63735264431559E-17));
#11111=DIRECTION('',(0.,-1.,-9.63735264431559E-17));
#11112=DIRECTION('',(0.,9.63735264431559E-17,-1.));
#11113=DIRECTION('',(0.,1.,9.63735264431559E-17));
#11114=DIRECTION('',(0.,9.63735264431559E-17,-1.));
#11115=DIRECTION('',(0.,1.,9.63735264431559E-17));
#11116=DIRECTION('',(2.16840434497101E-16,-9.63735264431559E-17,1.));
#11117=DIRECTION('',(1.,0.,-2.16840434497101E-16));
#11118=DIRECTION('',(0.,-1.,-9.63735264431559E-17));
#11119=DIRECTION('',(-1.,0.,0.));
#11120=DIRECTION('',(0.,0.,1.));
#11121=DIRECTION('',(0.,-1.,-9.63735264431559E-17));
#11122=DIRECTION('',(0.,-9.63735264431559E-17,1.));
#11123=DIRECTION('',(0.,-1.,-9.63735264431559E-17));
#11124=DIRECTION('',(-1.,0.,0.));
#11125=DIRECTION('',(0.,-1.,-9.63735264431559E-17));
#11126=DIRECTION('',(1.,0.,0.));
#11127=DIRECTION('',(0.,0.,-1.));
#11128=DIRECTION('',(0.,-1.,-9.63735264431559E-17));
#11129=DIRECTION('',(-2.16840434497101E-16,-9.63735264431559E-17,1.));
#11130=DIRECTION('',(1.,0.,2.16840434497101E-16));
#11131=DIRECTION('',(-8.61400795889537E-17,-0.707106781186547,0.707106781186548));
#11132=DIRECTION('',(1.,-1.17402681730066E-32,1.21820468818596E-16));
#11133=DIRECTION('',(0.,-1.,-9.63735264431559E-17));
#11134=DIRECTION('',(0.,9.63735264431559E-17,-1.));
#11135=DIRECTION('',(0.,-1.,-2.96533927517403E-16));
#11136=DIRECTION('',(0.,2.96533927517403E-16,-1.));
#11137=DIRECTION('',(9.03501810404587E-17,-9.63735264431559E-17,1.));
#11138=DIRECTION('',(0.,-1.,-9.63735264431559E-17));
#11139=DIRECTION('',(0.478852130680573,0.877895572914385,4.13415155119948E-17));
#11140=DIRECTION('',(0.,1.,9.63735264431559E-17));
#11141=DIRECTION('',(1.,0.,0.));
#11142=DIRECTION('',(0.,0.,-1.));
#11143=DIRECTION('',(0.,9.63735264431559E-17,-1.));
#11144=DIRECTION('',(0.,1.,9.63735264431559E-17));
#11145=DIRECTION('',(2.71050543121376E-16,9.63735264431559E-17,-1.));
#11146=DIRECTION('',(-1.,0.,-2.71050543121376E-16));
#11147=DIRECTION('',(-0.478852130680573,-0.877895572914385,-2.14399022306392E-16));
#11148=DIRECTION('',(1.80700362080917E-16,9.63735264431559E-17,-1.));
#11149=DIRECTION('',(-1.,0.,-1.80700362080917E-16));
#11150=DIRECTION('',(0.,1.,9.63735264431559E-17));
#11151=DIRECTION('',(0.478852130680573,-0.877895572914385,1.92286118660442E-18));
#11152=DIRECTION('',(1.,0.,0.));
#11153=DIRECTION('',(0.,0.,-1.));
#11154=DIRECTION('',(0.,1.,9.63735264431559E-17));
#11155=DIRECTION('',(0.,-9.63735264431559E-17,1.));
#11156=DIRECTION('',(-3.3881317890172E-17,-9.63735264431559E-17,1.));
#11157=DIRECTION('',(0.,-1.,-9.63735264431559E-17));
#11158=DIRECTION('',(-0.478852130680573,0.877895572914385,6.83817509486193E-17));
#11159=DIRECTION('',(0.877895572914384,-0.478852130680573,-4.61486684785058E-17));
#11160=DIRECTION('',(0.,-9.63735264431559E-17,1.));
#11161=DIRECTION('',(-0.877895572914384,-0.478852130680573,-4.61486684785058E-17));
#11162=DIRECTION('',(0.,-9.63735264431559E-17,1.));
#11163=DIRECTION('',(0.,1.,2.96533927517403E-16));
#11164=DIRECTION('',(0.,-2.96533927517403E-16,1.));
#11165=DIRECTION('',(0.,-1.,-3.09772049281573E-16));
#11166=DIRECTION('',(0.,3.09772049281573E-16,-1.));
#11167=DIRECTION('',(0.,1.,3.09772049281573E-16));
#11168=DIRECTION('',(0.,-3.09772049281573E-16,1.));
#11169=DIRECTION('',(0.963517909629941,-7.93654861044232E-17,0.267643863786094));
#11170=DIRECTION('',(0.267643863786094,0.,-0.963517909629941));
#11171=DIRECTION('',(0.,1.,2.96533927517403E-16));
#11172=DIRECTION('',(0.267643863786094,2.85715749975924E-16,-0.963517909629941));
#11173=DIRECTION('',(0.,2.96533927517403E-16,-1.));
#11174=DIRECTION('',(0.,1.,2.96533927517403E-16));
#11175=DIRECTION('',(0.,1.,2.96533927517403E-16));
#11176=DIRECTION('',(-1.,0.,0.));
#11177=DIRECTION('',(-0.963517909629941,-7.93654861044232E-17,0.267643863786094));
#11178=DIRECTION('',(0.267643863786094,0.,0.963517909629941));
#11179=DIRECTION('',(0.267643863786094,-2.85715749975924E-16,0.963517909629941));
#11180=DIRECTION('',(0.,1.,2.96533927517403E-16));
#11181=DIRECTION('',(0.,-2.96533927517403E-16,1.));
#11182=DIRECTION('',(0.,2.96533927517403E-16,-1.));
#11183=DIRECTION('',(-1.,0.,0.));
#11184=DIRECTION('',(0.,-2.96533927517403E-16,1.));
#11185=DIRECTION('',(0.,1.,2.96533927517403E-16));
#11186=DIRECTION('',(0.,-2.96533927517403E-16,1.));
#11187=DIRECTION('',(0.,1.,2.96533927517403E-16));
#11188=DIRECTION('',(-1.,0.,0.));
#11189=DIRECTION('',(0.,1.,2.96533927517403E-16));
#11190=DIRECTION('',(0.,1.,2.96533927517403E-16));
#11191=DIRECTION('',(0.,-2.96533927517403E-16,1.));
#11192=DIRECTION('',(0.,1.11200222819026E-16,1.));
#11193=DIRECTION('',(-1.,0.,0.));
#11194=DIRECTION('',(0.,2.96533927517403E-16,-1.));
#11195=DIRECTION('',(0.,1.,2.96533927517403E-16));
#11196=DIRECTION('',(0.,0.,-1.));
#11197=DIRECTION('',(-1.,0.,0.));
#11198=DIRECTION('',(0.,0.,-1.));
#11199=DIRECTION('',(0.,-1.,0.));
#11200=DIRECTION('',(0.,0.,-1.));
#11201=DIRECTION('',(0.,0.,-1.));
#11202=DIRECTION('',(-1.,0.,0.));
#11203=DIRECTION('',(0.,0.,1.));
#11204=DIRECTION('',(0.,0.,1.));
#11205=DIRECTION('',(1.,0.,0.));
#11206=DIRECTION('',(0.,0.,1.));
#11207=DIRECTION('',(1.,0.,0.));
#11208=DIRECTION('',(1.,0.,0.));
#11209=DIRECTION('',(0.,0.,-1.));
#11210=DIRECTION('',(0.,0.,1.));
#11211=DIRECTION('',(0.,0.,1.));
#11212=DIRECTION('',(0.,-1.,0.));
#11213=DIRECTION('',(0.,0.,-1.));
#11214=DIRECTION('',(0.,0.,1.));
#11215=DIRECTION('',(-1.,0.,0.));
#11216=DIRECTION('',(0.,0.,1.));
#11217=DIRECTION('',(0.,0.,1.));
#11218=DIRECTION('',(0.,1.,0.));
#11219=DIRECTION('',(0.,0.,1.));
#11220=DIRECTION('',(1.,0.,0.));
#11221=DIRECTION('',(0.,0.,-1.));
#11222=DIRECTION('',(0.,0.,1.));
#11223=DIRECTION('',(0.,0.,1.));
#11224=DIRECTION('',(0.,-1.,0.));
#11225=DIRECTION('',(0.,0.,-1.));
#11226=DIRECTION('',(0.,0.,1.));
#11227=DIRECTION('',(-1.,0.,0.));
#11228=DIRECTION('',(0.,0.,1.));
#11229=DIRECTION('',(0.,0.,1.));
#11230=DIRECTION('',(0.,1.,0.));
#11231=DIRECTION('',(0.,0.,1.));
#11232=DIRECTION('',(0.,-1.,0.));
#11233=DIRECTION('',(0.,0.,-1.));
#11234=DIRECTION('',(1.,0.,0.));
#11235=DIRECTION('',(1.,0.,0.));
#11236=DIRECTION('',(0.,0.,-1.));
#11237=DIRECTION('',(0.,0.,1.));
#11238=DIRECTION('',(1.,0.,0.));
#11239=DIRECTION('',(0.,-1.,0.));
#11240=DIRECTION('',(-1.,0.,0.));
#11241=DIRECTION('',(0.,0.,1.));
#11242=DIRECTION('',(0.,0.,1.));
#11243=DIRECTION('',(1.,0.,0.));
#11244=DIRECTION('',(1.,0.,0.));
#11245=DIRECTION('',(0.,-0.974152703703863,0.225890482018288));
#11246=DIRECTION('',(0.,-0.225890482018288,-0.974152703703863));
#11247=DIRECTION('',(1.,0.,0.));
#11248=DIRECTION('',(0.,0.,-1.));
#11249=DIRECTION('',(0.,-1.,0.));
#11250=DIRECTION('',(-1.,0.,0.));
#11251=DIRECTION('',(0.,0.,1.));
#11252=DIRECTION('',(0.,-1.,0.));
#11253=DIRECTION('',(0.,0.,1.));
#11254=DIRECTION('',(1.,0.,0.));
#11255=DIRECTION('',(0.,0.31430281254168,0.949322780738137));
#11256=DIRECTION('',(0.,-0.949322780738137,0.31430281254168));
#11257=DIRECTION('',(0.,0.949322780738137,-0.31430281254168));
#11258=DIRECTION('',(-1.,0.,0.));
#11259=DIRECTION('',(0.,0.949322780738137,-0.31430281254168));
#11260=DIRECTION('',(0.,0.503267279507729,0.864130803395464));
#11261=DIRECTION('',(0.,-0.864130803395464,0.503267279507729));
#11262=DIRECTION('',(0.,0.864130803395464,-0.503267279507729));
#11263=DIRECTION('',(-1.,0.,0.));
#11264=DIRECTION('',(0.,0.864130803395464,-0.503267279507729));
#11265=DIRECTION('',(-1.,0.,0.));
#11266=DIRECTION('',(0.,1.,0.));
#11267=DIRECTION('',(0.,0.,1.));
#11268=DIRECTION('',(0.,0.,-1.));
#11269=DIRECTION('',(-1.,0.,0.));
#11270=DIRECTION('',(0.,0.,-1.));
#11271=DIRECTION('',(-1.,0.,0.));
#11272=DIRECTION('',(0.,0.,-1.));
#11273=DIRECTION('',(-1.,0.,0.));
#11274=DIRECTION('',(0.,-1.,0.));
#11275=DIRECTION('',(-1.,0.,0.));
#11276=DIRECTION('',(0.,-1.,0.));
#11277=DIRECTION('',(-1.,0.,0.));
#11278=DIRECTION('',(0.,-0.831377980658136,-0.555707344990868));
#11279=DIRECTION('',(0.,0.555707344990868,-0.831377980658136));
#11280=DIRECTION('',(0.,-0.555707344990868,0.831377980658136));
#11281=DIRECTION('',(-1.,0.,0.));
#11282=DIRECTION('',(0.,-0.555707344990868,0.831377980658136));
#11283=DIRECTION('',(-1.,0.,0.));
#11284=DIRECTION('',(0.,-0.122706225005625,-0.992443037330037));
#11285=DIRECTION('',(0.,0.992443037330037,-0.122706225005625));
#11286=DIRECTION('',(0.,-0.992443037330037,0.122706225005625));
#11287=DIRECTION('',(-1.,0.,0.));
#11288=DIRECTION('',(0.,-0.992443037330037,0.122706225005625));
#11289=DIRECTION('',(-1.,0.,0.));
#11290=DIRECTION('',(1.,0.,0.));
#11291=DIRECTION('',(0.,0.,-1.));
#11292=DIRECTION('',(1.,0.,0.));
#11293=DIRECTION('',(0.,0.,-1.));
#11294=DIRECTION('',(1.,0.,0.));
#11295=DIRECTION('',(0.,0.,-1.));
#11296=DIRECTION('',(1.,0.,0.));
#11297=DIRECTION('',(0.,0.,-1.));
#11298=DIRECTION('',(1.,0.,0.));
#11299=DIRECTION('',(0.,0.,-1.));
#11300=DIRECTION('',(1.,0.,0.));
#11301=DIRECTION('',(0.,0.,-1.));
#11302=DIRECTION('',(1.,0.,0.));
#11303=DIRECTION('',(0.,0.,-1.));
#11304=DIRECTION('',(1.,0.,0.));
#11305=DIRECTION('',(0.,0.,-1.));
#11306=DIRECTION('',(1.,0.,0.));
#11307=DIRECTION('',(0.,0.,-1.));
#11308=DIRECTION('',(1.,0.,0.));
#11309=DIRECTION('',(0.,0.,-1.));
#11310=DIRECTION('',(1.,0.,0.));
#11311=DIRECTION('',(0.,0.,-1.));
#11312=DIRECTION('',(1.,0.,0.));
#11313=DIRECTION('',(0.,0.,-1.));
#11314=DIRECTION('',(1.,0.,0.));
#11315=DIRECTION('',(0.,0.,-1.));
#11316=DIRECTION('',(1.,0.,0.));
#11317=DIRECTION('',(0.,0.,-1.));
#11318=DIRECTION('',(-1.,0.,0.));
#11319=DIRECTION('',(0.,0.,1.));
#11320=DIRECTION('',(1.,0.,0.));
#11321=DIRECTION('',(0.,0.,-1.));
#11322=DIRECTION('',(1.,0.,0.));
#11323=DIRECTION('',(0.,0.,-1.));
#11324=DIRECTION('',(-1.,0.,0.));
#11325=DIRECTION('',(0.,0.,1.));
#11326=DIRECTION('',(-1.,0.,0.));
#11327=DIRECTION('',(0.,0.,1.));
#11328=DIRECTION('',(-1.,0.,0.));
#11329=DIRECTION('',(0.,0.,1.));
#11330=DIRECTION('',(-0.451643666226661,-2.64567097969182E-16,0.892198407730781));
#11331=DIRECTION('',(0.892198407730781,0.,0.451643666226661));
#11332=DIRECTION('',(0.,1.,2.96533927517403E-16));
#11333=DIRECTION('',(0.892198407730781,-1.33927670184551E-16,0.451643666226661));
#11334=DIRECTION('',(0.,1.,2.96533927517403E-16));
#11335=DIRECTION('',(0.451643666226661,-2.64567097969182E-16,0.892198407730781));
#11336=DIRECTION('',(0.892198407730781,0.,-0.451643666226661));
#11337=DIRECTION('',(0.,1.,2.96533927517403E-16));
#11338=DIRECTION('',(0.892198407730781,1.33927670184551E-16,-0.451643666226661));
#11339=DIRECTION('',(0.,1.,2.96533927517403E-16));
#11340=DIRECTION('',(0.,-2.96533927517403E-16,1.));
#11341=DIRECTION('',(0.,1.,2.96533927517403E-16));
#11342=DIRECTION('',(0.,-1.,-2.96533927517403E-16));
#11343=DIRECTION('',(1.,0.,0.));
#11344=DIRECTION('',(0.,2.96533927517403E-16,-1.));
#11345=DIRECTION('',(0.,1.,2.96533927517403E-16));
#11346=DIRECTION('',(0.,1.,2.96533927517403E-16));
#11347=DIRECTION('',(-1.,0.,0.));
#11348=DIRECTION('',(0.,1.,2.96533927517403E-16));
#11349=DIRECTION('',(0.,-2.96533927517403E-16,1.));
#11350=DIRECTION('',(0.,-1.,-2.96533927517403E-16));
#11351=DIRECTION('',(-1.,0.,0.));
#11352=DIRECTION('',(0.,-1.,-2.96533927517403E-16));
#11353=DIRECTION('',(0.,2.96533927517403E-16,-1.));
#11354=DIRECTION('',(1.,0.,0.));
#11355=DIRECTION('',(0.,0.,-1.));
#11356=DIRECTION('',(0.,-1.,0.));
#11357=DIRECTION('',(0.,0.,-1.));
#11358=DIRECTION('',(1.,0.,0.));
#11359=DIRECTION('',(1.,0.,0.));
#11360=DIRECTION('',(0.,0.,-1.));
#11361=DIRECTION('',(0.,0.,1.));
#11362=DIRECTION('',(1.,0.,0.));
#11363=DIRECTION('',(0.,-1.,0.));
#11364=DIRECTION('',(-1.,0.,0.));
#11365=DIRECTION('',(0.,0.,1.));
#11366=DIRECTION('',(0.,0.,1.));
#11367=DIRECTION('',(1.,0.,0.));
#11368=DIRECTION('',(1.,0.,0.));
#11369=DIRECTION('',(0.,-0.974152703703863,0.225890482018288));
#11370=DIRECTION('',(0.,-0.225890482018288,-0.974152703703863));
#11371=DIRECTION('',(-0.451643666226661,-2.64567097969182E-16,0.892198407730781));
#11372=DIRECTION('',(0.892198407730781,0.,0.451643666226661));
#11373=DIRECTION('',(0.,1.,2.96533927517403E-16));
#11374=DIRECTION('',(0.892198407730781,-1.33927670184551E-16,0.451643666226661));
#11375=DIRECTION('',(0.,1.,2.96533927517403E-16));
#11376=DIRECTION('',(0.451643666226661,-2.64567097969182E-16,0.892198407730781));
#11377=DIRECTION('',(0.892198407730781,0.,-0.451643666226661));
#11378=DIRECTION('',(0.,1.,2.96533927517403E-16));
#11379=DIRECTION('',(0.892198407730781,1.33927670184551E-16,-0.451643666226661));
#11380=DIRECTION('',(0.,1.,2.96533927517403E-16));
#11381=DIRECTION('',(0.,-2.96533927517403E-16,1.));
#11382=DIRECTION('',(0.,1.,2.96533927517403E-16));
#11383=DIRECTION('',(0.,-1.,-2.96533927517403E-16));
#11384=DIRECTION('',(1.,0.,0.));
#11385=DIRECTION('',(0.,2.96533927517403E-16,-1.));
#11386=DIRECTION('',(0.,1.,2.96533927517403E-16));
#11387=DIRECTION('',(0.,1.,2.96533927517403E-16));
#11388=DIRECTION('',(-1.,0.,0.));
#11389=DIRECTION('',(0.,1.,2.96533927517403E-16));
#11390=DIRECTION('',(0.,-2.96533927517403E-16,1.));
#11391=DIRECTION('',(0.,-1.,-2.96533927517403E-16));
#11392=DIRECTION('',(-1.,0.,0.));
#11393=DIRECTION('',(0.,-1.,-2.96533927517403E-16));
#11394=DIRECTION('',(0.,2.96533927517403E-16,-1.));
#11395=DIRECTION('',(-1.,0.,0.));
#11396=DIRECTION('',(0.,0.,1.));
#11397=DIRECTION('',(0.,-1.,0.));
#11398=DIRECTION('',(1.,0.,0.));
#11399=DIRECTION('',(0.,0.,-1.));
#11400=DIRECTION('',(0.,-1.,0.));
#11401=DIRECTION('',(0.,0.,1.));
#11402=DIRECTION('',(1.,0.,0.));
#11403=DIRECTION('',(0.,0.31430281254168,0.949322780738137));
#11404=DIRECTION('',(0.,-0.949322780738137,0.31430281254168));
#11405=DIRECTION('',(0.,-0.949322780738137,0.31430281254168));
#11406=DIRECTION('',(1.,0.,0.));
#11407=DIRECTION('',(0.,-0.949322780738137,0.31430281254168));
#11408=DIRECTION('',(0.,-0.122706225005625,-0.992443037330037));
#11409=DIRECTION('',(0.,0.992443037330037,-0.122706225005625));
#11410=DIRECTION('',(0.,0.992443037330037,-0.122706225005625));
#11411=DIRECTION('',(1.,0.,0.));
#11412=DIRECTION('',(0.,0.992443037330037,-0.122706225005625));
#11413=DIRECTION('',(1.,0.,0.));
#11414=DIRECTION('',(0.,-0.831377980658136,-0.555707344990868));
#11415=DIRECTION('',(0.,0.555707344990868,-0.831377980658136));
#11416=DIRECTION('',(0.,0.555707344990868,-0.831377980658136));
#11417=DIRECTION('',(1.,0.,0.));
#11418=DIRECTION('',(0.,0.555707344990868,-0.831377980658136));
#11419=DIRECTION('',(1.,0.,0.));
#11420=DIRECTION('',(0.,0.,-1.));
#11421=DIRECTION('',(-1.,0.,0.));
#11422=DIRECTION('',(0.,1.,0.));
#11423=DIRECTION('',(1.,0.,0.));
#11424=DIRECTION('',(0.,1.,0.));
#11425=DIRECTION('',(1.,0.,0.));
#11426=DIRECTION('',(0.,1.,0.));
#11427=DIRECTION('',(0.,0.,1.));
#11428=DIRECTION('',(0.,0.,1.));
#11429=DIRECTION('',(1.,0.,0.));
#11430=DIRECTION('',(0.,0.,1.));
#11431=DIRECTION('',(1.,0.,0.));
#11432=DIRECTION('',(0.,0.503267279507729,0.864130803395464));
#11433=DIRECTION('',(0.,-0.864130803395464,0.503267279507729));
#11434=DIRECTION('',(0.,-0.864130803395464,0.503267279507729));
#11435=DIRECTION('',(1.,0.,0.));
#11436=DIRECTION('',(0.,-0.864130803395464,0.503267279507729));
#11437=DIRECTION('',(1.,0.,0.));
#11438=DIRECTION('',(1.,0.,0.));
#11439=DIRECTION('',(0.,0.,-1.));
#11440=DIRECTION('',(1.,0.,0.));
#11441=DIRECTION('',(0.,0.,-1.));
#11442=DIRECTION('',(1.,0.,0.));
#11443=DIRECTION('',(0.,0.,-1.));
#11444=DIRECTION('',(1.,0.,0.));
#11445=DIRECTION('',(0.,0.,-1.));
#11446=DIRECTION('',(1.,0.,0.));
#11447=DIRECTION('',(0.,0.,-1.));
#11448=DIRECTION('',(1.,0.,0.));
#11449=DIRECTION('',(0.,0.,-1.));
#11450=DIRECTION('',(1.,0.,0.));
#11451=DIRECTION('',(0.,0.,-1.));
#11452=DIRECTION('',(1.,0.,0.));
#11453=DIRECTION('',(0.,0.,-1.));
#11454=DIRECTION('',(1.,0.,0.));
#11455=DIRECTION('',(0.,0.,-1.));
#11456=DIRECTION('',(1.,0.,0.));
#11457=DIRECTION('',(0.,0.,-1.));
#11458=DIRECTION('',(1.,0.,0.));
#11459=DIRECTION('',(0.,0.,-1.));
#11460=DIRECTION('',(1.,0.,0.));
#11461=DIRECTION('',(0.,0.,-1.));
#11462=DIRECTION('',(1.,0.,0.));
#11463=DIRECTION('',(0.,0.,-1.));
#11464=DIRECTION('',(1.,0.,0.));
#11465=DIRECTION('',(0.,0.,-1.));
#11466=DIRECTION('',(1.,0.,0.));
#11467=DIRECTION('',(0.,0.,-1.));
#11468=DIRECTION('',(-1.,0.,0.));
#11469=DIRECTION('',(0.,0.,1.));
#11470=DIRECTION('',(-1.,0.,0.));
#11471=DIRECTION('',(0.,0.,1.));
#11472=DIRECTION('',(1.,0.,0.));
#11473=DIRECTION('',(0.,0.,-1.));
#11474=DIRECTION('',(1.,0.,0.));
#11475=DIRECTION('',(0.,0.,-1.));
#11476=DIRECTION('',(1.,0.,0.));
#11477=DIRECTION('',(0.,0.,-1.));
#11478=DIRECTION('',(0.,0.,1.));
#11479=DIRECTION('',(1.,0.,0.));
#11480=DIRECTION('',(0.,8.85062997947351E-17,-1.));
#11481=DIRECTION('',(0.,1.,8.85062997947351E-17));
#11482=DIRECTION('',(0.,-1.,-8.85062997947351E-17));
#11483=DIRECTION('',(-1.,0.,0.));
#11484=DIRECTION('',(0.,-1.,-8.85062997947351E-17));
#11485=DIRECTION('',(-1.,0.,0.));
#11486=DIRECTION('',(0.,8.85062997947351E-17,-1.));
#11487=DIRECTION('',(0.,1.,8.85062997947351E-17));
#11488=DIRECTION('',(1.,0.,0.));
#11489=DIRECTION('',(0.,0.,-1.));
#11490=DIRECTION('',(0.,-1.,0.));
#11491=DIRECTION('',(0.,-8.85062997947351E-17,1.));
#11492=DIRECTION('',(0.,1.,8.85062997947351E-17));
#11493=DIRECTION('',(0.,-8.85062997947351E-17,1.));
#11494=DIRECTION('',(0.,-1.,0.));
#11495=DIRECTION('',(0.,0.,1.));
#11496=DIRECTION('',(0.,-1.,0.));
#11497=DIRECTION('',(0.,0.,1.));
#11498=DIRECTION('',(8.67361737988404E-17,0.,-1.));
#11499=DIRECTION('',(-1.,0.,-8.67361737988404E-17));
#11500=DIRECTION('',(8.67361737988404E-17,0.,-1.));
#11501=DIRECTION('',(-1.,0.,-8.67361737988404E-17));
#11502=DIRECTION('',(0.,-1.,0.));
#11503=DIRECTION('',(1.,0.,8.67361737988404E-17));
#11504=DIRECTION('',(8.67361737988404E-17,0.,-1.));
#11505=DIRECTION('',(-1.,0.,-8.67361737988404E-17));
#11506=DIRECTION('',(0.,-1.,0.));
#11507=DIRECTION('',(8.67361737988404E-17,0.,-1.));
#11508=DIRECTION('',(-1.,0.,-8.67361737988404E-17));
#11509=DIRECTION('',(1.,0.,8.67361737988404E-17));
#11510=DIRECTION('',(-1.,0.,-2.34422091348217E-16));
#11511=DIRECTION('',(-2.34422091348217E-16,0.,1.));
#11512=DIRECTION('',(0.,-8.85062997947351E-17,1.));
#11513=DIRECTION('',(2.07478318953741E-32,-1.,-8.85062997947351E-17));
#11514=DIRECTION('',(0.,-8.85062997947351E-17,1.));
#11515=DIRECTION('',(2.34422091348217E-16,0.,-1.));
#11516=DIRECTION('',(0.,-1.,0.));
#11517=DIRECTION('',(2.34422091348217E-16,0.,-1.));
#11518=DIRECTION('',(0.,1.,0.));
#11519=DIRECTION('',(0.,0.,1.));
#11520=DIRECTION('',(0.,0.,-1.));
#11521=DIRECTION('',(-1.,0.,0.));
#11522=DIRECTION('',(0.,0.,-1.));
#11523=DIRECTION('',(-1.,0.,-8.67361737988404E-17));
#11524=DIRECTION('',(0.,-1.,0.));
#11525=DIRECTION('',(0.,0.,-1.));
#11526=DIRECTION('',(0.,0.,1.));
#11527=DIRECTION('',(0.,0.,1.));
#11528=DIRECTION('',(-1.,0.,0.));
#11529=DIRECTION('',(-1.,0.,-8.67361737988404E-17));
#11530=DIRECTION('',(0.,8.85062997947351E-17,1.));
#11531=DIRECTION('',(0.,-1.,8.85062997947351E-17));
#11532=DIRECTION('',(0.,1.,-8.85062997947351E-17));
#11533=DIRECTION('',(0.,1.,-8.85062997947351E-17));
#11534=DIRECTION('',(1.,0.,0.));
#11535=DIRECTION('',(0.,0.,-1.));
#11536=DIRECTION('',(1.,0.,0.));
#11537=DIRECTION('',(0.,0.,-1.));
#11538=DIRECTION('',(-8.67361737988404E-17,0.,1.));
#11539=DIRECTION('',(1.,0.,8.67361737988404E-17));
#11540=DIRECTION('',(0.,8.85062997947351E-17,-1.));
#11541=DIRECTION('',(0.,1.,8.85062997947351E-17));
#11542=DIRECTION('',(0.,8.85062997947351E-17,-1.));
#11543=DIRECTION('',(0.,1.,8.85062997947351E-17));
#11544=DIRECTION('',(0.,-8.85062997947351E-17,1.));
#11545=DIRECTION('',(0.,-1.,-8.85062997947351E-17));
#11546=DIRECTION('',(0.,8.85062997947351E-17,-1.));
#11547=DIRECTION('',(0.,1.,8.85062997947351E-17));
#11548=DIRECTION('',(0.,8.85062997947351E-17,-1.));
#11549=DIRECTION('',(0.,1.,8.85062997947351E-17));
#11550=DIRECTION('',(0.,0.,1.));
#11551=DIRECTION('',(1.,-1.66533453693774E-16,0.));
#11552=DIRECTION('',(0.971669873119786,0.236342246903465,0.));
#11553=DIRECTION('',(-0.236342246903465,0.971669873119786,0.));
#11554=DIRECTION('',(0.,0.,-1.));
#11555=DIRECTION('',(0.171013278137409,-0.7030839913164,-0.690237176523619));
#11556=DIRECTION('',(-0.236342246903465,0.971669873119786,1.52541918953438E-16));
#11557=DIRECTION('',(0.,0.,1.));
#11558=DIRECTION('',(0.236342246903465,-0.971669873119786,1.30893130192124E-16));
#11559=DIRECTION('',(-0.171013278137409,0.7030839913164,-0.690237176523619));
#11560=DIRECTION('',(0.,0.,-1.));
#11561=DIRECTION('',(-1.,0.,0.));
#11562=DIRECTION('',(5.75482234726532E-17,-1.42991818884437E-16,1.));
#11563=DIRECTION('',(0.236342246903465,-0.971669873119786,-1.52541918953438E-16));
#11564=DIRECTION('',(0.,0.,-1.));
#11565=DIRECTION('',(-3.40510950789586E-17,-1.42991818884437E-16,-1.));
#11566=DIRECTION('',(0.236342246903465,-0.971669873119786,1.30893130192124E-16));
#11567=DIRECTION('',(1.,-3.26730683226474E-17,0.));
#11568=DIRECTION('',(3.26730683226474E-17,1.,0.));
#11569=DIRECTION('',(-4.71844785465692E-16,1.,1.42991818884437E-16));
#11570=DIRECTION('',(0.,0.,1.));
#11571=DIRECTION('',(4.71844785465692E-16,-1.,1.42991818884437E-16));
#11572=DIRECTION('',(0.,0.,-1.));
#11573=DIRECTION('',(-1.,0.,0.));
#11574=DIRECTION('',(5.75482234726532E-17,-1.42991818884437E-16,1.));
#11575=DIRECTION('',(-0.236342246903465,0.971669873119786,1.52541918953438E-16));
#11576=DIRECTION('',(-4.51463748073163E-17,-1.22464679914735E-16,-1.));
#11577=DIRECTION('',(-3.40510950789586E-17,-1.42991818884437E-16,-1.));
#11578=DIRECTION('',(-0.236342246903465,0.971669873119786,-1.30893130192124E-16));
#11579=DIRECTION('',(0.971669873119786,0.236342246903465,0.));
#11580=DIRECTION('',(-0.236342246903465,0.971669873119786,0.));
#11581=DIRECTION('',(0.236342246903465,-0.971669873119786,-1.52541918953438E-16));
#11582=DIRECTION('',(-0.171013278137409,0.7030839913164,0.690237176523619));
#11583=DIRECTION('',(0.,0.,-1.));
#11584=DIRECTION('',(0.171013278137409,-0.7030839913164,0.690237176523619));
#11585=DIRECTION('',(-0.236342246903465,0.971669873119786,-1.30893130192124E-16));
#11586=DIRECTION('',(0.,0.,-1.));
#11587=DIRECTION('',(0.,0.,-1.));
#11588=DIRECTION('',(-1.,0.,0.));
#11589=DIRECTION('',(-5.75482234726532E-17,1.42991818884437E-16,-1.));
#11590=DIRECTION('',(0.236342246903465,-0.971669873119786,-1.52541918953438E-16));
#11591=DIRECTION('',(3.40510950789586E-17,1.42991818884437E-16,1.));
#11592=DIRECTION('',(0.236342246903465,-0.971669873119786,1.30893130192124E-16));
#11593=DIRECTION('',(0.,0.,-1.));
#11594=DIRECTION('',(1.,-3.26730683226474E-17,0.));
#11595=DIRECTION('',(3.26730683226474E-17,1.,0.));
#11596=DIRECTION('',(2.77555756156289E-17,-1.,-1.42991818884437E-16));
#11597=DIRECTION('',(-2.77555756156289E-17,1.,-1.42991818884437E-16));
#11598=DIRECTION('',(0.,0.,-1.));
#11599=DIRECTION('',(0.,0.,-1.));
#11600=DIRECTION('',(-1.,0.,0.));
#11601=DIRECTION('',(-5.75482234726532E-17,1.42991818884437E-16,-1.));
#11602=DIRECTION('',(-0.236342246903465,0.971669873119786,1.52541918953438E-16));
#11603=DIRECTION('',(3.40510950789586E-17,1.42991818884437E-16,1.));
#11604=DIRECTION('',(-0.236342246903465,0.971669873119786,-1.30893130192124E-16));
#11605=DIRECTION('',(-4.51463748073163E-17,-1.22464679914735E-16,-1.));
#11606=DIRECTION('',(-1.,-1.55277583653624E-16,0.));
#11607=DIRECTION('',(1.55277583653624E-16,-1.,0.));
#11608=DIRECTION('',(0.,0.783129056242359,-0.621859213382701));
#11609=DIRECTION('',(-1.88682272025442E-16,-0.621859213382701,-0.783129056242359));
#11610=DIRECTION('',(-1.,0.,2.4093381610789E-16));
#11611=DIRECTION('',(0.,1.,0.));
#11612=DIRECTION('',(-3.61670144081928E-17,-1.34292675616122E-16,-1.));
#11613=DIRECTION('',(-1.0019762797242E-14,1.,-1.42991818884437E-16));
#11614=DIRECTION('',(-3.61670144081928E-17,-1.34292675616122E-16,-1.));
#11615=DIRECTION('',(1.,0.,0.));
#11616=DIRECTION('',(0.,0.,-1.));
#11617=DIRECTION('',(0.,-0.621859213382701,-0.783129056242359));
#11618=DIRECTION('',(0.,0.,-1.));
#11619=DIRECTION('',(-1.,0.,0.));
#11620=DIRECTION('',(4.51463748073163E-17,1.22464679914735E-16,1.));
#11621=DIRECTION('',(-1.17485641968473E-17,-1.42991818884437E-16,1.));
#11622=DIRECTION('',(0.236342246903465,0.971669873119786,1.41717524572781E-16));
#11623=DIRECTION('',(0.,0.,-1.));
#11624=DIRECTION('',(-1.17485641968473E-17,-1.42991818884437E-16,-1.));
#11625=DIRECTION('',(0.236342246903465,0.971669873119786,-1.41717524572781E-16));
#11626=DIRECTION('',(-1.,-9.03501810404587E-17,0.));
#11627=DIRECTION('',(9.03501810404587E-17,-1.,0.));
#11628=DIRECTION('',(-4.44089209850063E-16,-1.,-1.42991818884437E-16));
#11629=DIRECTION('',(0.,0.,1.));
#11630=DIRECTION('',(4.16333634234434E-16,1.,-1.42991818884437E-16));
#11631=DIRECTION('',(0.,0.,-1.));
#11632=DIRECTION('',(-1.,0.,0.));
#11633=DIRECTION('',(-1.17485641968473E-17,-1.42991818884437E-16,1.));
#11634=DIRECTION('',(-0.236342246903465,-0.971669873119786,-1.41717524572781E-16));
#11635=DIRECTION('',(0.,0.,-1.));
#11636=DIRECTION('',(-1.17485641968473E-17,-1.42991818884437E-16,-1.));
#11637=DIRECTION('',(-0.236342246903465,-0.971669873119786,1.41717524572781E-16));
#11638=DIRECTION('',(-0.971669873119786,0.236342246903465,0.));
#11639=DIRECTION('',(-0.236342246903465,-0.971669873119786,0.));
#11640=DIRECTION('',(-0.236342246903465,-0.971669873119786,-1.41717524572781E-16));
#11641=DIRECTION('',(0.171013278137409,0.7030839913164,0.690237176523619));
#11642=DIRECTION('',(0.,0.,1.));
#11643=DIRECTION('',(-0.171013278137409,-0.703083991316401,0.690237176523619));
#11644=DIRECTION('',(0.236342246903465,0.971669873119786,-1.41717524572781E-16));
#11645=DIRECTION('',(0.,0.,-1.));
#11646=DIRECTION('',(-1.,0.,0.));
#11647=DIRECTION('',(1.17485641968473E-17,1.42991818884437E-16,-1.));
#11648=DIRECTION('',(0.236342246903465,0.971669873119786,1.41717524572781E-16));
#11649=DIRECTION('',(4.51463748073163E-17,1.22464679914735E-16,1.));
#11650=DIRECTION('',(1.17485641968473E-17,1.42991818884437E-16,1.));
#11651=DIRECTION('',(0.236342246903465,0.971669873119786,-1.41717524572781E-16));
#11652=DIRECTION('',(0.,0.,-1.));
#11653=DIRECTION('',(-1.,-9.03501810404587E-17,0.));
#11654=DIRECTION('',(9.03501810404587E-17,-1.,0.));
#11655=DIRECTION('',(-2.77555756156289E-17,1.,1.42991818884437E-16));
#11656=DIRECTION('',(2.77555756156289E-17,-1.,1.42991818884437E-16));
#11657=DIRECTION('',(0.,0.,-1.));
#11658=DIRECTION('',(0.,0.,-1.));
#11659=DIRECTION('',(-1.,0.,0.));
#11660=DIRECTION('',(1.17485641968473E-17,1.42991818884437E-16,-1.));
#11661=DIRECTION('',(-0.236342246903465,-0.971669873119786,-1.41717524572781E-16));
#11662=DIRECTION('',(1.17485641968473E-17,1.42991818884437E-16,1.));
#11663=DIRECTION('',(-0.236342246903465,-0.971669873119786,1.41717524572781E-16));
#11664=DIRECTION('',(0.,0.,-1.));
#11665=DIRECTION('',(-0.971669873119786,0.236342246903465,0.));
#11666=DIRECTION('',(-0.236342246903465,-0.971669873119786,0.));
#11667=DIRECTION('',(0.236342246903465,0.971669873119786,1.41717524572781E-16));
#11668=DIRECTION('',(-0.236342246903465,-0.971669873119786,1.41717524572781E-16));
#11669=DIRECTION('',(0.171013278137409,0.703083991316401,-0.690237176523619));
#11670=DIRECTION('',(0.,0.,-1.));
#11671=DIRECTION('',(-0.171013278137409,-0.7030839913164,-0.690237176523619));
#11672=DIRECTION('',(1.,4.70226218481283E-17,0.));
#11673=DIRECTION('',(-4.70226218481283E-17,1.,0.));
#11674=DIRECTION('',(-9.6326448676131E-18,-1.34292675616122E-16,1.));
#11675=DIRECTION('',(-1.,-4.51678559602326E-49,-7.37647066757211E-33));
#11676=DIRECTION('',(-7.37647066757211E-33,0.,1.));
#11677=DIRECTION('',(4.70226218481283E-17,-1.,6.12323399573677E-17));
#11678=DIRECTION('',(1.,-6.12323399573677E-17,-9.9579925010296E-17));
#11679=DIRECTION('',(-6.12323399573677E-17,-1.,6.12323399573676E-17));
#11680=DIRECTION('',(-6.12323399573675E-17,-1.,1.58827765331723E-15));
#11681=DIRECTION('',(-1.,6.12323399573677E-17,9.9579925010296E-17));
#11682=DIRECTION('',(6.12323399573677E-17,1.,-6.12323399573676E-17));
#11683=DIRECTION('',(4.70226218481283E-17,-1.,6.12323399573677E-17));
#11684=DIRECTION('',(1.,4.51678559602326E-49,7.37647066757211E-33));
#11685=DIRECTION('',(7.37647066757211E-33,-6.12323399573677E-17,-1.));
#11686=DIRECTION('',(-9.6326448676131E-18,-1.34292675616122E-16,1.));
#11687=DIRECTION('',(9.96425164601078E-15,1.,1.42991818884437E-16));
#11688=DIRECTION('',(-1.,-1.55277583653624E-16,0.));
#11689=DIRECTION('',(1.55277583653624E-16,-1.,0.));
#11690=DIRECTION('',(-1.,-4.51678559602326E-49,-7.37647066757211E-33));
#11691=DIRECTION('',(-7.37647066757211E-33,0.,1.));
#11692=DIRECTION('',(-4.51463748073163E-17,-1.22464679914735E-16,-1.));
#11693=DIRECTION('',(1.0019762797242E-14,-1.,-1.42991818884438E-16));
#11694=DIRECTION('',(-4.51463748073163E-17,-1.22464679914735E-16,-1.));
#11695=DIRECTION('',(-1.,-4.51678559602326E-49,-7.37647066757211E-33));
#11696=DIRECTION('',(7.37647066757211E-33,-6.12323399573677E-17,-1.));
#11697=DIRECTION('',(-1.55277583653624E-16,1.,-6.12323399573677E-17));
#11698=DIRECTION('',(1.,-6.12323399573677E-17,-9.9579925010296E-17));
#11699=DIRECTION('',(6.12323399573677E-17,1.,-6.12323399573676E-17));
#11700=DIRECTION('',(-6.12323399573675E-17,-1.,1.51596464942229E-15));
#11701=DIRECTION('',(1.,-6.12323399573677E-17,-9.9579925010296E-17));
#11702=DIRECTION('',(-6.12323399573677E-17,-1.,6.12323399573676E-17));
#11703=DIRECTION('',(-1.55277583653624E-16,1.,-6.12323399573677E-17));
#11704=DIRECTION('',(1.,4.70226218481283E-17,0.));
#11705=DIRECTION('',(-4.70226218481283E-17,1.,0.));
#11706=DIRECTION('',(1.,0.,0.));
#11707=DIRECTION('',(0.,0.,-1.));
#11708=DIRECTION('',(4.51463748073163E-17,1.22464679914735E-16,1.));
#11709=DIRECTION('',(-9.96425164601078E-15,-1.,1.42991818884437E-16));
#11710=DIRECTION('',(4.51463748073163E-17,1.22464679914735E-16,1.));
#11711=DIRECTION('',(-1.,0.,2.4093381610789E-16));
#11712=DIRECTION('',(0.,1.,0.));
#11713=DIRECTION('',(-1.88682272025442E-16,-0.621859213382701,-0.783129056242359));
#11714=DIRECTION('',(0.,0.783129056242359,-0.621859213382701));
#11715=DIRECTION('',(0.,-0.621859213382701,-0.783129056242359));
#11716=DIRECTION('',(-7.37647066757211E-33,6.12323399573677E-17,1.));
#11717=DIRECTION('',(0.,-1.,6.12323399573677E-17));
#11718=DIRECTION('',(-1.,0.,0.));
#11719=DIRECTION('',(1.,0.,0.));
#11720=DIRECTION('',(0.,0.,-1.));
#11721=DIRECTION('',(0.550060740401084,0.835124650498003,0.));
#11722=DIRECTION('',(1.,-6.12323399573677E-17,-5.28682266040552E-17));
#11723=DIRECTION('',(1.,-6.12323399573677E-17,-5.28682266040552E-17));
#11724=DIRECTION('',(-6.12323399573677E-17,-1.,-4.56563663433545E-32));
#11725=DIRECTION('',(0.,0.,-1.));
#11726=DIRECTION('',(0.550060740401084,0.835124650498003,0.));
#11727=DIRECTION('',(0.550060740401084,0.835124650498003,0.));
#11728=DIRECTION('',(-0.835124650498003,0.550060740401084,0.));
#11729=DIRECTION('',(0.550060740401084,0.835124650498003,0.));
#11730=DIRECTION('',(0.,0.,1.));
#11731=DIRECTION('',(-1.,0.,0.));
#11732=DIRECTION('',(0.,0.,-1.));
#11733=DIRECTION('',(1.,0.,0.));
#11734=DIRECTION('',(0.,0.,1.));
#11735=DIRECTION('',(-1.,0.,0.));
#11736=DIRECTION('',(0.,0.,-1.));
#11737=DIRECTION('',(1.,0.,0.));
#11738=DIRECTION('',(0.,0.,1.));
#11739=DIRECTION('',(-1.,0.,0.));
#11740=DIRECTION('',(0.,0.,-1.));
#11741=DIRECTION('',(1.,0.,0.));
#11742=DIRECTION('',(0.,1.,0.));
#11743=DIRECTION('',(0.,0.,-1.));
#11744=DIRECTION('',(-1.,0.,0.));
#11745=DIRECTION('',(1.,-6.12323399573677E-17,-5.28682266040552E-17));
#11746=DIRECTION('',(1.,-6.12323399573677E-17,-5.28682266040552E-17));
#11747=DIRECTION('',(0.,0.,-1.));
#11748=DIRECTION('',(1.,0.,0.));
#11749=DIRECTION('',(0.,1.,0.));
#11750=DIRECTION('',(0.,0.,1.));
#11751=DIRECTION('',(1.,0.,0.));
#11752=DIRECTION('',(0.,0.,1.));
#11753=DIRECTION('',(1.,0.,0.));
#11754=DIRECTION('',(0.,0.,1.));
#11755=DIRECTION('',(1.,0.,0.));
#11756=DIRECTION('',(0.,0.,1.));
#11757=DIRECTION('',(1.,0.,0.));
#11758=DIRECTION('',(0.,0.,1.));
#11759=DIRECTION('',(1.,0.,0.));
#11760=DIRECTION('',(0.,0.,1.));
#11761=DIRECTION('',(1.,0.,0.));
#11762=DIRECTION('',(0.,0.,-1.));
#11763=DIRECTION('',(0.,1.,0.));
#11764=DIRECTION('',(-1.,6.12323399573677E-17,1.0573645320811E-16));
#11765=DIRECTION('',(6.12323399573676E-17,1.,0.));
#11766=DIRECTION('',(-1.,6.12323399573677E-17,1.0573645320811E-16));
#11767=DIRECTION('',(-6.12323399573677E-17,-1.,-4.56563663433545E-32));
#11768=DIRECTION('',(0.,0.,-1.));
#11769=DIRECTION('',(0.,1.,0.));
#11770=DIRECTION('',(0.550060740401084,0.835124650498003,0.));
#11771=DIRECTION('',(-0.835124650498003,0.550060740401084,0.));
#11772=DIRECTION('',(0.550060740401084,0.835124650498003,0.));
#11773=DIRECTION('',(0.,0.,1.));
#11774=DIRECTION('',(1.,0.,0.));
#11775=DIRECTION('',(0.,0.,1.));
#11776=DIRECTION('',(1.,0.,0.));
#11777=DIRECTION('',(0.,0.,1.));
#11778=DIRECTION('',(1.,0.,0.));
#11779=DIRECTION('',(0.,0.,1.));
#11780=DIRECTION('',(1.,0.,0.));
#11781=DIRECTION('',(0.,0.,1.));
#11782=DIRECTION('',(1.,0.,0.));
#11783=DIRECTION('',(0.,0.,1.));
#11784=DIRECTION('',(1.,0.,0.));
#11785=DIRECTION('',(0.,1.,0.));
#11786=DIRECTION('',(0.,0.,-1.));
#11787=DIRECTION('',(1.,0.,0.));
#11788=DIRECTION('',(-1.,6.12323399573677E-17,1.0573645320811E-16));
#11789=DIRECTION('',(6.12323399573676E-17,1.,0.));
#11790=DIRECTION('',(-1.,6.12323399573677E-17,1.0573645320811E-16));
#11791=DIRECTION('',(0.,0.,-1.));
#11792=DIRECTION('',(-1.,0.,0.));
#11793=DIRECTION('',(0.,1.,0.));
#11794=DIRECTION('',(0.,0.,-1.));
#11795=DIRECTION('',(1.,0.,0.));
#11796=DIRECTION('',(0.,0.,1.));
#11797=DIRECTION('',(-1.,0.,0.));
#11798=DIRECTION('',(0.,0.,-1.));
#11799=DIRECTION('',(1.,0.,0.));
#11800=DIRECTION('',(0.,0.,1.));
#11801=DIRECTION('',(-1.,0.,0.));
#11802=DIRECTION('',(0.,0.,-1.));
#11803=DIRECTION('',(1.,0.,0.));
#11804=DIRECTION('',(0.,0.,1.));
#11805=DIRECTION('',(-1.,0.,0.));
#11806=DIRECTION('',(1.,0.,0.));
#11807=DIRECTION('',(0.,0.,-1.));
#11808=DIRECTION('',(0.,0.,-1.));
#11809=DIRECTION('',(0.,0.,1.));
#11810=DIRECTION('',(0.550060740401084,0.835124650498003,0.));
#11811=DIRECTION('',(0.,0.,1.));
#11812=DIRECTION('',(0.,0.,1.));
#11813=DIRECTION('',(-0.835124650498003,0.550060740401084,0.));
#11814=DIRECTION('',(0.,0.,1.));
#11815=DIRECTION('',(0.835124650498003,-0.550060740401084,0.));
#11816=DIRECTION('',(0.835124650498003,-0.550060740401084,0.));
#11817=DIRECTION('',(0.550060740401084,0.835124650498003,0.));
#11818=DIRECTION('',(0.835124650498003,-0.550060740401084,0.));
#11819=DIRECTION('',(0.550060740401084,0.835124650498003,0.));
#11820=DIRECTION('',(0.835124650498003,-0.550060740401084,0.));
#11821=DIRECTION('',(0.550060740401084,0.835124650498003,0.));
#11822=DIRECTION('',(0.,0.,1.));
#11823=DIRECTION('',(0.,0.,1.));
#11824=DIRECTION('',(1.,0.,0.));
#11825=DIRECTION('',(0.,0.,1.));
#11826=DIRECTION('',(0.,0.,1.));
#11827=DIRECTION('',(1.,0.,0.));
#11828=DIRECTION('',(0.,0.,1.));
#11829=DIRECTION('',(0.,0.,1.));
#11830=DIRECTION('',(1.,0.,0.));
#11831=DIRECTION('',(0.,0.,1.));
#11832=DIRECTION('',(0.,0.,1.));
#11833=DIRECTION('',(1.,0.,0.));
#11834=DIRECTION('',(0.,0.,1.));
#11835=DIRECTION('',(0.,0.,1.));
#11836=DIRECTION('',(1.,0.,0.));
#11837=DIRECTION('',(0.,0.,1.));
#11838=DIRECTION('',(0.,0.,1.));
#11839=DIRECTION('',(1.,0.,0.));
#11840=DIRECTION('',(0.,0.,1.));
#11841=DIRECTION('',(1.,0.,0.));
#11842=DIRECTION('',(0.,0.,-1.));
#11843=DIRECTION('',(0.,0.,-1.));
#11844=DIRECTION('',(0.835124650498003,-0.550060740401084,0.));
#11845=DIRECTION('',(0.550060740401084,0.835124650498003,0.));
#11846=DIRECTION('',(0.835124650498003,-0.550060740401084,0.));
#11847=DIRECTION('',(0.550060740401084,0.835124650498003,0.));
#11848=DIRECTION('',(0.,0.,1.));
#11849=DIRECTION('',(0.835124650498003,-0.550060740401084,0.));
#11850=DIRECTION('',(0.550060740401084,0.835124650498003,0.));
#11851=DIRECTION('',(0.,0.,1.));
#11852=DIRECTION('',(1.,0.,0.));
#11853=DIRECTION('',(0.,0.,1.));
#11854=DIRECTION('',(0.,0.,1.));
#11855=DIRECTION('',(1.,0.,0.));
#11856=DIRECTION('',(0.,0.,1.));
#11857=DIRECTION('',(0.,0.,1.));
#11858=DIRECTION('',(1.,0.,0.));
#11859=DIRECTION('',(0.,0.,1.));
#11860=DIRECTION('',(0.,0.,1.));
#11861=DIRECTION('',(1.,0.,0.));
#11862=DIRECTION('',(0.,0.,1.));
#11863=DIRECTION('',(0.,0.,1.));
#11864=DIRECTION('',(1.,0.,0.));
#11865=DIRECTION('',(0.,0.,1.));
#11866=DIRECTION('',(0.,0.,1.));
#11867=DIRECTION('',(1.,0.,0.));
#11868=DIRECTION('',(6.12323399573677E-17,1.,0.));
#11869=DIRECTION('',(-1.,6.12323399573677E-17,0.));
#11870=DIRECTION('',(1.,-6.12323399573677E-17,-9.9579925010296E-17));
#11871=DIRECTION('',(0.,0.,-1.));
#11872=DIRECTION('',(3.09772049281573E-16,-1.89680674308997E-32,1.));
#11873=DIRECTION('',(1.,-6.12323399573676E-17,0.));
#11874=DIRECTION('',(-1.54886024640786E-16,9.48403371544985E-33,-1.));
#11875=DIRECTION('',(0.,0.,1.));
#11876=DIRECTION('',(6.12323399573677E-17,1.,0.));
#11877=DIRECTION('',(-1.,6.12323399573677E-17,0.));
#11878=DIRECTION('',(-1.54886024640786E-16,9.48403371544985E-33,-1.));
#11879=DIRECTION('',(1.,-6.12323399573676E-17,0.));
#11880=DIRECTION('',(3.09772049281573E-16,-1.89680674308997E-32,1.));
#11881=DIRECTION('',(0.,0.,-1.));
#11882=DIRECTION('',(-1.,6.12323399573677E-17,9.9579925010296E-17));
#11883=DIRECTION('',(0.,0.,1.));
#11884=DIRECTION('',(-1.,6.12323399573677E-17,0.));
#11885=DIRECTION('',(-6.12323399573677E-17,-1.,0.));
#11886=DIRECTION('',(0.,0.,-1.));
#11887=DIRECTION('',(1.,0.,0.));
#11888=DIRECTION('',(0.,0.,-1.));
#11889=DIRECTION('',(1.,0.,0.));
#11890=DIRECTION('',(-1.,6.12323399573676E-17,3.09772049281573E-16));
#11891=DIRECTION('',(3.09772049281573E-16,0.,1.));
#11892=DIRECTION('',(6.12323399573676E-17,1.,0.));
#11893=DIRECTION('',(0.,0.,1.));
#11894=DIRECTION('',(1.,0.,0.));
#11895=DIRECTION('',(6.12323399573676E-17,1.,0.));
#11896=DIRECTION('',(1.,-6.12323399573676E-17,-1.54886024640786E-16));
#11897=DIRECTION('',(-1.54886024640786E-16,0.,-1.));
#11898=DIRECTION('',(-7.37647066757211E-33,6.12323399573677E-17,1.));
#11899=DIRECTION('',(0.,-1.,6.12323399573677E-17));
#11900=DIRECTION('',(-1.,0.,0.));
#11901=DIRECTION('',(1.,0.,0.));
#11902=DIRECTION('',(1.,-6.12323399573677E-17,-9.9579925010296E-17));
#11903=DIRECTION('',(6.12323399573677E-17,1.,-6.12323399573676E-17));
#11904=DIRECTION('',(1.,-6.12323399573677E-17,-9.9579925010296E-17));
#11905=DIRECTION('',(6.12323399573677E-17,1.,-6.12323399573676E-17));
#11906=DIRECTION('',(0.,1.,-1.22464679914735E-16));
#11907=DIRECTION('',(0.,1.22464679914735E-16,1.));
#11908=DIRECTION('',(1.,0.,0.));
#11909=DIRECTION('',(-1.,2.95058826702884E-32,2.4093381610789E-16));
#11910=DIRECTION('',(0.,1.,-1.22464679914735E-16));
#11911=DIRECTION('',(0.,1.22464679914735E-16,1.));
#11912=DIRECTION('',(1.,0.,0.));
#11913=DIRECTION('',(-1.,2.95058826702884E-32,2.4093381610789E-16));
#11914=DIRECTION('',(-1.,-4.51678559602326E-49,-7.37647066757211E-33));
#11915=DIRECTION('',(7.37647066757211E-33,-6.12323399573677E-17,-1.));
#11916=DIRECTION('',(-1.,-4.51678559602326E-49,-7.37647066757211E-33));
#11917=DIRECTION('',(7.37647066757211E-33,-6.12323399573677E-17,-1.));
#11918=DIRECTION('',(0.,-0.621859213382701,-0.783129056242359));
#11919=DIRECTION('',(1.,0.,0.));
#11920=DIRECTION('',(1.,0.,0.));
#11921=DIRECTION('',(1.,0.,0.));
#11922=DIRECTION('',(1.,0.,0.));
#11923=DIRECTION('',(0.,0.,-1.));
#11924=DIRECTION('',(1.,0.,0.));
#11925=DIRECTION('',(0.,-0.783129056242359,0.621859213382701));
#11926=DIRECTION('',(0.,-0.621859213382701,-0.783129056242359));
#11927=DIRECTION('',(1.,0.,0.));
#11928=DIRECTION('',(0.,0.,-1.));
#11929=DIRECTION('',(1.,0.,0.));
#11930=DIRECTION('',(0.,-0.783129056242359,0.621859213382701));
#11931=DIRECTION('',(0.,-0.621859213382701,-0.783129056242359));
#11932=DIRECTION('',(-4.33186914304781E-17,6.64512739485169E-17,1.));
#11933=DIRECTION('',(-0.546098872794208,0.837720729797762,-7.93238982692468E-17));
#11934=DIRECTION('',(0.,0.,-1.));
#11935=DIRECTION('',(-1.,0.,0.));
#11936=DIRECTION('',(-0.997811421713834,-0.0661238738839277,-3.88298694250302E-17));
#11937=DIRECTION('',(0.,9.4690146068603E-17,1.));
#11938=DIRECTION('',(-1.,0.,0.));
#11939=DIRECTION('',(-0.546098872794208,0.837720729797762,-7.93238982692468E-17));
#11940=DIRECTION('',(-0.837720729797762,-0.546098872794208,0.));
#11941=DIRECTION('',(0.546098872794208,-0.837720729797762,0.));
#11942=DIRECTION('',(-0.546098872794208,0.837720729797762,0.));
#11943=DIRECTION('',(0.,0.,-1.));
#11944=DIRECTION('',(0.,0.,1.));
#11945=DIRECTION('',(-0.837720729797762,-0.546098872794208,0.));
#11946=DIRECTION('',(0.,0.,-1.));
#11947=DIRECTION('',(0.837720729797762,0.546098872794208,-5.1710182032783E-17));
#11948=DIRECTION('',(0.,9.4690146068603E-17,1.));
#11949=DIRECTION('',(0.,-1.,9.4690146068603E-17));
#11950=DIRECTION('',(0.,9.4690146068603E-17,1.));
#11951=DIRECTION('',(-1.,0.,0.));
#11952=DIRECTION('',(0.997811421713834,0.0661238738839276,-6.26127927669099E-18));
#11953=DIRECTION('',(0.,0.,-1.));
#11954=DIRECTION('',(-1.,0.,0.));
#11955=DIRECTION('',(0.546098872794208,-0.837720729797762,0.));
#11956=DIRECTION('',(-0.837720729797762,-0.546098872794208,5.1710182032783E-17));
#11957=DIRECTION('',(-0.546098872794208,0.837720729797762,-7.93238982692468E-17));
#11958=DIRECTION('',(0.,0.,-1.));
#11959=DIRECTION('',(-1.,0.,0.));
#11960=DIRECTION('',(-0.0467566396216493,0.705559222639242,-0.707106781186548));
#11961=DIRECTION('',(0.0467566396216493,-0.705559222639242,-0.707106781186547));
#11962=DIRECTION('',(0.,0.,-1.));
#11963=DIRECTION('',(-0.0467566396216492,0.705559222639241,0.707106781186548));
#11964=DIRECTION('',(-0.0467566396216493,0.705559222639242,-0.707106781186547));
#11965=DIRECTION('',(-0.837720729797762,-0.546098872794208,0.));
#11966=DIRECTION('',(0.546098872794208,-0.837720729797762,0.));
#11967=DIRECTION('',(-0.837720729797762,-0.546098872794208,0.));
#11968=DIRECTION('',(0.546098872794208,-0.837720729797762,0.));
#11969=DIRECTION('',(-0.837720729797762,-0.546098872794208,0.));
#11970=DIRECTION('',(0.546098872794208,-0.837720729797762,0.));
#11971=DIRECTION('',(0.,0.,-1.));
#11972=DIRECTION('',(-1.,0.,0.));
#11973=DIRECTION('',(-0.0467566396216493,0.705559222639242,-0.707106781186548));
#11974=DIRECTION('',(0.0467566396216493,-0.705559222639242,-0.707106781186547));
#11975=DIRECTION('',(-0.0467566396216492,0.705559222639241,0.707106781186548));
#11976=DIRECTION('',(-0.0467566396216493,0.705559222639242,-0.707106781186547));
#11977=DIRECTION('',(0.,0.,-1.));
#11978=DIRECTION('',(-0.837720729797762,-0.546098872794208,0.));
#11979=DIRECTION('',(0.546098872794208,-0.837720729797762,0.));
#11980=DIRECTION('',(-0.837720729797762,-0.546098872794208,0.));
#11981=DIRECTION('',(0.546098872794208,-0.837720729797762,0.));
#11982=DIRECTION('',(-0.837720729797762,-0.546098872794208,0.));
#11983=DIRECTION('',(0.546098872794208,-0.837720729797762,0.));
#11984=DIRECTION('',(-1.17485641968473E-17,-1.42991818884437E-16,-1.));
#11985=DIRECTION('',(0.,1.,-1.42991818884437E-16));
#11986=DIRECTION('',(0.997811421713834,0.0661238738839277,-2.11780245427004E-17));
#11987=DIRECTION('',(-1.17485641968473E-17,-1.42991818884437E-16,1.));
#11988=DIRECTION('',(0.,-1.,-1.42991818884437E-16));
#11989=DIRECTION('',(-0.997811421713834,-0.0661238738839277,-2.11780245427004E-17));
#11990=DIRECTION('',(-0.0467566396216493,0.705559222639242,-0.707106781186548));
#11991=DIRECTION('',(-0.997811421713834,-0.0661238738839277,-2.11780245427004E-17));
#11992=DIRECTION('',(-0.997811421713834,-0.0661238738839277,-4.2300843922875E-17));
#11993=DIRECTION('',(-0.0467566396216492,0.705559222639241,0.707106781186548));
#11994=DIRECTION('',(0.997811421713834,0.0661238738839277,-2.11780245427004E-17));
#11995=DIRECTION('',(-0.997811421713834,-0.0661238738839276,1.32825248187272E-17));
#11996=DIRECTION('',(0.997811421713834,0.0661238738839277,3.88298694250302E-17));
#11997=DIRECTION('',(-0.0661238738839277,0.997811421713834,0.));
#11998=DIRECTION('',(0.997811421713834,0.0661238738839276,-6.26127927669099E-18));
#11999=DIRECTION('',(-0.0661238738839276,0.997811421713834,0.));
#12000=DIRECTION('',(-0.837720729797762,-0.546098872794208,0.));
#12001=DIRECTION('',(0.546098872794208,-0.837720729797762,0.));
#12002=DIRECTION('',(0.837720729797762,0.546098872794208,-5.1710182032783E-17));
#12003=DIRECTION('',(-0.546098872794208,0.837720729797762,0.));
#12004=DIRECTION('',(4.57996592758059E-17,9.4690146068603E-17,1.));
#12005=DIRECTION('',(0.,-1.,9.4690146068603E-17));
#12006=DIRECTION('',(4.57996592758059E-17,9.4690146068603E-17,1.));
#12007=DIRECTION('',(1.,5.76771127178113E-17,-4.57996592758059E-17));
#12008=DIRECTION('',(-0.997811421713834,0.0661238738839276,3.94381438593101E-17));
#12009=DIRECTION('',(0.,0.,-1.));
#12010=DIRECTION('',(-1.,0.,0.));
#12011=DIRECTION('',(0.546098872794208,0.837720729797762,0.));
#12012=DIRECTION('',(-0.837720729797762,0.546098872794208,-1.3342858039766E-17));
#12013=DIRECTION('',(-0.546098872794208,-0.837720729797762,1.04335040574123E-16));
#12014=DIRECTION('',(5.69772480504667E-17,8.74036263332337E-17,1.));
#12015=DIRECTION('',(-0.546098872794208,-0.837720729797762,1.04335040574123E-16));
#12016=DIRECTION('',(0.,0.,-1.));
#12017=DIRECTION('',(-1.,0.,0.));
#12018=DIRECTION('',(0.997811421713834,-0.0661238738839276,-5.10730825179212E-17));
#12019=DIRECTION('',(4.57996592758059E-17,9.4690146068603E-17,1.));
#12020=DIRECTION('',(1.,5.76771127178113E-17,-4.57996592758059E-17));
#12021=DIRECTION('',(-0.546098872794208,-0.837720729797762,1.04335040574123E-16));
#12022=DIRECTION('',(-0.837720729797762,0.546098872794208,-6.16297582203915E-33));
#12023=DIRECTION('',(0.546098872794208,0.837720729797762,0.));
#12024=DIRECTION('',(-0.546098872794208,-0.837720729797762,0.));
#12025=DIRECTION('',(0.,0.,-1.));
#12026=DIRECTION('',(0.,0.,-1.));
#12027=DIRECTION('',(0.837720729797762,-0.546098872794208,1.3342858039766E-17));
#12028=DIRECTION('',(0.,0.,1.));
#12029=DIRECTION('',(-0.837720729797762,0.546098872794208,-6.16297582203915E-33));
#12030=DIRECTION('',(0.837720729797762,-0.546098872794208,0.));
#12031=DIRECTION('',(0.546098872794208,0.837720729797762,0.));
#12032=DIRECTION('',(0.837720729797762,-0.546098872794208,0.));
#12033=DIRECTION('',(0.546098872794208,0.837720729797762,0.));
#12034=DIRECTION('',(0.,0.,1.));
#12035=DIRECTION('',(0.837720729797762,-0.546098872794208,0.));
#12036=DIRECTION('',(0.546098872794208,0.837720729797762,0.));
#12037=DIRECTION('',(0.,0.,-1.));
#12038=DIRECTION('',(-1.,0.,0.));
#12039=DIRECTION('',(0.0467566396216492,0.705559222639242,-0.707106781186547));
#12040=DIRECTION('',(-0.0467566396216492,-0.705559222639242,-0.707106781186548));
#12041=DIRECTION('',(0.0467566396216493,0.705559222639242,0.707106781186548));
#12042=DIRECTION('',(0.0467566396216493,0.705559222639242,-0.707106781186547));
#12043=DIRECTION('',(0.837720729797762,-0.546098872794208,0.));
#12044=DIRECTION('',(0.546098872794208,0.837720729797762,0.));
#12045=DIRECTION('',(0.837720729797762,-0.546098872794208,0.));
#12046=DIRECTION('',(0.546098872794208,0.837720729797762,0.));
#12047=DIRECTION('',(0.837720729797762,-0.546098872794208,0.));
#12048=DIRECTION('',(0.546098872794208,0.837720729797762,0.));
#12049=DIRECTION('',(0.,0.,-1.));
#12050=DIRECTION('',(0.,0.,-1.));
#12051=DIRECTION('',(-1.,0.,0.));
#12052=DIRECTION('',(0.0467566396216492,0.705559222639242,-0.707106781186547));
#12053=DIRECTION('',(-0.0467566396216492,-0.705559222639242,-0.707106781186548));
#12054=DIRECTION('',(0.0467566396216493,0.705559222639242,0.707106781186548));
#12055=DIRECTION('',(0.0467566396216493,0.705559222639242,-0.707106781186547));
#12056=DIRECTION('',(-3.40510950789586E-17,-1.42991818884437E-16,-1.));
#12057=DIRECTION('',(0.,1.,-1.42991818884437E-16));
#12058=DIRECTION('',(0.997811421713834,-0.0661238738839276,-2.45213985933007E-17));
#12059=DIRECTION('',(5.75482234726532E-17,-1.42991818884437E-16,1.));
#12060=DIRECTION('',(0.,-1.,-1.42991818884437E-16));
#12061=DIRECTION('',(-0.997811421713834,0.0661238738839276,6.68774476787015E-17));
#12062=DIRECTION('',(0.0467566396216492,0.705559222639242,-0.707106781186547));
#12063=DIRECTION('',(-0.997811421713834,0.0661238738839276,6.68774476787015E-17));
#12064=DIRECTION('',(-0.997811421713834,0.0661238738839276,4.64888368655452E-17));
#12065=DIRECTION('',(0.0467566396216493,0.705559222639242,0.707106781186548));
#12066=DIRECTION('',(0.997811421713834,-0.0661238738839276,-2.45213985933007E-17));
#12067=DIRECTION('',(-0.997811421713834,0.0661238738839276,5.38486452656254E-17));
#12068=DIRECTION('',(0.997811421713834,-0.0661238738839276,-3.94381438593101E-17));
#12069=DIRECTION('',(0.0661238738839276,0.997811421713834,0.));
#12070=DIRECTION('',(0.997811421713834,-0.0661238738839276,-5.10730825179212E-17));
#12071=DIRECTION('',(0.0661238738839276,0.997811421713834,0.));
#12072=DIRECTION('',(-0.837720729797762,0.546098872794208,-1.3342858039766E-17));
#12073=DIRECTION('',(-0.546098872794208,-0.837720729797762,0.));
#12074=DIRECTION('',(0.837720729797762,-0.546098872794208,6.16297582203915E-33));
#12075=DIRECTION('',(0.546098872794208,0.837720729797762,0.));
#12076=DIRECTION('',(0.835124650498003,-0.550060740401084,0.));
#12077=DIRECTION('',(0.550060740401084,0.835124650498003,0.));
#12078=DIRECTION('',(-0.835124650498003,0.550060740401084,0.));
#12079=DIRECTION('',(-0.550060740401084,-0.835124650498003,0.));
#12080=DIRECTION('',(1.,-8.39606162372775E-16,-8.44616642319479E-17));
#12081=DIRECTION('',(-8.44616642319479E-17,4.72126925705023E-17,-1.));
#12082=DIRECTION('',(0.,0.,-1.));
#12083=DIRECTION('',(-1.,0.,0.));
#12084=DIRECTION('',(0.,0.,-1.));
#12085=DIRECTION('',(-1.,0.,0.));
#12086=DIRECTION('',(0.,0.,-1.));
#12087=DIRECTION('',(-1.,0.,0.));
#12088=DIRECTION('',(0.,0.,-1.));
#12089=DIRECTION('',(0.,0.,-1.));
#12090=DIRECTION('',(-1.,0.,0.));
#12091=DIRECTION('',(0.,0.,-1.));
#12092=DIRECTION('',(0.,0.,-1.));
#12093=DIRECTION('',(-1.,0.,0.));
#12094=DIRECTION('',(0.,0.,-1.));
#12095=DIRECTION('',(0.,0.,-1.));
#12096=DIRECTION('',(-1.,0.,0.));
#12097=DIRECTION('',(0.,0.,-1.));
#12098=DIRECTION('',(0.,0.,-1.));
#12099=DIRECTION('',(-1.,0.,0.));
#12100=DIRECTION('',(-1.21972744404619E-16,1.,0.));
#12101=DIRECTION('',(0.,0.,-1.));
#12102=DIRECTION('',(-1.,0.,0.));
#12103=DIRECTION('',(0.,0.,-1.));
#12104=DIRECTION('',(-1.,0.,0.));
#12105=DIRECTION('',(1.21972744404619E-16,-1.,0.));
#12106=DIRECTION('',(0.,0.,-1.));
#12107=DIRECTION('',(-1.,0.,0.));
#12108=DIRECTION('',(0.,0.,-1.));
#12109=DIRECTION('',(-1.,0.,0.));
#12110=DIRECTION('',(0.,0.,-1.));
#12111=DIRECTION('',(-1.,0.,0.));
#12112=DIRECTION('',(0.,0.,-1.));
#12113=DIRECTION('',(-1.,0.,0.));
#12114=DIRECTION('',(0.,0.,1.));
#12115=DIRECTION('',(1.,0.,0.));
#12116=DIRECTION('',(0.,0.,-1.));
#12117=DIRECTION('',(-1.,0.,0.));
#12118=DIRECTION('',(0.,0.,-1.));
#12119=DIRECTION('',(-1.,0.,0.));
#12120=DIRECTION('',(0.,0.,-1.));
#12121=DIRECTION('',(-1.,0.,0.));
#12122=DIRECTION('',(0.,0.,-1.));
#12123=DIRECTION('',(-1.,0.,0.));
#12124=DIRECTION('',(1.,1.21972744404619E-16,0.));
#12125=DIRECTION('',(-1.21972744404619E-16,1.,0.));
#12126=DIRECTION('',(-1.21972744404619E-16,1.,0.));
#12127=DIRECTION('',(-1.,-1.21972744404619E-16,0.));
#12128=DIRECTION('',(1.21972744404619E-16,-1.,0.));
#12129=DIRECTION('',(1.21972744404619E-16,-1.,0.));
#12130=DIRECTION('',(0.,0.,-1.));
#12131=DIRECTION('',(-1.,0.,0.));
#12132=DIRECTION('',(0.,0.,-1.));
#12133=DIRECTION('',(-1.,0.,0.));
#12134=DIRECTION('',(0.,0.,1.));
#12135=DIRECTION('',(0.,1.,0.));
#12136=DIRECTION('',(0.,0.,1.));
#12137=DIRECTION('',(0.,1.,0.));
#12138=DIRECTION('',(0.,0.,1.));
#12139=DIRECTION('',(1.,0.,0.));
#12140=DIRECTION('',(0.,0.,1.));
#12141=DIRECTION('',(1.,0.,0.));
#12142=DIRECTION('',(0.,0.,-1.));
#12143=DIRECTION('',(-1.,0.,0.));
#12144=DIRECTION('',(0.,0.,1.));
#12145=DIRECTION('',(1.,0.,0.));
#12146=DIRECTION('',(-9.5896396266644E-17,2.80577028157429E-17,1.));
#12147=DIRECTION('',(1.,-1.11022302462516E-16,9.5896396266644E-17));
#12148=DIRECTION('',(-9.5896396266644E-17,2.80577028157429E-17,1.));
#12149=DIRECTION('',(1.,-1.11022302462516E-16,9.5896396266644E-17));
#12150=DIRECTION('',(0.,0.,1.));
#12151=DIRECTION('',(1.,-1.66533453693774E-16,0.));
#12152=DIRECTION('',(1.,-8.39606162372775E-16,-8.44616642319479E-17));
#12153=DIRECTION('',(-8.44616642319479E-17,4.72126925705023E-17,-1.));
#12154=DIRECTION('',(0.,0.681418527918843,0.73189397443135));
#12155=DIRECTION('',(0.,-0.73189397443135,0.681418527918843));
#12156=DIRECTION('',(1.,0.,0.));
#12157=DIRECTION('',(0.,-0.73189397443135,0.681418527918843));
#12158=DIRECTION('',(-1.,0.,0.));
#12159=DIRECTION('',(0.,0.73189397443135,-0.681418527918843));
#12160=DIRECTION('',(-1.,0.,0.));
#12161=DIRECTION('',(0.,0.73189397443135,-0.681418527918843));
#12162=DIRECTION('',(-1.,0.,0.));
#12163=DIRECTION('',(0.,0.73189397443135,-0.681418527918843));
#12164=DIRECTION('',(0.,-2.16840434497101E-16,1.));
#12165=DIRECTION('',(0.,-1.,-2.16840434497101E-16));
#12166=DIRECTION('',(0.,1.,1.04548066632531E-16));
#12167=DIRECTION('',(-1.,0.,0.));
#12168=DIRECTION('',(0.,1.,2.16840434497101E-16));
#12169=DIRECTION('',(0.,-2.16840434497101E-16,1.));
#12170=DIRECTION('',(0.,-1.,-2.16840434497101E-16));
#12171=DIRECTION('',(-1.,0.,0.));
#12172=DIRECTION('',(0.,1.,1.04548066632531E-16));
#12173=DIRECTION('',(0.,1.,2.16840434497101E-16));
#12174=DIRECTION('',(0.,1.,0.));
#12175=DIRECTION('',(0.,0.,1.));
#12176=DIRECTION('',(1.,0.,0.));
#12177=DIRECTION('',(0.,0.,1.));
#12178=DIRECTION('',(1.,0.,0.));
#12179=DIRECTION('',(0.,0.,1.));
#12180=DIRECTION('',(0.,0.,-1.));
#12181=DIRECTION('',(1.,0.,0.));
#12182=DIRECTION('',(0.,0.,-1.));
#12183=DIRECTION('',(1.,0.,0.));
#12184=DIRECTION('',(0.,-3.85151748662701E-17,-1.));
#12185=DIRECTION('',(1.,0.,0.));
#12186=DIRECTION('',(0.,-1.1999075426717E-16,1.));
#12187=DIRECTION('',(1.,0.,0.));
#12188=DIRECTION('',(0.,1.1999075426717E-16,-1.));
#12189=DIRECTION('',(1.,0.,0.));
#12190=DIRECTION('',(0.,-3.85151748662701E-17,-1.));
#12191=DIRECTION('',(1.,0.,0.));
#12192=DIRECTION('',(0.,-1.81304711117977E-17,-1.));
#12193=DIRECTION('',(-1.,0.,0.));
#12194=DIRECTION('',(0.,0.,-1.));
#12195=DIRECTION('',(-1.,0.,0.));
#12196=DIRECTION('',(0.,0.,-1.));
#12197=DIRECTION('',(-1.,0.,0.));
#12198=DIRECTION('',(0.,1.81304711117977E-17,1.));
#12199=DIRECTION('',(-1.,0.,0.));
#12200=DIRECTION('',(0.,1.81304711117977E-17,1.));
#12201=DIRECTION('',(-1.,0.,0.));
#12202=DIRECTION('',(0.,-1.81304711117977E-17,-1.));
#12203=DIRECTION('',(1.,0.,0.));
#12204=DIRECTION('',(-1.,0.,0.));
#12205=DIRECTION('',(0.,0.,-1.));
#12206=DIRECTION('',(-1.,0.,0.));
#12207=DIRECTION('',(0.,0.,-1.));
#12208=DIRECTION('',(0.,0.,1.));
#12209=DIRECTION('',(-1.,0.,0.));
#12210=DIRECTION('',(0.,0.,1.));
#12211=DIRECTION('',(-1.,0.,0.));
#12212=DIRECTION('',(0.,3.85151748662701E-17,1.));
#12213=DIRECTION('',(-1.,0.,0.));
#12214=DIRECTION('',(0.,3.85151748662701E-17,1.));
#12215=DIRECTION('',(-1.,0.,0.));
#12216=DIRECTION('',(0.,-1.1999075426717E-16,1.));
#12217=DIRECTION('',(1.,0.,0.));
#12218=DIRECTION('',(0.,1.1999075426717E-16,-1.));
#12219=DIRECTION('',(-1.,0.,0.));
#12220=DIRECTION('',(0.,0.,1.));
#12221=DIRECTION('',(-1.,0.,0.));
#12222=DIRECTION('',(0.,0.,1.));
#12223=DIRECTION('',(-1.,0.,0.));
#12224=DIRECTION('',(-1.,0.,0.));
#12225=DIRECTION('',(0.,0.,-1.));
#12226=DIRECTION('',(-1.,0.,0.));
#12227=DIRECTION('',(0.,0.,-1.));
#12228=DIRECTION('',(0.,3.85151748662701E-17,1.));
#12229=DIRECTION('',(0.,-1.1999075426717E-16,1.));
#12230=DIRECTION('',(1.,0.,0.));
#12231=DIRECTION('',(0.,1.1999075426717E-16,-1.));
#12232=DIRECTION('',(0.,3.85151748662701E-17,1.));
#12233=DIRECTION('',(-1.,0.,0.));
#12234=DIRECTION('',(0.,0.,-1.));
#12235=DIRECTION('',(-1.,0.,0.));
#12236=DIRECTION('',(1.,-1.35525271560688E-16,0.));
#12237=DIRECTION('',(0.,1.,0.));
#12238=DIRECTION('',(-1.,1.18584612615602E-16,0.));
#12239=DIRECTION('',(0.,-1.,0.));
#12240=DIRECTION('',(1.,-1.35525271560688E-16,0.));
#12241=DIRECTION('',(0.,1.,0.));
#12242=DIRECTION('',(-1.,1.18584612615602E-16,0.));
#12243=DIRECTION('',(0.,-1.,0.));
#12244=DIRECTION('',(0.,-1.,0.));
#12245=DIRECTION('',(1.,0.,0.));
#12246=DIRECTION('',(0.,-1.,0.));
#12247=DIRECTION('',(0.,1.,0.));
#12248=DIRECTION('',(-1.,0.,0.));
#12249=DIRECTION('',(0.,1.,0.));
#12250=DIRECTION('',(0.,-1.,0.));
#12251=DIRECTION('',(-1.,0.,0.));
#12252=DIRECTION('',(0.,-1.,0.));
#12253=DIRECTION('',(0.,-1.,0.));
#12254=DIRECTION('',(1.,1.35525271560688E-16,0.));
#12255=DIRECTION('',(0.,1.,0.));
#12256=DIRECTION('',(-1.,-1.18584612615602E-16,0.));
#12257=DIRECTION('',(0.,0.,1.));
#12258=DIRECTION('',(1.,0.,0.));
#12259=DIRECTION('',(1.,0.,0.));
#12260=DIRECTION('',(0.,-1.,0.));
#12261=DIRECTION('',(-1.,0.,0.));
#12262=DIRECTION('',(0.,1.,0.));
#12263=DIRECTION('',(0.,1.,0.));
#12264=DIRECTION('',(-1.,0.,0.));
#12265=DIRECTION('',(0.,1.,0.));
#12266=DIRECTION('',(1.,0.,0.));
#12267=DIRECTION('',(0.,-1.,0.));
#12268=DIRECTION('',(-1.,0.,0.));
#12269=DIRECTION('',(0.,1.,0.));
#12270=DIRECTION('',(0.,1.,0.));
#12271=DIRECTION('',(1.,0.,0.));
#12272=DIRECTION('',(0.,-1.,0.));
#12273=DIRECTION('',(-1.,0.,0.));
#12274=DIRECTION('',(0.993372765600396,-0.114937150492867,0.));
#12275=DIRECTION('',(0.114937150492867,0.993372765600396,0.));
#12276=DIRECTION('',(0.107811485731811,0.931787444578622,0.346624929383247));
#12277=DIRECTION('',(0.,0.,1.));
#12278=DIRECTION('',(-0.0840070923639859,-0.726052084237462,0.682488959183214));
#12279=DIRECTION('',(2.61346815488456E-17,2.25875452601147E-16,-1.));
#12280=DIRECTION('',(-0.962217993529285,-0.272280247040574,-3.267111221445E-17));
#12281=DIRECTION('',(0.272280247040574,-0.962217993529285,0.));
#12282=DIRECTION('',(-0.20193337014848,0.713617401051947,-0.67080035698883));
#12283=DIRECTION('',(0.,-1.1999075426717E-16,1.));
#12284=DIRECTION('',(0.25635251577166,-0.905930584546714,-0.337006177451378));
#12285=DIRECTION('',(2.99623495029916E-17,-2.25875452601147E-16,1.));
#12286=DIRECTION('',(0.,0.681418527918843,0.73189397443135));
#12287=DIRECTION('',(0.,-0.73189397443135,0.681418527918843));
#12288=DIRECTION('',(1.,0.,0.));
#12289=DIRECTION('',(0.,-0.73189397443135,0.681418527918843));
#12290=DIRECTION('',(1.,0.,0.));
#12291=DIRECTION('',(0.,-0.73189397443135,0.681418527918843));
#12292=DIRECTION('',(1.,0.,0.));
#12293=DIRECTION('',(0.,-0.73189397443135,0.681418527918843));
#12294=DIRECTION('',(1.,0.,0.));
#12295=DIRECTION('',(0.,0.73189397443135,-0.681418527918843));
#12296=DIRECTION('',(0.,-2.16840434497101E-16,1.));
#12297=DIRECTION('',(0.,-1.,-2.16840434497101E-16));
#12298=DIRECTION('',(0.,1.,1.04548066632531E-16));
#12299=DIRECTION('',(0.,-1.,-2.16840434497101E-16));
#12300=DIRECTION('',(0.,-2.16840434497101E-16,1.));
#12301=DIRECTION('',(0.,-1.,-2.16840434497101E-16));
#12302=DIRECTION('',(0.,1.,1.04548066632531E-16));
#12303=DIRECTION('',(0.,-1.,-2.16840434497101E-16));
#12304=DIRECTION('',(0.,-1.,-2.25875452601147E-16));
#12305=DIRECTION('',(0.,2.25875452601147E-16,-1.));
#12306=DIRECTION('',(-1.,0.,0.));
#12307=DIRECTION('',(2.99623495029916E-17,-2.25875452601147E-16,1.));
#12308=DIRECTION('',(-1.,0.,0.));
#12309=DIRECTION('',(0.,-1.67315150074924E-16,1.));
#12310=DIRECTION('',(0.,-2.25875452601147E-16,1.));
#12311=DIRECTION('',(0.,-2.25875452601147E-16,1.));
#12312=DIRECTION('',(-1.,0.,0.));
#12313=DIRECTION('',(-1.,0.,0.));
#12314=DIRECTION('',(2.61346815488456E-17,-2.25875452601147E-16,1.));
#12315=DIRECTION('',(-1.,0.,0.));
#12316=DIRECTION('',(2.99623495029916E-17,2.25875452601147E-16,-1.));
#12317=DIRECTION('',(1.,0.,0.));
#12318=DIRECTION('',(1.,0.,0.));
#12319=DIRECTION('',(-1.,0.,0.));
#12320=DIRECTION('',(0.,0.,1.));
#12321=DIRECTION('',(0.,-1.,-1.73472347597681E-15));
#12322=DIRECTION('',(0.,-1.1999075426717E-16,1.));
#12323=DIRECTION('',(0.,1.,0.));
#12324=DIRECTION('',(-1.,0.,0.));
#12325=DIRECTION('',(0.,0.,1.));
#12326=DIRECTION('',(0.,1.,0.));
#12327=DIRECTION('',(0.,1.40805476946169E-16,-1.));
#12328=DIRECTION('',(0.,-1.,-1.73472347597681E-15));
#12329=DIRECTION('',(-1.,0.,0.));
#12330=DIRECTION('',(0.,0.,1.));
#12331=DIRECTION('',(0.,-1.,-1.73472347597681E-15));
#12332=DIRECTION('',(0.,0.,1.));
#12333=DIRECTION('',(0.,1.,0.));
#12334=DIRECTION('',(-1.,0.,0.));
#12335=DIRECTION('',(0.,0.,1.));
#12336=DIRECTION('',(0.,1.,0.));
#12337=DIRECTION('',(0.,-1.1999075426717E-16,1.));
#12338=DIRECTION('',(0.,-1.,-1.73472347597681E-15));
#12339=DIRECTION('',(0.,0.681418527918843,0.73189397443135));
#12340=DIRECTION('',(0.,-0.73189397443135,0.681418527918843));
#12341=DIRECTION('',(-1.,0.,0.));
#12342=DIRECTION('',(0.,0.73189397443135,-0.681418527918843));
#12343=DIRECTION('',(1.,0.,0.));
#12344=DIRECTION('',(0.,-0.73189397443135,0.681418527918843));
#12345=DIRECTION('',(-1.,0.,0.));
#12346=DIRECTION('',(0.,0.73189397443135,-0.681418527918843));
#12347=DIRECTION('',(-1.,0.,0.));
#12348=DIRECTION('',(0.,0.73189397443135,-0.681418527918843));
#12349=DIRECTION('',(0.,-2.16840434497101E-16,1.));
#12350=DIRECTION('',(0.,-1.,-2.16840434497101E-16));
#12351=DIRECTION('',(0.,1.,1.04548066632531E-16));
#12352=DIRECTION('',(0.,1.,2.16840434497101E-16));
#12353=DIRECTION('',(0.,-2.16840434497101E-16,1.));
#12354=DIRECTION('',(0.,-1.,-2.16840434497101E-16));
#12355=DIRECTION('',(0.,1.,1.04548066632531E-16));
#12356=DIRECTION('',(0.,1.,2.16840434497101E-16));
#12357=DIRECTION('',(0.,-0.97600037380915,0.217768846083178));
#12358=DIRECTION('',(0.,-0.217768846083178,-0.97600037380915));
#12359=DIRECTION('',(0.,0.217768846083178,0.97600037380915));
#12360=DIRECTION('',(0.,0.217768846083178,0.97600037380915));
#12361=DIRECTION('',(-1.,0.,0.));
#12362=DIRECTION('',(0.,0.,1.));
#12363=DIRECTION('',(-1.,0.,0.));
#12364=DIRECTION('',(0.,0.,1.));
#12365=DIRECTION('',(0.,0.,-1.));
#12366=DIRECTION('',(-1.,0.,0.));
#12367=DIRECTION('',(0.,-1.,0.));
#12368=DIRECTION('',(0.,-1.,0.));
#12369=DIRECTION('',(-1.,0.,0.));
#12370=DIRECTION('',(0.,0.976000373809151,-0.217768846083178));
#12371=DIRECTION('',(0.,0.217768846083178,0.976000373809151));
#12372=DIRECTION('',(0.,-0.217768846083178,-0.976000373809151));
#12373=DIRECTION('',(0.,-0.217768846083178,-0.976000373809151));
#12374=DIRECTION('',(-1.,0.,0.));
#12375=DIRECTION('',(0.,1.,1.27054942088145E-16));
#12376=DIRECTION('',(0.,-1.27054942088145E-16,1.));
#12377=DIRECTION('',(0.,1.27054942088145E-16,-1.));
#12378=DIRECTION('',(0.,1.27054942088145E-16,-1.));
#12379=DIRECTION('',(1.,0.,0.));
#12380=DIRECTION('',(0.,0.,-1.));
#12381=DIRECTION('',(1.,0.,0.));
#12382=DIRECTION('',(0.,0.,-1.));
#12383=DIRECTION('',(0.,0.976000373809151,-0.217768846083178));
#12384=DIRECTION('',(0.,0.217768846083178,0.976000373809151));
#12385=DIRECTION('',(0.,-0.217768846083178,-0.976000373809151));
#12386=DIRECTION('',(-1.,0.,0.));
#12387=DIRECTION('',(0.,-0.217768846083178,-0.976000373809151));
#12388=DIRECTION('',(0.,0.,-1.));
#12389=DIRECTION('',(-1.,0.,0.));
#12390=DIRECTION('',(0.,-1.,0.));
#12391=DIRECTION('',(0.,-1.,0.));
#12392=DIRECTION('',(1.,0.,0.));
#12393=DIRECTION('',(0.,0.,-1.));
#12394=DIRECTION('',(1.,0.,0.));
#12395=DIRECTION('',(0.,0.,-1.));
#12396=DIRECTION('',(0.,0.,1.));
#12397=DIRECTION('',(1.,0.,0.));
#12398=DIRECTION('',(0.,1.,0.));
#12399=DIRECTION('',(-1.,0.,0.));
#12400=DIRECTION('',(0.,1.,0.));
#12401=DIRECTION('',(0.,1.0842021724855E-16,-1.));
#12402=DIRECTION('',(0.,1.,1.0842021724855E-16));
#12403=DIRECTION('',(0.,-1.,-1.0842021724855E-16));
#12404=DIRECTION('',(0.,-1.,-1.0842021724855E-16));
#12405=DIRECTION('',(-1.,0.,0.));
#12406=DIRECTION('',(0.,1.,0.));
#12407=DIRECTION('',(0.,0.,1.));
#12408=DIRECTION('',(0.,0.,-1.));
#12409=DIRECTION('',(0.,0.,-1.));
#12410=DIRECTION('',(1.,0.,0.));
#12411=DIRECTION('',(0.,0.,-1.));
#12412=DIRECTION('',(1.,0.,0.));
#12413=DIRECTION('',(0.,0.,-1.));
#12414=DIRECTION('',(0.,1.73472347597681E-15,-1.));
#12415=DIRECTION('',(0.,1.,1.73472347597681E-15));
#12416=DIRECTION('',(-1.,0.,0.));
#12417=DIRECTION('',(0.,0.348657127931214,-0.937250343901114));
#12418=DIRECTION('',(0.,0.937250343901114,0.348657127931214));
#12419=DIRECTION('',(0.25635251577166,0.905930584546714,0.337006177451378));
#12420=DIRECTION('',(0.107811485731811,-0.931787444578622,-0.346624929383247));
#12421=DIRECTION('',(0.,0.684910008767887,0.728627668902007));
#12422=DIRECTION('',(0.,-0.728627668902007,0.684910008767887));
#12423=DIRECTION('',(-0.20193337014848,-0.713617401051947,0.67080035698883));
#12424=DIRECTION('',(-1.,0.,0.));
#12425=DIRECTION('',(-0.0840070923639859,0.726052084237462,-0.682488959183214));
#12426=DIRECTION('',(0.,0.,1.));
#12427=DIRECTION('',(1.,0.,0.));
#12428=DIRECTION('',(-0.993372765600396,-0.114937150492867,0.));
#12429=DIRECTION('',(0.114937150492867,-0.993372765600396,0.));
#12430=DIRECTION('',(0.962217993529285,-0.272280247040574,-3.267111221445E-17));
#12431=DIRECTION('',(0.272280247040574,0.962217993529285,0.));
#12432=DIRECTION('',(-1.,0.,0.));
#12433=DIRECTION('',(0.,0.,1.));
#12434=DIRECTION('',(0.,1.,1.04548066632531E-16));
#12435=DIRECTION('',(0.,1.04548066632531E-16,-1.));
#12436=DIRECTION('',(0.,1.,1.04548066632531E-16));
#12437=DIRECTION('',(0.,1.,1.04548066632531E-16));
#12438=DIRECTION('',(1.,0.,0.));
#12439=DIRECTION('',(0.,0.,-1.));
#12440=DIRECTION('',(1.,0.,0.));
#12441=DIRECTION('',(0.,0.,-1.));
#12442=DIRECTION('',(0.,0.707106781186547,0.707106781186548));
#12443=DIRECTION('',(0.,-1.,0.));
#12444=DIRECTION('',(0.,0.,-1.));
#12445=DIRECTION('',(-1.,0.,0.));
#12446=DIRECTION('',(0.,0.,1.));
#12447=DIRECTION('',(0.,1.,0.));
#12448=DIRECTION('',(0.,-0.707106781186547,-0.707106781186548));
#12449=DIRECTION('',(0.,0.,-1.));
#12450=DIRECTION('',(0.,-1.,0.));
#12451=DIRECTION('',(0.,0.,-1.));
#12452=DIRECTION('',(-1.,0.,0.));
#12453=DIRECTION('',(0.,0.,1.));
#12454=DIRECTION('',(1.,0.,0.));
#12455=DIRECTION('',(1.,0.,0.));
#12456=DIRECTION('',(1.,0.,0.));
#12457=DIRECTION('',(0.,0.,-1.));
#12458=DIRECTION('',(0.,1.,0.));
#12459=DIRECTION('',(0.,-0.707106781186547,0.707106781186548));
#12460=DIRECTION('',(0.,0.,1.));
#12461=DIRECTION('',(-1.35525271560688E-16,-1.,0.));
#12462=DIRECTION('',(1.,-1.35525271560688E-16,0.));
#12463=DIRECTION('',(0.,0.,1.));
#12464=DIRECTION('',(1.,-1.35525271560688E-16,0.));
#12465=DIRECTION('',(-1.,0.,0.));
#12466=DIRECTION('',(0.,0.,1.));
#12467=DIRECTION('',(0.,0.707106781186547,-0.707106781186548));
#12468=DIRECTION('',(0.,-1.,0.));
#12469=DIRECTION('',(0.,0.,-1.));
#12470=DIRECTION('',(-1.,0.,0.));
#12471=DIRECTION('',(-1.,1.18584612615602E-16,0.));
#12472=DIRECTION('',(-8.3851983724872E-17,-0.707106781186548,-0.707106781186547));
#12473=DIRECTION('',(1.,-1.18584612615602E-16,0.));
#12474=DIRECTION('',(0.,-0.707106781186548,0.707106781186547));
#12475=DIRECTION('',(-1.,0.,0.));
#12476=DIRECTION('',(0.,0.976000373809151,-0.217768846083178));
#12477=DIRECTION('',(0.,0.217768846083178,0.976000373809151));
#12478=DIRECTION('',(0.,-0.217768846083178,-0.976000373809151));
#12479=DIRECTION('',(-1.,0.,0.));
#12480=DIRECTION('',(0.,-0.217768846083178,-0.976000373809151));
#12481=DIRECTION('',(0.,0.,-1.));
#12482=DIRECTION('',(-1.,0.,0.));
#12483=DIRECTION('',(0.,-1.,0.));
#12484=DIRECTION('',(0.,-1.,0.));
#12485=DIRECTION('',(1.,0.,0.));
#12486=DIRECTION('',(0.,0.,-1.));
#12487=DIRECTION('',(1.,0.,0.));
#12488=DIRECTION('',(0.,0.,-1.));
#12489=DIRECTION('',(0.,0.,1.));
#12490=DIRECTION('',(1.,0.,0.));
#12491=DIRECTION('',(0.,1.,0.));
#12492=DIRECTION('',(-1.,0.,0.));
#12493=DIRECTION('',(0.,1.,0.));
#12494=DIRECTION('',(0.,1.0842021724855E-16,-1.));
#12495=DIRECTION('',(0.,1.,1.0842021724855E-16));
#12496=DIRECTION('',(0.,-1.,-1.0842021724855E-16));
#12497=DIRECTION('',(0.,-1.,-1.0842021724855E-16));
#12498=DIRECTION('',(-1.,0.,0.));
#12499=DIRECTION('',(0.,1.,0.));
#12500=DIRECTION('',(0.,0.,1.));
#12501=DIRECTION('',(0.,0.,-1.));
#12502=DIRECTION('',(0.,0.,-1.));
#12503=DIRECTION('',(1.,0.,0.));
#12504=DIRECTION('',(0.,0.,-1.));
#12505=DIRECTION('',(1.,0.,0.));
#12506=DIRECTION('',(0.,0.,-1.));
#12507=DIRECTION('',(0.,1.73472347597681E-15,-1.));
#12508=DIRECTION('',(0.,1.,1.73472347597681E-15));
#12509=DIRECTION('',(-1.,0.,0.));
#12510=DIRECTION('',(0.,0.348657127931214,-0.937250343901114));
#12511=DIRECTION('',(0.,0.937250343901114,0.348657127931214));
#12512=DIRECTION('',(0.25635251577166,-0.905930584546714,-0.337006177451378));
#12513=DIRECTION('',(0.,-0.937250343901114,-0.348657127931214));
#12514=DIRECTION('',(0.,0.684910008767887,0.728627668902007));
#12515=DIRECTION('',(0.,-0.728627668902007,0.684910008767887));
#12516=DIRECTION('',(0.,0.728627668902007,-0.684910008767887));
#12517=DIRECTION('',(-1.,0.,0.));
#12518=DIRECTION('',(-0.20193337014848,0.713617401051947,-0.67080035698883));
#12519=DIRECTION('',(0.,0.,1.));
#12520=DIRECTION('',(1.,0.,0.));
#12521=DIRECTION('',(-0.962217993529285,-0.272280247040574,-3.267111221445E-17));
#12522=DIRECTION('',(0.272280247040574,-0.962217993529285,0.));
#12523=DIRECTION('',(-1.,0.,0.));
#12524=DIRECTION('',(0.,0.,1.));
#12525=DIRECTION('',(1.,0.,0.));
#12526=DIRECTION('',(0.,0.,-1.));
#12527=DIRECTION('',(0.,0.707106781186547,0.707106781186548));
#12528=DIRECTION('',(0.,-1.,0.));
#12529=DIRECTION('',(0.,0.,-1.));
#12530=DIRECTION('',(-1.,0.,0.));
#12531=DIRECTION('',(0.,0.,1.));
#12532=DIRECTION('',(0.,1.,0.));
#12533=DIRECTION('',(0.,-0.707106781186547,-0.707106781186548));
#12534=DIRECTION('',(0.,0.,-1.));
#12535=DIRECTION('',(0.,-1.,0.));
#12536=DIRECTION('',(0.,0.,-1.));
#12537=DIRECTION('',(-1.,0.,0.));
#12538=DIRECTION('',(0.,0.,1.));
#12539=DIRECTION('',(1.,0.,0.));
#12540=DIRECTION('',(1.,0.,0.));
#12541=DIRECTION('',(1.,0.,0.));
#12542=DIRECTION('',(0.,0.,-1.));
#12543=DIRECTION('',(0.,1.,0.));
#12544=DIRECTION('',(0.,-0.707106781186547,0.707106781186548));
#12545=DIRECTION('',(0.,0.,1.));
#12546=DIRECTION('',(-1.35525271560688E-16,-1.,0.));
#12547=DIRECTION('',(1.,-1.35525271560688E-16,0.));
#12548=DIRECTION('',(0.,0.,1.));
#12549=DIRECTION('',(1.,-1.35525271560688E-16,0.));
#12550=DIRECTION('',(-1.,0.,0.));
#12551=DIRECTION('',(0.,0.,1.));
#12552=DIRECTION('',(0.,0.707106781186547,-0.707106781186548));
#12553=DIRECTION('',(0.,-1.,0.));
#12554=DIRECTION('',(0.,0.,-1.));
#12555=DIRECTION('',(-1.,0.,0.));
#12556=DIRECTION('',(-1.,-1.18584612615602E-16,0.));
#12557=DIRECTION('',(0.,0.,-1.));
#12558=DIRECTION('',(-1.,0.,0.));
#12559=DIRECTION('',(0.,1.,0.));
#12560=DIRECTION('',(1.,0.,0.));
#12561=DIRECTION('',(0.,1.,0.));
#12562=DIRECTION('',(0.,1.,1.27054942088145E-16));
#12563=DIRECTION('',(0.,-1.27054942088145E-16,1.));
#12564=DIRECTION('',(0.,-1.27054942088145E-16,1.));
#12565=DIRECTION('',(0.,-1.27054942088145E-16,1.));
#12566=DIRECTION('',(1.,0.,0.));
#12567=DIRECTION('',(0.,0.976000373809151,-0.217768846083178));
#12568=DIRECTION('',(0.,0.217768846083178,0.976000373809151));
#12569=DIRECTION('',(0.,0.217768846083178,0.976000373809151));
#12570=DIRECTION('',(0.,0.217768846083178,0.976000373809151));
#12571=DIRECTION('',(-1.,0.,0.));
#12572=DIRECTION('',(0.,0.,1.));
#12573=DIRECTION('',(-1.,0.,0.));
#12574=DIRECTION('',(0.,0.,1.));
#12575=DIRECTION('',(0.,0.976000373809151,-0.217768846083178));
#12576=DIRECTION('',(0.,0.217768846083178,0.976000373809151));
#12577=DIRECTION('',(0.,0.217768846083178,0.976000373809151));
#12578=DIRECTION('',(0.,0.217768846083178,0.976000373809151));
#12579=DIRECTION('',(1.,0.,0.));
#12580=DIRECTION('',(0.,0.,-1.));
#12581=DIRECTION('',(-1.,0.,0.));
#12582=DIRECTION('',(0.,1.,0.));
#12583=DIRECTION('',(0.,1.,0.));
#12584=DIRECTION('',(-1.,0.,0.));
#12585=DIRECTION('',(0.,0.,1.));
#12586=DIRECTION('',(-1.,0.,0.));
#12587=DIRECTION('',(0.,0.,1.));
#12588=DIRECTION('',(0.,0.,1.));
#12589=DIRECTION('',(1.,0.,0.));
#12590=DIRECTION('',(0.,-1.,0.));
#12591=DIRECTION('',(0.,-1.,0.));
#12592=DIRECTION('',(1.,0.,0.));
#12593=DIRECTION('',(0.,1.,0.));
#12594=DIRECTION('',(0.,0.,1.));
#12595=DIRECTION('',(0.,0.,1.));
#12596=DIRECTION('',(0.,0.,1.));
#12597=DIRECTION('',(1.,0.,0.));
#12598=DIRECTION('',(0.,1.0842021724855E-16,-1.));
#12599=DIRECTION('',(0.,1.,1.0842021724855E-16));
#12600=DIRECTION('',(0.,1.,1.0842021724855E-16));
#12601=DIRECTION('',(0.,1.,1.0842021724855E-16));
#12602=DIRECTION('',(-1.,0.,0.));
#12603=DIRECTION('',(0.,0.,1.));
#12604=DIRECTION('',(-1.,0.,0.));
#12605=DIRECTION('',(0.,0.,1.));
#12606=DIRECTION('',(0.,1.73472347597681E-15,-1.));
#12607=DIRECTION('',(0.,1.,1.73472347597681E-15));
#12608=DIRECTION('',(0.,1.,1.73472347597681E-15));
#12609=DIRECTION('',(0.,1.,1.73472347597681E-15));
#12610=DIRECTION('',(1.,0.,0.));
#12611=DIRECTION('',(0.,0.,1.));
#12612=DIRECTION('',(1.,0.,0.));
#12613=DIRECTION('',(0.,-1.,0.));
#12614=DIRECTION('',(1.,0.,0.));
#12615=DIRECTION('',(0.,-1.,0.));
#12616=DIRECTION('',(0.,0.684910008767887,0.728627668902007));
#12617=DIRECTION('',(0.,-0.728627668902007,0.684910008767887));
#12618=DIRECTION('',(0.,0.348657127931214,-0.937250343901114));
#12619=DIRECTION('',(0.,0.937250343901114,0.348657127931214));
#12620=DIRECTION('',(1.,0.,0.));
#12621=DIRECTION('',(0.,0.,-1.));
#12622=DIRECTION('',(1.,0.,0.));
#12623=DIRECTION('',(0.,0.,-1.));
#12624=DIRECTION('',(1.,0.,0.));
#12625=DIRECTION('',(0.,0.,-1.));
#12626=DIRECTION('',(0.,1.,1.04548066632531E-16));
#12627=DIRECTION('',(-1.,0.,0.));
#12628=DIRECTION('',(0.,0.,1.));
#12629=DIRECTION('',(0.,1.,1.04548066632531E-16));
#12630=DIRECTION('',(0.,1.04548066632531E-16,-1.));
#12631=DIRECTION('',(0.,1.,1.04548066632531E-16));
#12632=DIRECTION('',(-1.,0.,0.));
#12633=DIRECTION('',(0.,0.,1.));
#12634=DIRECTION('',(0.,1.,0.));
#12635=DIRECTION('',(0.,-0.707106781186547,-0.707106781186548));
#12636=DIRECTION('',(0.,0.,-1.));
#12637=DIRECTION('',(0.,-1.,0.));
#12638=DIRECTION('',(0.,0.,-1.));
#12639=DIRECTION('',(0.,0.,-1.));
#12640=DIRECTION('',(-1.,0.,0.));
#12641=DIRECTION('',(1.,0.,0.));
#12642=DIRECTION('',(0.,0.,-1.));
#12643=DIRECTION('',(0.,0.707106781186547,0.707106781186548));
#12644=DIRECTION('',(0.,-1.,0.));
#12645=DIRECTION('',(0.,0.,1.));
#12646=DIRECTION('',(1.,0.,0.));
#12647=DIRECTION('',(1.,0.,0.));
#12648=DIRECTION('',(1.35525271560688E-16,-1.,0.));
#12649=DIRECTION('',(1.,1.35525271560688E-16,0.));
#12650=DIRECTION('',(0.,0.,1.));
#12651=DIRECTION('',(1.,1.35525271560688E-16,0.));
#12652=DIRECTION('',(0.,0.,1.));
#12653=DIRECTION('',(-1.,0.,0.));
#12654=DIRECTION('',(0.,0.,1.));
#12655=DIRECTION('',(0.,0.707106781186547,-0.707106781186548));
#12656=DIRECTION('',(0.,-1.,0.));
#12657=DIRECTION('',(1.,0.,0.));
#12658=DIRECTION('',(0.,0.,-1.));
#12659=DIRECTION('',(0.,1.,0.));
#12660=DIRECTION('',(0.,-0.707106781186547,0.707106781186548));
#12661=DIRECTION('',(0.,0.,-1.));
#12662=DIRECTION('',(-1.,0.,0.));
#12663=DIRECTION('',(-1.,-1.18584612615602E-16,0.));
#12664=DIRECTION('',(8.3851983724872E-17,-0.707106781186548,-0.707106781186547));
#12665=DIRECTION('',(1.,1.18584612615602E-16,0.));
#12666=DIRECTION('',(0.,-0.707106781186548,0.707106781186547));
#12667=DIRECTION('',(-1.,0.,0.));
#12668=DIRECTION('',(1.,0.,0.));
#12669=DIRECTION('',(0.,0.,-1.));
#12670=DIRECTION('',(0.,1.,1.04548066632531E-16));
#12671=DIRECTION('',(-1.,0.,0.));
#12672=DIRECTION('',(0.,0.,1.));
#12673=DIRECTION('',(0.,1.,1.04548066632531E-16));
#12674=DIRECTION('',(0.,1.04548066632531E-16,-1.));
#12675=DIRECTION('',(0.,1.,1.04548066632531E-16));
#12676=DIRECTION('',(8.3851983724872E-17,-0.707106781186548,-0.707106781186547));
#12677=DIRECTION('',(1.,1.18584612615602E-16,0.));
#12678=DIRECTION('',(0.,-0.707106781186548,0.707106781186547));
#12679=DIRECTION('',(-1.,0.,0.));
#12680=DIRECTION('',(3.21648474744109E-17,1.38777878078145E-16,1.));
#12681=DIRECTION('',(1.,9.03899971383506E-18,-3.21648474744109E-17));
#12682=DIRECTION('',(-9.5896396266644E-17,2.80577028157429E-17,1.));
#12683=DIRECTION('',(1.,-1.11022302462516E-16,9.5896396266644E-17));
#12684=DIRECTION('',(0.,0.,1.));
#12685=DIRECTION('',(1.,-1.66533453693774E-16,0.));
#12686=DIRECTION('',(1.,-8.39606162372775E-16,-8.44616642319479E-17));
#12687=DIRECTION('',(-8.44616642319479E-17,4.72126925705023E-17,-1.));
#12688=CARTESIAN_POINT('',(0.,0.,0.));
#12689=CARTESIAN_POINT('',(7.62,4.85,6.55));
#12690=CARTESIAN_POINT('',(4.12,4.85,4.22374898452086));
#12691=CARTESIAN_POINT('',(2.52,4.85,4.22374898452086));
#12692=CARTESIAN_POINT('',(4.12,4.85,4.22374898452086));
#12693=CARTESIAN_POINT('',(4.12,4.85,6.55));
#12694=CARTESIAN_POINT('',(4.12,4.85,6.55));
#12695=CARTESIAN_POINT('',(7.62,4.85,6.55));
#12696=CARTESIAN_POINT('',(7.62,4.85,6.55));
#12697=CARTESIAN_POINT('',(7.62,4.85,6.55));
#12698=CARTESIAN_POINT('',(7.62,4.85,2.575));
#12699=CARTESIAN_POINT('',(-7.62,4.85,2.575));
#12700=CARTESIAN_POINT('',(4.12,4.85,2.575));
#12701=CARTESIAN_POINT('',(4.12,4.85,2.275));
#12702=CARTESIAN_POINT('',(4.12,4.85,3.275));
#12703=CARTESIAN_POINT('',(4.12,4.85,3.275));
#12704=CARTESIAN_POINT('',(2.52,4.85,3.275));
#12705=CARTESIAN_POINT('',(2.52,4.85,3.275));
#12706=CARTESIAN_POINT('',(2.52,4.85,2.575));
#12707=CARTESIAN_POINT('',(-7.62,4.85,2.575));
#12708=CARTESIAN_POINT('',(-2.52,4.85,2.575));
#12709=CARTESIAN_POINT('',(-2.52,4.85,2.275));
#12710=CARTESIAN_POINT('',(-2.52,4.85,3.275));
#12711=CARTESIAN_POINT('',(-2.52,4.85,3.275));
#12712=CARTESIAN_POINT('',(-4.12,4.85,3.275));
#12713=CARTESIAN_POINT('',(-4.12,4.85,3.275));
#12714=CARTESIAN_POINT('',(-4.12,4.85,2.575));
#12715=CARTESIAN_POINT('',(-7.62,4.85,2.575));
#12716=CARTESIAN_POINT('',(-7.72,4.85,2.575));
#12717=CARTESIAN_POINT('',(-7.72,4.85,6.55));
#12718=CARTESIAN_POINT('',(-7.72,4.85,6.55));
#12719=CARTESIAN_POINT('',(7.62,4.85,6.55));
#12720=CARTESIAN_POINT('',(-4.12,4.85,6.55));
#12721=CARTESIAN_POINT('',(-4.12,4.85,6.55));
#12722=CARTESIAN_POINT('',(-4.12,4.85,4.22374898452086));
#12723=CARTESIAN_POINT('',(-2.52,4.85,4.22374898452086));
#12724=CARTESIAN_POINT('',(-2.52,4.85,4.22374898452086));
#12725=CARTESIAN_POINT('',(-2.52,4.85,6.55));
#12726=CARTESIAN_POINT('',(-2.52,4.85,6.55));
#12727=CARTESIAN_POINT('',(7.62,4.85,6.55));
#12728=CARTESIAN_POINT('',(2.52,4.85,6.55));
#12729=CARTESIAN_POINT('',(2.52,4.85,6.55));
#12730=CARTESIAN_POINT('',(7.62,4.85,2.575));
#12731=CARTESIAN_POINT('',(2.52,4.85,2.575));
#12732=CARTESIAN_POINT('',(2.52,5.15,2.275));
#12733=CARTESIAN_POINT('',(7.62,5.15,2.275));
#12734=CARTESIAN_POINT('',(1.325,5.15,2.275));
#12735=CARTESIAN_POINT('',(-1.325,5.15,2.275));
#12736=CARTESIAN_POINT('',(-1.325,5.15,2.275));
#12737=CARTESIAN_POINT('',(7.62,5.15,2.275));
#12738=CARTESIAN_POINT('',(-2.52,5.15,2.275));
#12739=CARTESIAN_POINT('',(-2.52,4.85,2.575));
#12740=CARTESIAN_POINT('',(-3.04,-1.25,9.4));
#12741=CARTESIAN_POINT('',(-3.04,-1.25,-3.25));
#12742=CARTESIAN_POINT('',(-3.04,4.45,-3.25));
#12743=CARTESIAN_POINT('',(-3.04,-0.550000000000002,-3.25));
#12744=CARTESIAN_POINT('',(-3.04,-0.550000000000002,9.4));
#12745=CARTESIAN_POINT('',(-3.04,-0.550000000000001,6.85));
#12746=CARTESIAN_POINT('',(-3.04,3.75,6.85));
#12747=CARTESIAN_POINT('',(-3.04,3.75,6.85));
#12748=CARTESIAN_POINT('',(-3.04,3.75,6.85));
#12749=CARTESIAN_POINT('',(-3.04,3.75,0.95));
#12750=CARTESIAN_POINT('',(-3.04,4.95,0.95));
#12751=CARTESIAN_POINT('',(-3.04,11.55,0.950000000000001));
#12752=CARTESIAN_POINT('',(-3.04,11.55,0.950000000000001));
#12753=CARTESIAN_POINT('',(-3.04,11.55,-0.399999999999999));
#12754=CARTESIAN_POINT('',(-3.04,5.65,-0.4));
#12755=CARTESIAN_POINT('',(-3.04,5.65,-0.4));
#12756=CARTESIAN_POINT('',(-3.04,5.65,-0.9));
#12757=CARTESIAN_POINT('',(-3.04,5.65,-0.9));
#12758=CARTESIAN_POINT('',(-3.04,5.65,-0.9));
#12759=CARTESIAN_POINT('',(-3.04,11.55,-0.9));
#12760=CARTESIAN_POINT('',(-3.04,11.55,0.950000000000001));
#12761=CARTESIAN_POINT('',(-3.04,11.55,-2.15));
#12762=CARTESIAN_POINT('',(-3.04,11.55,-2.15));
#12763=CARTESIAN_POINT('',(-3.04,4.95,-2.15));
#12764=CARTESIAN_POINT('',(-3.04,4.95,0.95));
#12765=CARTESIAN_POINT('',(-3.04,4.95,-2.75));
#12766=CARTESIAN_POINT('',(-3.04,7.92499999999999,0.224999999999989));
#12767=CARTESIAN_POINT('',(-2.04,-1.25,-3.25));
#12768=CARTESIAN_POINT('',(-2.04,3.75,6.85));
#12769=CARTESIAN_POINT('',(-2.04,3.75,6.85));
#12770=CARTESIAN_POINT('',(-2.04,-0.550000000000001,6.85));
#12771=CARTESIAN_POINT('',(-2.04,-0.550000000000004,-3.25));
#12772=CARTESIAN_POINT('',(-2.04,-0.550000000000004,-3.25));
#12773=CARTESIAN_POINT('',(-2.04,-1.25,-3.25));
#12774=CARTESIAN_POINT('',(-2.04,4.45,-3.25));
#12775=CARTESIAN_POINT('',(-2.04,1.6,-6.1));
#12776=CARTESIAN_POINT('',(-2.04,4.95,-2.75));
#12777=CARTESIAN_POINT('',(-2.04,4.95,-3.25));
#12778=CARTESIAN_POINT('',(-2.04,4.95,-2.15));
#12779=CARTESIAN_POINT('',(-2.04,11.55,-2.15));
#12780=CARTESIAN_POINT('',(-2.04,11.55,-2.15));
#12781=CARTESIAN_POINT('',(-2.04,11.55,-2.15));
#12782=CARTESIAN_POINT('',(-2.04,11.55,-0.9));
#12783=CARTESIAN_POINT('',(-2.04,5.65,-0.9));
#12784=CARTESIAN_POINT('',(-2.04,5.65,-0.9));
#12785=CARTESIAN_POINT('',(-2.04,5.65,-0.9));
#12786=CARTESIAN_POINT('',(-2.04,5.65,-0.400000000000001));
#12787=CARTESIAN_POINT('',(-2.04,5.65,-0.4));
#12788=CARTESIAN_POINT('',(-2.04,11.55,-0.4));
#12789=CARTESIAN_POINT('',(-2.04,11.55,-2.15));
#12790=CARTESIAN_POINT('',(-2.04,11.55,0.950000000000001));
#12791=CARTESIAN_POINT('',(-2.04,4.95,0.95));
#12792=CARTESIAN_POINT('',(-2.04,3.75,0.95));
#12793=CARTESIAN_POINT('',(-2.04,3.75,-3.25));
#12794=CARTESIAN_POINT('',(-3.04,-0.550000000000004,8.6));
#12795=CARTESIAN_POINT('',(-2.6067266909602,-4.67232017049162,-3.25));
#12796=CARTESIAN_POINT('',(-2.7141768706764,-3.65,-3.25));
#12797=CARTESIAN_POINT('',(-2.71417687067641,-3.65,8.6));
#12798=CARTESIAN_POINT('',(-2.7141768706764,-3.65,4.45));
#12799=CARTESIAN_POINT('',(-2.82690537742771,-2.57745990238783,9.07532917095247));
#12800=CARTESIAN_POINT('',(-2.79826025888895,-2.85,7.9));
#12801=CARTESIAN_POINT('',(-3.04,-0.550000000000004,7.9));
#12802=CARTESIAN_POINT('',(-3.04000000000001,-0.550000000000002,7.9));
#12803=CARTESIAN_POINT('',(-3.04,-0.550000000000002,9.4));
#12804=CARTESIAN_POINT('',(0.,-3.65,-3.51763371517519E-16));
#12805=CARTESIAN_POINT('',(-3.14,-3.65,4.45));
#12806=CARTESIAN_POINT('',(-2.3658231293236,-3.65,4.45));
#12807=CARTESIAN_POINT('',(7.12,-3.65,-3.25));
#12808=CARTESIAN_POINT('',(-2.3658231293236,-3.65,-3.25));
#12809=CARTESIAN_POINT('',(-2.3658231293236,-3.65,8.6));
#12810=CARTESIAN_POINT('',(-2.04,-0.550000000000004,8.6));
#12811=CARTESIAN_POINT('',(-2.04,-0.549999999999998,9.4));
#12812=CARTESIAN_POINT('',(-2.04,-0.550000000000002,7.9));
#12813=CARTESIAN_POINT('',(-2.04,-0.550000000000004,7.9));
#12814=CARTESIAN_POINT('',(-2.28173974111106,-2.85,7.9));
#12815=CARTESIAN_POINT('',(-2.2530946225723,-2.57745990238783,9.07532917095247));
#12816=CARTESIAN_POINT('',(-2.04,-0.550000000000003,-3.25));
#12817=CARTESIAN_POINT('',(-5.08,2.07257142857141,9.4));
#12818=CARTESIAN_POINT('',(-5.08,2.07257142857141,7.9));
#12819=CARTESIAN_POINT('',(-3.14,-0.62481265567745,7.9));
#12820=CARTESIAN_POINT('',(-3.14,-0.62481265567745,9.4));
#12821=CARTESIAN_POINT('',(-3.14,-0.62481265567745,9.4));
#12822=CARTESIAN_POINT('',(-5.08,2.07257142857141,9.4));
#12823=CARTESIAN_POINT('',(-7.12,-0.549999999999997,9.4));
#12824=CARTESIAN_POINT('',(-7.12,-0.549999999999997,9.4));
#12825=CARTESIAN_POINT('',(-7.12,-0.549999999999997,6.85));
#12826=CARTESIAN_POINT('',(-5.08,2.07257142857141,6.85));
#12827=CARTESIAN_POINT('',(-7.62,0.,0.));
#12828=CARTESIAN_POINT('',(-7.62,5.15000000000001,-2.625));
#12829=CARTESIAN_POINT('',(-7.62,5.15,-2.625));
#12830=CARTESIAN_POINT('',(-7.62,13.75,-2.625));
#12831=CARTESIAN_POINT('',(-7.62,5.15,2.275));
#12832=CARTESIAN_POINT('',(-7.62,5.15,2.275));
#12833=CARTESIAN_POINT('',(-7.62,4.85,2.275));
#12834=CARTESIAN_POINT('',(-7.62,13.75,2.275));
#12835=CARTESIAN_POINT('',(-7.62,13.75,2.275));
#12836=CARTESIAN_POINT('',(7.62,4.85,2.575));
#12837=CARTESIAN_POINT('',(3.755,5.15,2.275));
#12838=CARTESIAN_POINT('',(4.12,5.15,2.275));
#12839=CARTESIAN_POINT('',(6.405,5.15,2.275));
#12840=CARTESIAN_POINT('',(4.12,4.85,2.575));
#12841=CARTESIAN_POINT('',(7.62,3.7125,3.7125));
#12842=CARTESIAN_POINT('',(7.62,5.15,2.275));
#12843=CARTESIAN_POINT('',(7.62,5.15,2.275));
#12844=CARTESIAN_POINT('',(2.04,-1.25,9.4));
#12845=CARTESIAN_POINT('',(2.04,-1.25,-3.25));
#12846=CARTESIAN_POINT('',(2.04,4.45,-3.25));
#12847=CARTESIAN_POINT('',(2.04,-0.550000000000002,-3.25));
#12848=CARTESIAN_POINT('',(2.04,-0.550000000000002,9.4));
#12849=CARTESIAN_POINT('',(2.04,-0.550000000000001,6.85));
#12850=CARTESIAN_POINT('',(2.04,3.75,6.85));
#12851=CARTESIAN_POINT('',(2.04,3.75,6.85));
#12852=CARTESIAN_POINT('',(2.04,3.75,6.85));
#12853=CARTESIAN_POINT('',(2.04,3.75,0.95));
#12854=CARTESIAN_POINT('',(2.04,4.95,0.95));
#12855=CARTESIAN_POINT('',(2.04,11.55,0.950000000000001));
#12856=CARTESIAN_POINT('',(2.04,11.55,0.950000000000001));
#12857=CARTESIAN_POINT('',(2.04,11.55,-0.399999999999999));
#12858=CARTESIAN_POINT('',(2.04,5.65,-0.4));
#12859=CARTESIAN_POINT('',(2.04,5.65,-0.4));
#12860=CARTESIAN_POINT('',(2.04,5.65,-0.9));
#12861=CARTESIAN_POINT('',(2.04,5.65,-0.9));
#12862=CARTESIAN_POINT('',(2.04,5.65,-0.9));
#12863=CARTESIAN_POINT('',(2.04,11.55,-0.9));
#12864=CARTESIAN_POINT('',(2.04,11.55,0.950000000000001));
#12865=CARTESIAN_POINT('',(2.04,11.55,-2.15));
#12866=CARTESIAN_POINT('',(2.04,11.55,-2.15));
#12867=CARTESIAN_POINT('',(2.04,4.95,-2.15));
#12868=CARTESIAN_POINT('',(2.04,4.95,0.95));
#12869=CARTESIAN_POINT('',(2.04,4.95,-2.75));
#12870=CARTESIAN_POINT('',(2.04,7.925,0.224999999999996));
#12871=CARTESIAN_POINT('',(3.04,-1.25,-3.25));
#12872=CARTESIAN_POINT('',(3.04,3.75,6.85));
#12873=CARTESIAN_POINT('',(3.04,3.75,6.85));
#12874=CARTESIAN_POINT('',(3.04,-0.550000000000001,6.85));
#12875=CARTESIAN_POINT('',(3.04,-0.550000000000004,-3.25));
#12876=CARTESIAN_POINT('',(3.04,-0.550000000000004,-3.25));
#12877=CARTESIAN_POINT('',(3.04,-1.25,-3.25));
#12878=CARTESIAN_POINT('',(3.04,4.45,-3.25));
#12879=CARTESIAN_POINT('',(3.04,1.6,-6.1));
#12880=CARTESIAN_POINT('',(3.04,4.95,-2.75));
#12881=CARTESIAN_POINT('',(3.04,4.95,-3.25));
#12882=CARTESIAN_POINT('',(3.04,4.95,-2.15));
#12883=CARTESIAN_POINT('',(3.04,11.55,-2.15));
#12884=CARTESIAN_POINT('',(3.04,11.55,-2.15));
#12885=CARTESIAN_POINT('',(3.04,11.55,-2.15));
#12886=CARTESIAN_POINT('',(3.04,11.55,-0.9));
#12887=CARTESIAN_POINT('',(3.04,5.65,-0.9));
#12888=CARTESIAN_POINT('',(3.04,5.65,-0.9));
#12889=CARTESIAN_POINT('',(3.04,5.65,-0.9));
#12890=CARTESIAN_POINT('',(3.04,5.65,-0.400000000000001));
#12891=CARTESIAN_POINT('',(3.04,5.65,-0.4));
#12892=CARTESIAN_POINT('',(3.04,11.55,-0.4));
#12893=CARTESIAN_POINT('',(3.04,11.55,-2.15));
#12894=CARTESIAN_POINT('',(3.04,11.55,0.950000000000001));
#12895=CARTESIAN_POINT('',(3.04,4.95,0.95));
#12896=CARTESIAN_POINT('',(3.04,3.75,0.95));
#12897=CARTESIAN_POINT('',(3.04,3.75,-3.25));
#12898=CARTESIAN_POINT('',(2.04,-0.550000000000004,8.6));
#12899=CARTESIAN_POINT('',(2.41776821490366,-4.14422447581451,-3.25));
#12900=CARTESIAN_POINT('',(2.3658231293236,-3.65,-3.25));
#12901=CARTESIAN_POINT('',(2.3658231293236,-3.65,8.6));
#12902=CARTESIAN_POINT('',(2.3658231293236,-3.65,4.45));
#12903=CARTESIAN_POINT('',(2.25309462257229,-2.57745990238783,9.07532917095247));
#12904=CARTESIAN_POINT('',(2.28173974111105,-2.85,7.9));
#12905=CARTESIAN_POINT('',(2.04,-0.550000000000004,7.9));
#12906=CARTESIAN_POINT('',(2.03999999999999,-0.550000000000003,7.9));
#12907=CARTESIAN_POINT('',(2.04,-0.550000000000002,9.4));
#12908=CARTESIAN_POINT('',(0.,-3.65,-3.51763371517519E-16));
#12909=CARTESIAN_POINT('',(1.94,-3.65,4.45));
#12910=CARTESIAN_POINT('',(2.7141768706764,-3.65,4.45));
#12911=CARTESIAN_POINT('',(7.12,-3.65,-3.25));
#12912=CARTESIAN_POINT('',(2.7141768706764,-3.65,-3.25));
#12913=CARTESIAN_POINT('',(2.7141768706764,-3.65,8.6));
#12914=CARTESIAN_POINT('',(3.04,-0.550000000000004,8.6));
#12915=CARTESIAN_POINT('',(3.04,-0.549999999999999,9.4));
#12916=CARTESIAN_POINT('',(3.04,-0.550000000000003,7.9));
#12917=CARTESIAN_POINT('',(3.04,-0.550000000000004,7.9));
#12918=CARTESIAN_POINT('',(2.79826025888894,-2.85,7.9));
#12919=CARTESIAN_POINT('',(2.8269053774277,-2.57745990238783,9.07532917095247));
#12920=CARTESIAN_POINT('',(3.04,-0.550000000000003,-3.25));
#12921=CARTESIAN_POINT('',(-1.73472347597681E-15,2.07257142857141,9.4));
#12922=CARTESIAN_POINT('',(-1.73472347597681E-15,2.07257142857141,7.9));
#12923=CARTESIAN_POINT('',(1.94,-0.624812655677452,7.9));
#12924=CARTESIAN_POINT('',(1.94,-0.624812655677453,9.4));
#12925=CARTESIAN_POINT('',(1.94,-0.624812655677453,9.4));
#12926=CARTESIAN_POINT('',(-1.73472347597681E-15,2.07257142857141,9.4));
#12927=CARTESIAN_POINT('',(-2.04,-0.550000000000002,9.4));
#12928=CARTESIAN_POINT('',(-2.04,-0.549999999999998,9.4));
#12929=CARTESIAN_POINT('',(-1.73472347597681E-15,2.07257142857141,6.85));
#12930=CARTESIAN_POINT('',(7.62,-3.85,10.65));
#12931=CARTESIAN_POINT('',(-5.08,1.04999999999999,10.65));
#12932=CARTESIAN_POINT('',(-3.18,1.04999999999999,10.65));
#12933=CARTESIAN_POINT('',(-1.73472347597681E-15,1.04999999999999,10.65));
#12934=CARTESIAN_POINT('',(1.9,1.04999999999999,10.65));
#12935=CARTESIAN_POINT('',(5.08,1.04999999999999,10.65));
#12936=CARTESIAN_POINT('',(6.98,1.04999999999999,10.65));
#12937=CARTESIAN_POINT('',(7.62,4.55,10.65));
#12938=CARTESIAN_POINT('',(7.62,4.55,10.65));
#12939=CARTESIAN_POINT('',(-7.72,4.55,10.65));
#12940=CARTESIAN_POINT('',(-7.72,-3.85,10.65));
#12941=CARTESIAN_POINT('',(-7.72,-3.85,10.65));
#12942=CARTESIAN_POINT('',(7.62,-3.85,10.65));
#12943=CARTESIAN_POINT('',(7.62,-3.85,10.65));
#12944=CARTESIAN_POINT('',(7.62,-3.85,10.65));
#12945=CARTESIAN_POINT('',(6.08,-3.05,10.65));
#12946=CARTESIAN_POINT('',(6.08,-3.05,10.65));
#12947=CARTESIAN_POINT('',(4.08,-3.05,10.65));
#12948=CARTESIAN_POINT('',(4.08,-3.05,10.65));
#12949=CARTESIAN_POINT('',(4.08,-2.05,10.65));
#12950=CARTESIAN_POINT('',(4.08,-2.05,10.65));
#12951=CARTESIAN_POINT('',(6.08,-2.05,10.65));
#12952=CARTESIAN_POINT('',(6.08,-2.05,10.65));
#12953=CARTESIAN_POINT('',(0.999999999999997,-3.05,10.65));
#12954=CARTESIAN_POINT('',(0.999999999999997,-3.05,10.65));
#12955=CARTESIAN_POINT('',(-1.,-3.05,10.65));
#12956=CARTESIAN_POINT('',(-1.,-3.05,10.65));
#12957=CARTESIAN_POINT('',(-1.,-2.05,10.65));
#12958=CARTESIAN_POINT('',(-1.,-2.05,10.65));
#12959=CARTESIAN_POINT('',(0.999999999999997,-2.05,10.65));
#12960=CARTESIAN_POINT('',(0.999999999999997,-2.05,10.65));
#12961=CARTESIAN_POINT('',(-4.08,-3.05,10.65));
#12962=CARTESIAN_POINT('',(-4.08,-3.05,10.65));
#12963=CARTESIAN_POINT('',(-6.08,-3.05,10.65));
#12964=CARTESIAN_POINT('',(-6.08,-3.05,10.65));
#12965=CARTESIAN_POINT('',(-6.08,-2.05,10.65));
#12966=CARTESIAN_POINT('',(-6.08,-2.05,10.65));
#12967=CARTESIAN_POINT('',(-4.08,-2.05,10.65));
#12968=CARTESIAN_POINT('',(-4.08,-2.05,10.65));
#12969=CARTESIAN_POINT('',(7.62,4.45,-4.45));
#12970=CARTESIAN_POINT('',(7.62,-4.45,-4.45));
#12971=CARTESIAN_POINT('',(7.62,-4.45,-4.45));
#12972=CARTESIAN_POINT('',(-7.72,-4.45,-4.45));
#12973=CARTESIAN_POINT('',(-7.72,4.45,-4.45));
#12974=CARTESIAN_POINT('',(-7.72,4.45,-4.45));
#12975=CARTESIAN_POINT('',(7.62,4.45,-4.45));
#12976=CARTESIAN_POINT('',(7.62,4.45,-4.45));
#12977=CARTESIAN_POINT('',(7.62,4.45,-4.45));
#12978=CARTESIAN_POINT('',(7.62,-2.05,-4.45));
#12979=CARTESIAN_POINT('',(6.08,-2.05,-4.45));
#12980=CARTESIAN_POINT('',(4.08,-2.05,-4.45));
#12981=CARTESIAN_POINT('',(4.08,4.45,-4.45));
#12982=CARTESIAN_POINT('',(4.08,-3.05,-4.45));
#12983=CARTESIAN_POINT('',(7.62,-3.05,-4.45));
#12984=CARTESIAN_POINT('',(6.08,-3.05,-4.45));
#12985=CARTESIAN_POINT('',(6.08,4.45,-4.45));
#12986=CARTESIAN_POINT('',(7.62,-2.05,-4.45));
#12987=CARTESIAN_POINT('',(0.999999999999997,-2.05,-4.45));
#12988=CARTESIAN_POINT('',(-1.,-2.05,-4.45));
#12989=CARTESIAN_POINT('',(-1.,4.45,-4.45));
#12990=CARTESIAN_POINT('',(-1.,-3.05,-4.45));
#12991=CARTESIAN_POINT('',(7.62,-3.05,-4.45));
#12992=CARTESIAN_POINT('',(0.999999999999997,-3.05,-4.45));
#12993=CARTESIAN_POINT('',(0.999999999999997,4.45,-4.45));
#12994=CARTESIAN_POINT('',(7.62,-2.05,-4.45));
#12995=CARTESIAN_POINT('',(-4.08,-2.05,-4.45));
#12996=CARTESIAN_POINT('',(-6.08,-2.05,-4.45));
#12997=CARTESIAN_POINT('',(-6.08,4.45,-4.45));
#12998=CARTESIAN_POINT('',(-6.08,-3.05,-4.45));
#12999=CARTESIAN_POINT('',(7.62,-3.05,-4.45));
#13000=CARTESIAN_POINT('',(-4.08,-3.05,-4.45));
#13001=CARTESIAN_POINT('',(-4.08,4.45,-4.45));
#13002=CARTESIAN_POINT('',(7.62,-3.35,9.4));
#13003=CARTESIAN_POINT('',(-3.14,-3.35,9.4));
#13004=CARTESIAN_POINT('',(-3.14,-0.550000000000002,9.4));
#13005=CARTESIAN_POINT('',(-3.14,-0.550000000000002,9.4));
#13006=CARTESIAN_POINT('',(1.94,-3.35,9.4));
#13007=CARTESIAN_POINT('',(1.94,-0.550000000000003,9.4));
#13008=CARTESIAN_POINT('',(1.94,-0.550000000000003,9.4));
#13009=CARTESIAN_POINT('',(3.04,-0.550000000000003,9.4));
#13010=CARTESIAN_POINT('',(5.08,2.07257142857141,9.4));
#13011=CARTESIAN_POINT('',(7.12,-0.550000000000001,9.4));
#13012=CARTESIAN_POINT('',(7.12,-1.25,9.4));
#13013=CARTESIAN_POINT('',(7.12,-3.35,9.4));
#13014=CARTESIAN_POINT('',(7.62,-3.35,9.4));
#13015=CARTESIAN_POINT('',(7.62,-3.35,9.4));
#13016=CARTESIAN_POINT('',(7.62,-3.35,9.4));
#13017=CARTESIAN_POINT('',(7.62,-3.85,9.4));
#13018=CARTESIAN_POINT('',(7.62,-3.85,9.4));
#13019=CARTESIAN_POINT('',(-7.72,-3.85,9.4));
#13020=CARTESIAN_POINT('',(-7.72,-3.35,9.4));
#13021=CARTESIAN_POINT('',(-7.72,-3.35,9.4));
#13022=CARTESIAN_POINT('',(7.62,-3.35,9.4));
#13023=CARTESIAN_POINT('',(-7.12,-3.35,9.4));
#13024=CARTESIAN_POINT('',(-7.12,-1.25,9.4));
#13025=CARTESIAN_POINT('',(7.62,-2.05,9.4));
#13026=CARTESIAN_POINT('',(6.08,-2.05,9.4));
#13027=CARTESIAN_POINT('',(4.08,-2.05,9.4));
#13028=CARTESIAN_POINT('',(4.08,-3.35,9.4));
#13029=CARTESIAN_POINT('',(4.08,-3.05,9.4));
#13030=CARTESIAN_POINT('',(7.62,-3.05,9.4));
#13031=CARTESIAN_POINT('',(6.08,-3.05,9.4));
#13032=CARTESIAN_POINT('',(6.08,-3.35,9.4));
#13033=CARTESIAN_POINT('',(7.62,-2.05,9.4));
#13034=CARTESIAN_POINT('',(0.999999999999997,-2.05,9.4));
#13035=CARTESIAN_POINT('',(-1.,-2.05,9.4));
#13036=CARTESIAN_POINT('',(-1.,-3.35,9.4));
#13037=CARTESIAN_POINT('',(-1.,-3.05,9.4));
#13038=CARTESIAN_POINT('',(7.62,-3.05,9.4));
#13039=CARTESIAN_POINT('',(0.999999999999997,-3.05,9.4));
#13040=CARTESIAN_POINT('',(0.999999999999997,-3.35,9.4));
#13041=CARTESIAN_POINT('',(7.62,-2.05,9.4));
#13042=CARTESIAN_POINT('',(-4.08,-2.05,9.4));
#13043=CARTESIAN_POINT('',(-6.08,-2.05,9.4));
#13044=CARTESIAN_POINT('',(-6.08,-3.35,9.4));
#13045=CARTESIAN_POINT('',(-6.08,-3.05,9.4));
#13046=CARTESIAN_POINT('',(7.62,-3.05,9.4));
#13047=CARTESIAN_POINT('',(-4.08,-3.05,9.4));
#13048=CARTESIAN_POINT('',(-4.08,-3.35,9.4));
#13049=CARTESIAN_POINT('',(7.12,-3.65,-3.25));
#13050=CARTESIAN_POINT('',(-7.12,4.45,-3.25));
#13051=CARTESIAN_POINT('',(-7.12,4.45,-3.25));
#13052=CARTESIAN_POINT('',(-7.12,-3.65,-3.25));
#13053=CARTESIAN_POINT('',(-7.12,-4.45,-3.25));
#13054=CARTESIAN_POINT('',(7.12,-4.45,-3.25));
#13055=CARTESIAN_POINT('',(7.12,-4.45,-3.25));
#13056=CARTESIAN_POINT('',(7.12,-3.65,-3.25));
#13057=CARTESIAN_POINT('',(7.12,4.45,-3.25));
#13058=CARTESIAN_POINT('',(3.04,4.45,-3.25));
#13059=CARTESIAN_POINT('',(-2.04,4.45,-3.25));
#13060=CARTESIAN_POINT('',(7.12,-3.05,-3.25));
#13061=CARTESIAN_POINT('',(6.08,-3.05,-3.25));
#13062=CARTESIAN_POINT('',(4.08,-3.05,-3.25));
#13063=CARTESIAN_POINT('',(4.08,-3.65,-3.25));
#13064=CARTESIAN_POINT('',(4.08,-2.05,-3.25));
#13065=CARTESIAN_POINT('',(7.12,-2.05,-3.25));
#13066=CARTESIAN_POINT('',(6.08,-2.05,-3.25));
#13067=CARTESIAN_POINT('',(6.08,-3.65,-3.25));
#13068=CARTESIAN_POINT('',(7.12,-3.05,-3.25));
#13069=CARTESIAN_POINT('',(0.999999999999997,-3.05,-3.25));
#13070=CARTESIAN_POINT('',(-1.,-3.05,-3.25));
#13071=CARTESIAN_POINT('',(-1.,-3.65,-3.25));
#13072=CARTESIAN_POINT('',(-1.,-2.05,-3.25));
#13073=CARTESIAN_POINT('',(7.12,-2.05,-3.25));
#13074=CARTESIAN_POINT('',(0.999999999999997,-2.05,-3.25));
#13075=CARTESIAN_POINT('',(0.999999999999997,-3.65,-3.25));
#13076=CARTESIAN_POINT('',(7.12,-3.05,-3.25));
#13077=CARTESIAN_POINT('',(-4.08,-3.05,-3.25));
#13078=CARTESIAN_POINT('',(-6.08,-3.05,-3.25));
#13079=CARTESIAN_POINT('',(-6.08,-3.65,-3.25));
#13080=CARTESIAN_POINT('',(-6.08,-2.05,-3.25));
#13081=CARTESIAN_POINT('',(7.12,-2.05,-3.25));
#13082=CARTESIAN_POINT('',(-4.08,-2.05,-3.25));
#13083=CARTESIAN_POINT('',(-4.08,-3.65,-3.25));
#13084=CARTESIAN_POINT('',(-7.12,3.75,6.85));
#13085=CARTESIAN_POINT('',(-7.12,3.75,6.85));
#13086=CARTESIAN_POINT('',(-7.12,3.75,6.85));
#13087=CARTESIAN_POINT('',(-7.12,3.75,6.85));
#13088=CARTESIAN_POINT('',(-6.42,3.75,6.85));
#13089=CARTESIAN_POINT('',(-6.42,4.45,6.85));
#13090=CARTESIAN_POINT('',(-6.42,4.45,6.85));
#13091=CARTESIAN_POINT('',(-3.74,4.45,6.85));
#13092=CARTESIAN_POINT('',(-3.74,4.45,6.85));
#13093=CARTESIAN_POINT('',(-3.74,4.45,6.85));
#13094=CARTESIAN_POINT('',(-3.74,3.75,6.85));
#13095=CARTESIAN_POINT('',(-7.12,3.75,6.85));
#13096=CARTESIAN_POINT('',(-5.08,1.04999999999999,6.85));
#13097=CARTESIAN_POINT('',(-5.08,2.29999999999999,6.85));
#13098=CARTESIAN_POINT('',(-5.08,1.04999999999999,7.65));
#13099=CARTESIAN_POINT('',(-5.08,1.04999999999999,7.65));
#13100=CARTESIAN_POINT('',(-3.18,1.04999999999999,7.65));
#13101=CARTESIAN_POINT('',(-5.08,1.04999999999999,7.65));
#13102=CARTESIAN_POINT('',(-3.83,1.04999999999999,7.65));
#13103=CARTESIAN_POINT('',(7.62,13.75,2.275));
#13104=CARTESIAN_POINT('',(-2.54,13.75,1.32739511542808));
#13105=CARTESIAN_POINT('',(-3.73,13.75,0.725000000000006));
#13106=CARTESIAN_POINT('',(-2.54,13.75,1.32739511542808));
#13107=CARTESIAN_POINT('',(-5.08,13.75,-0.649999999999999));
#13108=CARTESIAN_POINT('',(-3.73,13.75,-2.025));
#13109=CARTESIAN_POINT('',(-1.35,13.75,-2.025));
#13110=CARTESIAN_POINT('',(-1.35,13.75,-2.025));
#13111=CARTESIAN_POINT('',(2.60208521396521E-15,13.75,-0.649999999999999));
#13112=CARTESIAN_POINT('',(-1.35,13.75,0.725000000000006));
#13113=CARTESIAN_POINT('',(-2.54,13.75,1.32739511542808));
#13114=CARTESIAN_POINT('',(2.54,13.75,1.32739511542808));
#13115=CARTESIAN_POINT('',(1.35,13.75,0.725000000000006));
#13116=CARTESIAN_POINT('',(2.54,13.75,1.32739511542808));
#13117=CARTESIAN_POINT('',(-8.67361737988404E-16,13.75,-0.649999999999999));
#13118=CARTESIAN_POINT('',(1.35,13.75,-2.025));
#13119=CARTESIAN_POINT('',(3.73,13.75,-2.025));
#13120=CARTESIAN_POINT('',(3.73,13.75,-2.025));
#13121=CARTESIAN_POINT('',(5.08,13.75,-0.649999999999999));
#13122=CARTESIAN_POINT('',(3.73,13.75,0.725000000000006));
#13123=CARTESIAN_POINT('',(2.54,13.75,1.32739511542808));
#13124=CARTESIAN_POINT('',(5.08,13.75,-0.649999999999999));
#13125=CARTESIAN_POINT('',(3.58,13.75,-0.649999999999999));
#13126=CARTESIAN_POINT('',(-8.67361737988404E-16,13.75,-0.649999999999999));
#13127=CARTESIAN_POINT('',(-1.5,13.75,-0.649999999999999));
#13128=CARTESIAN_POINT('',(-5.08,13.75,-0.649999999999999));
#13129=CARTESIAN_POINT('',(-6.58,13.75,-0.649999999999999));
#13130=CARTESIAN_POINT('',(-2.23327114341273,13.75,-2.625));
#13131=CARTESIAN_POINT('',(-2.23327114341273,13.75,-2.625));
#13132=CARTESIAN_POINT('',(-2.84672885658727,13.75,-2.625));
#13133=CARTESIAN_POINT('',(-5.08,13.75,-0.474999999999997));
#13134=CARTESIAN_POINT('',(-7.31327114341273,13.75,-2.625));
#13135=CARTESIAN_POINT('',(-7.31327114341273,13.75,-2.625));
#13136=CARTESIAN_POINT('',(7.62,13.75,2.275));
#13137=CARTESIAN_POINT('',(-6.405,13.75,2.275));
#13138=CARTESIAN_POINT('',(-6.655,13.75,1.375));
#13139=CARTESIAN_POINT('',(-6.655,13.75,1.375));
#13140=CARTESIAN_POINT('',(-3.505,13.75,1.375));
#13141=CARTESIAN_POINT('',(-3.505,13.75,1.375));
#13142=CARTESIAN_POINT('',(-3.755,13.75,2.275));
#13143=CARTESIAN_POINT('',(-3.755,13.75,2.275));
#13144=CARTESIAN_POINT('',(7.62,13.75,2.275));
#13145=CARTESIAN_POINT('',(-1.325,13.75,2.275));
#13146=CARTESIAN_POINT('',(-1.575,13.75,1.375));
#13147=CARTESIAN_POINT('',(-1.575,13.75,1.375));
#13148=CARTESIAN_POINT('',(1.575,13.75,1.375));
#13149=CARTESIAN_POINT('',(1.575,13.75,1.375));
#13150=CARTESIAN_POINT('',(1.325,13.75,2.275));
#13151=CARTESIAN_POINT('',(1.325,13.75,2.275));
#13152=CARTESIAN_POINT('',(7.62,13.75,2.275));
#13153=CARTESIAN_POINT('',(3.755,13.75,2.275));
#13154=CARTESIAN_POINT('',(3.505,13.75,1.375));
#13155=CARTESIAN_POINT('',(3.505,13.75,1.375));
#13156=CARTESIAN_POINT('',(6.655,13.75,1.375));
#13157=CARTESIAN_POINT('',(6.655,13.75,1.375));
#13158=CARTESIAN_POINT('',(6.405,13.75,2.275));
#13159=CARTESIAN_POINT('',(6.405,13.75,2.275));
#13160=CARTESIAN_POINT('',(7.62,13.75,2.275));
#13161=CARTESIAN_POINT('',(7.62,13.75,2.275));
#13162=CARTESIAN_POINT('',(7.62,13.75,2.275));
#13163=CARTESIAN_POINT('',(7.62,13.75,-2.625));
#13164=CARTESIAN_POINT('',(7.62,13.75,-2.625));
#13165=CARTESIAN_POINT('',(7.31327114341273,13.75,-2.625));
#13166=CARTESIAN_POINT('',(5.08,13.75,-0.474999999999997));
#13167=CARTESIAN_POINT('',(2.84672885658727,13.75,-2.625));
#13168=CARTESIAN_POINT('',(2.84672885658727,13.75,-2.625));
#13169=CARTESIAN_POINT('',(2.23327114341273,13.75,-2.625));
#13170=CARTESIAN_POINT('',(-8.67361737988404E-16,13.75,-0.474999999999997));
#13171=CARTESIAN_POINT('',(7.62,13.75,-3.575));
#13172=CARTESIAN_POINT('',(7.62,4.45,-3.575));
#13173=CARTESIAN_POINT('',(7.62,4.45,-3.575));
#13174=CARTESIAN_POINT('',(-7.72,4.45,-3.575));
#13175=CARTESIAN_POINT('',(-7.72,5.15,-3.575));
#13176=CARTESIAN_POINT('',(-7.72,5.15,-3.575));
#13177=CARTESIAN_POINT('',(7.62,5.15000000000001,-3.575));
#13178=CARTESIAN_POINT('',(-5.08,5.15000000000001,-3.575));
#13179=CARTESIAN_POINT('',(7.62,5.15000000000001,-3.575));
#13180=CARTESIAN_POINT('',(-8.67361737988404E-16,5.15000000000001,-3.575));
#13181=CARTESIAN_POINT('',(7.62,5.15000000000001,-3.575));
#13182=CARTESIAN_POINT('',(5.08,5.15000000000001,-3.575));
#13183=CARTESIAN_POINT('',(7.62,5.15000000000001,-3.575));
#13184=CARTESIAN_POINT('',(7.62,5.15000000000001,-3.575));
#13185=CARTESIAN_POINT('',(7.62,13.75,-3.575));
#13186=CARTESIAN_POINT('',(7.62,4.85,2.275));
#13187=CARTESIAN_POINT('',(-3.755,5.15000000000001,2.275));
#13188=CARTESIAN_POINT('',(-3.755,5.15000000000001,2.275));
#13189=CARTESIAN_POINT('',(7.62,5.15,2.275));
#13190=CARTESIAN_POINT('',(-1.325,5.15000000000001,2.275));
#13191=CARTESIAN_POINT('',(0.,11.55,1.11311423041845E-15));
#13192=CARTESIAN_POINT('',(-5.08,11.55,-0.649999999999999));
#13193=CARTESIAN_POINT('',(-4.28,11.55,-0.649999999999999));
#13194=CARTESIAN_POINT('',(-3.04,11.55,-0.4));
#13195=CARTESIAN_POINT('',(-4.24,11.55,-0.4));
#13196=CARTESIAN_POINT('',(-7.12,11.55,0.950000000000001));
#13197=CARTESIAN_POINT('',(-7.12,11.55,0.950000000000001));
#13198=CARTESIAN_POINT('',(-7.12,11.55,-2.15));
#13199=CARTESIAN_POINT('',(-7.12,11.55,-0.4));
#13200=CARTESIAN_POINT('',(-7.12,11.55,-0.4));
#13201=CARTESIAN_POINT('',(-5.92,11.55,-0.4));
#13202=CARTESIAN_POINT('',(-5.92,11.55,-0.4));
#13203=CARTESIAN_POINT('',(-5.92,11.55,-0.899999999999999));
#13204=CARTESIAN_POINT('',(-5.92,11.55,-0.899999999999999));
#13205=CARTESIAN_POINT('',(-7.12,11.55,-0.9));
#13206=CARTESIAN_POINT('',(-7.12,11.55,-2.15));
#13207=CARTESIAN_POINT('',(-7.12,11.55,-2.15));
#13208=CARTESIAN_POINT('',(-6.12,11.55,-2.15));
#13209=CARTESIAN_POINT('',(-6.12,11.55,-2.15));
#13210=CARTESIAN_POINT('',(-6.12,11.55,-2.75));
#13211=CARTESIAN_POINT('',(-6.12,11.55,-2.75));
#13212=CARTESIAN_POINT('',(-4.04,11.55,-2.75));
#13213=CARTESIAN_POINT('',(-4.04,11.55,-2.75));
#13214=CARTESIAN_POINT('',(-4.04,11.55,-2.15));
#13215=CARTESIAN_POINT('',(-4.04,11.55,-2.15));
#13216=CARTESIAN_POINT('',(-3.04,11.55,-2.15));
#13217=CARTESIAN_POINT('',(-4.24,11.55,-0.899999999999999));
#13218=CARTESIAN_POINT('',(-4.24,11.55,-0.899999999999999));
#13219=CARTESIAN_POINT('',(-4.24,11.55,-0.4));
#13220=CARTESIAN_POINT('',(0.,4.95,4.77048955893622E-16));
#13221=CARTESIAN_POINT('',(-7.12,4.95,-3.25));
#13222=CARTESIAN_POINT('',(-7.12,4.95,-2.75));
#13223=CARTESIAN_POINT('',(-7.12,4.95,-2.15));
#13224=CARTESIAN_POINT('',(-3.04,4.95,-2.75));
#13225=CARTESIAN_POINT('',(-6.12,4.95,-2.75));
#13226=CARTESIAN_POINT('',(-6.12,4.95,-2.75));
#13227=CARTESIAN_POINT('',(-6.12,4.95,-2.15));
#13228=CARTESIAN_POINT('',(-6.12,4.95,-2.15));
#13229=CARTESIAN_POINT('',(0.,4.95,4.77048955893622E-16));
#13230=CARTESIAN_POINT('',(-6.42,4.95,0.95));
#13231=CARTESIAN_POINT('',(-6.42,4.95,0.95));
#13232=CARTESIAN_POINT('',(-6.42,4.95,2.25));
#13233=CARTESIAN_POINT('',(0.,4.95,0.95));
#13234=CARTESIAN_POINT('',(-3.74,4.95,0.95));
#13235=CARTESIAN_POINT('',(-3.74,4.95,2.25));
#13236=CARTESIAN_POINT('',(-3.74,4.95,2.25));
#13237=CARTESIAN_POINT('',(-6.42,4.95,2.25));
#13238=CARTESIAN_POINT('',(0.,4.95,4.77048955893622E-16));
#13239=CARTESIAN_POINT('',(-4.04,4.95,-2.15));
#13240=CARTESIAN_POINT('',(-4.04,4.95,-2.15));
#13241=CARTESIAN_POINT('',(-4.04,4.95,-2.75));
#13242=CARTESIAN_POINT('',(-3.04,4.95,-2.75));
#13243=CARTESIAN_POINT('',(-3.04,4.95,-2.15));
#13244=CARTESIAN_POINT('',(0.,3.75,3.61400724161835E-16));
#13245=CARTESIAN_POINT('',(-7.12,3.75,0.95));
#13246=CARTESIAN_POINT('',(-7.12,3.75,0.95));
#13247=CARTESIAN_POINT('',(-6.42,3.75,0.95));
#13248=CARTESIAN_POINT('',(-6.42,3.75,6.85));
#13249=CARTESIAN_POINT('',(-7.12,3.75,-3.25));
#13250=CARTESIAN_POINT('',(0.,3.75,3.61400724161835E-16));
#13251=CARTESIAN_POINT('',(-3.74,3.75,0.95));
#13252=CARTESIAN_POINT('',(-3.74,3.75,0.95));
#13253=CARTESIAN_POINT('',(-3.74,3.75,0.95));
#13254=CARTESIAN_POINT('',(0.,4.45,4.28862192672044E-16));
#13255=CARTESIAN_POINT('',(-6.42,4.45,6.85));
#13256=CARTESIAN_POINT('',(-6.42,4.45,2.25));
#13257=CARTESIAN_POINT('',(0.,4.45,2.25));
#13258=CARTESIAN_POINT('',(-3.74,4.45,2.25));
#13259=CARTESIAN_POINT('',(-3.74,4.45,0.95));
#13260=CARTESIAN_POINT('',(7.62,-4.45,4.45));
#13261=CARTESIAN_POINT('',(-7.12,-4.45,4.45));
#13262=CARTESIAN_POINT('',(-7.12,-4.45,4.44999999999998));
#13263=CARTESIAN_POINT('',(-7.72,-3.35,9.4));
#13264=CARTESIAN_POINT('',(-7.72,-4.45,4.45000000000002));
#13265=CARTESIAN_POINT('',(7.62,-4.45,4.45));
#13266=CARTESIAN_POINT('',(-2.04,3.75,6.85));
#13267=CARTESIAN_POINT('',(-2.04,3.75,6.85));
#13268=CARTESIAN_POINT('',(-1.34,3.75,6.85));
#13269=CARTESIAN_POINT('',(-1.34,4.45,6.85));
#13270=CARTESIAN_POINT('',(-1.34,4.45,6.85));
#13271=CARTESIAN_POINT('',(1.34,4.45,6.85));
#13272=CARTESIAN_POINT('',(1.34,4.45,6.85));
#13273=CARTESIAN_POINT('',(1.34,4.45,6.85));
#13274=CARTESIAN_POINT('',(1.34,3.75,6.85));
#13275=CARTESIAN_POINT('',(-2.04,3.75,6.85));
#13276=CARTESIAN_POINT('',(-1.73472347597681E-15,1.04999999999999,6.85));
#13277=CARTESIAN_POINT('',(-1.73472347597681E-15,2.29999999999999,6.85));
#13278=CARTESIAN_POINT('',(-1.73472347597681E-15,1.04999999999999,7.65));
#13279=CARTESIAN_POINT('',(-1.73472347597681E-15,1.04999999999999,7.65));
#13280=CARTESIAN_POINT('',(1.9,1.04999999999999,7.65));
#13281=CARTESIAN_POINT('',(-1.73472347597681E-15,1.04999999999999,7.65));
#13282=CARTESIAN_POINT('',(1.25,1.04999999999999,7.65));
#13283=CARTESIAN_POINT('',(7.62,4.85,2.275));
#13284=CARTESIAN_POINT('',(1.325,5.15,2.275));
#13285=CARTESIAN_POINT('',(2.52,5.15,2.275));
#13286=CARTESIAN_POINT('',(3.755,5.15,2.275));
#13287=CARTESIAN_POINT('',(3.755,5.15000000000001,2.275));
#13288=CARTESIAN_POINT('',(0.,11.55,1.11311423041845E-15));
#13289=CARTESIAN_POINT('',(-8.67361737988404E-16,11.55,-0.649999999999999));
#13290=CARTESIAN_POINT('',(0.799999999999999,11.55,-0.649999999999999));
#13291=CARTESIAN_POINT('',(2.04,11.55,-0.4));
#13292=CARTESIAN_POINT('',(0.839999999999999,11.55,-0.4));
#13293=CARTESIAN_POINT('',(-2.04,11.55,0.950000000000001));
#13294=CARTESIAN_POINT('',(-2.04,11.55,-0.4));
#13295=CARTESIAN_POINT('',(-0.840000000000002,11.55,-0.4));
#13296=CARTESIAN_POINT('',(-0.840000000000002,11.55,-0.4));
#13297=CARTESIAN_POINT('',(-0.840000000000002,11.55,-0.899999999999999));
#13298=CARTESIAN_POINT('',(-0.840000000000002,11.55,-0.899999999999999));
#13299=CARTESIAN_POINT('',(-1.04,11.55,-2.15));
#13300=CARTESIAN_POINT('',(-1.04,11.55,-2.15));
#13301=CARTESIAN_POINT('',(-1.04,11.55,-2.75));
#13302=CARTESIAN_POINT('',(-1.04,11.55,-2.75));
#13303=CARTESIAN_POINT('',(1.04,11.55,-2.75));
#13304=CARTESIAN_POINT('',(1.04,11.55,-2.75));
#13305=CARTESIAN_POINT('',(1.04,11.55,-2.15));
#13306=CARTESIAN_POINT('',(1.04,11.55,-2.15));
#13307=CARTESIAN_POINT('',(2.04,11.55,-2.15));
#13308=CARTESIAN_POINT('',(0.839999999999999,11.55,-0.899999999999999));
#13309=CARTESIAN_POINT('',(0.839999999999999,11.55,-0.899999999999999));
#13310=CARTESIAN_POINT('',(0.839999999999999,11.55,-0.4));
#13311=CARTESIAN_POINT('',(0.,4.95,4.77048955893622E-16));
#13312=CARTESIAN_POINT('',(2.04,4.95,-2.75));
#13313=CARTESIAN_POINT('',(-1.04,4.95,-2.75));
#13314=CARTESIAN_POINT('',(-1.04,4.95,-2.75));
#13315=CARTESIAN_POINT('',(-1.04,4.95,-2.15));
#13316=CARTESIAN_POINT('',(-1.04,4.95,-2.15));
#13317=CARTESIAN_POINT('',(0.,4.95,4.77048955893622E-16));
#13318=CARTESIAN_POINT('',(-1.34,4.95,0.95));
#13319=CARTESIAN_POINT('',(-1.34,4.95,0.95));
#13320=CARTESIAN_POINT('',(-1.34,4.95,2.25));
#13321=CARTESIAN_POINT('',(0.,4.95,0.95));
#13322=CARTESIAN_POINT('',(1.34,4.95,0.95));
#13323=CARTESIAN_POINT('',(1.34,4.95,2.25));
#13324=CARTESIAN_POINT('',(1.34,4.95,2.25));
#13325=CARTESIAN_POINT('',(-1.34,4.95,2.25));
#13326=CARTESIAN_POINT('',(0.,4.95,4.77048955893622E-16));
#13327=CARTESIAN_POINT('',(1.04,4.95,-2.15));
#13328=CARTESIAN_POINT('',(1.04,4.95,-2.15));
#13329=CARTESIAN_POINT('',(1.04,4.95,-2.75));
#13330=CARTESIAN_POINT('',(2.04,4.95,-2.75));
#13331=CARTESIAN_POINT('',(2.04,4.95,-2.15));
#13332=CARTESIAN_POINT('',(0.,3.75,3.61400724161835E-16));
#13333=CARTESIAN_POINT('',(-2.04,3.75,0.95));
#13334=CARTESIAN_POINT('',(-1.34,3.75,0.95));
#13335=CARTESIAN_POINT('',(-1.34,3.75,6.85));
#13336=CARTESIAN_POINT('',(0.,3.75,3.61400724161835E-16));
#13337=CARTESIAN_POINT('',(1.34,3.75,0.95));
#13338=CARTESIAN_POINT('',(1.34,3.75,0.95));
#13339=CARTESIAN_POINT('',(1.34,3.75,0.95));
#13340=CARTESIAN_POINT('',(0.,4.45,4.28862192672044E-16));
#13341=CARTESIAN_POINT('',(-1.34,4.45,6.85));
#13342=CARTESIAN_POINT('',(-1.34,4.45,2.25));
#13343=CARTESIAN_POINT('',(0.,4.45,2.25));
#13344=CARTESIAN_POINT('',(1.34,4.45,2.25));
#13345=CARTESIAN_POINT('',(1.34,4.45,0.95));
#13346=CARTESIAN_POINT('',(3.04,3.75,6.85));
#13347=CARTESIAN_POINT('',(5.08,2.07257142857141,6.85));
#13348=CARTESIAN_POINT('',(7.12,-0.550000000000001,6.85));
#13349=CARTESIAN_POINT('',(3.04,3.75,6.85));
#13350=CARTESIAN_POINT('',(3.74,3.75,6.85));
#13351=CARTESIAN_POINT('',(3.74,4.45,6.85));
#13352=CARTESIAN_POINT('',(3.74,4.45,6.85));
#13353=CARTESIAN_POINT('',(6.42,4.45,6.85));
#13354=CARTESIAN_POINT('',(6.42,4.45,6.85));
#13355=CARTESIAN_POINT('',(6.42,4.45,6.85));
#13356=CARTESIAN_POINT('',(6.42,3.75,6.85));
#13357=CARTESIAN_POINT('',(3.04,3.75,6.85));
#13358=CARTESIAN_POINT('',(7.12,3.75,6.85));
#13359=CARTESIAN_POINT('',(7.12,3.75,6.85));
#13360=CARTESIAN_POINT('',(5.08,1.04999999999999,6.85));
#13361=CARTESIAN_POINT('',(5.08,2.29999999999999,6.85));
#13362=CARTESIAN_POINT('',(5.08,1.04999999999999,7.65));
#13363=CARTESIAN_POINT('',(5.08,1.04999999999999,7.65));
#13364=CARTESIAN_POINT('',(6.98,1.04999999999999,7.65));
#13365=CARTESIAN_POINT('',(5.08,1.04999999999999,7.65));
#13366=CARTESIAN_POINT('',(6.33,1.04999999999999,7.65));
#13367=CARTESIAN_POINT('',(7.62,0.,0.));
#13368=CARTESIAN_POINT('',(7.62,5.15000000000001,-2.625));
#13369=CARTESIAN_POINT('',(7.62,5.15000000000001,-2.625));
#13370=CARTESIAN_POINT('',(7.62,4.85,2.275));
#13371=CARTESIAN_POINT('',(7.62,4.55,7.65));
#13372=CARTESIAN_POINT('',(7.62,4.55,7.65));
#13373=CARTESIAN_POINT('',(7.62,4.55,10.65));
#13374=CARTESIAN_POINT('',(7.62,-3.85,9.4));
#13375=CARTESIAN_POINT('',(7.62,-4.45,4.45));
#13376=CARTESIAN_POINT('',(7.62,-4.45,4.45));
#13377=CARTESIAN_POINT('',(7.62,-4.45,-4.45));
#13378=CARTESIAN_POINT('',(7.62,4.45,-3.575));
#13379=CARTESIAN_POINT('',(7.62,5.15000000000001,-4.45));
#13380=CARTESIAN_POINT('',(7.62,4.85,2.275));
#13381=CARTESIAN_POINT('',(6.405,5.15,2.275));
#13382=CARTESIAN_POINT('',(0.,11.55,1.11311423041845E-15));
#13383=CARTESIAN_POINT('',(5.08,11.55,-0.649999999999999));
#13384=CARTESIAN_POINT('',(5.88,11.55,-0.649999999999999));
#13385=CARTESIAN_POINT('',(7.12,11.55,-0.4));
#13386=CARTESIAN_POINT('',(7.12,11.55,-0.399999999999999));
#13387=CARTESIAN_POINT('',(5.92,11.55,-0.4));
#13388=CARTESIAN_POINT('',(7.12,11.55,0.950000000000001));
#13389=CARTESIAN_POINT('',(7.12,11.55,0.950000000000001));
#13390=CARTESIAN_POINT('',(3.04,11.55,0.950000000000001));
#13391=CARTESIAN_POINT('',(3.04,11.55,-0.4));
#13392=CARTESIAN_POINT('',(4.24,11.55,-0.4));
#13393=CARTESIAN_POINT('',(4.24,11.55,-0.4));
#13394=CARTESIAN_POINT('',(4.24,11.55,-0.899999999999999));
#13395=CARTESIAN_POINT('',(4.24,11.55,-0.899999999999999));
#13396=CARTESIAN_POINT('',(4.04,11.55,-2.15));
#13397=CARTESIAN_POINT('',(4.04,11.55,-2.15));
#13398=CARTESIAN_POINT('',(4.04,11.55,-2.75));
#13399=CARTESIAN_POINT('',(4.04,11.55,-2.75));
#13400=CARTESIAN_POINT('',(6.12,11.55,-2.75));
#13401=CARTESIAN_POINT('',(6.12,11.55,-2.75));
#13402=CARTESIAN_POINT('',(6.12,11.55,-2.15));
#13403=CARTESIAN_POINT('',(6.12,11.55,-2.15));
#13404=CARTESIAN_POINT('',(7.12,11.55,-2.15));
#13405=CARTESIAN_POINT('',(7.12,11.55,-2.15));
#13406=CARTESIAN_POINT('',(7.12,11.55,0.950000000000001));
#13407=CARTESIAN_POINT('',(7.12,11.55,-0.9));
#13408=CARTESIAN_POINT('',(5.92,11.55,-0.899999999999999));
#13409=CARTESIAN_POINT('',(5.92,11.55,-0.899999999999999));
#13410=CARTESIAN_POINT('',(5.92,11.55,-0.4));
#13411=CARTESIAN_POINT('',(7.12,-3.65,9.4));
#13412=CARTESIAN_POINT('',(7.12,-4.45,4.45));
#13413=CARTESIAN_POINT('',(7.12,-4.45,4.44999999999998));
#13414=CARTESIAN_POINT('',(7.12,-0.550000000000001,9.4));
#13415=CARTESIAN_POINT('',(7.12,3.75,6.85));
#13416=CARTESIAN_POINT('',(7.12,3.75,0.95));
#13417=CARTESIAN_POINT('',(7.12,4.95,0.95));
#13418=CARTESIAN_POINT('',(7.12,5.65,-0.4));
#13419=CARTESIAN_POINT('',(7.12,5.65,-0.4));
#13420=CARTESIAN_POINT('',(7.12,5.65,-0.9));
#13421=CARTESIAN_POINT('',(7.12,5.65,-0.9));
#13422=CARTESIAN_POINT('',(7.12,5.65,-0.9));
#13423=CARTESIAN_POINT('',(7.12,11.55,-2.15));
#13424=CARTESIAN_POINT('',(7.12,4.95,-2.15));
#13425=CARTESIAN_POINT('',(7.12,4.95,0.95));
#13426=CARTESIAN_POINT('',(7.12,4.95,-2.75));
#13427=CARTESIAN_POINT('',(7.12,6.725,-0.974999999999993));
#13428=CARTESIAN_POINT('',(7.12,-4.45,9.4));
#13429=CARTESIAN_POINT('',(0.,4.95,4.77048955893622E-16));
#13430=CARTESIAN_POINT('',(7.12,4.95,-2.75));
#13431=CARTESIAN_POINT('',(4.04,4.95,-2.75));
#13432=CARTESIAN_POINT('',(4.04,4.95,-2.75));
#13433=CARTESIAN_POINT('',(4.04,4.95,-2.15));
#13434=CARTESIAN_POINT('',(4.04,4.95,-2.15));
#13435=CARTESIAN_POINT('',(0.,4.95,4.77048955893622E-16));
#13436=CARTESIAN_POINT('',(3.74,4.95,0.95));
#13437=CARTESIAN_POINT('',(3.74,4.95,0.95));
#13438=CARTESIAN_POINT('',(3.74,4.95,2.25));
#13439=CARTESIAN_POINT('',(0.,4.95,0.95));
#13440=CARTESIAN_POINT('',(6.42,4.95,0.95));
#13441=CARTESIAN_POINT('',(6.42,4.95,2.25));
#13442=CARTESIAN_POINT('',(6.42,4.95,2.25));
#13443=CARTESIAN_POINT('',(3.74,4.95,2.25));
#13444=CARTESIAN_POINT('',(0.,4.95,4.77048955893622E-16));
#13445=CARTESIAN_POINT('',(6.12,4.95,-2.15));
#13446=CARTESIAN_POINT('',(6.12,4.95,-2.15));
#13447=CARTESIAN_POINT('',(6.12,4.95,-2.75));
#13448=CARTESIAN_POINT('',(7.12,4.95,-2.75));
#13449=CARTESIAN_POINT('',(7.12,4.95,-2.15));
#13450=CARTESIAN_POINT('',(0.,3.75,3.61400724161834E-16));
#13451=CARTESIAN_POINT('',(3.04,3.75,0.95));
#13452=CARTESIAN_POINT('',(3.74,3.75,0.95));
#13453=CARTESIAN_POINT('',(3.74,3.75,6.85));
#13454=CARTESIAN_POINT('',(0.,3.75,3.61400724161834E-16));
#13455=CARTESIAN_POINT('',(6.42,3.75,0.95));
#13456=CARTESIAN_POINT('',(6.42,3.75,0.95));
#13457=CARTESIAN_POINT('',(6.42,3.75,0.95));
#13458=CARTESIAN_POINT('',(0.,4.45,4.28862192672044E-16));
#13459=CARTESIAN_POINT('',(3.74,4.45,6.85));
#13460=CARTESIAN_POINT('',(3.74,4.45,2.25));
#13461=CARTESIAN_POINT('',(0.,4.45,2.25));
#13462=CARTESIAN_POINT('',(6.42,4.45,2.25));
#13463=CARTESIAN_POINT('',(6.42,4.45,0.95));
#13464=CARTESIAN_POINT('',(7.62,-4.45,4.45));
#13465=CARTESIAN_POINT('',(7.62,-4.45,4.45));
#13466=CARTESIAN_POINT('',(7.62,-4.45,-4.45));
#13467=CARTESIAN_POINT('',(-7.12,-4.45,-3.25));
#13468=CARTESIAN_POINT('',(-7.72,-4.45,-4.45));
#13469=CARTESIAN_POINT('',(7.62,-3.85,9.4));
#13470=CARTESIAN_POINT('',(-7.72,-3.85,9.4));
#13471=CARTESIAN_POINT('',(7.62,4.55,10.65));
#13472=CARTESIAN_POINT('',(3.09,4.55,9.3));
#13473=CARTESIAN_POINT('',(-7.07,4.55,9.3));
#13474=CARTESIAN_POINT('',(7.07,4.55,9.3));
#13475=CARTESIAN_POINT('',(-7.07,4.55,9.3));
#13476=CARTESIAN_POINT('',(-7.07,4.55,7.65));
#13477=CARTESIAN_POINT('',(7.62,4.55,7.65));
#13478=CARTESIAN_POINT('',(-7.72,4.55,7.65));
#13479=CARTESIAN_POINT('',(-7.72,4.55,10.65));
#13480=CARTESIAN_POINT('',(7.62,4.55,7.65));
#13481=CARTESIAN_POINT('',(7.07,4.55,7.65));
#13482=CARTESIAN_POINT('',(7.07,4.55,9.3));
#13483=CARTESIAN_POINT('',(7.62,4.55,7.65));
#13484=CARTESIAN_POINT('',(-7.72,4.55,7.65));
#13485=CARTESIAN_POINT('',(7.62,4.55,7.65));
#13486=CARTESIAN_POINT('',(2.52,4.85,6.55));
#13487=CARTESIAN_POINT('',(-2.52,4.85,6.55));
#13488=CARTESIAN_POINT('',(7.62,4.85,2.275));
#13489=CARTESIAN_POINT('',(-6.405,5.15000000000001,2.275));
#13490=CARTESIAN_POINT('',(-6.405,5.15,2.275));
#13491=CARTESIAN_POINT('',(7.62,5.15,2.275));
#13492=CARTESIAN_POINT('',(7.62,4.45,-3.575));
#13493=CARTESIAN_POINT('',(-7.72,4.45,-3.575));
#13494=CARTESIAN_POINT('',(-7.12,-3.65,-3.25));
#13495=CARTESIAN_POINT('',(-7.12,0.39999999999999,-7.3));
#13496=CARTESIAN_POINT('',(-7.12,11.55,-2.15));
#13497=CARTESIAN_POINT('',(-7.12,5.65,-0.9));
#13498=CARTESIAN_POINT('',(-7.12,5.65,-0.9));
#13499=CARTESIAN_POINT('',(-7.12,5.65,-0.9));
#13500=CARTESIAN_POINT('',(-7.12,5.65,-0.400000000000001));
#13501=CARTESIAN_POINT('',(-7.12,5.65,-0.4));
#13502=CARTESIAN_POINT('',(-7.12,4.95,0.95));
#13503=CARTESIAN_POINT('',(3.74,4.45,6.85));
#13504=CARTESIAN_POINT('',(3.74,4.45,0.95));
#13505=CARTESIAN_POINT('',(3.74,4.95,2.25));
#13506=CARTESIAN_POINT('',(6.42,4.45,0.95));
#13507=CARTESIAN_POINT('',(6.42,4.95,2.25));
#13508=CARTESIAN_POINT('',(6.42,4.45,0.95));
#13509=CARTESIAN_POINT('',(3.04,4.95,0.95));
#13510=CARTESIAN_POINT('',(3.74,4.95,2.25));
#13511=CARTESIAN_POINT('',(7.12,11.55,-2.15));
#13512=CARTESIAN_POINT('',(6.12,11.55,-2.15));
#13513=CARTESIAN_POINT('',(6.12,11.55,-2.15));
#13514=CARTESIAN_POINT('',(6.12,11.55,-2.75));
#13515=CARTESIAN_POINT('',(6.12,11.55,-2.75));
#13516=CARTESIAN_POINT('',(6.12,4.95,-2.75));
#13517=CARTESIAN_POINT('',(4.04,11.55,-2.75));
#13518=CARTESIAN_POINT('',(4.04,11.55,-2.75));
#13519=CARTESIAN_POINT('',(4.04,11.55,-2.15));
#13520=CARTESIAN_POINT('',(4.04,11.55,-2.15));
#13521=CARTESIAN_POINT('',(7.12,4.45,-3.25));
#13522=CARTESIAN_POINT('',(5.08,39.6837448627089,-0.649999999999996));
#13523=CARTESIAN_POINT('',(5.08,11.75,-0.649999999999999));
#13524=CARTESIAN_POINT('',(5.08,11.75,-1.45));
#13525=CARTESIAN_POINT('',(3.04,5.65,-0.4));
#13526=CARTESIAN_POINT('',(3.04,5.65,-0.4));
#13527=CARTESIAN_POINT('',(4.24,7.85,-0.4));
#13528=CARTESIAN_POINT('',(4.24,5.65,-0.400000000000001));
#13529=CARTESIAN_POINT('',(4.24,5.65,-0.400000000000001));
#13530=CARTESIAN_POINT('',(4.24,7.85,-0.9));
#13531=CARTESIAN_POINT('',(4.24,7.85,-0.9));
#13532=CARTESIAN_POINT('',(4.24,5.65,-0.9));
#13533=CARTESIAN_POINT('',(4.24,5.65,-0.9));
#13534=CARTESIAN_POINT('',(3.31515923566879,6.15445859872611,-0.9));
#13535=CARTESIAN_POINT('',(7.12,5.65,-0.4));
#13536=CARTESIAN_POINT('',(5.92,5.65,-0.4));
#13537=CARTESIAN_POINT('',(5.92,7.85,-0.4));
#13538=CARTESIAN_POINT('',(7.12,5.65,-0.4));
#13539=CARTESIAN_POINT('',(5.92,5.65,-0.4));
#13540=CARTESIAN_POINT('',(5.92,5.65,-0.9));
#13541=CARTESIAN_POINT('',(5.92,7.85,-0.899999999999999));
#13542=CARTESIAN_POINT('',(5.92,7.85,-0.4));
#13543=CARTESIAN_POINT('',(5.92,5.65,-0.9));
#13544=CARTESIAN_POINT('',(7.12,5.65,-0.9));
#13545=CARTESIAN_POINT('',(4.24,7.85,-0.4));
#13546=CARTESIAN_POINT('',(7.12,5.65,5.44510424403831E-16));
#13547=CARTESIAN_POINT('',(5.08,11.75,-0.65));
#13548=CARTESIAN_POINT('',(5.08,12.45,-0.649999999999999));
#13549=CARTESIAN_POINT('',(5.08,12.45,-2.15));
#13550=CARTESIAN_POINT('',(5.08,12.45,-0.649999999999999));
#13551=CARTESIAN_POINT('',(7.62,4.85,2.575));
#13552=CARTESIAN_POINT('',(-4.12,4.85,2.575));
#13553=CARTESIAN_POINT('',(-4.12,5.15,2.275));
#13554=CARTESIAN_POINT('',(-6.405,5.15000000000001,2.275));
#13555=CARTESIAN_POINT('',(-7.72,5.15,2.275));
#13556=CARTESIAN_POINT('',(-7.72,5.15,2.275));
#13557=CARTESIAN_POINT('',(-7.72,5.15,2.275));
#13558=CARTESIAN_POINT('',(6.405,5.15,2.275));
#13559=CARTESIAN_POINT('',(6.655,5.15,1.375));
#13560=CARTESIAN_POINT('',(6.655,5.15,1.375));
#13561=CARTESIAN_POINT('',(6.405,5.15,2.275));
#13562=CARTESIAN_POINT('',(6.655,5.15000000000001,1.375));
#13563=CARTESIAN_POINT('',(3.505,5.15000000000001,1.375));
#13564=CARTESIAN_POINT('',(3.505,5.15000000000001,1.375));
#13565=CARTESIAN_POINT('',(6.655,5.15000000000001,1.375));
#13566=CARTESIAN_POINT('',(3.505,5.15000000000001,1.375));
#13567=CARTESIAN_POINT('',(3.505,5.15000000000001,1.375));
#13568=CARTESIAN_POINT('',(0.,5.15,1.52714972671463E-15));
#13569=CARTESIAN_POINT('',(2.52,5.15,3.27499999999999));
#13570=CARTESIAN_POINT('',(2.52,5.15,3.275));
#13571=CARTESIAN_POINT('',(4.12,5.15,3.275));
#13572=CARTESIAN_POINT('',(4.12,5.15,3.275));
#13573=CARTESIAN_POINT('',(4.12,5.15,2.27499999999999));
#13574=CARTESIAN_POINT('',(5.08,5.15000000000001,-0.475));
#13575=CARTESIAN_POINT('',(5.08,5.15000000000001,-0.475));
#13576=CARTESIAN_POINT('',(7.31327114341273,5.15000000000001,-2.625));
#13577=CARTESIAN_POINT('',(5.08,5.15000000000001,-0.475));
#13578=CARTESIAN_POINT('',(2.84672885658727,5.15000000000001,-2.625));
#13579=CARTESIAN_POINT('',(2.84672885658727,5.15000000000001,-2.625));
#13580=CARTESIAN_POINT('',(7.31327114341273,5.15000000000001,-2.625));
#13581=CARTESIAN_POINT('',(5.08,5.15000000000001,-0.475));
#13582=CARTESIAN_POINT('',(-8.67361737988404E-16,5.15000000000001,-0.475));
#13583=CARTESIAN_POINT('',(2.23327114341273,5.15000000000001,-2.625));
#13584=CARTESIAN_POINT('',(2.84672885658727,5.15000000000001,-2.625));
#13585=CARTESIAN_POINT('',(7.62,5.15000000000001,-2.625));
#13586=CARTESIAN_POINT('',(7.62,5.15000000000001,-2.625));
#13587=CARTESIAN_POINT('',(2.84672885658727,5.15000000000001,-2.625));
#13588=CARTESIAN_POINT('',(2.23327114341273,5.15000000000001,-2.625));
#13589=CARTESIAN_POINT('',(5.08,5.15000000000001,-0.475));
#13590=CARTESIAN_POINT('',(7.07,4.55,9.3));
#13591=CARTESIAN_POINT('',(7.07,4.55,7.65));
#13592=CARTESIAN_POINT('',(7.07,3.45,7.65));
#13593=CARTESIAN_POINT('',(7.07,3.45,9.3));
#13594=CARTESIAN_POINT('',(7.07,3.45,9.3));
#13595=CARTESIAN_POINT('',(7.07,4.55,9.3));
#13596=CARTESIAN_POINT('',(7.07,3.45,9.3));
#13597=CARTESIAN_POINT('',(7.07,3.45,7.65));
#13598=CARTESIAN_POINT('',(6.67,3.45,7.65));
#13599=CARTESIAN_POINT('',(6.67,3.45,9.3));
#13600=CARTESIAN_POINT('',(6.67,3.45,9.3));
#13601=CARTESIAN_POINT('',(7.07,3.45,9.3));
#13602=CARTESIAN_POINT('',(5.08,2.23678114093129,9.3));
#13603=CARTESIAN_POINT('',(5.08,2.23678114093129,7.65));
#13604=CARTESIAN_POINT('',(3.49,3.45,7.65));
#13605=CARTESIAN_POINT('',(3.49,3.45,9.3));
#13606=CARTESIAN_POINT('',(3.49,3.45,9.3));
#13607=CARTESIAN_POINT('',(5.08,2.23678114093129,9.3));
#13608=CARTESIAN_POINT('',(3.49,3.45,9.3));
#13609=CARTESIAN_POINT('',(3.49,3.45,7.65));
#13610=CARTESIAN_POINT('',(1.59,3.45,7.65));
#13611=CARTESIAN_POINT('',(1.59,3.45,9.3));
#13612=CARTESIAN_POINT('',(1.59,3.45,9.3));
#13613=CARTESIAN_POINT('',(3.49,3.45,9.3));
#13614=CARTESIAN_POINT('',(5.08,2.23678114093129,9.3));
#13615=CARTESIAN_POINT('',(-1.73472347597681E-15,2.23678114093129,9.3));
#13616=CARTESIAN_POINT('',(-1.59,3.45,9.3));
#13617=CARTESIAN_POINT('',(-1.59,3.45,9.3));
#13618=CARTESIAN_POINT('',(-3.49,3.45000000000001,9.3));
#13619=CARTESIAN_POINT('',(-5.08,2.23678114093129,9.3));
#13620=CARTESIAN_POINT('',(-6.67,3.45000000000001,9.3));
#13621=CARTESIAN_POINT('',(-6.67,3.45000000000001,9.3));
#13622=CARTESIAN_POINT('',(-7.07,3.45000000000001,9.3));
#13623=CARTESIAN_POINT('',(-7.07,3.45000000000001,9.3));
#13624=CARTESIAN_POINT('',(5.08,2.23678114093129,7.65));
#13625=CARTESIAN_POINT('',(-7.07,3.45000000000001,7.65));
#13626=CARTESIAN_POINT('',(-7.07,3.45000000000001,7.65));
#13627=CARTESIAN_POINT('',(-6.67,3.45000000000001,7.65));
#13628=CARTESIAN_POINT('',(-6.67,3.45000000000001,7.65));
#13629=CARTESIAN_POINT('',(-5.08,2.23678114093129,7.65));
#13630=CARTESIAN_POINT('',(-3.49,3.45000000000001,7.65));
#13631=CARTESIAN_POINT('',(-1.59,3.45,7.65));
#13632=CARTESIAN_POINT('',(-1.59,3.45,7.65));
#13633=CARTESIAN_POINT('',(-1.73472347597681E-15,2.23678114093129,7.65));
#13634=CARTESIAN_POINT('',(5.08,1.04999999999999,7.65));
#13635=CARTESIAN_POINT('',(5.08,1.04999999999999,-20.4837448627089));
#13636=CARTESIAN_POINT('',(4.08,-3.05,-17.4837448627089));
#13637=CARTESIAN_POINT('',(4.08,-2.05,-17.4837448627089));
#13638=CARTESIAN_POINT('',(4.08,-3.05,-17.4837448627089));
#13639=CARTESIAN_POINT('',(4.08,-2.05,-17.4837448627089));
#13640=CARTESIAN_POINT('',(6.08,-2.05,-17.4837448627089));
#13641=CARTESIAN_POINT('',(6.08,-2.05,-17.4837448627089));
#13642=CARTESIAN_POINT('',(6.08,-3.05,-17.4837448627089));
#13643=CARTESIAN_POINT('',(6.08,-3.05,-17.4837448627089));
#13644=CARTESIAN_POINT('',(4.08,-3.05,-17.4837448627089));
#13645=CARTESIAN_POINT('',(4.08,-2.05,-17.4837448627089));
#13646=CARTESIAN_POINT('',(4.08,-3.05,-17.4837448627089));
#13647=CARTESIAN_POINT('',(4.08,-2.05,-17.4837448627089));
#13648=CARTESIAN_POINT('',(6.08,-2.05,-17.4837448627089));
#13649=CARTESIAN_POINT('',(6.08,-2.05,-17.4837448627089));
#13650=CARTESIAN_POINT('',(6.08,-3.05,-17.4837448627089));
#13651=CARTESIAN_POINT('',(6.08,-3.05,-17.4837448627089));
#13652=CARTESIAN_POINT('',(5.08,2.07257142857141,9.4));
#13653=CARTESIAN_POINT('',(3.04,-0.549999999999999,9.4));
#13654=CARTESIAN_POINT('',(-1.34,4.45,6.85));
#13655=CARTESIAN_POINT('',(-1.34,4.45,0.95));
#13656=CARTESIAN_POINT('',(-1.34,4.95,2.25));
#13657=CARTESIAN_POINT('',(1.34,4.45,0.95));
#13658=CARTESIAN_POINT('',(1.34,4.95,2.25));
#13659=CARTESIAN_POINT('',(1.34,4.45,0.95));
#13660=CARTESIAN_POINT('',(-2.04,4.95,0.95));
#13661=CARTESIAN_POINT('',(-1.34,4.95,2.25));
#13662=CARTESIAN_POINT('',(2.04,11.55,-2.15));
#13663=CARTESIAN_POINT('',(1.04,11.55,-2.15));
#13664=CARTESIAN_POINT('',(1.04,11.55,-2.15));
#13665=CARTESIAN_POINT('',(1.04,11.55,-2.75));
#13666=CARTESIAN_POINT('',(1.04,11.55,-2.75));
#13667=CARTESIAN_POINT('',(1.04,4.95,-2.75));
#13668=CARTESIAN_POINT('',(-1.04,11.55,-2.75));
#13669=CARTESIAN_POINT('',(-1.04,11.55,-2.75));
#13670=CARTESIAN_POINT('',(-1.04,11.55,-2.15));
#13671=CARTESIAN_POINT('',(-1.04,11.55,-2.15));
#13672=CARTESIAN_POINT('',(7.12,4.45,-3.25));
#13673=CARTESIAN_POINT('',(-8.67361737988404E-16,39.6837448627089,-0.649999999999996));
#13674=CARTESIAN_POINT('',(-8.67361737988404E-16,11.75,-0.649999999999999));
#13675=CARTESIAN_POINT('',(-8.67361737988404E-16,11.75,-1.45));
#13676=CARTESIAN_POINT('',(-2.04,5.65,-0.4));
#13677=CARTESIAN_POINT('',(-2.04,5.65,-0.4));
#13678=CARTESIAN_POINT('',(-0.840000000000002,7.85,-0.4));
#13679=CARTESIAN_POINT('',(-0.840000000000002,5.65,-0.400000000000001));
#13680=CARTESIAN_POINT('',(-0.840000000000002,5.65,-0.400000000000001));
#13681=CARTESIAN_POINT('',(-0.840000000000002,7.85,-0.9));
#13682=CARTESIAN_POINT('',(-0.840000000000002,7.85,-0.9));
#13683=CARTESIAN_POINT('',(-0.840000000000002,5.65,-0.9));
#13684=CARTESIAN_POINT('',(-0.840000000000002,5.65,-0.9));
#13685=CARTESIAN_POINT('',(-1.76484076433121,6.15445859872611,-0.9));
#13686=CARTESIAN_POINT('',(2.04,5.65,-0.4));
#13687=CARTESIAN_POINT('',(0.839999999999999,5.65,-0.4));
#13688=CARTESIAN_POINT('',(0.839999999999999,7.85,-0.4));
#13689=CARTESIAN_POINT('',(2.04,5.65,-0.4));
#13690=CARTESIAN_POINT('',(0.839999999999999,5.65,-0.4));
#13691=CARTESIAN_POINT('',(0.839999999999999,5.65,-0.9));
#13692=CARTESIAN_POINT('',(0.839999999999999,7.85,-0.9));
#13693=CARTESIAN_POINT('',(0.839999999999999,7.85,-0.4));
#13694=CARTESIAN_POINT('',(0.839999999999999,5.65,-0.9));
#13695=CARTESIAN_POINT('',(2.04,5.65,-0.9));
#13696=CARTESIAN_POINT('',(-0.840000000000002,7.85,-0.4));
#13697=CARTESIAN_POINT('',(2.04,5.65,5.44510424403831E-16));
#13698=CARTESIAN_POINT('',(-8.67361737988404E-16,11.75,-0.65));
#13699=CARTESIAN_POINT('',(-8.67361737988404E-16,12.45,-0.649999999999999));
#13700=CARTESIAN_POINT('',(-8.67361737988404E-16,12.45,-2.15));
#13701=CARTESIAN_POINT('',(-8.67361737988404E-16,12.45,-0.649999999999999));
#13702=CARTESIAN_POINT('',(1.325,5.15,2.275));
#13703=CARTESIAN_POINT('',(1.575,5.15,1.375));
#13704=CARTESIAN_POINT('',(1.575,5.15,1.375));
#13705=CARTESIAN_POINT('',(1.325,5.15,2.275));
#13706=CARTESIAN_POINT('',(1.575,5.15000000000001,1.375));
#13707=CARTESIAN_POINT('',(-1.575,5.15000000000001,1.375));
#13708=CARTESIAN_POINT('',(-1.575,5.15000000000001,1.375));
#13709=CARTESIAN_POINT('',(1.575,5.15000000000001,1.375));
#13710=CARTESIAN_POINT('',(-1.575,5.15000000000001,1.375));
#13711=CARTESIAN_POINT('',(-1.575,5.15000000000001,1.375));
#13712=CARTESIAN_POINT('',(0.,5.15,1.52714972671463E-15));
#13713=CARTESIAN_POINT('',(-8.67361737988404E-16,5.15000000000001,-0.475));
#13714=CARTESIAN_POINT('',(-8.67361737988404E-16,5.15000000000001,-0.475));
#13715=CARTESIAN_POINT('',(-2.23327114341273,5.15000000000001,-2.625));
#13716=CARTESIAN_POINT('',(-2.23327114341273,5.15000000000001,-2.625));
#13717=CARTESIAN_POINT('',(-8.67361737988404E-16,5.15000000000001,-0.475));
#13718=CARTESIAN_POINT('',(-5.08,5.15000000000001,-0.475));
#13719=CARTESIAN_POINT('',(-2.84672885658727,5.15000000000001,-2.625));
#13720=CARTESIAN_POINT('',(-2.23327114341273,5.15000000000001,-2.625));
#13721=CARTESIAN_POINT('',(-2.23327114341273,5.15000000000001,-2.625));
#13722=CARTESIAN_POINT('',(-2.84672885658727,5.15000000000001,-2.625));
#13723=CARTESIAN_POINT('',(-1.73472347597681E-15,2.23678114093129,9.3));
#13724=CARTESIAN_POINT('',(-1.59,3.45,9.3));
#13725=CARTESIAN_POINT('',(-1.59,3.45,9.3));
#13726=CARTESIAN_POINT('',(-3.49,3.45000000000001,9.3));
#13727=CARTESIAN_POINT('',(-1.73472347597681E-15,1.04999999999999,7.65));
#13728=CARTESIAN_POINT('',(-1.73472347597681E-15,1.04999999999999,-20.4837448627089));
#13729=CARTESIAN_POINT('',(-1.,-3.05,-17.4837448627089));
#13730=CARTESIAN_POINT('',(-1.,-2.05,-17.4837448627089));
#13731=CARTESIAN_POINT('',(-1.,-3.05,-17.4837448627089));
#13732=CARTESIAN_POINT('',(-1.,-2.05,-17.4837448627089));
#13733=CARTESIAN_POINT('',(0.999999999999997,-2.05,-17.4837448627089));
#13734=CARTESIAN_POINT('',(0.999999999999997,-2.05,-17.4837448627089));
#13735=CARTESIAN_POINT('',(0.999999999999997,-3.05,-17.4837448627089));
#13736=CARTESIAN_POINT('',(0.999999999999997,-3.05,-17.4837448627089));
#13737=CARTESIAN_POINT('',(-1.,-3.05,-17.4837448627089));
#13738=CARTESIAN_POINT('',(-1.,-2.05,-17.4837448627089));
#13739=CARTESIAN_POINT('',(-1.,-3.05,-17.4837448627089));
#13740=CARTESIAN_POINT('',(-1.,-2.05,-17.4837448627089));
#13741=CARTESIAN_POINT('',(0.999999999999997,-2.05,-17.4837448627089));
#13742=CARTESIAN_POINT('',(0.999999999999997,-2.05,-17.4837448627089));
#13743=CARTESIAN_POINT('',(0.999999999999997,-3.05,-17.4837448627089));
#13744=CARTESIAN_POINT('',(0.999999999999997,-3.05,-17.4837448627089));
#13745=CARTESIAN_POINT('',(-6.42,4.45,6.85));
#13746=CARTESIAN_POINT('',(-6.42,4.45,0.95));
#13747=CARTESIAN_POINT('',(-6.42,4.95,2.25));
#13748=CARTESIAN_POINT('',(-3.74,4.45,0.95));
#13749=CARTESIAN_POINT('',(-3.74,4.95,2.25));
#13750=CARTESIAN_POINT('',(-3.74,4.45,0.95));
#13751=CARTESIAN_POINT('',(-7.12,4.95,0.95));
#13752=CARTESIAN_POINT('',(-6.42,4.95,2.25));
#13753=CARTESIAN_POINT('',(-3.04,11.55,-2.15));
#13754=CARTESIAN_POINT('',(-4.04,11.55,-2.15));
#13755=CARTESIAN_POINT('',(-4.04,11.55,-2.15));
#13756=CARTESIAN_POINT('',(-4.04,11.55,-2.75));
#13757=CARTESIAN_POINT('',(-4.04,11.55,-2.75));
#13758=CARTESIAN_POINT('',(-4.04,4.95,-2.75));
#13759=CARTESIAN_POINT('',(-6.12,11.55,-2.75));
#13760=CARTESIAN_POINT('',(-6.12,11.55,-2.75));
#13761=CARTESIAN_POINT('',(-6.12,11.55,-2.15));
#13762=CARTESIAN_POINT('',(-6.12,11.55,-2.15));
#13763=CARTESIAN_POINT('',(7.12,4.45,-3.25));
#13764=CARTESIAN_POINT('',(-5.08,39.6837448627089,-0.649999999999996));
#13765=CARTESIAN_POINT('',(-5.08,11.75,-0.649999999999999));
#13766=CARTESIAN_POINT('',(-5.08,11.75,-1.45));
#13767=CARTESIAN_POINT('',(-7.12,5.65,-0.4));
#13768=CARTESIAN_POINT('',(-7.12,5.65,-0.4));
#13769=CARTESIAN_POINT('',(-5.92,7.85,-0.4));
#13770=CARTESIAN_POINT('',(-5.92,5.65,-0.400000000000001));
#13771=CARTESIAN_POINT('',(-5.92,5.65,-0.400000000000001));
#13772=CARTESIAN_POINT('',(-5.92,7.85,-0.9));
#13773=CARTESIAN_POINT('',(-5.92,7.85,-0.9));
#13774=CARTESIAN_POINT('',(-5.92,5.65,-0.9));
#13775=CARTESIAN_POINT('',(-5.92,5.65,-0.9));
#13776=CARTESIAN_POINT('',(-6.84484076433121,6.15445859872611,-0.9));
#13777=CARTESIAN_POINT('',(-3.04,5.65,-0.4));
#13778=CARTESIAN_POINT('',(-4.24,5.65,-0.4));
#13779=CARTESIAN_POINT('',(-4.24,7.85,-0.4));
#13780=CARTESIAN_POINT('',(-3.04,5.65,-0.4));
#13781=CARTESIAN_POINT('',(-4.24,5.65,-0.4));
#13782=CARTESIAN_POINT('',(-4.24,5.65,-0.9));
#13783=CARTESIAN_POINT('',(-4.24,7.85,-0.9));
#13784=CARTESIAN_POINT('',(-4.24,7.85,-0.4));
#13785=CARTESIAN_POINT('',(-4.24,5.65,-0.9));
#13786=CARTESIAN_POINT('',(-3.04,5.65,-0.9));
#13787=CARTESIAN_POINT('',(-5.92,7.85,-0.4));
#13788=CARTESIAN_POINT('',(-3.04,5.65,5.44510424403831E-16));
#13789=CARTESIAN_POINT('',(-5.08,11.75,-0.65));
#13790=CARTESIAN_POINT('',(-5.08,12.45,-0.649999999999999));
#13791=CARTESIAN_POINT('',(-5.08,12.45,-2.15));
#13792=CARTESIAN_POINT('',(-5.08,12.45,-0.649999999999999));
#13793=CARTESIAN_POINT('',(-3.755,5.15000000000001,2.275));
#13794=CARTESIAN_POINT('',(-3.505,5.15000000000001,1.375));
#13795=CARTESIAN_POINT('',(-3.505,5.15000000000001,1.375));
#13796=CARTESIAN_POINT('',(-3.755,5.15000000000001,2.275));
#13797=CARTESIAN_POINT('',(-3.505,5.15000000000001,1.375));
#13798=CARTESIAN_POINT('',(-6.655,5.15000000000001,1.375));
#13799=CARTESIAN_POINT('',(-6.655,5.15000000000001,1.375));
#13800=CARTESIAN_POINT('',(-3.505,5.15000000000001,1.375));
#13801=CARTESIAN_POINT('',(-6.655,5.15000000000001,1.375));
#13802=CARTESIAN_POINT('',(-6.655,5.15000000000001,1.375));
#13803=CARTESIAN_POINT('',(0.,5.15000000000001,1.52714972671463E-15));
#13804=CARTESIAN_POINT('',(-4.12,5.15,3.27499999999999));
#13805=CARTESIAN_POINT('',(-4.12,5.15,3.275));
#13806=CARTESIAN_POINT('',(-2.52,5.15,3.275));
#13807=CARTESIAN_POINT('',(-2.52,5.15,3.275));
#13808=CARTESIAN_POINT('',(-2.52,5.15,2.27499999999999));
#13809=CARTESIAN_POINT('',(-5.08,5.15000000000001,-0.475));
#13810=CARTESIAN_POINT('',(-5.08,5.15000000000001,-0.475));
#13811=CARTESIAN_POINT('',(-7.31327114341273,5.15000000000001,-2.625));
#13812=CARTESIAN_POINT('',(-7.31327114341273,5.15000000000001,-2.625));
#13813=CARTESIAN_POINT('',(-5.08,5.15000000000001,-0.475));
#13814=CARTESIAN_POINT('',(-7.72,5.15,2.275));
#13815=CARTESIAN_POINT('',(-7.31327114341273,5.15000000000001,-2.625));
#13816=CARTESIAN_POINT('',(-7.31327114341273,5.15000000000001,-2.625));
#13817=CARTESIAN_POINT('',(-5.08,2.23678114093129,9.3));
#13818=CARTESIAN_POINT('',(-6.67,3.45000000000001,9.3));
#13819=CARTESIAN_POINT('',(-6.67,3.45000000000001,9.3));
#13820=CARTESIAN_POINT('',(-7.07,3.45000000000001,9.3));
#13821=CARTESIAN_POINT('',(-7.07,3.45000000000001,9.3));
#13822=CARTESIAN_POINT('',(-5.08,1.04999999999999,7.65));
#13823=CARTESIAN_POINT('',(-5.08,1.04999999999999,-20.4837448627089));
#13824=CARTESIAN_POINT('',(-6.08,-3.05,-17.4837448627089));
#13825=CARTESIAN_POINT('',(-6.08,-2.05,-17.4837448627089));
#13826=CARTESIAN_POINT('',(-6.08,-3.05,-17.4837448627089));
#13827=CARTESIAN_POINT('',(-6.08,-2.05,-17.4837448627089));
#13828=CARTESIAN_POINT('',(-4.08,-2.05,-17.4837448627089));
#13829=CARTESIAN_POINT('',(-4.08,-2.05,-17.4837448627089));
#13830=CARTESIAN_POINT('',(-4.08,-3.05,-17.4837448627089));
#13831=CARTESIAN_POINT('',(-4.08,-3.05,-17.4837448627089));
#13832=CARTESIAN_POINT('',(-6.08,-3.05,-17.4837448627089));
#13833=CARTESIAN_POINT('',(-6.08,-2.05,-17.4837448627089));
#13834=CARTESIAN_POINT('',(-6.08,-3.05,-17.4837448627089));
#13835=CARTESIAN_POINT('',(-6.08,-2.05,-17.4837448627089));
#13836=CARTESIAN_POINT('',(-4.08,-2.05,-17.4837448627089));
#13837=CARTESIAN_POINT('',(-4.08,-2.05,-17.4837448627089));
#13838=CARTESIAN_POINT('',(-4.08,-3.05,-17.4837448627089));
#13839=CARTESIAN_POINT('',(-4.08,-3.05,-17.4837448627089));
#13840=CARTESIAN_POINT('',(1.94,-0.550000000000003,9.4));
#13841=CARTESIAN_POINT('',(1.94,-0.550000000000003,7.9));
#13842=CARTESIAN_POINT('',(1.94,-0.550000000000003,7.9));
#13843=CARTESIAN_POINT('',(1.94,-0.550000000000003,7.9));
#13844=CARTESIAN_POINT('',(1.94,-0.550000000000003,9.4));
#13845=CARTESIAN_POINT('',(1.94,-0.550000000000003,7.9));
#13846=CARTESIAN_POINT('',(1.94,-0.550000000000003,7.9));
#13847=CARTESIAN_POINT('',(1.94,0.,0.));
#13848=CARTESIAN_POINT('',(1.94,-0.550000000000003,7.9));
#13849=CARTESIAN_POINT('',(1.94,-2.85,7.9));
#13850=CARTESIAN_POINT('',(1.94,-2.85,7.9));
#13851=CARTESIAN_POINT('',(-2.52,32.9837448627089,2.275));
#13852=CARTESIAN_POINT('',(-2.52,32.9837448627089,3.275));
#13853=CARTESIAN_POINT('',(-4.12,32.9837448627089,3.275));
#13854=CARTESIAN_POINT('',(-4.12,32.9837448627089,3.275));
#13855=CARTESIAN_POINT('',(-2.52,32.9837448627089,3.275));
#13856=CARTESIAN_POINT('',(-2.52,4.85,6.55));
#13857=CARTESIAN_POINT('',(-2.52,4.85,6.55));
#13858=CARTESIAN_POINT('',(-2.52,8.53021584066883,5.33155016085965));
#13859=CARTESIAN_POINT('',(-2.52,8.53021584066883,5.33155016085965));
#13860=CARTESIAN_POINT('',(-4.12,8.53021584066883,5.33155016085965));
#13861=CARTESIAN_POINT('',(-4.12,4.85,6.55));
#13862=CARTESIAN_POINT('',(-2.52,8.55,5.325));
#13863=CARTESIAN_POINT('',(-4.12,8.55,5.325));
#13864=CARTESIAN_POINT('',(-4.12,8.56800873406204,5.31451176539111));
#13865=CARTESIAN_POINT('',(-4.12,10.0506534559015,4.45102376947114));
#13866=CARTESIAN_POINT('',(-2.52,8.56800873406204,5.31451176539111));
#13867=CARTESIAN_POINT('',(-2.52,8.56800873406204,5.31451176539111));
#13868=CARTESIAN_POINT('',(-2.52,8.55,5.325));
#13869=CARTESIAN_POINT('',(-2.52,10.0506534559015,4.45102376947114));
#13870=CARTESIAN_POINT('',(-2.52,10.0506534559015,4.45102376947114));
#13871=CARTESIAN_POINT('',(-2.52,10.15,4.39316462965057));
#13872=CARTESIAN_POINT('',(-2.52,10.15,4.39316462965057));
#13873=CARTESIAN_POINT('',(-2.52,10.15,4.27819760879205));
#13874=CARTESIAN_POINT('',(-2.52,10.15,3.79316462965057));
#13875=CARTESIAN_POINT('',(-2.52,10.15,3.79316462965057));
#13876=CARTESIAN_POINT('',(-4.12,10.15,3.79316462965057));
#13877=CARTESIAN_POINT('',(-4.12,10.15,4.39316462965057));
#13878=CARTESIAN_POINT('',(-4.12,10.15,4.27819760879205));
#13879=CARTESIAN_POINT('',(-2.52,10.15,4.27819760879205));
#13880=CARTESIAN_POINT('',(-2.52,10.15,3.59316462965057));
#13881=CARTESIAN_POINT('',(-4.12,10.15,3.59316462965057));
#13882=CARTESIAN_POINT('',(-4.12,9.95,3.59316462965057));
#13883=CARTESIAN_POINT('',(-4.12,8.55688102532074,3.59316462965057));
#13884=CARTESIAN_POINT('',(-2.52,9.95,3.59316462965057));
#13885=CARTESIAN_POINT('',(-2.52,9.95,3.59316462965057));
#13886=CARTESIAN_POINT('',(-2.52,10.15,3.59316462965057));
#13887=CARTESIAN_POINT('',(-2.52,8.55688102532074,3.59316462965057));
#13888=CARTESIAN_POINT('',(-2.52,8.55688102532074,3.59316462965057));
#13889=CARTESIAN_POINT('',(-2.52,8.45,3.59316462965057));
#13890=CARTESIAN_POINT('',(-4.12,8.45,3.59316462965057));
#13891=CARTESIAN_POINT('',(-4.12,8.39060542918911,3.6820231606524));
#13892=CARTESIAN_POINT('',(-4.12,8.20087543229661,3.96587282200491));
#13893=CARTESIAN_POINT('',(-2.52,8.39060542918911,3.6820231606524));
#13894=CARTESIAN_POINT('',(-2.52,8.39060542918911,3.6820231606524));
#13895=CARTESIAN_POINT('',(-2.52,8.45,3.59316462965057));
#13896=CARTESIAN_POINT('',(-2.52,8.20087543229661,3.96587282200491));
#13897=CARTESIAN_POINT('',(-4.12,8.20087543229661,3.96587282200491));
#13898=CARTESIAN_POINT('',(-2.52,8.15,4.04198611175918));
#13899=CARTESIAN_POINT('',(-4.12,8.15,4.04198611175918));
#13900=CARTESIAN_POINT('',(-4.12,8.05914108116611,4.05321996047275));
#13901=CARTESIAN_POINT('',(-4.12,5.07454124500113,4.42223759198687));
#13902=CARTESIAN_POINT('',(-2.52,8.05914108116611,4.05321996047275));
#13903=CARTESIAN_POINT('',(-2.52,8.05914108116611,4.05321996047275));
#13904=CARTESIAN_POINT('',(-2.52,8.15,4.04198611175918));
#13905=CARTESIAN_POINT('',(-2.52,5.07454124500113,4.42223759198687));
#13906=CARTESIAN_POINT('',(-4.12,5.07454124500113,4.42223759198687));
#13907=CARTESIAN_POINT('',(-2.52,0.,0.));
#13908=CARTESIAN_POINT('',(-2.52,9.95,3.79316462965057));
#13909=CARTESIAN_POINT('',(-2.52,9.95,4.27819760879205));
#13910=CARTESIAN_POINT('',(-2.52,8.4673552781605,5.14168560471202));
#13911=CARTESIAN_POINT('',(-2.52,5.05,4.22374898452086));
#13912=CARTESIAN_POINT('',(-2.52,8.03459983616498,3.85473135300674));
#13913=CARTESIAN_POINT('',(-2.52,8.55688102532074,3.79316462965057));
#13914=CARTESIAN_POINT('',(-4.12,0.,0.));
#13915=CARTESIAN_POINT('',(-4.12,9.95,3.79316462965057));
#13916=CARTESIAN_POINT('',(-4.12,8.55688102532074,3.79316462965057));
#13917=CARTESIAN_POINT('',(-4.12,8.03459983616498,3.85473135300674));
#13918=CARTESIAN_POINT('',(-4.12,5.05,4.22374898452086));
#13919=CARTESIAN_POINT('',(-4.12,8.4673552781605,5.14168560471202));
#13920=CARTESIAN_POINT('',(-4.12,9.95,4.27819760879205));
#13921=CARTESIAN_POINT('',(-2.52,9.95,4.27819760879205));
#13922=CARTESIAN_POINT('',(-2.52,5.05,4.22374898452086));
#13923=CARTESIAN_POINT('',(-2.52,8.03459983616498,3.85473135300674));
#13924=CARTESIAN_POINT('',(-2.52,8.55688102532074,3.79316462965057));
#13925=CARTESIAN_POINT('',(-2.52,8.4673552781605,5.14168560471202));
#13926=CARTESIAN_POINT('',(-2.52,9.95,3.79316462965057));
#13927=CARTESIAN_POINT('',(2.54,11.95,1.32739511542808));
#13928=CARTESIAN_POINT('',(2.54,11.95,1.32739511542808));
#13929=CARTESIAN_POINT('',(2.54,11.95,1.32739511542808));
#13930=CARTESIAN_POINT('',(2.54,11.95,1.32739511542808));
#13931=CARTESIAN_POINT('',(1.35,11.95,0.725000000000005));
#13932=CARTESIAN_POINT('',(1.35,11.95,0.725000000000005));
#13933=CARTESIAN_POINT('',(2.54,11.95,1.32739511542808));
#13934=CARTESIAN_POINT('',(3.73,11.95,0.725000000000005));
#13935=CARTESIAN_POINT('',(3.73,11.95,0.725000000000005));
#13936=CARTESIAN_POINT('',(2.54,11.95,1.32739511542808));
#13937=CARTESIAN_POINT('',(5.08,11.95,-0.649999999999999));
#13938=CARTESIAN_POINT('',(3.73,11.95,-2.025));
#13939=CARTESIAN_POINT('',(3.73,11.95,-2.025));
#13940=CARTESIAN_POINT('',(5.08,11.95,-0.649999999999999));
#13941=CARTESIAN_POINT('',(3.73,11.95,-2.025));
#13942=CARTESIAN_POINT('',(1.35,11.95,-2.025));
#13943=CARTESIAN_POINT('',(1.35,11.95,-2.025));
#13944=CARTESIAN_POINT('',(3.73,11.95,-2.025));
#13945=CARTESIAN_POINT('',(-8.67361737988404E-16,11.95,-0.649999999999999));
#13946=CARTESIAN_POINT('',(-8.67361737988404E-16,11.95,-0.649999999999999));
#13947=CARTESIAN_POINT('',(5.08,11.95,-0.649999999999999));
#13948=CARTESIAN_POINT('',(-7.72,0.,0.));
#13949=CARTESIAN_POINT('',(-3.14,-0.550000000000002,9.4));
#13950=CARTESIAN_POINT('',(-3.14,-0.550000000000002,7.9));
#13951=CARTESIAN_POINT('',(-3.14,-0.550000000000002,7.9));
#13952=CARTESIAN_POINT('',(-3.14,-0.550000000000002,7.9));
#13953=CARTESIAN_POINT('',(-3.14,-0.550000000000002,9.4));
#13954=CARTESIAN_POINT('',(-3.14,-0.550000000000002,7.9));
#13955=CARTESIAN_POINT('',(-3.14,-0.550000000000002,7.9));
#13956=CARTESIAN_POINT('',(-3.14,0.,0.));
#13957=CARTESIAN_POINT('',(-3.14,-0.550000000000002,7.9));
#13958=CARTESIAN_POINT('',(-3.14,-2.85,7.9));
#13959=CARTESIAN_POINT('',(-3.14,-2.85,7.9));
#13960=CARTESIAN_POINT('',(-2.54,11.95,1.32739511542808));
#13961=CARTESIAN_POINT('',(-2.54,11.95,1.32739511542808));
#13962=CARTESIAN_POINT('',(-2.54,11.95,1.32739511542808));
#13963=CARTESIAN_POINT('',(-2.54,11.95,1.32739511542808));
#13964=CARTESIAN_POINT('',(-3.73,11.95,0.725000000000005));
#13965=CARTESIAN_POINT('',(-3.73,11.95,0.725000000000005));
#13966=CARTESIAN_POINT('',(-2.54,11.95,1.32739511542808));
#13967=CARTESIAN_POINT('',(-1.35,11.95,0.725000000000005));
#13968=CARTESIAN_POINT('',(-1.35,11.95,0.725000000000005));
#13969=CARTESIAN_POINT('',(-2.54,11.95,1.32739511542808));
#13970=CARTESIAN_POINT('',(2.60208521396521E-15,11.95,-0.649999999999999));
#13971=CARTESIAN_POINT('',(-1.35,11.95,-2.025));
#13972=CARTESIAN_POINT('',(-1.35,11.95,-2.025));
#13973=CARTESIAN_POINT('',(2.60208521396521E-15,11.95,-0.649999999999999));
#13974=CARTESIAN_POINT('',(-1.35,11.95,-2.025));
#13975=CARTESIAN_POINT('',(-3.73,11.95,-2.025));
#13976=CARTESIAN_POINT('',(-3.73,11.95,-2.025));
#13977=CARTESIAN_POINT('',(-1.35,11.95,-2.025));
#13978=CARTESIAN_POINT('',(-5.08,11.95,-0.649999999999999));
#13979=CARTESIAN_POINT('',(-5.08,11.95,-0.649999999999999));
#13980=CARTESIAN_POINT('',(2.60208521396521E-15,11.95,-0.649999999999999));
#13981=CARTESIAN_POINT('',(2.52,33.0380400170001,3.275));
#13982=CARTESIAN_POINT('',(2.52,33.0380400170001,3.275));
#13983=CARTESIAN_POINT('',(4.12,33.0380400170001,2.275));
#13984=CARTESIAN_POINT('',(4.12,33.0380400170001,3.275));
#13985=CARTESIAN_POINT('',(4.12,33.0380400170001,3.275));
#13986=CARTESIAN_POINT('',(2.52,8.55,5.325));
#13987=CARTESIAN_POINT('',(4.12,8.55,5.325));
#13988=CARTESIAN_POINT('',(4.12,8.53021584066884,5.33155016085965));
#13989=CARTESIAN_POINT('',(2.52,8.53021584066884,5.33155016085965));
#13990=CARTESIAN_POINT('',(2.52,8.53021584066884,5.33155016085965));
#13991=CARTESIAN_POINT('',(2.52,8.55,5.325));
#13992=CARTESIAN_POINT('',(2.52,4.85,4.45));
#13993=CARTESIAN_POINT('',(2.52,4.85,4.45));
#13994=CARTESIAN_POINT('',(2.52,5.07454124500113,4.42223759198687));
#13995=CARTESIAN_POINT('',(2.52,8.0591410811661,4.05321996047275));
#13996=CARTESIAN_POINT('',(4.12,8.0591410811661,4.05321996047275));
#13997=CARTESIAN_POINT('',(4.12,8.0591410811661,4.05321996047275));
#13998=CARTESIAN_POINT('',(4.12,4.85,4.45));
#13999=CARTESIAN_POINT('',(4.12,5.07454124500113,4.42223759198687));
#14000=CARTESIAN_POINT('',(2.52,5.07454124500113,4.42223759198687));
#14001=CARTESIAN_POINT('',(2.52,8.15,4.04198611175918));
#14002=CARTESIAN_POINT('',(2.52,8.15,4.04198611175918));
#14003=CARTESIAN_POINT('',(2.52,8.20087543229661,3.96587282200491));
#14004=CARTESIAN_POINT('',(2.52,8.39060542918911,3.6820231606524));
#14005=CARTESIAN_POINT('',(2.52,8.39060542918911,3.6820231606524));
#14006=CARTESIAN_POINT('',(4.12,8.39060542918911,3.6820231606524));
#14007=CARTESIAN_POINT('',(4.12,8.15,4.04198611175918));
#14008=CARTESIAN_POINT('',(4.12,8.20087543229661,3.96587282200491));
#14009=CARTESIAN_POINT('',(2.52,8.20087543229661,3.96587282200491));
#14010=CARTESIAN_POINT('',(2.52,8.45,3.59316462965057));
#14011=CARTESIAN_POINT('',(2.52,8.45,3.59316462965057));
#14012=CARTESIAN_POINT('',(2.52,8.55688102532074,3.59316462965057));
#14013=CARTESIAN_POINT('',(2.52,9.95,3.59316462965057));
#14014=CARTESIAN_POINT('',(2.52,9.95,3.59316462965057));
#14015=CARTESIAN_POINT('',(4.12,9.95,3.59316462965057));
#14016=CARTESIAN_POINT('',(4.12,8.45,3.59316462965057));
#14017=CARTESIAN_POINT('',(4.12,8.55688102532074,3.59316462965057));
#14018=CARTESIAN_POINT('',(2.52,8.55688102532074,3.59316462965057));
#14019=CARTESIAN_POINT('',(2.52,10.15,3.59316462965057));
#14020=CARTESIAN_POINT('',(4.12,10.15,3.59316462965057));
#14021=CARTESIAN_POINT('',(4.12,10.15,3.79316462965057));
#14022=CARTESIAN_POINT('',(4.12,10.15,4.27819760879205));
#14023=CARTESIAN_POINT('',(2.52,10.15,3.79316462965057));
#14024=CARTESIAN_POINT('',(2.52,10.15,3.79316462965057));
#14025=CARTESIAN_POINT('',(2.52,10.15,3.59316462965057));
#14026=CARTESIAN_POINT('',(2.52,10.15,4.27819760879205));
#14027=CARTESIAN_POINT('',(2.52,10.15,4.27819760879205));
#14028=CARTESIAN_POINT('',(2.52,10.15,4.39316462965057));
#14029=CARTESIAN_POINT('',(2.52,10.15,4.39316462965057));
#14030=CARTESIAN_POINT('',(2.52,10.0506534559015,4.45102376947114));
#14031=CARTESIAN_POINT('',(2.52,8.56800873406204,5.31451176539111));
#14032=CARTESIAN_POINT('',(2.52,8.56800873406204,5.31451176539111));
#14033=CARTESIAN_POINT('',(4.12,8.56800873406204,5.31451176539111));
#14034=CARTESIAN_POINT('',(4.12,10.15,4.39316462965057));
#14035=CARTESIAN_POINT('',(4.12,10.0506534559015,4.45102376947114));
#14036=CARTESIAN_POINT('',(2.52,10.0506534559015,4.45102376947114));
#14037=CARTESIAN_POINT('',(2.52,0.,0.));
#14038=CARTESIAN_POINT('',(2.52,9.95,3.79316462965057));
#14039=CARTESIAN_POINT('',(2.52,8.55688102532074,3.79316462965057));
#14040=CARTESIAN_POINT('',(2.52,8.03459983616498,3.85473135300674));
#14041=CARTESIAN_POINT('',(2.52,5.05,4.22374898452086));
#14042=CARTESIAN_POINT('',(2.52,8.4673552781605,5.14168560471202));
#14043=CARTESIAN_POINT('',(2.52,9.95,4.27819760879205));
#14044=CARTESIAN_POINT('',(4.12,0.,0.));
#14045=CARTESIAN_POINT('',(4.12,9.95,3.79316462965057));
#14046=CARTESIAN_POINT('',(4.12,9.95,4.27819760879205));
#14047=CARTESIAN_POINT('',(4.12,8.4673552781605,5.14168560471202));
#14048=CARTESIAN_POINT('',(4.12,5.05,4.22374898452086));
#14049=CARTESIAN_POINT('',(4.12,8.03459983616498,3.85473135300674));
#14050=CARTESIAN_POINT('',(4.12,8.55688102532074,3.79316462965057));
#14051=CARTESIAN_POINT('',(2.52,9.95,4.27819760879205));
#14052=CARTESIAN_POINT('',(7.62,5.05,4.22374898452086));
#14053=CARTESIAN_POINT('',(2.52,8.03459983616498,3.85473135300674));
#14054=CARTESIAN_POINT('',(2.52,8.55688102532074,3.79316462965057));
#14055=CARTESIAN_POINT('',(2.52,8.4673552781605,5.14168560471202));
#14056=CARTESIAN_POINT('',(2.52,9.95,3.79316462965057));
#14057=CARTESIAN_POINT('',(0.,0.,0.));
#14058=CARTESIAN_POINT('',(1.95,2.45,3.5));
#14059=CARTESIAN_POINT('',(-1.95,2.45,3.5));
#14060=CARTESIAN_POINT('',(-1.95,2.45,3.5));
#14061=CARTESIAN_POINT('',(-1.95,-2.45,3.5));
#14062=CARTESIAN_POINT('',(1.95,-2.45,3.5));
#14063=CARTESIAN_POINT('',(1.95,-2.45,3.5));
#14064=CARTESIAN_POINT('',(1.95,2.45,3.5));
#14065=CARTESIAN_POINT('',(1.95,2.45,3.5));
#14066=CARTESIAN_POINT('',(1.95,2.45,3.5));
#14067=CARTESIAN_POINT('',(0.,-3.09772049281573E-16,3.5));
#14068=CARTESIAN_POINT('',(0.,1.475,3.5));
#14069=CARTESIAN_POINT('',(-1.25,6.94255023941847,-1.8));
#14070=CARTESIAN_POINT('',(-1.25,6.94255023941847,1.9));
#14071=CARTESIAN_POINT('',(-1.25,2.45,1.9));
#14072=CARTESIAN_POINT('',(-1.25,0.783022988168292,1.9));
#14073=CARTESIAN_POINT('',(-1.25,0.783022988168293,-0.4));
#14074=CARTESIAN_POINT('',(-1.25,0.783022988168293,-0.4));
#14075=CARTESIAN_POINT('',(-1.25,6.94255023941847,-0.4));
#14076=CARTESIAN_POINT('',(-1.25,-0.783022988168293,-0.4));
#14077=CARTESIAN_POINT('',(-1.25,-0.783022988168293,-0.4));
#14078=CARTESIAN_POINT('',(-1.25,-0.783022988168293,1.9));
#14079=CARTESIAN_POINT('',(-1.25,6.94255023941847,1.9));
#14080=CARTESIAN_POINT('',(-1.25,-2.45,1.9));
#14081=CARTESIAN_POINT('',(-1.25,-2.45,-1.8));
#14082=CARTESIAN_POINT('',(-1.25,-2.45,-1.8));
#14083=CARTESIAN_POINT('',(-1.25,6.94255023941847,-1.8));
#14084=CARTESIAN_POINT('',(-1.25,2.45,-1.8));
#14085=CARTESIAN_POINT('',(-1.25,2.45,-3.5));
#14086=CARTESIAN_POINT('',(-1.25,6.94255023941847,1.9));
#14087=CARTESIAN_POINT('',(0.,-1.68161969609997E-16,1.9));
#14088=CARTESIAN_POINT('',(1.25,-0.783022988168293,1.9));
#14089=CARTESIAN_POINT('',(1.25,6.94255023941847,1.9));
#14090=CARTESIAN_POINT('',(1.25,-2.45,1.9));
#14091=CARTESIAN_POINT('',(-1.25,-2.45,1.9));
#14092=CARTESIAN_POINT('',(-1.25,6.94255023941847,1.9));
#14093=CARTESIAN_POINT('',(1.25,6.94255023941847,1.9));
#14094=CARTESIAN_POINT('',(1.25,2.45,1.9));
#14095=CARTESIAN_POINT('',(1.25,0.783022988168292,1.9));
#14096=CARTESIAN_POINT('',(0.,-1.68161969609997E-16,1.9));
#14097=CARTESIAN_POINT('',(1.95,2.45,1.9));
#14098=CARTESIAN_POINT('',(1.25,6.94255023941847,1.9));
#14099=CARTESIAN_POINT('',(1.25,-0.783022988168293,-0.4));
#14100=CARTESIAN_POINT('',(1.25,-0.783022988168293,-0.4));
#14101=CARTESIAN_POINT('',(1.25,6.94255023941847,-0.4));
#14102=CARTESIAN_POINT('',(1.25,0.783022988168293,-0.4));
#14103=CARTESIAN_POINT('',(1.25,0.783022988168293,-0.4));
#14104=CARTESIAN_POINT('',(1.25,2.45,-3.5));
#14105=CARTESIAN_POINT('',(1.25,2.45,-1.8));
#14106=CARTESIAN_POINT('',(1.25,6.94255023941847,-1.8));
#14107=CARTESIAN_POINT('',(1.25,-2.45,-1.8));
#14108=CARTESIAN_POINT('',(1.25,-2.45,1.9));
#14109=CARTESIAN_POINT('',(1.95,-2.45,3.5));
#14110=CARTESIAN_POINT('',(-1.95,-2.45,3.5));
#14111=CARTESIAN_POINT('',(-1.95,-2.45,-3.5));
#14112=CARTESIAN_POINT('',(1.95,-2.45,-3.5));
#14113=CARTESIAN_POINT('',(1.95,-2.45,-3.5));
#14114=CARTESIAN_POINT('',(1.95,-2.45,3.5));
#14115=CARTESIAN_POINT('',(1.25,-2.45,-1.8));
#14116=CARTESIAN_POINT('',(1.95,2.45,-3.5));
#14117=CARTESIAN_POINT('',(-1.95,2.45,-3.5));
#14118=CARTESIAN_POINT('',(-1.95,2.45,-3.5));
#14119=CARTESIAN_POINT('',(1.95,2.45,-3.5));
#14120=CARTESIAN_POINT('',(1.95,2.45,-3.5));
#14121=CARTESIAN_POINT('',(1.95,2.45,-3.5));
#14122=CARTESIAN_POINT('',(1.95,2.45,-1.8));
#14123=CARTESIAN_POINT('',(1.95,-2.45,-3.5));
#14124=CARTESIAN_POINT('',(-1.95,-2.45,-3.5));
#14125=CARTESIAN_POINT('',(1.95,-2.45,-3.5));
#14126=CARTESIAN_POINT('',(1.95,0.,0.));
#14127=CARTESIAN_POINT('',(-1.95,0.,0.));
#14128=CARTESIAN_POINT('',(1.25,6.94255023941847,-1.8));
#14129=CARTESIAN_POINT('',(0.,3.5402519917894E-17,-0.4));
#14130=CARTESIAN_POINT('',(0.,3.5402519917894E-17,-0.4));
#14131=CARTESIAN_POINT('',(0.,3.5402519917894E-17,-0.4));
#14132=CARTESIAN_POINT('',(0.,3.5402519917894E-17,-0.4));
#14133=CARTESIAN_POINT('',(0.,3.5402519917894E-17,-0.4));
#14134=CARTESIAN_POINT('',(5.08,1.04999999999999,0.249999999999999));
#14135=CARTESIAN_POINT('',(3.09398331853972,5.15760561037983,1.475));
#14136=CARTESIAN_POINT('',(3.09398331853972,5.15760561037983,1.475));
#14137=CARTESIAN_POINT('',(3.09398331853972,5.15760561037983,1.23493954436738));
#14138=CARTESIAN_POINT('',(3.09398331853972,5.15760561037983,-1.23493954436738));
#14139=CARTESIAN_POINT('',(3.17294548181146,4.83296980712095,0.916235516104208));
#14140=CARTESIAN_POINT('',(3.15838598346672,4.89282802584686,0.975));
#14141=CARTESIAN_POINT('',(3.86600384774374,1.98361069628416,0.975));
#14142=CARTESIAN_POINT('',(3.86600384774374,1.98361069628416,0.975));
#14143=CARTESIAN_POINT('',(3.86600384774374,1.98361069628416,1.475));
#14144=CARTESIAN_POINT('',(3.86600384774374,1.98361069628416,-0.975));
#14145=CARTESIAN_POINT('',(3.09398331853972,5.15760561037983,-0.975000000000001));
#14146=CARTESIAN_POINT('',(3.15838598346672,4.89282802584686,-0.975000000000001));
#14147=CARTESIAN_POINT('',(3.17294548181146,4.83296980712095,-0.916235516104208));
#14148=CARTESIAN_POINT('',(2.7,1.7,1.475));
#14149=CARTESIAN_POINT('',(2.7,1.7,0.975));
#14150=CARTESIAN_POINT('',(3.9,1.7,0.975));
#14151=CARTESIAN_POINT('',(3.9,1.7,1.475));
#14152=CARTESIAN_POINT('',(3.9,1.7,-0.975));
#14153=CARTESIAN_POINT('',(2.7,1.7,-0.975));
#14154=CARTESIAN_POINT('',(3.9,1.7,1.475));
#14155=CARTESIAN_POINT('',(3.9,1.1,0.975));
#14156=CARTESIAN_POINT('',(3.9,1.1,0.975));
#14157=CARTESIAN_POINT('',(3.9,1.1,1.475));
#14158=CARTESIAN_POINT('',(3.9,1.1,-0.975));
#14159=CARTESIAN_POINT('',(3.9,1.7,-0.975));
#14160=CARTESIAN_POINT('',(3.3,1.1,1.475));
#14161=CARTESIAN_POINT('',(3.3,1.1,0.975));
#14162=CARTESIAN_POINT('',(3.3,0.5,0.975));
#14163=CARTESIAN_POINT('',(3.3,0.5,1.26152653920244));
#14164=CARTESIAN_POINT('',(3.3,0.5,-0.975));
#14165=CARTESIAN_POINT('',(3.3,1.1,-0.975));
#14166=CARTESIAN_POINT('',(2.70531536929181,5.06306871161845,1.475));
#14167=CARTESIAN_POINT('',(2.70531536929181,5.06306871161845,0.975));
#14168=CARTESIAN_POINT('',(2.73997932492785,4.92055537845012,0.975));
#14169=CARTESIAN_POINT('',(3.47733589849583,1.88907379752277,0.975));
#14170=CARTESIAN_POINT('',(2.66281036503282,5.23781881506548,1.28646637017513));
#14171=CARTESIAN_POINT('',(2.7053153692918,5.06306871161845,1.11490931655107));
#14172=CARTESIAN_POINT('',(2.7053153692918,5.06306871161845,1.475));
#14173=CARTESIAN_POINT('',(2.7053153692918,5.06306871161845,-1.11490931655107));
#14174=CARTESIAN_POINT('',(3.01102754566918,3.80619942344117,0.118994341397992));
#14175=CARTESIAN_POINT('',(2.73997932492785,4.92055537845012,-0.975000000000001));
#14176=CARTESIAN_POINT('',(3.47733589849583,1.88907379752277,-0.975));
#14177=CARTESIAN_POINT('',(3.47733589849583,1.88907379752277,-0.975));
#14178=CARTESIAN_POINT('',(3.47733589849583,1.88907379752277,1.475));
#14179=CARTESIAN_POINT('',(2.7,1.7,1.475));
#14180=CARTESIAN_POINT('',(2.7,1.7,0.975));
#14181=CARTESIAN_POINT('',(3.5,1.7,0.975));
#14182=CARTESIAN_POINT('',(2.7,1.7,-0.975));
#14183=CARTESIAN_POINT('',(3.5,1.7,-0.975));
#14184=CARTESIAN_POINT('',(3.5,1.7,1.475));
#14185=CARTESIAN_POINT('',(3.5,1.7,1.475));
#14186=CARTESIAN_POINT('',(3.5,1.7,0.975));
#14187=CARTESIAN_POINT('',(3.5,1.1,0.975));
#14188=CARTESIAN_POINT('',(3.5,1.1,-0.975));
#14189=CARTESIAN_POINT('',(3.5,1.1,-0.975));
#14190=CARTESIAN_POINT('',(3.5,1.1,1.475));
#14191=CARTESIAN_POINT('',(3.3,1.1,1.475));
#14192=CARTESIAN_POINT('',(3.3,1.1,0.975));
#14193=CARTESIAN_POINT('',(3.3,0.9,0.975));
#14194=CARTESIAN_POINT('',(3.3,1.1,-0.975));
#14195=CARTESIAN_POINT('',(3.3,0.9,-0.975));
#14196=CARTESIAN_POINT('',(3.3,0.9,1.26152653920244));
#14197=CARTESIAN_POINT('',(3.3,-0.101526539202438,1.56));
#14198=CARTESIAN_POINT('',(3.3,0.45,-1.85));
#14199=CARTESIAN_POINT('',(3.3,0.136748377503056,-1.60125631464692));
#14200=CARTESIAN_POINT('',(3.3,0.45,-1.85));
#14201=CARTESIAN_POINT('',(3.3,0.810888033807344,-1.39552107737161));
#14202=CARTESIAN_POINT('',(3.3,0.810888033807343,-1.39552107737161));
#14203=CARTESIAN_POINT('',(3.3,0.489101404509765,-1.14));
#14204=CARTESIAN_POINT('',(3.3,0.9,-1.14));
#14205=CARTESIAN_POINT('',(3.3,0.9,-0.975));
#14206=CARTESIAN_POINT('',(3.3,0.5,-0.975));
#14207=CARTESIAN_POINT('',(3.3,0.5,-0.975));
#14208=CARTESIAN_POINT('',(3.3,0.5,-1.14));
#14209=CARTESIAN_POINT('',(3.3,0.489101404509765,-1.14));
#14210=CARTESIAN_POINT('',(3.3,0.4976364113104,-1.14677739201853));
#14211=CARTESIAN_POINT('',(3.3,0.4976364113104,-1.14677739201853));
#14212=CARTESIAN_POINT('',(1.5,1.1,1.475));
#14213=CARTESIAN_POINT('',(1.5,0.5,1.26152653920244));
#14214=CARTESIAN_POINT('',(1.5,0.5,-0.975));
#14215=CARTESIAN_POINT('',(1.5,0.5,0.975));
#14216=CARTESIAN_POINT('',(1.5,1.1,0.975));
#14217=CARTESIAN_POINT('',(0.9,1.1,0.975));
#14218=CARTESIAN_POINT('',(0.9,1.1,1.475));
#14219=CARTESIAN_POINT('',(0.9,1.1,-0.975));
#14220=CARTESIAN_POINT('',(1.5,1.1,-0.975));
#14221=CARTESIAN_POINT('',(0.9,1.1,1.475));
#14222=CARTESIAN_POINT('',(0.9,1.7,0.975));
#14223=CARTESIAN_POINT('',(0.9,1.7,0.975));
#14224=CARTESIAN_POINT('',(0.9,1.7,1.475));
#14225=CARTESIAN_POINT('',(0.9,1.7,-0.975));
#14226=CARTESIAN_POINT('',(0.9,1.1,-0.975));
#14227=CARTESIAN_POINT('',(2.1,1.7,1.475));
#14228=CARTESIAN_POINT('',(2.1,1.7,0.975));
#14229=CARTESIAN_POINT('',(0.933996152256256,1.98361069628416,0.975));
#14230=CARTESIAN_POINT('',(0.933996152256257,1.98361069628416,1.475));
#14231=CARTESIAN_POINT('',(0.933996152256257,1.98361069628416,-0.975));
#14232=CARTESIAN_POINT('',(2.1,1.7,-0.975));
#14233=CARTESIAN_POINT('',(0.933996152256256,1.98361069628416,1.475));
#14234=CARTESIAN_POINT('',(1.70601668146028,5.15760561037983,0.975000000000001));
#14235=CARTESIAN_POINT('',(1.64161401653328,4.89282802584686,0.975000000000001));
#14236=CARTESIAN_POINT('',(1.62705451818854,4.83296980712095,0.916235516104208));
#14237=CARTESIAN_POINT('',(1.70601668146028,5.15760561037983,1.23493954436738));
#14238=CARTESIAN_POINT('',(1.70601668146028,5.15760561037983,1.475));
#14239=CARTESIAN_POINT('',(1.70601668146028,5.15760561037983,-1.23493954436738));
#14240=CARTESIAN_POINT('',(1.62705451818854,4.83296980712095,-0.916235516104208));
#14241=CARTESIAN_POINT('',(1.64161401653328,4.89282802584686,-0.975000000000001));
#14242=CARTESIAN_POINT('',(0.933996152256256,1.98361069628416,-0.975));
#14243=CARTESIAN_POINT('',(1.5,1.1,1.475));
#14244=CARTESIAN_POINT('',(1.5,1.1,0.975));
#14245=CARTESIAN_POINT('',(1.5,0.9,0.975));
#14246=CARTESIAN_POINT('',(1.3,1.1,0.975));
#14247=CARTESIAN_POINT('',(1.5,0.9,1.26152653920244));
#14248=CARTESIAN_POINT('',(1.5,0.9,-0.975));
#14249=CARTESIAN_POINT('',(1.5,1.1,-0.975));
#14250=CARTESIAN_POINT('',(1.3,1.1,-0.975));
#14251=CARTESIAN_POINT('',(1.3,1.1,1.475));
#14252=CARTESIAN_POINT('',(1.3,1.1,1.475));
#14253=CARTESIAN_POINT('',(1.3,1.1,0.975));
#14254=CARTESIAN_POINT('',(1.3,1.7,0.975));
#14255=CARTESIAN_POINT('',(1.3,1.1,-0.975));
#14256=CARTESIAN_POINT('',(1.3,1.7,-0.975));
#14257=CARTESIAN_POINT('',(1.3,1.7,1.475));
#14258=CARTESIAN_POINT('',(2.1,1.7,1.475));
#14259=CARTESIAN_POINT('',(2.1,1.7,0.975));
#14260=CARTESIAN_POINT('',(1.32266410150417,1.88907379752277,0.975));
#14261=CARTESIAN_POINT('',(2.1,1.7,-0.975));
#14262=CARTESIAN_POINT('',(1.32266410150417,1.88907379752277,-0.975));
#14263=CARTESIAN_POINT('',(1.32266410150417,1.88907379752277,1.475));
#14264=CARTESIAN_POINT('',(1.32266410150417,1.88907379752277,1.475));
#14265=CARTESIAN_POINT('',(1.32266410150417,1.88907379752277,0.975));
#14266=CARTESIAN_POINT('',(2.06002067507215,4.92055537845012,0.975000000000001));
#14267=CARTESIAN_POINT('',(1.32266410150417,1.88907379752277,-0.975));
#14268=CARTESIAN_POINT('',(2.06002067507215,4.92055537845012,-0.975000000000001));
#14269=CARTESIAN_POINT('',(1.38476362760956,2.14438252646224,1.75044636851972));
#14270=CARTESIAN_POINT('',(2.09468463070819,5.06306871161845,-1.11490931655107));
#14271=CARTESIAN_POINT('',(2.09468463070819,5.06306871161845,1.475));
#14272=CARTESIAN_POINT('',(2.09468463070819,5.06306871161845,1.11490931655107));
#14273=CARTESIAN_POINT('',(1.73298080824592,3.57600191808655,-0.344985656946597));
#14274=CARTESIAN_POINT('',(1.5,-0.101526539202438,1.56));
#14275=CARTESIAN_POINT('',(1.5,0.5,0.975));
#14276=CARTESIAN_POINT('',(1.5,0.5,1.15));
#14277=CARTESIAN_POINT('',(1.5,0.49,1.15));
#14278=CARTESIAN_POINT('',(1.5,0.49,1.16));
#14279=CARTESIAN_POINT('',(1.5,-0.101526539202438,1.16));
#14280=CARTESIAN_POINT('',(1.5,0.0099999999999997,1.16));
#14281=CARTESIAN_POINT('',(1.5,0.00999999999999986,1.15));
#14282=CARTESIAN_POINT('',(1.5,-9.80652174991902E-17,1.15));
#14283=CARTESIAN_POINT('',(1.5,-0.4,1.15));
#14284=CARTESIAN_POINT('',(1.5,-0.4,1.15));
#14285=CARTESIAN_POINT('',(1.5,0.00999999999999986,1.15));
#14286=CARTESIAN_POINT('',(1.5,0.0099999999999997,1.56));
#14287=CARTESIAN_POINT('',(1.5,-0.101526539202438,1.56));
#14288=CARTESIAN_POINT('',(1.5,0.49,1.56));
#14289=CARTESIAN_POINT('',(1.5,0.49,1.15));
#14290=CARTESIAN_POINT('',(1.5,0.9,1.15));
#14291=CARTESIAN_POINT('',(1.5,0.9,0.975));
#14292=CARTESIAN_POINT('',(1.5,0.5,0.975));
#14293=CARTESIAN_POINT('',(3.3,-0.101526539202438,1.56));
#14294=CARTESIAN_POINT('',(3.3,0.49,1.15));
#14295=CARTESIAN_POINT('',(3.3,0.49,1.16));
#14296=CARTESIAN_POINT('',(3.3,0.5,1.15));
#14297=CARTESIAN_POINT('',(3.3,0.5,1.26152653920244));
#14298=CARTESIAN_POINT('',(3.3,0.9,0.975));
#14299=CARTESIAN_POINT('',(3.3,0.9,1.26152653920244));
#14300=CARTESIAN_POINT('',(3.3,0.9,1.15));
#14301=CARTESIAN_POINT('',(3.3,0.49,1.15));
#14302=CARTESIAN_POINT('',(3.3,0.49,1.56));
#14303=CARTESIAN_POINT('',(3.3,-0.101526539202438,1.56));
#14304=CARTESIAN_POINT('',(3.3,0.0099999999999997,1.56));
#14305=CARTESIAN_POINT('',(3.3,0.00999999999999976,1.15));
#14306=CARTESIAN_POINT('',(3.3,-0.4,1.15));
#14307=CARTESIAN_POINT('',(3.3,-0.4,1.15));
#14308=CARTESIAN_POINT('',(3.3,-2.08283429422452E-16,1.15));
#14309=CARTESIAN_POINT('',(3.3,0.00999999999999976,1.15));
#14310=CARTESIAN_POINT('',(3.3,0.00999999999999976,1.16));
#14311=CARTESIAN_POINT('',(3.3,-0.101526539202438,1.16));
#14312=CARTESIAN_POINT('',(1.5,-0.101526539202438,1.56));
#14313=CARTESIAN_POINT('',(1.5,0.489101404509765,-1.14));
#14314=CARTESIAN_POINT('',(1.5,0.5,-1.14));
#14315=CARTESIAN_POINT('',(1.5,0.4976364113104,-1.14677739201853));
#14316=CARTESIAN_POINT('',(1.5,0.5,1.26152653920244));
#14317=CARTESIAN_POINT('',(1.5,0.9,-0.975));
#14318=CARTESIAN_POINT('',(1.5,0.9,1.26152653920244));
#14319=CARTESIAN_POINT('',(1.5,0.9,-1.14));
#14320=CARTESIAN_POINT('',(1.5,0.489101404509765,-1.14));
#14321=CARTESIAN_POINT('',(1.5,0.810888033807343,-1.39552107737161));
#14322=CARTESIAN_POINT('',(1.5,0.810888033807344,-1.39552107737161));
#14323=CARTESIAN_POINT('',(1.5,0.45,-1.85));
#14324=CARTESIAN_POINT('',(1.5,0.45,-1.85));
#14325=CARTESIAN_POINT('',(1.5,0.136748377503056,-1.60125631464692));
#14326=CARTESIAN_POINT('',(1.5,0.4976364113104,-1.14677739201853));
#14327=CARTESIAN_POINT('',(-8.55670597438364E-33,7.10295143505465E-17,1.56));
#14328=CARTESIAN_POINT('',(3.3,0.49,1.56));
#14329=CARTESIAN_POINT('',(1.5,0.0099999999999997,1.56));
#14330=CARTESIAN_POINT('',(-0.414875442062374,-7.,1.15));
#14331=CARTESIAN_POINT('',(-0.101526539202438,0.,1.15));
#14332=CARTESIAN_POINT('',(4.,-2.71050543121376E-16,1.15));
#14333=CARTESIAN_POINT('',(-0.101526539202438,-0.4,1.15));
#14334=CARTESIAN_POINT('',(4.,-0.4,1.15));
#14335=CARTESIAN_POINT('',(4.,-2.71050543121376E-16,1.15));
#14336=CARTESIAN_POINT('',(-0.414875442062374,-7.,1.15));
#14337=CARTESIAN_POINT('',(-0.748925302261575,-6.77997570383957,1.15));
#14338=CARTESIAN_POINT('',(-0.638913154181358,-6.61295077373997,1.15));
#14339=CARTESIAN_POINT('',(-0.19886456186049,-5.94485105334156,1.15));
#14340=CARTESIAN_POINT('',(-0.304863293982157,-6.8329750699004,1.15));
#14341=CARTESIAN_POINT('',(-0.304863293982157,-6.8329750699004,1.15));
#14342=CARTESIAN_POINT('',(-0.414875442062374,-7.,1.15));
#14343=CARTESIAN_POINT('',(0.135185298338711,-6.164875349502,1.15));
#14344=CARTESIAN_POINT('',(-0.322392313032974,-5.86348862890648,1.15));
#14345=CARTESIAN_POINT('',(0.135185298338711,-5.56210190831097,1.15));
#14346=CARTESIAN_POINT('',(0.592762909710396,-5.26071518771545,1.15));
#14347=CARTESIAN_POINT('',(0.135185298338711,-4.95932846711994,1.15));
#14348=CARTESIAN_POINT('',(-0.322392313032974,-4.65794174652442,1.15));
#14349=CARTESIAN_POINT('',(0.135185298338711,-4.35655502592891,1.15));
#14350=CARTESIAN_POINT('',(0.592762909710396,-4.05516830533339,1.15));
#14351=CARTESIAN_POINT('',(0.135185298338711,-3.75378158473787,1.15));
#14352=CARTESIAN_POINT('',(-0.322392313032974,-3.45239486414236,1.15));
#14353=CARTESIAN_POINT('',(0.135185298338711,-3.15100814354684,1.15));
#14354=CARTESIAN_POINT('',(0.819924256397547,-2.7,1.15));
#14355=CARTESIAN_POINT('',(-2.16840434497101E-16,-2.7,1.15));
#14356=CARTESIAN_POINT('',(0.,-2.7,1.15));
#14357=CARTESIAN_POINT('',(0.,-0.41,1.15));
#14358=CARTESIAN_POINT('',(0.01,-0.41,1.15));
#14359=CARTESIAN_POINT('',(0.01,-0.4,1.15));
#14360=CARTESIAN_POINT('',(-0.101526539202438,-0.4,1.15));
#14361=CARTESIAN_POINT('',(-0.101526539202438,0.,1.15));
#14362=CARTESIAN_POINT('',(0.00999999999999997,-6.82903096271236E-18,1.15));
#14363=CARTESIAN_POINT('',(0.01,-0.41,1.15));
#14364=CARTESIAN_POINT('',(-0.4,-0.41,1.15));
#14365=CARTESIAN_POINT('',(-0.4,-2.7,1.15));
#14366=CARTESIAN_POINT('',(-0.4,-2.7,1.15));
#14367=CARTESIAN_POINT('',(0.819924256397547,-2.7,1.15));
#14368=CARTESIAN_POINT('',(-0.19886456186049,-3.37103243970728,1.15));
#14369=CARTESIAN_POINT('',(-0.322392313032974,-3.45239486414236,1.15));
#14370=CARTESIAN_POINT('',(-0.19886456186049,-3.53375728857744,1.15));
#14371=CARTESIAN_POINT('',(0.592762909710396,-4.05516830533339,1.15));
#14372=CARTESIAN_POINT('',(-0.19886456186049,-4.57657932208934,1.15));
#14373=CARTESIAN_POINT('',(-0.322392313032974,-4.65794174652442,1.15));
#14374=CARTESIAN_POINT('',(-0.198864561860489,-4.7393041709595,1.15));
#14375=CARTESIAN_POINT('',(0.592762909710396,-5.26071518771545,1.15));
#14376=CARTESIAN_POINT('',(-0.19886456186049,-5.7821262044714,1.15));
#14377=CARTESIAN_POINT('',(-0.322392313032974,-5.86348862890648,1.15));
#14378=CARTESIAN_POINT('',(0.,-2.7,-1.15));
#14379=CARTESIAN_POINT('',(-0.101526539202438,-0.4,-1.15));
#14380=CARTESIAN_POINT('',(4.,-0.4,-1.15));
#14381=CARTESIAN_POINT('',(3.3,-0.4,-1.15));
#14382=CARTESIAN_POINT('',(3.3,-0.4,-1.15));
#14383=CARTESIAN_POINT('',(3.3,-2.08283429422452E-16,-1.15));
#14384=CARTESIAN_POINT('',(-0.101526539202438,0.,-1.15));
#14385=CARTESIAN_POINT('',(4.,-2.71050543121376E-16,-1.15));
#14386=CARTESIAN_POINT('',(4.,-2.71050543121376E-16,-1.15));
#14387=CARTESIAN_POINT('',(0.,-2.7,-1.15));
#14388=CARTESIAN_POINT('',(-0.414875442062374,-7.,-1.15));
#14389=CARTESIAN_POINT('',(-0.304863293982157,-6.8329750699004,-1.15));
#14390=CARTESIAN_POINT('',(0.135185298338711,-6.164875349502,-1.15));
#14391=CARTESIAN_POINT('',(-1.99080331373967,-5.72251878653405,-1.15));
#14392=CARTESIAN_POINT('',(-0.638913154181358,-6.61295077373997,-1.15));
#14393=CARTESIAN_POINT('',(-0.748925302261575,-6.77997570383957,-1.15));
#14394=CARTESIAN_POINT('',(-0.19886456186049,-5.94485105334156,-1.15));
#14395=CARTESIAN_POINT('',(-0.322392313032974,-5.86348862890648,-1.15));
#14396=CARTESIAN_POINT('',(-0.19886456186049,-5.7821262044714,-1.15));
#14397=CARTESIAN_POINT('',(0.592762909710396,-5.26071518771545,-1.15));
#14398=CARTESIAN_POINT('',(-0.19886456186049,-4.7393041709595,-1.15));
#14399=CARTESIAN_POINT('',(-0.322392313032974,-4.65794174652442,-1.15));
#14400=CARTESIAN_POINT('',(-0.19886456186049,-4.57657932208934,-1.15));
#14401=CARTESIAN_POINT('',(0.592762909710396,-4.05516830533339,-1.15));
#14402=CARTESIAN_POINT('',(-0.19886456186049,-3.53375728857744,-1.15));
#14403=CARTESIAN_POINT('',(-0.322392313032974,-3.45239486414236,-1.15));
#14404=CARTESIAN_POINT('',(-0.19886456186049,-3.37103243970728,-1.15));
#14405=CARTESIAN_POINT('',(0.819924256397547,-2.7,-1.15));
#14406=CARTESIAN_POINT('',(-0.4,-2.7,-1.15));
#14407=CARTESIAN_POINT('',(-0.4,-2.7,-1.15));
#14408=CARTESIAN_POINT('',(-0.4,-0.41,-1.15));
#14409=CARTESIAN_POINT('',(0.01,-0.41,-1.15));
#14410=CARTESIAN_POINT('',(0.00999999999999997,-6.82903096271236E-18,-1.15));
#14411=CARTESIAN_POINT('',(-0.101526539202438,0.,-1.15));
#14412=CARTESIAN_POINT('',(1.5,-9.18485099360515E-17,-1.15));
#14413=CARTESIAN_POINT('',(1.5,-0.4,-1.15));
#14414=CARTESIAN_POINT('',(1.5,-0.4,-1.15));
#14415=CARTESIAN_POINT('',(-0.101526539202438,-0.4,-1.15));
#14416=CARTESIAN_POINT('',(0.00999999999999997,-0.4,-1.15));
#14417=CARTESIAN_POINT('',(0.01,-0.41,-1.15));
#14418=CARTESIAN_POINT('',(0.,-0.41,-1.15));
#14419=CARTESIAN_POINT('',(0.,-2.7,-1.15));
#14420=CARTESIAN_POINT('',(-2.16840434497101E-16,-2.7,-1.15));
#14421=CARTESIAN_POINT('',(0.819924256397547,-2.7,-1.15));
#14422=CARTESIAN_POINT('',(0.135185298338711,-3.15100814354684,-1.15));
#14423=CARTESIAN_POINT('',(-0.322392313032974,-3.45239486414236,-1.15));
#14424=CARTESIAN_POINT('',(0.135185298338711,-3.75378158473787,-1.15));
#14425=CARTESIAN_POINT('',(0.592762909710396,-4.05516830533339,-1.15));
#14426=CARTESIAN_POINT('',(0.135185298338711,-4.35655502592891,-1.15));
#14427=CARTESIAN_POINT('',(-0.322392313032974,-4.65794174652442,-1.15));
#14428=CARTESIAN_POINT('',(0.135185298338711,-4.95932846711994,-1.15));
#14429=CARTESIAN_POINT('',(0.592762909710396,-5.26071518771545,-1.15));
#14430=CARTESIAN_POINT('',(0.135185298338711,-5.56210190831097,-1.15));
#14431=CARTESIAN_POINT('',(-0.322392313032974,-5.86348862890648,-1.15));
#14432=CARTESIAN_POINT('',(-0.4,-2.7,-1.15));
#14433=CARTESIAN_POINT('',(-0.4,-0.41,1.15));
#14434=CARTESIAN_POINT('',(-0.4,-2.7,-1.15));
#14435=CARTESIAN_POINT('',(-0.414875442062374,-7.,-1.15));
#14436=CARTESIAN_POINT('',(-0.414875442062374,-7.,-1.15));
#14437=CARTESIAN_POINT('',(-0.414875442062374,-7.,-0.95));
#14438=CARTESIAN_POINT('',(-0.414875442062374,-7.,0.95));
#14439=CARTESIAN_POINT('',(-0.414875442062374,-7.,0.95));
#14440=CARTESIAN_POINT('',(-0.748925302261575,-6.77997570383957,0.95));
#14441=CARTESIAN_POINT('',(-0.748925302261575,-6.77997570383957,-1.15));
#14442=CARTESIAN_POINT('',(-0.748925302261575,-6.77997570383957,-0.95));
#14443=CARTESIAN_POINT('',(-0.414875442062374,-7.,-0.95));
#14444=CARTESIAN_POINT('',(-0.414875442062374,-7.,-1.15));
#14445=CARTESIAN_POINT('',(-0.304863293982157,-6.8329750699004,0.95));
#14446=CARTESIAN_POINT('',(-0.304863293982157,-6.8329750699004,-0.95));
#14447=CARTESIAN_POINT('',(0.135185298338711,-6.164875349502,-1.15));
#14448=CARTESIAN_POINT('',(-0.322392313032974,-5.86348862890648,-1.15));
#14449=CARTESIAN_POINT('',(0.135185298338711,-5.56210190831097,-1.15));
#14450=CARTESIAN_POINT('',(0.592762909710396,-5.26071518771545,-1.15));
#14451=CARTESIAN_POINT('',(0.135185298338711,-4.95932846711994,-1.15));
#14452=CARTESIAN_POINT('',(-0.322392313032974,-4.65794174652442,-1.15));
#14453=CARTESIAN_POINT('',(0.135185298338711,-4.35655502592891,-1.15));
#14454=CARTESIAN_POINT('',(0.592762909710396,-4.05516830533339,-1.15));
#14455=CARTESIAN_POINT('',(0.135185298338711,-3.75378158473787,-1.15));
#14456=CARTESIAN_POINT('',(-0.322392313032974,-3.45239486414236,-1.15));
#14457=CARTESIAN_POINT('',(0.135185298338711,-3.15100814354684,-1.15));
#14458=CARTESIAN_POINT('',(0.819924256397547,-2.7,-1.15));
#14459=CARTESIAN_POINT('',(-2.16840434497101E-16,-2.7,-1.15));
#14460=CARTESIAN_POINT('',(0.,-2.7,-1.15));
#14461=CARTESIAN_POINT('',(0.,-0.41,1.15));
#14462=CARTESIAN_POINT('',(-0.748925302261575,-6.77997570383957,-1.15));
#14463=CARTESIAN_POINT('',(-0.638913154181358,-6.61295077373997,0.95));
#14464=CARTESIAN_POINT('',(-0.19886456186049,-5.94485105334156,-1.15));
#14465=CARTESIAN_POINT('',(-0.638913154181358,-6.61295077373997,-0.95));
#14466=CARTESIAN_POINT('',(-0.322392313032974,-5.86348862890648,-1.15));
#14467=CARTESIAN_POINT('',(-0.19886456186049,-5.7821262044714,-1.15));
#14468=CARTESIAN_POINT('',(0.592762909710396,-5.26071518771545,-1.15));
#14469=CARTESIAN_POINT('',(-0.198864561860489,-4.7393041709595,-1.15));
#14470=CARTESIAN_POINT('',(-0.322392313032974,-4.65794174652442,-1.15));
#14471=CARTESIAN_POINT('',(-0.19886456186049,-4.57657932208934,-1.15));
#14472=CARTESIAN_POINT('',(0.592762909710396,-4.05516830533339,-1.15));
#14473=CARTESIAN_POINT('',(-0.19886456186049,-3.53375728857744,-1.15));
#14474=CARTESIAN_POINT('',(-0.322392313032974,-3.45239486414236,-1.15));
#14475=CARTESIAN_POINT('',(-0.19886456186049,-3.37103243970728,-1.15));
#14476=CARTESIAN_POINT('',(0.819924256397547,-2.7,-1.15));
#14477=CARTESIAN_POINT('',(0.,0.,1.82625465373418E-32));
#14478=CARTESIAN_POINT('',(0.0100000000000001,-5.42101086242752E-17,1.15));
#14479=CARTESIAN_POINT('',(4.,-2.71050543121376E-16,1.15));
#14480=CARTESIAN_POINT('',(3.3,-2.02066721859313E-16,-1.85));
#14481=CARTESIAN_POINT('',(3.3,-2.02066721859313E-16,-1.85));
#14482=CARTESIAN_POINT('',(1.5,-9.18485099360515E-17,-1.85));
#14483=CARTESIAN_POINT('',(1.5,-9.18485099360515E-17,-1.85));
#14484=CARTESIAN_POINT('',(1.5,-9.18485099360515E-17,-1.15));
#14485=CARTESIAN_POINT('',(0.00999999999999997,-6.82903096271236E-18,-1.15));
#14486=CARTESIAN_POINT('',(-2.44929359829471E-17,-0.4,0.));
#14487=CARTESIAN_POINT('',(1.5,-0.4,-1.15));
#14488=CARTESIAN_POINT('',(1.5,-0.4,-1.85));
#14489=CARTESIAN_POINT('',(1.5,-0.4,-1.85));
#14490=CARTESIAN_POINT('',(3.3,-0.4,-1.85));
#14491=CARTESIAN_POINT('',(3.3,-0.4,-1.85));
#14492=CARTESIAN_POINT('',(4.,-0.4,1.15));
#14493=CARTESIAN_POINT('',(3.3,-0.4,1.15));
#14494=CARTESIAN_POINT('',(0.00999999999999995,-0.4,-1.15));
#14495=CARTESIAN_POINT('',(4.,-2.71050543121376E-16,1.15));
#14496=CARTESIAN_POINT('',(0.01,-0.41,1.15));
#14497=CARTESIAN_POINT('',(0.01,-0.41,1.15));
#14498=CARTESIAN_POINT('',(3.3,-0.4,-1.85));
#14499=CARTESIAN_POINT('',(3.3,-0.4,-1.85));
#14500=CARTESIAN_POINT('',(1.5,-0.4,-1.85));
#14501=CARTESIAN_POINT('',(1.5,-0.4,-1.85));
#14502=CARTESIAN_POINT('',(1.5,-0.4,-1.15));
#14503=CARTESIAN_POINT('',(-8.55670597438364E-33,7.10295143505465E-17,1.16));
#14504=CARTESIAN_POINT('',(3.3,0.49,1.16));
#14505=CARTESIAN_POINT('',(1.5,0.00999999999999968,1.16));
#14506=CARTESIAN_POINT('',(0.0100000000000001,0.00999999999999997,1.15));
#14507=CARTESIAN_POINT('',(0.0100000000000001,0.00999999999999997,1.15));
#14508=CARTESIAN_POINT('',(-2.80991216079992E-32,0.9,-1.15407989726147E-16));
#14509=CARTESIAN_POINT('',(1.5,0.9,1.15));
#14510=CARTESIAN_POINT('',(1.5,0.9,-1.14));
#14511=CARTESIAN_POINT('',(0.,0.5,-6.12323399573676E-17));
#14512=CARTESIAN_POINT('',(1.5,0.5,1.15));
#14513=CARTESIAN_POINT('',(1.5,0.5,-1.14));
#14514=CARTESIAN_POINT('',(3.3,0.49,1.15));
#14515=CARTESIAN_POINT('',(3.3,0.49,1.15));
#14516=CARTESIAN_POINT('',(1.5,0.45,-1.85));
#14517=CARTESIAN_POINT('',(1.5,0.136748377503056,-1.60125631464692));
#14518=CARTESIAN_POINT('',(1.5,0.45,-1.85));
#14519=CARTESIAN_POINT('',(1.5,0.489101404509765,-1.14));
#14520=CARTESIAN_POINT('',(1.5,0.810888033807344,-1.39552107737161));
#14521=CARTESIAN_POINT('',(1.5,0.810888033807344,-1.39552107737161));
#14522=CARTESIAN_POINT('',(1.5,0.489101404509765,-1.14));
#14523=CARTESIAN_POINT('',(1.5,0.4976364113104,-1.14677739201853));
#14524=CARTESIAN_POINT('',(1.5,0.4976364113104,-1.14677739201853));
#14525=CARTESIAN_POINT('',(1.93394565872176,6.00199805525566,1.475));
#14526=CARTESIAN_POINT('',(0.928680782964451,5.34667940790261,1.475));
#14527=CARTESIAN_POINT('',(1.71716056920522,5.48195552068571,1.475));
#14528=CARTESIAN_POINT('',(1.59885736680266,5.78355850613797,1.475));
#14529=CARTESIAN_POINT('',(2.12057660794918,5.50868946127625,1.475));
#14530=CARTESIAN_POINT('',(2.11771991061476,5.50850015106176,1.475));
#14531=CARTESIAN_POINT('',(0.928680782964451,5.34667940790261,1.475));
#14532=CARTESIAN_POINT('',(1.93394565872177,6.00199805525566,1.475));
#14533=CARTESIAN_POINT('',(1.93394565872176,6.00199805525566,1.475));
#14534=CARTESIAN_POINT('',(1.71852466577821,6.33245585404045,1.475));
#14535=CARTESIAN_POINT('',(1.71852466577821,6.33245585404045,1.475));
#14536=CARTESIAN_POINT('',(1.38343637385911,6.11401630492276,1.475));
#14537=CARTESIAN_POINT('',(1.59885736680266,5.78355850613797,1.475));
#14538=CARTESIAN_POINT('',(1.60930489121937,6.5,1.475));
#14539=CARTESIAN_POINT('',(1.27421659930027,6.28156045088232,1.475));
#14540=CARTESIAN_POINT('',(1.27421659930027,6.28156045088232,1.275));
#14541=CARTESIAN_POINT('',(1.27421659930027,6.28156045088232,-1.275));
#14542=CARTESIAN_POINT('',(1.60930489121937,6.5,1.275));
#14543=CARTESIAN_POINT('',(1.60930489121937,6.5,1.275));
#14544=CARTESIAN_POINT('',(1.60930489121937,6.5,1.475));
#14545=CARTESIAN_POINT('',(1.60930489121937,6.5,-1.275));
#14546=CARTESIAN_POINT('',(1.60930489121937,6.5,-1.275));
#14547=CARTESIAN_POINT('',(1.5,1.1,-1.475));
#14548=CARTESIAN_POINT('',(0.928680782964451,5.34667940790261,-1.475));
#14549=CARTESIAN_POINT('',(2.11771991061476,5.50850015106176,-1.475));
#14550=CARTESIAN_POINT('',(1.93394565872177,6.00199805525566,-1.475));
#14551=CARTESIAN_POINT('',(1.72145203926364,5.48223991172268,-1.475));
#14552=CARTESIAN_POINT('',(1.71716056920522,5.48195552068571,-1.475));
#14553=CARTESIAN_POINT('',(0.928680782964451,5.34667940790261,-1.475));
#14554=CARTESIAN_POINT('',(1.59885736680266,5.78355850613797,-1.475));
#14555=CARTESIAN_POINT('',(1.59885736680266,5.78355850613797,-1.475));
#14556=CARTESIAN_POINT('',(1.38343637385911,6.11401630492276,-1.475));
#14557=CARTESIAN_POINT('',(-0.828565955670137,4.67204174728504,-1.475));
#14558=CARTESIAN_POINT('',(1.71852466577821,6.33245585404045,-1.475));
#14559=CARTESIAN_POINT('',(1.93394565872176,6.00199805525566,-1.475));
#14560=CARTESIAN_POINT('',(0.928680782964451,5.34667940790261,1.475));
#14561=CARTESIAN_POINT('',(0.928680782964451,5.34667940790261,1.475));
#14562=CARTESIAN_POINT('',(1.72866052384999,5.34098606330557,1.41642135623731));
#14563=CARTESIAN_POINT('',(1.72866052384999,5.34098606330557,1.41642135623731));
#14564=CARTESIAN_POINT('',(1.72892684684226,5.37840747609958,1.45374325903189));
#14565=CARTESIAN_POINT('',(1.72609993637495,5.42985090169494,1.475));
#14566=CARTESIAN_POINT('',(1.71716056920522,5.48195552068571,1.475));
#14567=CARTESIAN_POINT('',(1.59885736680266,5.78355850613797,1.475));
#14568=CARTESIAN_POINT('',(1.71716056920522,5.48195552068571,-1.475));
#14569=CARTESIAN_POINT('',(1.72609802280696,5.4298620552508,-1.475));
#14570=CARTESIAN_POINT('',(1.72892681944953,5.37840362710881,-1.45373942027625));
#14571=CARTESIAN_POINT('',(1.72866052384999,5.34098606330557,-1.41642135623731));
#14572=CARTESIAN_POINT('',(1.72866052384999,5.34098606330557,-1.41642135623731));
#14573=CARTESIAN_POINT('',(0.928680782964451,5.34667940790261,-1.475));
#14574=CARTESIAN_POINT('',(1.59885736680266,5.78355850613797,1.475));
#14575=CARTESIAN_POINT('',(1.38343637385911,6.11401630492276,1.275));
#14576=CARTESIAN_POINT('',(1.38343637385911,6.11401630492276,-1.275));
#14577=CARTESIAN_POINT('',(0.928680782964451,5.34667940790261,1.475));
#14578=CARTESIAN_POINT('',(2.11771991061476,5.50850015106176,1.475));
#14579=CARTESIAN_POINT('',(2.12484316876259,5.45615931706998,1.475));
#14580=CARTESIAN_POINT('',(2.12785255634548,5.40484882775383,1.4537482284138));
#14581=CARTESIAN_POINT('',(2.12850044016299,5.36748301816567,1.41642135623731));
#14582=CARTESIAN_POINT('',(2.12850044016299,5.36748301816567,1.41642135623731));
#14583=CARTESIAN_POINT('',(0.928680782964451,5.34667940790261,1.475));
#14584=CARTESIAN_POINT('',(0.928680782964451,5.34667940790261,-1.475));
#14585=CARTESIAN_POINT('',(2.12850044016299,5.36748301816566,-1.41642135623731));
#14586=CARTESIAN_POINT('',(2.12850044016299,5.36748301816566,-1.41642135623731));
#14587=CARTESIAN_POINT('',(2.12785252208158,5.40485080387719,-1.45375020247793));
#14588=CARTESIAN_POINT('',(2.12484388545236,5.4561540509208,-1.475));
#14589=CARTESIAN_POINT('',(2.11771991061476,5.50850015106176,-1.475));
#14590=CARTESIAN_POINT('',(1.93394565872177,6.00199805525566,1.475));
#14591=CARTESIAN_POINT('',(1.93394565872176,6.00199805525566,1.475));
#14592=CARTESIAN_POINT('',(1.71852466577821,6.33245585404045,1.275));
#14593=CARTESIAN_POINT('',(1.71852466577821,6.33245585404045,-1.275));
#14594=CARTESIAN_POINT('',(1.5,1.1,-0.975));
#14595=CARTESIAN_POINT('',(1.2503715941001,4.86690081752268,-0.975000000000001));
#14596=CARTESIAN_POINT('',(1.5,1.1,0.975));
#14597=CARTESIAN_POINT('',(1.2503715941001,4.86690081752269,0.975000000000001));
#14598=CARTESIAN_POINT('',(1.2503715941001,4.86690081752269,0.975000000000001));
#14599=CARTESIAN_POINT('',(1.73080336718797,5.34112806719483,1.41642135623731));
#14600=CARTESIAN_POINT('',(1.2503715941001,4.86690081752269,-0.975000000000001));
#14601=CARTESIAN_POINT('',(2.12992793587351,5.3675776167484,-1.41642135623731));
#14602=CARTESIAN_POINT('',(1.21183177608627,5.44846793309253,1.275));
#14603=CARTESIAN_POINT('',(1.21183177608627,5.44846793309253,-1.275));
#14604=CARTESIAN_POINT('',(1.71852466577821,6.33245585404045,1.275));
#14605=CARTESIAN_POINT('',(1.71852466577821,6.33245585404045,-1.275));
#14606=CARTESIAN_POINT('',(3.3,1.1,1.475));
#14607=CARTESIAN_POINT('',(3.87131921703555,5.34667940790261,1.475));
#14608=CARTESIAN_POINT('',(2.86605434127823,6.00199805525566,1.475));
#14609=CARTESIAN_POINT('',(2.68228008938523,5.50850015106176,1.475));
#14610=CARTESIAN_POINT('',(3.07854796073636,5.48223991172268,1.475));
#14611=CARTESIAN_POINT('',(3.08283943079478,5.48195552068571,1.475));
#14612=CARTESIAN_POINT('',(3.87131921703555,5.34667940790261,1.475));
#14613=CARTESIAN_POINT('',(3.20114263319734,5.78355850613797,1.475));
#14614=CARTESIAN_POINT('',(3.52578340069973,6.28156045088232,1.475));
#14615=CARTESIAN_POINT('',(3.41656362614089,6.11401630492276,1.475));
#14616=CARTESIAN_POINT('',(5.62856595567014,4.67204174728504,1.475));
#14617=CARTESIAN_POINT('',(3.08147533422179,6.33245585404045,1.475));
#14618=CARTESIAN_POINT('',(3.19069510878063,6.5,1.475));
#14619=CARTESIAN_POINT('',(3.19069510878063,6.5,-1.475));
#14620=CARTESIAN_POINT('',(3.87131921703555,5.34667940790261,-1.475));
#14621=CARTESIAN_POINT('',(3.20114263319734,5.78355850613797,-1.475));
#14622=CARTESIAN_POINT('',(3.08283943079478,5.48195552068571,-1.475));
#14623=CARTESIAN_POINT('',(2.67942339205082,5.50868946127625,-1.475));
#14624=CARTESIAN_POINT('',(2.68228008938523,5.50850015106176,-1.475));
#14625=CARTESIAN_POINT('',(3.87131921703555,5.34667940790261,-1.475));
#14626=CARTESIAN_POINT('',(2.86605434127823,6.00199805525566,-1.475));
#14627=CARTESIAN_POINT('',(3.19069510878063,6.5,-1.475));
#14628=CARTESIAN_POINT('',(3.08147533422179,6.33245585404045,-1.475));
#14629=CARTESIAN_POINT('',(3.08147533422179,6.33245585404045,-1.475));
#14630=CARTESIAN_POINT('',(3.41656362614089,6.11401630492276,-1.475));
#14631=CARTESIAN_POINT('',(3.52578340069973,6.28156045088232,-1.475));
#14632=CARTESIAN_POINT('',(3.19069510878063,6.5,1.475));
#14633=CARTESIAN_POINT('',(3.19069510878063,6.5,1.475));
#14634=CARTESIAN_POINT('',(3.19069510878063,6.5,1.275));
#14635=CARTESIAN_POINT('',(3.19069510878063,6.5,-1.275));
#14636=CARTESIAN_POINT('',(3.19069510878063,6.5,1.275));
#14637=CARTESIAN_POINT('',(3.52578340069973,6.28156045088232,1.275));
#14638=CARTESIAN_POINT('',(3.52578340069973,6.28156045088232,1.475));
#14639=CARTESIAN_POINT('',(3.52578340069973,6.28156045088232,-1.275));
#14640=CARTESIAN_POINT('',(3.19069510878063,6.5,-1.275));
#14641=CARTESIAN_POINT('',(3.52578340069973,6.28156045088232,1.475));
#14642=CARTESIAN_POINT('',(3.41656362614089,6.11401630492276,1.275));
#14643=CARTESIAN_POINT('',(3.20114263319734,5.78355850613797,1.475));
#14644=CARTESIAN_POINT('',(3.41656362614089,6.11401630492276,-1.275));
#14645=CARTESIAN_POINT('',(3.87131921703555,5.34667940790261,1.475));
#14646=CARTESIAN_POINT('',(3.08283943079478,5.48195552068571,1.475));
#14647=CARTESIAN_POINT('',(3.07390197719304,5.4298620552508,1.475));
#14648=CARTESIAN_POINT('',(3.07107318055047,5.37840362710881,1.45373942027625));
#14649=CARTESIAN_POINT('',(3.07133947615001,5.34098606330557,1.41642135623731));
#14650=CARTESIAN_POINT('',(3.07133947615001,5.34098606330557,1.41642135623731));
#14651=CARTESIAN_POINT('',(3.87131921703555,5.34667940790261,1.475));
#14652=CARTESIAN_POINT('',(3.87131921703555,5.34667940790261,-1.475));
#14653=CARTESIAN_POINT('',(3.07133947615001,5.34098606330557,-1.41642135623731));
#14654=CARTESIAN_POINT('',(3.07133947615001,5.34098606330557,-1.41642135623731));
#14655=CARTESIAN_POINT('',(3.07107315315774,5.37840747609958,-1.45374325903189));
#14656=CARTESIAN_POINT('',(3.07390006362505,5.42985090169494,-1.475));
#14657=CARTESIAN_POINT('',(3.08283943079478,5.48195552068571,-1.475));
#14658=CARTESIAN_POINT('',(3.19069510878063,6.5,1.475));
#14659=CARTESIAN_POINT('',(3.08147533422179,6.33245585404045,1.275));
#14660=CARTESIAN_POINT('',(3.08147533422179,6.33245585404045,-1.275));
#14661=CARTESIAN_POINT('',(2.86605434127823,6.00199805525566,1.475));
#14662=CARTESIAN_POINT('',(3.87131921703555,5.34667940790261,1.475));
#14663=CARTESIAN_POINT('',(3.87131921703555,5.34667940790261,1.475));
#14664=CARTESIAN_POINT('',(2.67149955983701,5.36748301816567,1.41642135623731));
#14665=CARTESIAN_POINT('',(2.67149955983701,5.36748301816566,1.41642135623731));
#14666=CARTESIAN_POINT('',(2.67214747791842,5.40485080387719,1.45375020247793));
#14667=CARTESIAN_POINT('',(2.67515611454764,5.4561540509208,1.475));
#14668=CARTESIAN_POINT('',(2.68228008938523,5.50850015106176,1.475));
#14669=CARTESIAN_POINT('',(2.68228008938523,5.50850015106176,-1.475));
#14670=CARTESIAN_POINT('',(2.67515683123741,5.45615931706998,-1.475));
#14671=CARTESIAN_POINT('',(2.67214744365452,5.40484882775383,-1.4537482284138));
#14672=CARTESIAN_POINT('',(2.67149955983701,5.36748301816567,-1.41642135623731));
#14673=CARTESIAN_POINT('',(2.67149955983701,5.36748301816567,-1.41642135623731));
#14674=CARTESIAN_POINT('',(3.87131921703555,5.34667940790261,-1.475));
#14675=CARTESIAN_POINT('',(3.3,1.1,-0.975));
#14676=CARTESIAN_POINT('',(3.5496284058999,4.86690081752269,-0.975000000000001));
#14677=CARTESIAN_POINT('',(3.3,1.1,0.975));
#14678=CARTESIAN_POINT('',(3.5496284058999,4.86690081752269,0.975));
#14679=CARTESIAN_POINT('',(3.5496284058999,4.86690081752269,0.975));
#14680=CARTESIAN_POINT('',(2.67007206412649,5.3675776167484,1.41642135623731));
#14681=CARTESIAN_POINT('',(3.5496284058999,4.86690081752269,-0.975000000000001));
#14682=CARTESIAN_POINT('',(3.06919663281203,5.34112806719483,-1.41642135623731));
#14683=CARTESIAN_POINT('',(3.58816822391373,5.44846793309253,1.275));
#14684=CARTESIAN_POINT('',(3.58816822391373,5.44846793309253,-1.275));
#14685=CARTESIAN_POINT('',(3.08147533422179,6.33245585404045,1.275));
#14686=CARTESIAN_POINT('',(3.08147533422179,6.33245585404045,-1.275));
#14687=CARTESIAN_POINT('',(-0.304863293982157,-6.8329750699004,0.95));
#14688=CARTESIAN_POINT('',(-0.304863293982157,-6.8329750699004,-0.95));
#14689=CARTESIAN_POINT('',(5.08,4.95,1.75));
#14690=CARTESIAN_POINT('',(0.,0.,6.9));
#14691=CARTESIAN_POINT('',(0.,0.,5.45));
#14692=CARTESIAN_POINT('',(-1.9,0.,5.45));
#14693=CARTESIAN_POINT('',(0.,0.,6.1));
#14694=CARTESIAN_POINT('',(-0.4,-1.85741756210067,6.1));
#14695=CARTESIAN_POINT('',(0.400000000000001,-1.85741756210067,6.1));
#14696=CARTESIAN_POINT('',(-0.4,-1.85741756210067,6.9));
#14697=CARTESIAN_POINT('',(-0.4,-1.85741756210095,6.65000000000058));
#14698=CARTESIAN_POINT('',(0.,0.,6.65));
#14699=CARTESIAN_POINT('',(-0.4,1.85741756210067,6.65));
#14700=CARTESIAN_POINT('',(-0.4,1.85741756210067,6.9));
#14701=CARTESIAN_POINT('',(-0.4,1.85741756210067,6.1));
#14702=CARTESIAN_POINT('',(0.,0.,6.1));
#14703=CARTESIAN_POINT('',(0.4,1.85741756210067,6.1));
#14704=CARTESIAN_POINT('',(0.4,1.85741756210067,6.9));
#14705=CARTESIAN_POINT('',(0.4,1.85741756210067,6.65));
#14706=CARTESIAN_POINT('',(0.,0.,6.65));
#14707=CARTESIAN_POINT('',(0.400000000000001,-1.85741756212216,6.64999999999604));
#14708=CARTESIAN_POINT('',(0.400000000000001,-1.85741756210067,6.9));
#14709=CARTESIAN_POINT('',(0.,0.,6.9));
#14710=CARTESIAN_POINT('',(-0.4,-2.,6.9));
#14711=CARTESIAN_POINT('',(-0.4,-1.60078105935821,6.9));
#14712=CARTESIAN_POINT('',(-0.4,1.60078105935821,6.9));
#14713=CARTESIAN_POINT('',(0.,0.,6.9));
#14714=CARTESIAN_POINT('',(0.,0.,6.9));
#14715=CARTESIAN_POINT('',(0.4,2.,6.9));
#14716=CARTESIAN_POINT('',(0.4,1.60078105935821,6.9));
#14717=CARTESIAN_POINT('',(0.400000000000001,-1.60078105935821,6.9));
#14718=CARTESIAN_POINT('',(0.,0.,6.9));
#14719=CARTESIAN_POINT('',(0.,0.,6.65));
#14720=CARTESIAN_POINT('',(-0.4,-1.85741756210067,6.65000000000056));
#14721=CARTESIAN_POINT('',(-0.4,-1.85741756210037,6.78378478281649));
#14722=CARTESIAN_POINT('',(-0.4,-1.7336755167542,6.9));
#14723=CARTESIAN_POINT('',(-0.4,-1.60078105935821,6.9));
#14724=CARTESIAN_POINT('',(-0.4,1.60078105935821,6.9));
#14725=CARTESIAN_POINT('',(-0.4,1.73430201562269,6.9));
#14726=CARTESIAN_POINT('',(-0.4,1.85741756210076,6.78210891387157));
#14727=CARTESIAN_POINT('',(-0.4,1.85741756210076,6.65));
#14728=CARTESIAN_POINT('',(0.,0.,6.65));
#14729=CARTESIAN_POINT('',(0.400000000000001,-1.60078105935821,6.90000000000001));
#14730=CARTESIAN_POINT('',(0.400000000000001,-1.73285282286725,6.90000000000001));
#14731=CARTESIAN_POINT('',(0.400000000000001,-1.85741756210318,6.78205884829183));
#14732=CARTESIAN_POINT('',(0.400000000000001,-1.85741756210071,6.64999999999543));
#14733=CARTESIAN_POINT('',(0.4,1.85741756210067,6.65));
#14734=CARTESIAN_POINT('',(0.4,1.85741756210067,6.78329761041539));
#14735=CARTESIAN_POINT('',(0.4,1.73365869900283,6.9));
#14736=CARTESIAN_POINT('',(0.4,1.60078105935821,6.9));
#14737=CARTESIAN_POINT('',(0.,0.,5.2));
#14738=CARTESIAN_POINT('',(0.,0.,1.2));
#14739=CARTESIAN_POINT('',(1.45,0.,1.2));
#14740=CARTESIAN_POINT('',(0.,0.,5.2));
#14741=CARTESIAN_POINT('',(-1.45,0.,5.2));
#14742=CARTESIAN_POINT('',(0.,0.,5.2));
#14743=CARTESIAN_POINT('',(0.,0.,5.2));
#14744=CARTESIAN_POINT('',(-1.65,0.,5.2));
#14745=CARTESIAN_POINT('',(0.,0.,5.45));
#14746=CARTESIAN_POINT('',(-0.4,-2.,6.1));
#14747=CARTESIAN_POINT('',(-0.4,-2.,6.1));
#14748=CARTESIAN_POINT('',(0.4,2.,6.1));
#14749=CARTESIAN_POINT('',(0.4,2.,6.1));
#14750=CARTESIAN_POINT('',(0.,0.,6.1));
#14751=CARTESIAN_POINT('',(0.,0.,1.));
#14752=CARTESIAN_POINT('',(0.,0.,1.));
#14753=CARTESIAN_POINT('',(0.,1.1,1.));
#14754=CARTESIAN_POINT('',(0.,0.,0.));
#14755=CARTESIAN_POINT('',(0.,1.1,0.));
#14756=CARTESIAN_POINT('',(0.,0.,1.));
#14757=CARTESIAN_POINT('',(0.,0.,1.));
#14758=CARTESIAN_POINT('',(1.25,0.,1.));
#14759=CARTESIAN_POINT('',(0.,0.,0.));
#14760=CARTESIAN_POINT('',(0.,0.,1.2));
#14761=CARTESIAN_POINT('',(5.08,1.04999999999999,2.35));
#14762=CARTESIAN_POINT('',(-1.73472347597681E-15,1.04999999999999,2.35));
#14763=CARTESIAN_POINT('',(-1.73472347597681E-15,1.04999999999999,0.249999999999999));
#14764=CARTESIAN_POINT('',(0.,4.95,1.75));
#14765=CARTESIAN_POINT('',(1.3,-0.949999999999999,1.375));
#14766=CARTESIAN_POINT('',(0.424999999999999,-0.574074074074074,1.025));
#14767=CARTESIAN_POINT('',(-0.425000000000001,-0.574074074074074,1.025));
#14768=CARTESIAN_POINT('',(0.424999999999999,-0.574074074074074,1.025));
#14769=CARTESIAN_POINT('',(-0.425000000000001,-10.09809575517,9.89219259964108));
#14770=CARTESIAN_POINT('',(-0.425000000000001,0.5,0.0250000000000005));
#14771=CARTESIAN_POINT('',(1.3,0.5,0.0250000000000005));
#14772=CARTESIAN_POINT('',(-1.3,0.5,0.0250000000000005));
#14773=CARTESIAN_POINT('',(-1.3,-0.949999999999999,1.375));
#14774=CARTESIAN_POINT('',(-1.3,-0.949999999999999,1.375));
#14775=CARTESIAN_POINT('',(1.3,-0.949999999999999,1.375));
#14776=CARTESIAN_POINT('',(1.3,-0.949999999999999,1.375));
#14777=CARTESIAN_POINT('',(1.3,-0.949999999999999,1.375));
#14778=CARTESIAN_POINT('',(1.3,0.5,0.0250000000000005));
#14779=CARTESIAN_POINT('',(1.3,0.5,0.0250000000000005));
#14780=CARTESIAN_POINT('',(0.424999999999999,0.5,0.0250000000000005));
#14781=CARTESIAN_POINT('',(0.424999999999999,-9.59936964052036,9.42786138945));
#14782=CARTESIAN_POINT('',(1.3,0.5,0.0250000000000005));
#14783=CARTESIAN_POINT('',(-0.425000000000001,-18.3537578306979,0.0249999999999983));
#14784=CARTESIAN_POINT('',(-0.425000000000001,1.5,0.0250000000000004));
#14785=CARTESIAN_POINT('',(1.3,1.5,0.0250000000000007));
#14786=CARTESIAN_POINT('',(-1.3,1.5,0.0249999999999998));
#14787=CARTESIAN_POINT('',(-1.3,0.5,0.0250000000000005));
#14788=CARTESIAN_POINT('',(1.3,0.5,0.0250000000000005));
#14789=CARTESIAN_POINT('',(1.3,1.5,0.0250000000000007));
#14790=CARTESIAN_POINT('',(1.3,1.5,0.0250000000000007));
#14791=CARTESIAN_POINT('',(0.424999999999999,1.5,0.0250000000000007));
#14792=CARTESIAN_POINT('',(0.424999999999999,-18.3537578306979,0.0249999999999983));
#14793=CARTESIAN_POINT('',(1.3,0.5,0.0250000000000005));
#14794=CARTESIAN_POINT('',(7.07,1.5,6.305));
#14795=CARTESIAN_POINT('',(-6.38,1.5,-1.425));
#14796=CARTESIAN_POINT('',(-6.38,1.5,-1.425));
#14797=CARTESIAN_POINT('',(-3.78,1.5,-1.425));
#14798=CARTESIAN_POINT('',(-6.38,1.5,-4.625));
#14799=CARTESIAN_POINT('',(-6.38,1.5,-4.625));
#14800=CARTESIAN_POINT('',(-6.38,1.5,-4.625));
#14801=CARTESIAN_POINT('',(-3.78,1.5,-4.625));
#14802=CARTESIAN_POINT('',(-3.78,1.5,-4.625));
#14803=CARTESIAN_POINT('',(-6.38,1.5,-0.424999999999999));
#14804=CARTESIAN_POINT('',(-6.38,1.5,-0.424999999999999));
#14805=CARTESIAN_POINT('',(-6.38,1.5,-0.975));
#14806=CARTESIAN_POINT('',(-6.38,1.5,-0.975));
#14807=CARTESIAN_POINT('',(-3.78,1.5,-0.975));
#14808=CARTESIAN_POINT('',(-3.78,1.5,-0.424999999999999));
#14809=CARTESIAN_POINT('',(-3.78,1.5,-0.424999999999999));
#14810=CARTESIAN_POINT('',(-6.38,1.5,-0.424999999999999));
#14811=CARTESIAN_POINT('',(-6.38,1.5,5.655));
#14812=CARTESIAN_POINT('',(-6.38,1.5,5.655));
#14813=CARTESIAN_POINT('',(-6.38,1.5,0.0250000000000007));
#14814=CARTESIAN_POINT('',(-6.38,1.5,0.0250000000000007));
#14815=CARTESIAN_POINT('',(-5.505,1.5,0.0250000000000004));
#14816=CARTESIAN_POINT('',(-5.505,1.5,1.025));
#14817=CARTESIAN_POINT('',(-5.505,1.5,1.025));
#14818=CARTESIAN_POINT('',(-4.655,1.5,1.025));
#14819=CARTESIAN_POINT('',(-4.655,1.5,1.025));
#14820=CARTESIAN_POINT('',(-4.655,1.5,0.0250000000000008));
#14821=CARTESIAN_POINT('',(-4.655,1.5,0.0250000000000007));
#14822=CARTESIAN_POINT('',(-6.38,1.5,0.0250000000000007));
#14823=CARTESIAN_POINT('',(-3.78,1.5,0.0250000000000007));
#14824=CARTESIAN_POINT('',(-3.78,1.5,5.655));
#14825=CARTESIAN_POINT('',(-3.78,1.5,5.655));
#14826=CARTESIAN_POINT('',(-6.38,1.5,5.655));
#14827=CARTESIAN_POINT('',(-3.04,1.5,5.655));
#14828=CARTESIAN_POINT('',(-3.04,1.5,5.655));
#14829=CARTESIAN_POINT('',(-3.04,1.5,-6.305));
#14830=CARTESIAN_POINT('',(7.07,1.5,-6.305));
#14831=CARTESIAN_POINT('',(-7.07,1.5,-6.305));
#14832=CARTESIAN_POINT('',(-7.07,1.5,6.305));
#14833=CARTESIAN_POINT('',(-7.07,1.5,6.305));
#14834=CARTESIAN_POINT('',(7.07,1.5,6.305));
#14835=CARTESIAN_POINT('',(7.07,1.5,6.305));
#14836=CARTESIAN_POINT('',(7.07,1.5,6.305));
#14837=CARTESIAN_POINT('',(7.07,1.5,-6.305));
#14838=CARTESIAN_POINT('',(7.07,1.5,-6.305));
#14839=CARTESIAN_POINT('',(3.04,1.5,-6.305));
#14840=CARTESIAN_POINT('',(3.04,1.5,-6.305));
#14841=CARTESIAN_POINT('',(3.04,1.5,5.655));
#14842=CARTESIAN_POINT('',(3.04,1.5,5.655));
#14843=CARTESIAN_POINT('',(2.04,1.5,5.655));
#14844=CARTESIAN_POINT('',(2.04,1.5,-6.305));
#14845=CARTESIAN_POINT('',(2.04,1.5,-6.305));
#14846=CARTESIAN_POINT('',(7.07,1.5,-6.305));
#14847=CARTESIAN_POINT('',(-2.04,1.5,-6.305));
#14848=CARTESIAN_POINT('',(-2.04,1.5,5.655));
#14849=CARTESIAN_POINT('',(-2.04,1.5,5.655));
#14850=CARTESIAN_POINT('',(-3.04,1.5,5.655));
#14851=CARTESIAN_POINT('',(6.38,1.5,-4.625));
#14852=CARTESIAN_POINT('',(6.38,1.5,-4.625));
#14853=CARTESIAN_POINT('',(3.78,1.5,-4.625));
#14854=CARTESIAN_POINT('',(6.38,1.5,-4.625));
#14855=CARTESIAN_POINT('',(6.38,1.5,-1.425));
#14856=CARTESIAN_POINT('',(6.38,1.5,-1.425));
#14857=CARTESIAN_POINT('',(3.78,1.5,-1.425));
#14858=CARTESIAN_POINT('',(3.78,1.5,-4.625));
#14859=CARTESIAN_POINT('',(6.38,1.5,-0.975));
#14860=CARTESIAN_POINT('',(6.38,1.5,-0.975));
#14861=CARTESIAN_POINT('',(6.38,1.5,-0.424999999999999));
#14862=CARTESIAN_POINT('',(6.38,1.5,-0.424999999999999));
#14863=CARTESIAN_POINT('',(3.78,1.5,-0.424999999999999));
#14864=CARTESIAN_POINT('',(3.78,1.5,-0.975));
#14865=CARTESIAN_POINT('',(3.78,1.5,-0.975));
#14866=CARTESIAN_POINT('',(6.38,1.5,-0.975));
#14867=CARTESIAN_POINT('',(6.38,1.5,5.655));
#14868=CARTESIAN_POINT('',(6.38,1.5,0.0250000000000007));
#14869=CARTESIAN_POINT('',(6.38,1.5,5.655));
#14870=CARTESIAN_POINT('',(6.38,1.5,5.655));
#14871=CARTESIAN_POINT('',(3.78,1.5,5.655));
#14872=CARTESIAN_POINT('',(3.78,1.5,5.655));
#14873=CARTESIAN_POINT('',(3.78,1.5,0.0249999999999998));
#14874=CARTESIAN_POINT('',(6.38,1.5,0.0250000000000007));
#14875=CARTESIAN_POINT('',(4.655,1.5,0.0250000000000005));
#14876=CARTESIAN_POINT('',(4.655,1.5,1.025));
#14877=CARTESIAN_POINT('',(4.655,1.5,1.025));
#14878=CARTESIAN_POINT('',(5.505,1.5,1.025));
#14879=CARTESIAN_POINT('',(5.505,1.5,1.025));
#14880=CARTESIAN_POINT('',(5.505,1.5,0.0250000000000007));
#14881=CARTESIAN_POINT('',(5.505,1.5,0.0250000000000007));
#14882=CARTESIAN_POINT('',(6.38,1.5,0.0250000000000007));
#14883=CARTESIAN_POINT('',(1.3,1.5,-0.975));
#14884=CARTESIAN_POINT('',(1.3,1.5,-0.975));
#14885=CARTESIAN_POINT('',(1.3,1.5,-0.424999999999999));
#14886=CARTESIAN_POINT('',(1.3,1.5,-0.424999999999999));
#14887=CARTESIAN_POINT('',(-1.3,1.5,-0.424999999999999));
#14888=CARTESIAN_POINT('',(-1.3,1.5,-0.975));
#14889=CARTESIAN_POINT('',(-1.3,1.5,-0.975));
#14890=CARTESIAN_POINT('',(1.3,1.5,-0.975));
#14891=CARTESIAN_POINT('',(1.3,1.5,-4.625));
#14892=CARTESIAN_POINT('',(1.3,1.5,-4.625));
#14893=CARTESIAN_POINT('',(-1.3,1.5,-4.625));
#14894=CARTESIAN_POINT('',(1.3,1.5,-4.625));
#14895=CARTESIAN_POINT('',(1.3,1.5,-1.425));
#14896=CARTESIAN_POINT('',(1.3,1.5,-1.425));
#14897=CARTESIAN_POINT('',(-1.3,1.5,-1.425));
#14898=CARTESIAN_POINT('',(-1.3,1.5,-4.625));
#14899=CARTESIAN_POINT('',(-1.3,1.5,5.655));
#14900=CARTESIAN_POINT('',(-1.3,1.5,5.655));
#14901=CARTESIAN_POINT('',(-0.425000000000001,1.5,1.025));
#14902=CARTESIAN_POINT('',(-0.425000000000001,1.5,1.025));
#14903=CARTESIAN_POINT('',(0.424999999999999,1.5,1.025));
#14904=CARTESIAN_POINT('',(0.424999999999999,1.5,1.025));
#14905=CARTESIAN_POINT('',(0.424999999999999,1.5,0.0250000000000008));
#14906=CARTESIAN_POINT('',(1.3,1.5,5.655));
#14907=CARTESIAN_POINT('',(1.3,1.5,5.655));
#14908=CARTESIAN_POINT('',(1.3,1.5,5.655));
#14909=CARTESIAN_POINT('',(7.07,1.5,-6.305));
#14910=CARTESIAN_POINT('',(-0.799999999999999,0.899999999999997,-6.305));
#14911=CARTESIAN_POINT('',(-0.799999999999999,0.899999999999997,-6.305));
#14912=CARTESIAN_POINT('',(0.800000000000001,0.899999999999997,-6.305));
#14913=CARTESIAN_POINT('',(-0.799999999999999,-0.100000000000003,-6.305));
#14914=CARTESIAN_POINT('',(-0.800000000000001,-0.100000000000003,-6.305));
#14915=CARTESIAN_POINT('',(0.800000000000001,-0.100000000000003,-6.305));
#14916=CARTESIAN_POINT('',(0.800000000000001,-0.100000000000003,-6.305));
#14917=CARTESIAN_POINT('',(0.800000000000001,0.899999999999997,-6.305));
#14918=CARTESIAN_POINT('',(4.28,0.899999999999997,-6.305));
#14919=CARTESIAN_POINT('',(4.28,0.899999999999997,-6.305));
#14920=CARTESIAN_POINT('',(5.88,0.899999999999997,-6.305));
#14921=CARTESIAN_POINT('',(4.28,-0.100000000000003,-6.305));
#14922=CARTESIAN_POINT('',(4.28,-0.100000000000003,-6.305));
#14923=CARTESIAN_POINT('',(5.88,-0.100000000000003,-6.305));
#14924=CARTESIAN_POINT('',(5.88,-0.100000000000003,-6.305));
#14925=CARTESIAN_POINT('',(5.88,0.899999999999997,-6.305));
#14926=CARTESIAN_POINT('',(-3.04,1.5,-6.305));
#14927=CARTESIAN_POINT('',(-3.04,-0.949999999999998,-6.305));
#14928=CARTESIAN_POINT('',(-3.04,-0.949999999999998,-6.305));
#14929=CARTESIAN_POINT('',(-2.04,-0.949999999999998,-6.305));
#14930=CARTESIAN_POINT('',(-2.04,1.5,-6.305));
#14931=CARTESIAN_POINT('',(2.04,-0.949999999999998,-6.305));
#14932=CARTESIAN_POINT('',(2.04,-0.949999999999999,-6.305));
#14933=CARTESIAN_POINT('',(3.04,-0.949999999999998,-6.305));
#14934=CARTESIAN_POINT('',(3.04,-0.949999999999998,-6.305));
#14935=CARTESIAN_POINT('',(3.04,-0.949999999999998,-6.305));
#14936=CARTESIAN_POINT('',(7.07,1.5,-6.305));
#14937=CARTESIAN_POINT('',(7.07,-1.5,-6.305));
#14938=CARTESIAN_POINT('',(7.07,-1.5,-6.305));
#14939=CARTESIAN_POINT('',(-7.07,-1.5,-6.305));
#14940=CARTESIAN_POINT('',(-7.07,1.5,-6.305));
#14941=CARTESIAN_POINT('',(-4.28,0.899999999999997,-6.305));
#14942=CARTESIAN_POINT('',(-4.28,0.899999999999997,-6.305));
#14943=CARTESIAN_POINT('',(-4.28,-0.100000000000003,-6.305));
#14944=CARTESIAN_POINT('',(-5.88,0.899999999999997,-6.305));
#14945=CARTESIAN_POINT('',(-5.88,0.899999999999997,-6.305));
#14946=CARTESIAN_POINT('',(-5.88,-0.100000000000003,-6.305));
#14947=CARTESIAN_POINT('',(-5.88,-0.100000000000003,-6.305));
#14948=CARTESIAN_POINT('',(-4.28,-0.100000000000003,-6.305));
#14949=CARTESIAN_POINT('',(7.07,-0.400000000000001,6.305));
#14950=CARTESIAN_POINT('',(-0.799999999999999,-0.100000000000001,6.305));
#14951=CARTESIAN_POINT('',(-0.799999999999999,-0.100000000000001,6.305));
#14952=CARTESIAN_POINT('',(0.799999999999999,-0.100000000000001,6.305));
#14953=CARTESIAN_POINT('',(-0.799999999999999,0.899999999999998,6.305));
#14954=CARTESIAN_POINT('',(-0.799999999999999,0.899999999999998,6.305));
#14955=CARTESIAN_POINT('',(0.800000000000001,0.899999999999998,6.305));
#14956=CARTESIAN_POINT('',(0.800000000000001,0.899999999999998,6.305));
#14957=CARTESIAN_POINT('',(0.800000000000001,-0.100000000000001,6.305));
#14958=CARTESIAN_POINT('',(-7.07,-0.400000000000001,6.305));
#14959=CARTESIAN_POINT('',(-7.07,-0.400000000000001,6.305));
#14960=CARTESIAN_POINT('',(7.07,-0.400000000000001,6.305));
#14961=CARTESIAN_POINT('',(7.07,-0.400000000000001,6.305));
#14962=CARTESIAN_POINT('',(7.07,-0.400000000000001,6.305));
#14963=CARTESIAN_POINT('',(4.28,-0.100000000000001,6.305));
#14964=CARTESIAN_POINT('',(4.28,-0.100000000000001,6.305));
#14965=CARTESIAN_POINT('',(5.88,-0.100000000000001,6.305));
#14966=CARTESIAN_POINT('',(4.28,0.899999999999998,6.305));
#14967=CARTESIAN_POINT('',(4.28,0.899999999999998,6.305));
#14968=CARTESIAN_POINT('',(5.88,0.899999999999998,6.305));
#14969=CARTESIAN_POINT('',(5.88,0.899999999999998,6.305));
#14970=CARTESIAN_POINT('',(5.88,-0.100000000000001,6.305));
#14971=CARTESIAN_POINT('',(-4.28,-0.100000000000001,6.305));
#14972=CARTESIAN_POINT('',(-4.28,-0.100000000000001,6.305));
#14973=CARTESIAN_POINT('',(-4.28,0.899999999999998,6.305));
#14974=CARTESIAN_POINT('',(-5.88,-0.100000000000001,6.305));
#14975=CARTESIAN_POINT('',(-5.88,-0.100000000000001,6.305));
#14976=CARTESIAN_POINT('',(-5.88,0.899999999999999,6.305));
#14977=CARTESIAN_POINT('',(-5.88,0.899999999999999,6.305));
#14978=CARTESIAN_POINT('',(-4.28,0.899999999999998,6.305));
#14979=CARTESIAN_POINT('',(-6.38,1.,-2.16840434497101E-16));
#14980=CARTESIAN_POINT('',(-6.20716306259323,2.49378600194483,-4.06931160727652));
#14981=CARTESIAN_POINT('',(-6.66925986918767,-1.5,-5.555));
#14982=CARTESIAN_POINT('',(-6.38,0.999999999999999,-4.625));
#14983=CARTESIAN_POINT('',(-6.38,1.,-2.16840434497101E-16));
#14984=CARTESIAN_POINT('',(-6.38,1.,-1.425));
#14985=CARTESIAN_POINT('',(-6.4617008260699,0.29388039292026,-0.761247569345044));
#14986=CARTESIAN_POINT('',(-6.66925986918767,-1.5,0.925));
#14987=CARTESIAN_POINT('',(-6.66925986918767,-1.5,-7.89088780566049E-16));
#14988=CARTESIAN_POINT('',(-3.78,0.999999999999999,1.56845057363516E-16));
#14989=CARTESIAN_POINT('',(-3.58697380808343,0.3178598994848,-0.783788305515712));
#14990=CARTESIAN_POINT('',(-3.78,0.999999999999999,-1.425));
#14991=CARTESIAN_POINT('',(-3.0725713069398,-1.5,0.925));
#14992=CARTESIAN_POINT('',(-3.78,0.999999999999999,1.56845057363516E-16));
#14993=CARTESIAN_POINT('',(-3.78,1.,-4.625));
#14994=CARTESIAN_POINT('',(-4.17956476406866,2.41203194042151,-4.0997241181632));
#14995=CARTESIAN_POINT('',(-3.0725713069398,-1.5,-5.555));
#14996=CARTESIAN_POINT('',(-3.0725713069398,-1.5,-4.29039799889266E-16));
#14997=CARTESIAN_POINT('',(-6.38,0.5,0.0250000000000005));
#14998=CARTESIAN_POINT('',(-4.655,-0.574074074074074,1.025));
#14999=CARTESIAN_POINT('',(-5.505,-0.574074074074074,1.025));
#15000=CARTESIAN_POINT('',(-4.655,-0.574074074074074,1.025));
#15001=CARTESIAN_POINT('',(-5.505,-10.09809575517,9.89219259964108));
#15002=CARTESIAN_POINT('',(-5.505,0.5,0.0250000000000003));
#15003=CARTESIAN_POINT('',(-6.38,0.5,0.0250000000000005));
#15004=CARTESIAN_POINT('',(-6.38,0.5,0.0250000000000005));
#15005=CARTESIAN_POINT('',(-6.38,0.5,0.0250000000000005));
#15006=CARTESIAN_POINT('',(-6.38,-0.949999999999999,1.375));
#15007=CARTESIAN_POINT('',(-6.38,-0.949999999999999,1.375));
#15008=CARTESIAN_POINT('',(-3.78,-0.949999999999999,1.375));
#15009=CARTESIAN_POINT('',(-3.78,0.5,0.0250000000000005));
#15010=CARTESIAN_POINT('',(-3.78,0.5,0.0250000000000005));
#15011=CARTESIAN_POINT('',(-6.38,0.5,0.0250000000000005));
#15012=CARTESIAN_POINT('',(-4.655,0.500000000000006,0.0249999999999972));
#15013=CARTESIAN_POINT('',(-4.655,-9.59936964052036,9.42786138945));
#15014=CARTESIAN_POINT('',(-6.38,1.5,0.0250000000000007));
#15015=CARTESIAN_POINT('',(-5.505,-18.3537578306979,0.0249999999999983));
#15016=CARTESIAN_POINT('',(-6.38,1.5,0.0250000000000007));
#15017=CARTESIAN_POINT('',(-6.38,1.5,0.0250000000000007));
#15018=CARTESIAN_POINT('',(-4.655,-18.3537578306979,0.0249999999999983));
#15019=CARTESIAN_POINT('',(-3.78,1.5,0.0250000000000007));
#15020=CARTESIAN_POINT('',(7.07,-1.5,-6.305));
#15021=CARTESIAN_POINT('',(1.3,-1.5,0.925));
#15022=CARTESIAN_POINT('',(2.00742869306021,-1.5,0.925));
#15023=CARTESIAN_POINT('',(-1.3,-1.5,0.925));
#15024=CARTESIAN_POINT('',(2.00742869306021,-1.5,-4.29039799889266E-16));
#15025=CARTESIAN_POINT('',(2.00742869306021,-1.5,-5.555));
#15026=CARTESIAN_POINT('',(1.3,-1.5,-5.555));
#15027=CARTESIAN_POINT('',(-1.3,-1.5,-5.555));
#15028=CARTESIAN_POINT('',(-1.3,-1.5,-5.555));
#15029=CARTESIAN_POINT('',(-7.07,-1.5,-6.305));
#15030=CARTESIAN_POINT('',(-7.07,-1.5,1.375));
#15031=CARTESIAN_POINT('',(7.07,-1.5,-6.305));
#15032=CARTESIAN_POINT('',(7.07,-1.5,1.375));
#15033=CARTESIAN_POINT('',(7.07,-1.5,1.375));
#15034=CARTESIAN_POINT('',(6.38,-1.5,0.925));
#15035=CARTESIAN_POINT('',(6.66925986918767,-1.5,0.925));
#15036=CARTESIAN_POINT('',(3.0725713069398,-1.5,0.925));
#15037=CARTESIAN_POINT('',(6.66925986918767,-1.5,-7.89088780566049E-16));
#15038=CARTESIAN_POINT('',(6.66925986918767,-1.5,-5.555));
#15039=CARTESIAN_POINT('',(6.38,-1.5,-5.555));
#15040=CARTESIAN_POINT('',(3.0725713069398,-1.5,-5.555));
#15041=CARTESIAN_POINT('',(3.0725713069398,-1.5,-4.29039799889266E-16));
#15042=CARTESIAN_POINT('',(-6.38,-1.5,-5.555));
#15043=CARTESIAN_POINT('',(-6.38,-1.5,0.925));
#15044=CARTESIAN_POINT('',(1.3,0.,0.));
#15045=CARTESIAN_POINT('',(1.3,1.5,-4.625));
#15046=CARTESIAN_POINT('',(1.3,1.,-4.625));
#15047=CARTESIAN_POINT('',(1.3,0.999999999999999,1.1999075426717E-16));
#15048=CARTESIAN_POINT('',(1.3,0.999999999999999,-1.425));
#15049=CARTESIAN_POINT('',(1.3,0.999999999999999,-1.425));
#15050=CARTESIAN_POINT('',(-1.3,0.,0.));
#15051=CARTESIAN_POINT('',(-1.3,0.999999999999999,-1.425));
#15052=CARTESIAN_POINT('',(-1.3,0.999999999999999,-1.425));
#15053=CARTESIAN_POINT('',(-1.3,0.999999999999999,-1.425));
#15054=CARTESIAN_POINT('',(-1.3,0.999999999999999,-4.625));
#15055=CARTESIAN_POINT('',(-1.3,1.5,-4.625));
#15056=CARTESIAN_POINT('',(6.38,0.,0.));
#15057=CARTESIAN_POINT('',(6.38,1.5,-4.625));
#15058=CARTESIAN_POINT('',(6.38,1.,-4.625));
#15059=CARTESIAN_POINT('',(6.38,1.,0.));
#15060=CARTESIAN_POINT('',(6.38,1.,-1.425));
#15061=CARTESIAN_POINT('',(6.38,0.999999999999999,-1.425));
#15062=CARTESIAN_POINT('',(3.78,0.,0.));
#15063=CARTESIAN_POINT('',(3.78,0.999999999999999,-1.425));
#15064=CARTESIAN_POINT('',(3.78,0.999999999999999,-1.425));
#15065=CARTESIAN_POINT('',(3.78,0.999999999999999,1.1999075426717E-16));
#15066=CARTESIAN_POINT('',(3.78,1.,-4.625));
#15067=CARTESIAN_POINT('',(3.78,1.5,-4.625));
#15068=CARTESIAN_POINT('',(6.38,-0.949999999999999,1.375));
#15069=CARTESIAN_POINT('',(6.38,0.5,0.0250000000000005));
#15070=CARTESIAN_POINT('',(6.38,0.5,0.0250000000000005));
#15071=CARTESIAN_POINT('',(5.505,0.5,0.0250000000000005));
#15072=CARTESIAN_POINT('',(5.505,-9.23956590441092,9.09287170410672));
#15073=CARTESIAN_POINT('',(5.505,-0.574074074074074,1.025));
#15074=CARTESIAN_POINT('',(5.505,-0.574074074074078,1.025));
#15075=CARTESIAN_POINT('',(4.655,-0.574074074074075,1.025));
#15076=CARTESIAN_POINT('',(4.655,-9.7382920190606,9.5572029142978));
#15077=CARTESIAN_POINT('',(4.655,0.5,0.0250000000000005));
#15078=CARTESIAN_POINT('',(6.38,0.5,0.0250000000000005));
#15079=CARTESIAN_POINT('',(3.78,0.5,0.0250000000000005));
#15080=CARTESIAN_POINT('',(3.78,-0.949999999999999,1.375));
#15081=CARTESIAN_POINT('',(3.78,-0.949999999999999,1.375));
#15082=CARTESIAN_POINT('',(6.38,-0.949999999999999,1.375));
#15083=CARTESIAN_POINT('',(6.38,-0.949999999999999,1.375));
#15084=CARTESIAN_POINT('',(6.38,-0.949999999999999,1.375));
#15085=CARTESIAN_POINT('',(6.38,0.5,0.0250000000000005));
#15086=CARTESIAN_POINT('',(5.505,-17.6820671461655,0.0249999999999984));
#15087=CARTESIAN_POINT('',(6.38,0.5,0.0250000000000005));
#15088=CARTESIAN_POINT('',(6.38,0.5,0.0250000000000005));
#15089=CARTESIAN_POINT('',(4.655,-17.6820671461655,0.0249999999999985));
#15090=CARTESIAN_POINT('',(3.78,0.5,0.0250000000000005));
#15091=CARTESIAN_POINT('',(7.07,-1.5,1.375));
#15092=CARTESIAN_POINT('',(-7.07,-1.5,1.375));
#15093=CARTESIAN_POINT('',(7.07,-1.5,1.375));
#15094=CARTESIAN_POINT('',(7.07,0.,0.));
#15095=CARTESIAN_POINT('',(-7.07,0.,0.));
#15096=CARTESIAN_POINT('',(3.04,1.5,5.655));
#15097=CARTESIAN_POINT('',(2.04,1.5,5.655));
#15098=CARTESIAN_POINT('',(2.04,0.00496957403651197,5.655));
#15099=CARTESIAN_POINT('',(3.04,1.5,5.655));
#15100=CARTESIAN_POINT('',(3.04,0.00496957403651197,5.655));
#15101=CARTESIAN_POINT('',(3.04,0.00496957403651197,5.655));
#15102=CARTESIAN_POINT('',(3.04,0.00496957403651197,5.655));
#15103=CARTESIAN_POINT('',(2.04,0.00496957403651197,5.655));
#15104=CARTESIAN_POINT('',(2.04,-0.949999999999999,1.375));
#15105=CARTESIAN_POINT('',(3.04,0.00496957403651197,5.655));
#15106=CARTESIAN_POINT('',(3.04,-0.949999999999999,1.375));
#15107=CARTESIAN_POINT('',(3.04,-0.949999999999999,1.375));
#15108=CARTESIAN_POINT('',(3.04,-0.949999999999999,1.375));
#15109=CARTESIAN_POINT('',(2.04,-0.949999999999999,1.375));
#15110=CARTESIAN_POINT('',(3.04,-0.949999999999999,1.375));
#15111=CARTESIAN_POINT('',(3.04,0.,0.));
#15112=CARTESIAN_POINT('',(2.04,0.,0.));
#15113=CARTESIAN_POINT('',(6.38,-0.949999999999999,1.375));
#15114=CARTESIAN_POINT('',(3.78,-0.949999999999999,1.375));
#15115=CARTESIAN_POINT('',(3.78,0.00496957403651197,5.655));
#15116=CARTESIAN_POINT('',(6.38,0.00496957403651197,5.655));
#15117=CARTESIAN_POINT('',(6.38,0.00496957403651197,5.655));
#15118=CARTESIAN_POINT('',(6.38,-0.949999999999999,1.375));
#15119=CARTESIAN_POINT('',(6.38,0.00496957403651197,5.655));
#15120=CARTESIAN_POINT('',(3.78,0.00496957403651197,5.655));
#15121=CARTESIAN_POINT('',(6.38,0.00496957403651197,5.655));
#15122=CARTESIAN_POINT('',(6.38,0.,0.));
#15123=CARTESIAN_POINT('',(3.78,0.,0.));
#15124=CARTESIAN_POINT('',(6.38,0.999999999999999,-0.975));
#15125=CARTESIAN_POINT('',(3.78,0.999999999999999,-0.975));
#15126=CARTESIAN_POINT('',(3.78,0.999999999999999,-0.975));
#15127=CARTESIAN_POINT('',(6.38,0.999999999999999,-0.975));
#15128=CARTESIAN_POINT('',(6.38,0.999999999999999,-0.975));
#15129=CARTESIAN_POINT('',(6.38,0.999999999999999,-0.975));
#15130=CARTESIAN_POINT('',(6.38,1.5,-0.424999999999999));
#15131=CARTESIAN_POINT('',(3.78,1.5,-0.424999999999999));
#15132=CARTESIAN_POINT('',(3.78,0.999999999999999,-0.425));
#15133=CARTESIAN_POINT('',(6.38,1.5,-0.424999999999999));
#15134=CARTESIAN_POINT('',(6.38,0.999999999999999,-0.425));
#15135=CARTESIAN_POINT('',(6.38,0.999999999999999,-0.425));
#15136=CARTESIAN_POINT('',(6.38,0.999999999999999,-0.425));
#15137=CARTESIAN_POINT('',(3.78,0.999999999999999,-0.425));
#15138=CARTESIAN_POINT('',(6.38,0.999999999999999,-0.425));
#15139=CARTESIAN_POINT('',(6.38,0.,0.));
#15140=CARTESIAN_POINT('',(3.78,0.,0.));
#15141=CARTESIAN_POINT('',(6.38,1.5,-4.625));
#15142=CARTESIAN_POINT('',(6.38,0.999999999999999,-4.625));
#15143=CARTESIAN_POINT('',(6.38,-1.5,-5.555));
#15144=CARTESIAN_POINT('',(4.17956476406866,2.41203194042151,-4.0997241181632));
#15145=CARTESIAN_POINT('',(6.20716306259323,2.49378600194483,-4.06931160727652));
#15146=CARTESIAN_POINT('',(6.38,0.999999999999999,-1.425));
#15147=CARTESIAN_POINT('',(3.58697380808343,0.3178598994848,-0.783788305515712));
#15148=CARTESIAN_POINT('',(6.38,0.999999999999999,-1.425));
#15149=CARTESIAN_POINT('',(6.4617008260699,0.29388039292026,-0.761247569345044));
#15150=CARTESIAN_POINT('',(6.38,0.999999999999999,-1.425));
#15151=CARTESIAN_POINT('',(6.38,1.,-2.16840434497101E-16));
#15152=CARTESIAN_POINT('',(3.78,0.999999999999999,1.56845057363516E-16));
#15153=CARTESIAN_POINT('',(5.505,-17.6820671461655,0.0249999999999984));
#15154=CARTESIAN_POINT('',(5.505,-17.6820671461655,1.025));
#15155=CARTESIAN_POINT('',(5.505,-17.6820671461655,1.025));
#15156=CARTESIAN_POINT('',(4.655,-17.6820671461655,1.025));
#15157=CARTESIAN_POINT('',(4.655,-17.6820671461655,1.025));
#15158=CARTESIAN_POINT('',(4.28,0.899999999999998,6.805));
#15159=CARTESIAN_POINT('',(4.28,0.399999999999999,6.805));
#15160=CARTESIAN_POINT('',(4.28,0.399999999999999,6.805));
#15161=CARTESIAN_POINT('',(4.28,0.899999999999998,6.805));
#15162=CARTESIAN_POINT('',(4.28,0.899999999999998,6.805));
#15163=CARTESIAN_POINT('',(4.28,0.899999999999998,6.805));
#15164=CARTESIAN_POINT('',(5.88,-0.100000000000001,6.805));
#15165=CARTESIAN_POINT('',(5.88,-0.100000000000001,6.805));
#15166=CARTESIAN_POINT('',(5.88,0.399999999999999,6.805));
#15167=CARTESIAN_POINT('',(5.88,0.899999999999999,6.805));
#15168=CARTESIAN_POINT('',(5.88,0.399999999999999,6.805));
#15169=CARTESIAN_POINT('',(5.88,0.899999999999999,6.805));
#15170=CARTESIAN_POINT('',(5.88,0.899999999999998,6.805));
#15171=CARTESIAN_POINT('',(5.88,0.899999999999998,6.805));
#15172=CARTESIAN_POINT('',(0.,0.,6.805));
#15173=CARTESIAN_POINT('',(5.88,0.399999999999999,6.805));
#15174=CARTESIAN_POINT('',(4.28,-0.100000000000003,-6.805));
#15175=CARTESIAN_POINT('',(4.28,-0.100000000000003,-6.805));
#15176=CARTESIAN_POINT('',(4.28,0.399999999999997,-6.805));
#15177=CARTESIAN_POINT('',(4.28,0.899999999999997,-6.805));
#15178=CARTESIAN_POINT('',(4.28,0.399999999999998,-6.805));
#15179=CARTESIAN_POINT('',(4.28,0.899999999999997,-6.805));
#15180=CARTESIAN_POINT('',(4.28,0.899999999999997,-6.805));
#15181=CARTESIAN_POINT('',(5.88,0.899999999999997,-6.805));
#15182=CARTESIAN_POINT('',(5.88,0.899999999999997,-6.805));
#15183=CARTESIAN_POINT('',(4.28,0.899999999999997,-6.805));
#15184=CARTESIAN_POINT('',(5.88,0.899999999999997,-6.805));
#15185=CARTESIAN_POINT('',(5.88,0.399999999999998,-6.805));
#15186=CARTESIAN_POINT('',(5.88,0.399999999999997,-6.805));
#15187=CARTESIAN_POINT('',(5.88,0.899999999999997,-6.805));
#15188=CARTESIAN_POINT('',(0.,0.,-6.805));
#15189=CARTESIAN_POINT('',(4.28,0.399999999999997,-6.805));
#15190=CARTESIAN_POINT('',(4.74338450462406E-17,0.399999999999998,-6.805));
#15191=CARTESIAN_POINT('',(0.,0.399999999999999,6.805));
#15192=CARTESIAN_POINT('',(1.3,-0.949999999999999,1.375));
#15193=CARTESIAN_POINT('',(-1.3,-0.949999999999999,1.375));
#15194=CARTESIAN_POINT('',(-1.3,0.00496957403651197,5.655));
#15195=CARTESIAN_POINT('',(1.3,0.00496957403651197,5.655));
#15196=CARTESIAN_POINT('',(1.3,0.00496957403651197,5.655));
#15197=CARTESIAN_POINT('',(1.3,-0.949999999999999,1.375));
#15198=CARTESIAN_POINT('',(1.3,0.00496957403651197,5.655));
#15199=CARTESIAN_POINT('',(-1.3,0.00496957403651197,5.655));
#15200=CARTESIAN_POINT('',(1.3,0.00496957403651197,5.655));
#15201=CARTESIAN_POINT('',(1.3,0.,0.));
#15202=CARTESIAN_POINT('',(-1.3,0.,0.));
#15203=CARTESIAN_POINT('',(1.3,0.999999999999999,-0.975));
#15204=CARTESIAN_POINT('',(-1.3,0.999999999999999,-0.975));
#15205=CARTESIAN_POINT('',(-1.3,0.999999999999999,-0.975));
#15206=CARTESIAN_POINT('',(1.3,0.999999999999999,-0.975));
#15207=CARTESIAN_POINT('',(1.3,0.999999999999999,-0.975));
#15208=CARTESIAN_POINT('',(1.3,0.999999999999999,-0.975));
#15209=CARTESIAN_POINT('',(1.3,1.5,-0.424999999999999));
#15210=CARTESIAN_POINT('',(-1.3,1.5,-0.424999999999999));
#15211=CARTESIAN_POINT('',(-1.3,0.999999999999999,-0.425));
#15212=CARTESIAN_POINT('',(1.3,1.5,-0.424999999999999));
#15213=CARTESIAN_POINT('',(1.3,0.999999999999999,-0.425));
#15214=CARTESIAN_POINT('',(1.3,0.999999999999999,-0.425));
#15215=CARTESIAN_POINT('',(1.3,0.999999999999999,-0.425));
#15216=CARTESIAN_POINT('',(-1.3,0.999999999999999,-0.425));
#15217=CARTESIAN_POINT('',(1.3,0.999999999999999,-0.425));
#15218=CARTESIAN_POINT('',(1.3,0.,0.));
#15219=CARTESIAN_POINT('',(-1.3,0.,0.));
#15220=CARTESIAN_POINT('',(1.3,1.5,-4.625));
#15221=CARTESIAN_POINT('',(1.3,0.999999999999999,-4.625));
#15222=CARTESIAN_POINT('',(1.3,-1.5,-5.555));
#15223=CARTESIAN_POINT('',(0.900435235931339,2.41203194042151,-4.0997241181632));
#15224=CARTESIAN_POINT('',(-1.3,-1.5,-5.555));
#15225=CARTESIAN_POINT('',(1.3,0.999999999999999,-1.425));
#15226=CARTESIAN_POINT('',(-1.3,0.999999999999999,-1.425));
#15227=CARTESIAN_POINT('',(1.3,0.999999999999999,-1.425));
#15228=CARTESIAN_POINT('',(1.49302619191657,0.3178598994848,-0.783788305515712));
#15229=CARTESIAN_POINT('',(1.3,0.999999999999999,-1.425));
#15230=CARTESIAN_POINT('',(1.3,0.999999999999999,1.56845057363516E-16));
#15231=CARTESIAN_POINT('',(-1.3,0.,0.));
#15232=CARTESIAN_POINT('',(-0.799999999999999,0.899999999999998,6.805));
#15233=CARTESIAN_POINT('',(-0.799999999999999,0.399999999999999,6.805));
#15234=CARTESIAN_POINT('',(-0.799999999999999,0.399999999999999,6.805));
#15235=CARTESIAN_POINT('',(-0.799999999999999,0.899999999999998,6.805));
#15236=CARTESIAN_POINT('',(-0.799999999999999,0.899999999999998,6.805));
#15237=CARTESIAN_POINT('',(-0.799999999999999,0.899999999999998,6.805));
#15238=CARTESIAN_POINT('',(0.800000000000001,-0.100000000000001,6.805));
#15239=CARTESIAN_POINT('',(0.800000000000001,-0.100000000000001,6.805));
#15240=CARTESIAN_POINT('',(0.800000000000001,0.399999999999999,6.805));
#15241=CARTESIAN_POINT('',(0.800000000000001,0.899999999999999,6.805));
#15242=CARTESIAN_POINT('',(0.800000000000001,0.399999999999999,6.805));
#15243=CARTESIAN_POINT('',(0.800000000000001,0.899999999999999,6.805));
#15244=CARTESIAN_POINT('',(0.800000000000001,0.899999999999998,6.805));
#15245=CARTESIAN_POINT('',(0.800000000000001,0.899999999999998,6.805));
#15246=CARTESIAN_POINT('',(0.,0.,6.805));
#15247=CARTESIAN_POINT('',(0.799999999999999,0.399999999999999,6.805));
#15248=CARTESIAN_POINT('',(-0.799999999999999,-0.100000000000003,-6.805));
#15249=CARTESIAN_POINT('',(-0.799999999999999,-0.100000000000003,-6.805));
#15250=CARTESIAN_POINT('',(-0.799999999999999,0.399999999999997,-6.805));
#15251=CARTESIAN_POINT('',(-0.799999999999999,0.899999999999997,-6.805));
#15252=CARTESIAN_POINT('',(-0.799999999999999,0.399999999999997,-6.805));
#15253=CARTESIAN_POINT('',(-0.799999999999999,0.899999999999997,-6.805));
#15254=CARTESIAN_POINT('',(-0.799999999999999,0.899999999999997,-6.805));
#15255=CARTESIAN_POINT('',(0.800000000000001,0.899999999999997,-6.805));
#15256=CARTESIAN_POINT('',(0.800000000000001,0.899999999999997,-6.805));
#15257=CARTESIAN_POINT('',(-0.799999999999999,0.899999999999997,-6.805));
#15258=CARTESIAN_POINT('',(0.800000000000001,0.899999999999997,-6.805));
#15259=CARTESIAN_POINT('',(0.800000000000001,0.399999999999997,-6.805));
#15260=CARTESIAN_POINT('',(0.800000000000001,0.399999999999997,-6.805));
#15261=CARTESIAN_POINT('',(0.800000000000001,0.899999999999997,-6.805));
#15262=CARTESIAN_POINT('',(0.,0.,-6.805));
#15263=CARTESIAN_POINT('',(-0.800000000000001,0.399999999999997,-6.805));
#15264=CARTESIAN_POINT('',(-3.04,0.00496957403651197,5.655));
#15265=CARTESIAN_POINT('',(-2.04,0.00496957403651197,5.655));
#15266=CARTESIAN_POINT('',(-2.04,0.00496957403651197,5.655));
#15267=CARTESIAN_POINT('',(-3.04,0.00496957403651197,5.655));
#15268=CARTESIAN_POINT('',(-3.04,0.00496957403651197,5.655));
#15269=CARTESIAN_POINT('',(-3.04,0.00496957403651197,5.655));
#15270=CARTESIAN_POINT('',(-3.04,-0.949999999999998,-6.305));
#15271=CARTESIAN_POINT('',(-2.04,-0.949999999999998,-6.305));
#15272=CARTESIAN_POINT('',(-2.04,-0.949999999999999,1.375));
#15273=CARTESIAN_POINT('',(-3.04,-0.949999999999998,-6.305));
#15274=CARTESIAN_POINT('',(-3.04,-0.949999999999999,1.375));
#15275=CARTESIAN_POINT('',(-3.04,-0.949999999999999,1.375));
#15276=CARTESIAN_POINT('',(-3.04,-0.949999999999999,1.375));
#15277=CARTESIAN_POINT('',(-2.04,-0.949999999999999,1.375));
#15278=CARTESIAN_POINT('',(-3.04,-0.949999999999999,1.375));
#15279=CARTESIAN_POINT('',(-3.04,0.,0.));
#15280=CARTESIAN_POINT('',(-2.04,0.,0.));
#15281=CARTESIAN_POINT('',(-6.38,-0.949999999999999,1.375));
#15282=CARTESIAN_POINT('',(-3.78,-0.949999999999999,1.375));
#15283=CARTESIAN_POINT('',(-3.78,0.00496957403651197,5.655));
#15284=CARTESIAN_POINT('',(-6.38,-0.949999999999999,1.375));
#15285=CARTESIAN_POINT('',(-6.38,0.00496957403651197,5.655));
#15286=CARTESIAN_POINT('',(-6.38,0.00496957403651197,5.655));
#15287=CARTESIAN_POINT('',(-6.38,0.00496957403651197,5.655));
#15288=CARTESIAN_POINT('',(-3.78,0.00496957403651197,5.655));
#15289=CARTESIAN_POINT('',(-6.38,0.00496957403651197,5.655));
#15290=CARTESIAN_POINT('',(-6.38,0.,0.));
#15291=CARTESIAN_POINT('',(-3.78,0.,0.));
#15292=CARTESIAN_POINT('',(-6.38,1.5,-0.975));
#15293=CARTESIAN_POINT('',(-3.78,1.5,-0.975));
#15294=CARTESIAN_POINT('',(-3.78,0.999999999999999,-0.975));
#15295=CARTESIAN_POINT('',(-6.38,1.5,-0.975));
#15296=CARTESIAN_POINT('',(-6.38,0.999999999999999,-0.975));
#15297=CARTESIAN_POINT('',(-6.38,0.999999999999999,-0.975));
#15298=CARTESIAN_POINT('',(-6.38,0.999999999999999,-0.975));
#15299=CARTESIAN_POINT('',(-3.78,0.999999999999999,-0.975));
#15300=CARTESIAN_POINT('',(-3.78,0.999999999999999,-0.425));
#15301=CARTESIAN_POINT('',(-6.38,0.999999999999999,-0.975));
#15302=CARTESIAN_POINT('',(-6.38,0.999999999999999,-0.425));
#15303=CARTESIAN_POINT('',(-6.38,0.999999999999999,-0.425));
#15304=CARTESIAN_POINT('',(-6.38,0.999999999999999,-0.425));
#15305=CARTESIAN_POINT('',(-3.78,0.999999999999999,-0.425));
#15306=CARTESIAN_POINT('',(-6.38,0.999999999999999,-0.425));
#15307=CARTESIAN_POINT('',(-6.38,0.,0.));
#15308=CARTESIAN_POINT('',(-3.78,0.,0.));
#15309=CARTESIAN_POINT('',(-6.38,0.999999999999999,-4.625));
#15310=CARTESIAN_POINT('',(-3.78,0.999999999999999,-4.625));
#15311=CARTESIAN_POINT('',(-6.38,0.999999999999999,-4.625));
#15312=CARTESIAN_POINT('',(-6.38,0.999999999999999,-4.625));
#15313=CARTESIAN_POINT('',(-6.38,1.5,-1.425));
#15314=CARTESIAN_POINT('',(-3.78,1.5,-1.425));
#15315=CARTESIAN_POINT('',(-6.38,0.999999999999999,-1.425));
#15316=CARTESIAN_POINT('',(-6.38,1.5,-1.425));
#15317=CARTESIAN_POINT('',(-6.38,0.999999999999999,-1.425));
#15318=CARTESIAN_POINT('',(-6.38,-1.5,-5.555));
#15319=CARTESIAN_POINT('',(-6.38,0.,0.));
#15320=CARTESIAN_POINT('',(-3.78,0.,0.));
#15321=CARTESIAN_POINT('',(-5.505,-18.3537578306979,1.025));
#15322=CARTESIAN_POINT('',(-5.505,-18.3537578306979,1.025));
#15323=CARTESIAN_POINT('',(-4.655,-18.3537578306979,0.0249999999999984));
#15324=CARTESIAN_POINT('',(-4.655,-18.3537578306979,1.025));
#15325=CARTESIAN_POINT('',(-4.655,-18.3537578306979,1.025));
#15326=CARTESIAN_POINT('',(-4.28,-0.100000000000001,6.805));
#15327=CARTESIAN_POINT('',(-4.28,-0.100000000000001,6.805));
#15328=CARTESIAN_POINT('',(-4.28,0.399999999999999,6.805));
#15329=CARTESIAN_POINT('',(-4.28,0.899999999999998,6.805));
#15330=CARTESIAN_POINT('',(-4.28,0.399999999999999,6.805));
#15331=CARTESIAN_POINT('',(-4.28,0.899999999999998,6.805));
#15332=CARTESIAN_POINT('',(-4.28,0.899999999999998,6.805));
#15333=CARTESIAN_POINT('',(-5.88,0.899999999999998,6.805));
#15334=CARTESIAN_POINT('',(-5.88,0.899999999999998,6.805));
#15335=CARTESIAN_POINT('',(-4.28,0.899999999999998,6.805));
#15336=CARTESIAN_POINT('',(-5.88,0.899999999999999,6.805));
#15337=CARTESIAN_POINT('',(-5.88,0.399999999999999,6.805));
#15338=CARTESIAN_POINT('',(-5.88,0.399999999999999,6.805));
#15339=CARTESIAN_POINT('',(-5.88,0.899999999999999,6.805));
#15340=CARTESIAN_POINT('',(0.,0.,6.805));
#15341=CARTESIAN_POINT('',(-4.28,0.399999999999999,6.805));
#15342=CARTESIAN_POINT('',(-5.88,0.899999999999997,-6.805));
#15343=CARTESIAN_POINT('',(-4.28,0.899999999999997,-6.805));
#15344=CARTESIAN_POINT('',(-4.28,0.899999999999997,-6.805));
#15345=CARTESIAN_POINT('',(-5.88,0.899999999999997,-6.805));
#15346=CARTESIAN_POINT('',(-5.88,0.899999999999997,-6.805));
#15347=CARTESIAN_POINT('',(-5.88,0.899999999999997,-6.805));
#15348=CARTESIAN_POINT('',(-4.28,0.899999999999997,-6.805));
#15349=CARTESIAN_POINT('',(-4.28,0.399999999999998,-6.805));
#15350=CARTESIAN_POINT('',(-4.28,0.399999999999997,-6.805));
#15351=CARTESIAN_POINT('',(-4.28,0.899999999999997,-6.805));
#15352=CARTESIAN_POINT('',(-5.88,-0.100000000000003,-6.805));
#15353=CARTESIAN_POINT('',(-5.88,-0.100000000000003,-6.805));
#15354=CARTESIAN_POINT('',(-5.88,0.399999999999997,-6.805));
#15355=CARTESIAN_POINT('',(-5.88,0.399999999999998,-6.805));
#15356=CARTESIAN_POINT('',(0.,0.,-6.805));
#15357=CARTESIAN_POINT('',(-5.88,0.399999999999997,-6.805));
#15358=CARTESIAN_POINT('',(-4.74338450462405E-17,0.399999999999998,-6.805));
#15359=CARTESIAN_POINT('',(0.,0.399999999999999,6.805));
#15360=CARTESIAN_POINT('',(-0.425000000000001,-18.3537578306979,1.025));
#15361=CARTESIAN_POINT('',(-0.425000000000001,-18.3537578306979,1.025));
#15362=CARTESIAN_POINT('',(0.424999999999999,-18.3537578306979,0.0249999999999984));
#15363=CARTESIAN_POINT('',(0.424999999999999,-18.3537578306979,1.025));
#15364=CARTESIAN_POINT('',(0.424999999999999,-18.3537578306979,1.025));
#15365=CARTESIAN_POINT('',(-4.74338450462405E-17,0.399999999999997,-6.805));
#15366=CARTESIAN_POINT('',(0.,0.399999999999999,6.805));
#15367=CARTESIAN_POINT('',(1.10453096321961E-15,-2.95,3.095));
#15368=CARTESIAN_POINT('',(-5.08,1.04999999999999,2.35));
#15369=CARTESIAN_POINT('',(-5.08,1.04999999999999,0.249999999999999));
#15370=CARTESIAN_POINT('',(-5.08,4.95,1.75));
#15371=MECHANICAL_DESIGN_GEOMETRIC_PRESENTATION_REPRESENTATION('',(#9301,
#9302,#9303,#9304,#9305,#9306,#9307,#9308,#9309,#9310,#9311,#9312,#9313,
#9314,#9315,#9316,#9317,#9318,#9319,#9320,#9321,#9322,#9323,#9324,#9325,
#9326,#9327,#9328,#9329,#9330,#9331,#9332),#15372);
#15372=(
GEOMETRIC_REPRESENTATION_CONTEXT(3)
GLOBAL_UNCERTAINTY_ASSIGNED_CONTEXT((#15378))
GLOBAL_UNIT_ASSIGNED_CONTEXT((#15386,#15385,#15384))
REPRESENTATION_CONTEXT('6913515000xx','TOP_LEVEL_ASSEMBLY_PART')
);
#15373=(
GEOMETRIC_REPRESENTATION_CONTEXT(3)
GLOBAL_UNCERTAINTY_ASSIGNED_CONTEXT((#15379))
GLOBAL_UNIT_ASSIGNED_CONTEXT((#15386,#15385,#15384))
REPRESENTATION_CONTEXT('691351500003','COMPONENT_PART')
);
#15374=(
GEOMETRIC_REPRESENTATION_CONTEXT(3)
GLOBAL_UNCERTAINTY_ASSIGNED_CONTEXT((#15380))
GLOBAL_UNIT_ASSIGNED_CONTEXT((#15386,#15385,#15384))
REPRESENTATION_CONTEXT('6913515000xx_CAGE','COMPONENT_PART')
);
#15375=(
GEOMETRIC_REPRESENTATION_CONTEXT(3)
GLOBAL_UNCERTAINTY_ASSIGNED_CONTEXT((#15381))
GLOBAL_UNIT_ASSIGNED_CONTEXT((#15386,#15385,#15384))
REPRESENTATION_CONTEXT('6913515000xx_PIN','COMPONENT_PART')
);
#15376=(
GEOMETRIC_REPRESENTATION_CONTEXT(3)
GLOBAL_UNCERTAINTY_ASSIGNED_CONTEXT((#15382))
GLOBAL_UNIT_ASSIGNED_CONTEXT((#15386,#15385,#15384))
REPRESENTATION_CONTEXT('6913515000xx_VIS','COMPONENT_PART')
);
#15377=(
GEOMETRIC_REPRESENTATION_CONTEXT(3)
GLOBAL_UNCERTAINTY_ASSIGNED_CONTEXT((#15383))
GLOBAL_UNIT_ASSIGNED_CONTEXT((#15386,#15385,#15384))
REPRESENTATION_CONTEXT('691351500003_CAPOT','COMPONENT_PART')
);
#15378=UNCERTAINTY_MEASURE_WITH_UNIT(LENGTH_MEASURE(0.005),#15386,
'DISTANCE_ACCURACY_VALUE','Maximum Tolerance applied to model');
#15379=UNCERTAINTY_MEASURE_WITH_UNIT(LENGTH_MEASURE(0.005),#15386,
'DISTANCE_ACCURACY_VALUE','Maximum Tolerance applied to model');
#15380=UNCERTAINTY_MEASURE_WITH_UNIT(LENGTH_MEASURE(0.005),#15386,
'DISTANCE_ACCURACY_VALUE','Maximum Tolerance applied to model');
#15381=UNCERTAINTY_MEASURE_WITH_UNIT(LENGTH_MEASURE(0.005),#15386,
'DISTANCE_ACCURACY_VALUE','Maximum Tolerance applied to model');
#15382=UNCERTAINTY_MEASURE_WITH_UNIT(LENGTH_MEASURE(0.005),#15386,
'DISTANCE_ACCURACY_VALUE','Maximum Tolerance applied to model');
#15383=UNCERTAINTY_MEASURE_WITH_UNIT(LENGTH_MEASURE(0.005),#15386,
'DISTANCE_ACCURACY_VALUE','Maximum Tolerance applied to model');
#15384=(
NAMED_UNIT(*)
SI_UNIT($,.STERADIAN.)
SOLID_ANGLE_UNIT()
);
#15385=(
NAMED_UNIT(*)
PLANE_ANGLE_UNIT()
SI_UNIT($,.RADIAN.)
);
#15386=(
LENGTH_UNIT()
NAMED_UNIT(*)
SI_UNIT(.MILLI.,.METRE.)
);
#15387=PRODUCT_DEFINITION_SHAPE('','',#15404);
#15388=PRODUCT_DEFINITION_SHAPE('','',#15405);
#15389=PRODUCT_DEFINITION_SHAPE(' ','NAUO PRDDFN',#52);
#15390=PRODUCT_DEFINITION_SHAPE('','',#15406);
#15391=PRODUCT_DEFINITION_SHAPE(' ','NAUO PRDDFN',#53);
#15392=PRODUCT_DEFINITION_SHAPE('','',#15407);
#15393=PRODUCT_DEFINITION_SHAPE(' ','NAUO PRDDFN',#54);
#15394=PRODUCT_DEFINITION_SHAPE('','',#15408);
#15395=PRODUCT_DEFINITION_SHAPE(' ','NAUO PRDDFN',#55);
#15396=PRODUCT_DEFINITION_SHAPE(' ','NAUO PRDDFN',#56);
#15397=PRODUCT_DEFINITION_SHAPE(' ','NAUO PRDDFN',#57);
#15398=PRODUCT_DEFINITION_SHAPE(' ','NAUO PRDDFN',#58);
#15399=PRODUCT_DEFINITION_SHAPE('','',#15409);
#15400=PRODUCT_DEFINITION_SHAPE(' ','NAUO PRDDFN',#59);
#15401=PRODUCT_DEFINITION_SHAPE(' ','NAUO PRDDFN',#60);
#15402=PRODUCT_DEFINITION_SHAPE(' ','NAUO PRDDFN',#61);
#15403=PRODUCT_DEFINITION_SHAPE(' ','NAUO PRDDFN',#62);
#15404=PRODUCT_DEFINITION('','',#15416,#15410);
#15405=PRODUCT_DEFINITION('','',#15417,#15411);
#15406=PRODUCT_DEFINITION('','',#15418,#15412);
#15407=PRODUCT_DEFINITION('','',#15419,#15413);
#15408=PRODUCT_DEFINITION('','',#15420,#15414);
#15409=PRODUCT_DEFINITION('','',#15421,#15415);
#15410=PRODUCT_DEFINITION_CONTEXT('',#15447,'design');
#15411=PRODUCT_DEFINITION_CONTEXT('',#15447,'design');
#15412=PRODUCT_DEFINITION_CONTEXT('',#15447,'design');
#15413=PRODUCT_DEFINITION_CONTEXT('',#15447,'design');
#15414=PRODUCT_DEFINITION_CONTEXT('',#15447,'design');
#15415=PRODUCT_DEFINITION_CONTEXT('',#15447,'design');
#15416=PRODUCT_DEFINITION_FORMATION_WITH_SPECIFIED_SOURCE('','',#15428,
 .NOT_KNOWN.);
#15417=PRODUCT_DEFINITION_FORMATION_WITH_SPECIFIED_SOURCE('','',#15429,
 .NOT_KNOWN.);
#15418=PRODUCT_DEFINITION_FORMATION_WITH_SPECIFIED_SOURCE('','',#15430,
 .NOT_KNOWN.);
#15419=PRODUCT_DEFINITION_FORMATION_WITH_SPECIFIED_SOURCE('','',#15431,
 .NOT_KNOWN.);
#15420=PRODUCT_DEFINITION_FORMATION_WITH_SPECIFIED_SOURCE('','',#15432,
 .NOT_KNOWN.);
#15421=PRODUCT_DEFINITION_FORMATION_WITH_SPECIFIED_SOURCE('','',#15433,
 .NOT_KNOWN.);
#15422=PRODUCT_RELATED_PRODUCT_CATEGORY('','',(#15428));
#15423=PRODUCT_RELATED_PRODUCT_CATEGORY('','',(#15429));
#15424=PRODUCT_RELATED_PRODUCT_CATEGORY('','',(#15430));
#15425=PRODUCT_RELATED_PRODUCT_CATEGORY('','',(#15431));
#15426=PRODUCT_RELATED_PRODUCT_CATEGORY('','',(#15432));
#15427=PRODUCT_RELATED_PRODUCT_CATEGORY('','',(#15433));
#15428=PRODUCT('6913515000xx','6913515000xx','6913515000xx',(#15440));
#15429=PRODUCT('691351500003','691351500003','691351500003',(#15441));
#15430=PRODUCT('6913515000xx_CAGE','6913515000xx_CAGE',
'6913515000xx_CAGE',(#15442));
#15431=PRODUCT('6913515000xx_PIN','6913515000xx_PIN','6913515000xx_PIN',
(#15443));
#15432=PRODUCT('6913515000xx_VIS','6913515000xx_VIS','6913515000xx_VIS',
(#15444));
#15433=PRODUCT('691351500003_CAPOT','691351500003_CAPOT',
'691351500003_CAPOT',(#15445));
#15434=PRODUCT_CATEGORY('','');
#15435=PRODUCT_CATEGORY('','');
#15436=PRODUCT_CATEGORY('','');
#15437=PRODUCT_CATEGORY('','');
#15438=PRODUCT_CATEGORY('','');
#15439=PRODUCT_CATEGORY('','');
#15440=PRODUCT_CONTEXT('',#15447,'mechanical');
#15441=PRODUCT_CONTEXT('',#15447,'mechanical');
#15442=PRODUCT_CONTEXT('',#15447,'mechanical');
#15443=PRODUCT_CONTEXT('',#15447,'mechanical');
#15444=PRODUCT_CONTEXT('',#15447,'mechanical');
#15445=PRODUCT_CONTEXT('',#15447,'mechanical');
#15446=APPLICATION_PROTOCOL_DEFINITION('international standard',
'automotive_design',2010,#15447);
#15447=APPLICATION_CONTEXT(
'core data for automotive mechanical design processes');
ENDSEC;
END-ISO-10303-21;
