ISO-10303-21;
HEADER;
/* Generated by software containing ST-Developer
 * from STEP Tools, Inc. (www.steptools.com) 
 */
/* OPTION: strings as raw bytes, not using required /X/ escapes */

FILE_DESCRIPTION(
/* description */ ('Unknown'),
/* implementation_level */ '2;1');

FILE_NAME(
/* name */ '691351500002',
/* time_stamp */ '2021-01-04T16:09:52+01:00',
/* author */ ('Unknown'),
/* organization */ ('Unknown'),
/* preprocessor_version */ 'ST-DEVELOPER v16.7',
/* originating_system */ 'DEX',
/* authorisation */ $);

FILE_SCHEMA (('AUTOMOTIVE_DESIGN {1 0 10303 214 3 1 1}'));
ENDSEC;

DATA;
#10=PROPERTY_DEFINITION_REPRESENTATION(#14,#12);
#11=PROPERTY_DEFINITION_REPRESENTATION(#15,#13);
#12=REPRESENTATION('',(#16),#11562);
#13=REPRESENTATION('',(#17),#11562);
#14=PROPERTY_DEFINITION('pmi validation property','',#11577);
#15=PROPERTY_DEFINITION('pmi validation property','',#11577);
#16=VALUE_REPRESENTATION_ITEM('number of annotations',COUNT_MEASURE(0.));
#17=VALUE_REPRESENTATION_ITEM('number of views',COUNT_MEASURE(0.));
#18=TOROIDAL_SURFACE('',#7597,1.65,0.25);
#19=TOROIDAL_SURFACE('',#7598,1.65,0.25);
#20=TOROIDAL_SURFACE('',#7604,1.65,0.25);
#21=B_SPLINE_CURVE_WITH_KNOTS('',3,(#10956,#10957,#10958,#10959),
 .UNSPECIFIED.,.F.,.F.,(4,4),(1.0842021724855E-18,0.000156343764928112),
 .UNSPECIFIED.);
#22=B_SPLINE_CURVE_WITH_KNOTS('',3,(#10961,#10962,#10963,#10964),
 .UNSPECIFIED.,.F.,.F.,(4,4),(0.,0.00015630772155572),.UNSPECIFIED.);
#23=B_SPLINE_CURVE_WITH_KNOTS('',3,(#10971,#10972,#10973,#10974),
 .UNSPECIFIED.,.F.,.F.,(4,4),(0.,0.00015621820209509),.UNSPECIFIED.);
#24=B_SPLINE_CURVE_WITH_KNOTS('',3,(#10979,#10980,#10981,#10982),
 .UNSPECIFIED.,.F.,.F.,(4,4),(0.,0.000156235097680101),.UNSPECIFIED.);
#25=B_SPLINE_CURVE_WITH_KNOTS('',3,(#11039,#11040,#11041,#11042),
 .UNSPECIFIED.,.F.,.F.,(4,4),(0.,0.00015630772155572),.UNSPECIFIED.);
#26=B_SPLINE_CURVE_WITH_KNOTS('',3,(#11047,#11048,#11049,#11050),
 .UNSPECIFIED.,.F.,.F.,(4,4),(0.,0.000156343764928112),.UNSPECIFIED.);
#27=B_SPLINE_CURVE_WITH_KNOTS('',3,(#11058,#11059,#11060,#11061),
 .UNSPECIFIED.,.F.,.F.,(4,4),(9.69739903612216E-19,0.000156235097680101),
 .UNSPECIFIED.);
#28=B_SPLINE_CURVE_WITH_KNOTS('',3,(#11062,#11063,#11064,#11065),
 .UNSPECIFIED.,.F.,.F.,(4,4),(0.,0.000156218202095091),.UNSPECIFIED.);
#29=B_SPLINE_CURVE_WITH_KNOTS('',3,(#11113,#11114,#11115,#11116),
 .UNSPECIFIED.,.F.,.F.,(4,4),(0.00154009990275975,0.00193584209078682),
 .UNSPECIFIED.);
#30=B_SPLINE_CURVE_WITH_KNOTS('',3,(#11117,#11118,#11119,#11120),
 .UNSPECIFIED.,.F.,.F.,(4,4),(0.000335381831734223,0.000731620481535628),
 .UNSPECIFIED.);
#31=B_SPLINE_CURVE_WITH_KNOTS('',3,(#11122,#11123,#11124,#11125),
 .UNSPECIFIED.,.F.,.F.,(4,4),(0.00124008248038214,0.00163609914508954),
 .UNSPECIFIED.);
#32=B_SPLINE_CURVE_WITH_KNOTS('',3,(#11126,#11127,#11128,#11129),
 .UNSPECIFIED.,.F.,.F.,(4,4),(0.000856683420757701,0.00125299707768631),
 .UNSPECIFIED.);
#33=ELLIPSE('',#7538,1.13137084989848,0.8);
#34=ELLIPSE('',#7539,1.13137084989848,0.8);
#35=ELLIPSE('',#7544,1.69705627484771,1.2);
#36=ELLIPSE('',#7545,1.69705627484771,1.2);
#37=ELLIPSE('',#7568,1.13137084989848,0.8);
#38=ELLIPSE('',#7569,1.13137084989848,0.8);
#39=ELLIPSE('',#7574,1.69705627484771,1.2);
#40=ELLIPSE('',#7575,1.69705627484771,1.2);
#41=CONTEXT_DEPENDENT_SHAPE_REPRESENTATION(#57,#11579);
#42=CONTEXT_DEPENDENT_SHAPE_REPRESENTATION(#58,#11581);
#43=CONTEXT_DEPENDENT_SHAPE_REPRESENTATION(#59,#11583);
#44=CONTEXT_DEPENDENT_SHAPE_REPRESENTATION(#60,#11585);
#45=CONTEXT_DEPENDENT_SHAPE_REPRESENTATION(#61,#11586);
#46=CONTEXT_DEPENDENT_SHAPE_REPRESENTATION(#62,#11587);
#47=CONTEXT_DEPENDENT_SHAPE_REPRESENTATION(#63,#11588);
#48=CONTEXT_DEPENDENT_SHAPE_REPRESENTATION(#64,#11590);
#49=NEXT_ASSEMBLY_USAGE_OCCURRENCE('691351500002','691351500002',
'691351500002',#11591,#11592,'');
#50=NEXT_ASSEMBLY_USAGE_OCCURRENCE('6913515000xx_CAGE',
'6913515000xx_CAGE','6913515000xx_CAGE',#11591,#11593,'');
#51=NEXT_ASSEMBLY_USAGE_OCCURRENCE('6913515000xx_PIN',
'6913515000xx_PIN','6913515000xx_PIN',#11591,#11594,'');
#52=NEXT_ASSEMBLY_USAGE_OCCURRENCE('6913515000xx_VIS',
'6913515000xx_VIS','6913515000xx_VIS',#11591,#11595,'');
#53=NEXT_ASSEMBLY_USAGE_OCCURRENCE('6913515000xx_VIS',
'6913515000xx_VIS','6913515000xx_VIS',#11591,#11595,'');
#54=NEXT_ASSEMBLY_USAGE_OCCURRENCE('6913515000xx_CAGE',
'6913515000xx_CAGE','6913515000xx_CAGE',#11591,#11593,'');
#55=NEXT_ASSEMBLY_USAGE_OCCURRENCE('6913515000xx_PIN',
'6913515000xx_PIN','6913515000xx_PIN',#11591,#11594,'');
#56=NEXT_ASSEMBLY_USAGE_OCCURRENCE('691351500002_CAPOT',
'691351500002_CAPOT','691351500002_CAPOT',#11591,#11596,'');
#57=(
REPRESENTATION_RELATIONSHIP(' ',' ',#7169,#7170)
REPRESENTATION_RELATIONSHIP_WITH_TRANSFORMATION(#65)
SHAPE_REPRESENTATION_RELATIONSHIP()
);
#58=(
REPRESENTATION_RELATIONSHIP(' ',' ',#7171,#7170)
REPRESENTATION_RELATIONSHIP_WITH_TRANSFORMATION(#66)
SHAPE_REPRESENTATION_RELATIONSHIP()
);
#59=(
REPRESENTATION_RELATIONSHIP(' ',' ',#7172,#7170)
REPRESENTATION_RELATIONSHIP_WITH_TRANSFORMATION(#67)
SHAPE_REPRESENTATION_RELATIONSHIP()
);
#60=(
REPRESENTATION_RELATIONSHIP(' ',' ',#7173,#7170)
REPRESENTATION_RELATIONSHIP_WITH_TRANSFORMATION(#68)
SHAPE_REPRESENTATION_RELATIONSHIP()
);
#61=(
REPRESENTATION_RELATIONSHIP(' ',' ',#7173,#7170)
REPRESENTATION_RELATIONSHIP_WITH_TRANSFORMATION(#69)
SHAPE_REPRESENTATION_RELATIONSHIP()
);
#62=(
REPRESENTATION_RELATIONSHIP(' ',' ',#7171,#7170)
REPRESENTATION_RELATIONSHIP_WITH_TRANSFORMATION(#70)
SHAPE_REPRESENTATION_RELATIONSHIP()
);
#63=(
REPRESENTATION_RELATIONSHIP(' ',' ',#7172,#7170)
REPRESENTATION_RELATIONSHIP_WITH_TRANSFORMATION(#71)
SHAPE_REPRESENTATION_RELATIONSHIP()
);
#64=(
REPRESENTATION_RELATIONSHIP(' ',' ',#7174,#7170)
REPRESENTATION_RELATIONSHIP_WITH_TRANSFORMATION(#72)
SHAPE_REPRESENTATION_RELATIONSHIP()
);
#65=ITEM_DEFINED_TRANSFORMATION(' ',' ',#7175,#7387);
#66=ITEM_DEFINED_TRANSFORMATION(' ',' ',#7175,#7407);
#67=ITEM_DEFINED_TRANSFORMATION(' ',' ',#7175,#7586);
#68=ITEM_DEFINED_TRANSFORMATION(' ',' ',#7175,#7615);
#69=ITEM_DEFINED_TRANSFORMATION(' ',' ',#7175,#7616);
#70=ITEM_DEFINED_TRANSFORMATION(' ',' ',#7175,#7617);
#71=ITEM_DEFINED_TRANSFORMATION(' ',' ',#7175,#7618);
#72=ITEM_DEFINED_TRANSFORMATION(' ',' ',#7175,#7697);
#73=SHAPE_REPRESENTATION_RELATIONSHIP('','',#7169,#78);
#74=SHAPE_REPRESENTATION_RELATIONSHIP('','',#7171,#79);
#75=SHAPE_REPRESENTATION_RELATIONSHIP('','',#7172,#80);
#76=SHAPE_REPRESENTATION_RELATIONSHIP('','',#7173,#81);
#77=SHAPE_REPRESENTATION_RELATIONSHIP('','',#7174,#82);
#78=ADVANCED_BREP_SHAPE_REPRESENTATION('',(#7158),#11563);
#79=ADVANCED_BREP_SHAPE_REPRESENTATION('',(#7159),#11564);
#80=ADVANCED_BREP_SHAPE_REPRESENTATION('',(#7160),#11565);
#81=ADVANCED_BREP_SHAPE_REPRESENTATION('',(#7161),#11566);
#82=ADVANCED_BREP_SHAPE_REPRESENTATION('',(#7162),#11567);
#83=CONICAL_SURFACE('',#7265,1.5,0.785398163397449);
#84=CONICAL_SURFACE('',#7322,1.5,0.785398163397449);
#85=CONICAL_SURFACE('',#7614,1.45,0.785398163397447);
#86=CIRCLE('',#7184,3.32257142857142);
#87=CIRCLE('',#7185,3.32257142857142);
#88=CIRCLE('',#7186,3.32257142857142);
#89=CIRCLE('',#7188,1.9);
#90=CIRCLE('',#7189,1.9);
#91=CIRCLE('',#7192,3.32257142857142);
#92=CIRCLE('',#7195,1.25);
#93=CIRCLE('',#7197,1.9);
#94=CIRCLE('',#7198,1.25);
#95=CIRCLE('',#7200,1.92694706725432);
#96=CIRCLE('',#7201,1.92694706725432);
#97=CIRCLE('',#7202,1.5);
#98=CIRCLE('',#7203,1.5);
#99=CIRCLE('',#7204,3.1);
#100=CIRCLE('',#7205,3.1);
#101=CIRCLE('',#7209,0.8);
#102=CIRCLE('',#7218,3.32257142857142);
#103=CIRCLE('',#7219,1.25);
#104=CIRCLE('',#7221,1.9);
#105=CIRCLE('',#7222,1.25);
#106=CIRCLE('',#7226,0.8);
#107=CIRCLE('',#7254,0.8);
#108=CIRCLE('',#7264,1.5);
#109=CIRCLE('',#7272,3.1);
#110=CIRCLE('',#7273,3.1);
#111=CIRCLE('',#7275,3.1);
#112=CIRCLE('',#7282,2.);
#113=CIRCLE('',#7283,2.);
#114=CIRCLE('',#7286,2.);
#115=CIRCLE('',#7288,2.);
#116=CIRCLE('',#7311,0.8);
#117=CIRCLE('',#7321,1.5);
#118=CIRCLE('',#7328,3.1);
#119=CIRCLE('',#7359,0.2);
#120=CIRCLE('',#7360,0.2);
#121=CIRCLE('',#7361,0.2);
#122=CIRCLE('',#7362,0.2);
#123=CIRCLE('',#7363,0.2);
#124=CIRCLE('',#7364,0.2);
#125=CIRCLE('',#7366,0.2);
#126=CIRCLE('',#7367,0.2);
#127=CIRCLE('',#7368,0.2);
#128=CIRCLE('',#7369,0.2);
#129=CIRCLE('',#7370,0.2);
#130=CIRCLE('',#7371,0.2);
#131=CIRCLE('',#7381,1.92694706725432);
#132=CIRCLE('',#7384,1.92694706725432);
#133=CIRCLE('',#7389,1.475);
#134=CIRCLE('',#7392,1.475);
#135=CIRCLE('',#7394,1.475);
#136=CIRCLE('',#7403,1.475);
#137=CIRCLE('',#7405,1.475);
#138=CIRCLE('',#7410,1.2);
#139=CIRCLE('',#7411,1.2);
#140=CIRCLE('',#7414,0.6);
#141=CIRCLE('',#7415,0.6);
#142=CIRCLE('',#7418,0.8);
#143=CIRCLE('',#7419,0.8);
#144=CIRCLE('',#7422,0.2);
#145=CIRCLE('',#7423,0.2);
#146=CIRCLE('',#7425,0.410898595490235);
#147=CIRCLE('',#7426,0.0108985954902347);
#148=CIRCLE('',#7428,0.6);
#149=CIRCLE('',#7429,0.6);
#150=CIRCLE('',#7432,1.2);
#151=CIRCLE('',#7433,1.2);
#152=CIRCLE('',#7436,0.2);
#153=CIRCLE('',#7437,0.2);
#154=CIRCLE('',#7440,0.8);
#155=CIRCLE('',#7441,0.8);
#156=CIRCLE('',#7444,0.01);
#157=CIRCLE('',#7445,0.01);
#158=CIRCLE('',#7446,0.41);
#159=CIRCLE('',#7447,0.41);
#160=CIRCLE('',#7449,0.01);
#161=CIRCLE('',#7450,0.41);
#162=CIRCLE('',#7451,0.41);
#163=CIRCLE('',#7452,0.01);
#164=CIRCLE('',#7454,0.0108985954902347);
#165=CIRCLE('',#7455,0.410898595490235);
#166=CIRCLE('',#7459,0.547915345450313);
#167=CIRCLE('',#7460,0.547915345450313);
#168=CIRCLE('',#7461,0.547915345450313);
#169=CIRCLE('',#7462,0.547915345450313);
#170=CIRCLE('',#7463,0.547915345450313);
#171=CIRCLE('',#7464,0.819924256397548);
#172=CIRCLE('',#7465,0.01);
#173=CIRCLE('',#7466,0.41);
#174=CIRCLE('',#7467,1.21992425639755);
#175=CIRCLE('',#7468,0.147915345450313);
#176=CIRCLE('',#7469,0.947915345450313);
#177=CIRCLE('',#7470,0.147915345450313);
#178=CIRCLE('',#7471,0.947915345450313);
#179=CIRCLE('',#7472,0.147915345450313);
#180=CIRCLE('',#7475,0.147915345450313);
#181=CIRCLE('',#7476,0.947915345450313);
#182=CIRCLE('',#7477,0.147915345450313);
#183=CIRCLE('',#7478,0.947915345450313);
#184=CIRCLE('',#7479,0.147915345450313);
#185=CIRCLE('',#7480,1.21992425639755);
#186=CIRCLE('',#7481,0.41);
#187=CIRCLE('',#7482,0.01);
#188=CIRCLE('',#7483,0.819924256397548);
#189=CIRCLE('',#7484,0.547915345450313);
#190=CIRCLE('',#7485,0.547915345450313);
#191=CIRCLE('',#7486,0.547915345450313);
#192=CIRCLE('',#7487,0.547915345450313);
#193=CIRCLE('',#7488,0.547915345450313);
#194=CIRCLE('',#7492,0.2);
#195=CIRCLE('',#7493,0.2);
#196=CIRCLE('',#7502,0.2);
#197=CIRCLE('',#7503,0.2);
#198=CIRCLE('',#7531,0.8);
#199=CIRCLE('',#7532,1.2);
#200=CIRCLE('',#7535,1.2);
#201=CIRCLE('',#7536,0.8);
#202=CIRCLE('',#7541,0.2);
#203=CIRCLE('',#7542,0.2);
#204=CIRCLE('',#7547,0.2);
#205=CIRCLE('',#7548,0.2);
#206=CIRCLE('',#7558,1.2);
#207=CIRCLE('',#7559,0.8);
#208=CIRCLE('',#7561,0.8);
#209=CIRCLE('',#7562,1.2);
#210=CIRCLE('',#7565,0.2);
#211=CIRCLE('',#7566,0.2);
#212=CIRCLE('',#7571,0.2);
#213=CIRCLE('',#7572,0.2);
#214=CIRCLE('',#7588,1.9);
#215=CIRCLE('',#7589,1.9);
#216=CIRCLE('',#7590,1.9);
#217=CIRCLE('',#7591,1.9);
#218=CIRCLE('',#7592,1.9);
#219=CIRCLE('',#7594,1.65);
#220=CIRCLE('',#7596,1.65);
#221=CIRCLE('',#7600,1.45);
#222=CIRCLE('',#7601,1.45);
#223=CIRCLE('',#7603,1.65);
#224=CIRCLE('',#7609,1.1);
#225=CIRCLE('',#7610,1.1);
#226=CIRCLE('',#7612,1.25);
#227=CYLINDRICAL_SURFACE('',#7183,3.32257142857142);
#228=CYLINDRICAL_SURFACE('',#7253,0.8);
#229=CYLINDRICAL_SURFACE('',#7263,1.5);
#230=CYLINDRICAL_SURFACE('',#7271,3.1);
#231=CYLINDRICAL_SURFACE('',#7281,2.);
#232=CYLINDRICAL_SURFACE('',#7289,1.9);
#233=CYLINDRICAL_SURFACE('',#7290,1.25);
#234=CYLINDRICAL_SURFACE('',#7299,3.32257142857142);
#235=CYLINDRICAL_SURFACE('',#7310,0.8);
#236=CYLINDRICAL_SURFACE('',#7320,1.5);
#237=CYLINDRICAL_SURFACE('',#7327,3.1);
#238=CYLINDRICAL_SURFACE('',#7331,2.);
#239=CYLINDRICAL_SURFACE('',#7334,1.9);
#240=CYLINDRICAL_SURFACE('',#7335,1.25);
#241=CYLINDRICAL_SURFACE('',#7372,0.2);
#242=CYLINDRICAL_SURFACE('',#7373,0.2);
#243=CYLINDRICAL_SURFACE('',#7374,0.2);
#244=CYLINDRICAL_SURFACE('',#7375,0.2);
#245=CYLINDRICAL_SURFACE('',#7376,0.2);
#246=CYLINDRICAL_SURFACE('',#7377,0.2);
#247=CYLINDRICAL_SURFACE('',#7380,1.92694706725432);
#248=CYLINDRICAL_SURFACE('',#7383,1.92694706725432);
#249=CYLINDRICAL_SURFACE('',#7404,1.475);
#250=CYLINDRICAL_SURFACE('',#7409,1.2);
#251=CYLINDRICAL_SURFACE('',#7413,0.6);
#252=CYLINDRICAL_SURFACE('',#7417,0.8);
#253=CYLINDRICAL_SURFACE('',#7421,0.2);
#254=CYLINDRICAL_SURFACE('',#7427,0.6);
#255=CYLINDRICAL_SURFACE('',#7431,1.2);
#256=CYLINDRICAL_SURFACE('',#7435,0.2);
#257=CYLINDRICAL_SURFACE('',#7439,0.8);
#258=CYLINDRICAL_SURFACE('',#7494,0.547915345450313);
#259=CYLINDRICAL_SURFACE('',#7495,0.547915345450313);
#260=CYLINDRICAL_SURFACE('',#7496,0.547915345450313);
#261=CYLINDRICAL_SURFACE('',#7497,0.547915345450313);
#262=CYLINDRICAL_SURFACE('',#7498,0.547915345450313);
#263=CYLINDRICAL_SURFACE('',#7499,0.819924256397548);
#264=CYLINDRICAL_SURFACE('',#7504,0.147915345450313);
#265=CYLINDRICAL_SURFACE('',#7505,0.947915345450313);
#266=CYLINDRICAL_SURFACE('',#7506,0.147915345450313);
#267=CYLINDRICAL_SURFACE('',#7507,0.947915345450313);
#268=CYLINDRICAL_SURFACE('',#7508,0.147915345450313);
#269=CYLINDRICAL_SURFACE('',#7509,1.21992425639755);
#270=CYLINDRICAL_SURFACE('',#7513,0.41);
#271=CYLINDRICAL_SURFACE('',#7514,0.01);
#272=CYLINDRICAL_SURFACE('',#7519,0.41);
#273=CYLINDRICAL_SURFACE('',#7520,0.01);
#274=CYLINDRICAL_SURFACE('',#7523,0.41);
#275=CYLINDRICAL_SURFACE('',#7524,0.01);
#276=CYLINDRICAL_SURFACE('',#7526,0.410898595490235);
#277=CYLINDRICAL_SURFACE('',#7528,0.0108985954902347);
#278=CYLINDRICAL_SURFACE('',#7537,0.8);
#279=CYLINDRICAL_SURFACE('',#7543,1.2);
#280=CYLINDRICAL_SURFACE('',#7553,0.2);
#281=CYLINDRICAL_SURFACE('',#7554,0.2);
#282=CYLINDRICAL_SURFACE('',#7555,0.2);
#283=CYLINDRICAL_SURFACE('',#7556,0.2);
#284=CYLINDRICAL_SURFACE('',#7567,0.8);
#285=CYLINDRICAL_SURFACE('',#7573,1.2);
#286=CYLINDRICAL_SURFACE('',#7580,0.2);
#287=CYLINDRICAL_SURFACE('',#7581,0.2);
#288=CYLINDRICAL_SURFACE('',#7582,0.2);
#289=CYLINDRICAL_SURFACE('',#7583,0.2);
#290=CYLINDRICAL_SURFACE('',#7584,0.2);
#291=CYLINDRICAL_SURFACE('',#7585,0.2);
#292=CYLINDRICAL_SURFACE('',#7587,1.9);
#293=CYLINDRICAL_SURFACE('',#7599,1.45);
#294=CYLINDRICAL_SURFACE('',#7608,1.1);
#295=ORIENTED_EDGE('',*,*,#2225,.F.);
#296=ORIENTED_EDGE('',*,*,#2226,.T.);
#297=ORIENTED_EDGE('',*,*,#2227,.T.);
#298=ORIENTED_EDGE('',*,*,#2228,.T.);
#299=ORIENTED_EDGE('',*,*,#2229,.F.);
#300=ORIENTED_EDGE('',*,*,#2230,.T.);
#301=ORIENTED_EDGE('',*,*,#2231,.F.);
#302=ORIENTED_EDGE('',*,*,#2232,.F.);
#303=ORIENTED_EDGE('',*,*,#2233,.F.);
#304=ORIENTED_EDGE('',*,*,#2234,.F.);
#305=ORIENTED_EDGE('',*,*,#2235,.T.);
#306=ORIENTED_EDGE('',*,*,#2236,.T.);
#307=ORIENTED_EDGE('',*,*,#2237,.F.);
#308=ORIENTED_EDGE('',*,*,#2238,.T.);
#309=ORIENTED_EDGE('',*,*,#2239,.F.);
#310=ORIENTED_EDGE('',*,*,#2240,.T.);
#311=ORIENTED_EDGE('',*,*,#2241,.F.);
#312=ORIENTED_EDGE('',*,*,#2242,.F.);
#313=ORIENTED_EDGE('',*,*,#2243,.T.);
#314=ORIENTED_EDGE('',*,*,#2244,.T.);
#315=ORIENTED_EDGE('',*,*,#2245,.T.);
#316=ORIENTED_EDGE('',*,*,#2246,.T.);
#317=ORIENTED_EDGE('',*,*,#2247,.T.);
#318=ORIENTED_EDGE('',*,*,#2248,.T.);
#319=ORIENTED_EDGE('',*,*,#2249,.T.);
#320=ORIENTED_EDGE('',*,*,#2250,.F.);
#321=ORIENTED_EDGE('',*,*,#2251,.T.);
#322=ORIENTED_EDGE('',*,*,#2252,.T.);
#323=ORIENTED_EDGE('',*,*,#2253,.F.);
#324=ORIENTED_EDGE('',*,*,#2254,.T.);
#325=ORIENTED_EDGE('',*,*,#2255,.F.);
#326=ORIENTED_EDGE('',*,*,#2256,.T.);
#327=ORIENTED_EDGE('',*,*,#2257,.T.);
#328=ORIENTED_EDGE('',*,*,#2258,.T.);
#329=ORIENTED_EDGE('',*,*,#2259,.T.);
#330=ORIENTED_EDGE('',*,*,#2260,.T.);
#331=ORIENTED_EDGE('',*,*,#2236,.F.);
#332=ORIENTED_EDGE('',*,*,#2261,.T.);
#333=ORIENTED_EDGE('',*,*,#2262,.F.);
#334=ORIENTED_EDGE('',*,*,#2263,.T.);
#335=ORIENTED_EDGE('',*,*,#2264,.T.);
#336=ORIENTED_EDGE('',*,*,#2265,.F.);
#337=ORIENTED_EDGE('',*,*,#2266,.F.);
#338=ORIENTED_EDGE('',*,*,#2262,.T.);
#339=ORIENTED_EDGE('',*,*,#2267,.F.);
#340=ORIENTED_EDGE('',*,*,#2268,.T.);
#341=ORIENTED_EDGE('',*,*,#2269,.F.);
#342=ORIENTED_EDGE('',*,*,#2270,.T.);
#343=ORIENTED_EDGE('',*,*,#2271,.T.);
#344=ORIENTED_EDGE('',*,*,#2268,.F.);
#345=ORIENTED_EDGE('',*,*,#2272,.F.);
#346=ORIENTED_EDGE('',*,*,#2249,.F.);
#347=ORIENTED_EDGE('',*,*,#2273,.F.);
#348=ORIENTED_EDGE('',*,*,#2274,.T.);
#349=ORIENTED_EDGE('',*,*,#2275,.F.);
#350=ORIENTED_EDGE('',*,*,#2276,.T.);
#351=ORIENTED_EDGE('',*,*,#2277,.T.);
#352=ORIENTED_EDGE('',*,*,#2265,.T.);
#353=ORIENTED_EDGE('',*,*,#2278,.T.);
#354=ORIENTED_EDGE('',*,*,#2279,.T.);
#355=ORIENTED_EDGE('',*,*,#2280,.T.);
#356=ORIENTED_EDGE('',*,*,#2281,.T.);
#357=ORIENTED_EDGE('',*,*,#2282,.F.);
#358=ORIENTED_EDGE('',*,*,#2283,.T.);
#359=ORIENTED_EDGE('',*,*,#2284,.T.);
#360=ORIENTED_EDGE('',*,*,#2285,.T.);
#361=ORIENTED_EDGE('',*,*,#2286,.T.);
#362=ORIENTED_EDGE('',*,*,#2287,.T.);
#363=ORIENTED_EDGE('',*,*,#2288,.T.);
#364=ORIENTED_EDGE('',*,*,#2289,.T.);
#365=ORIENTED_EDGE('',*,*,#2290,.T.);
#366=ORIENTED_EDGE('',*,*,#2291,.T.);
#367=ORIENTED_EDGE('',*,*,#2292,.T.);
#368=ORIENTED_EDGE('',*,*,#2293,.T.);
#369=ORIENTED_EDGE('',*,*,#2294,.F.);
#370=ORIENTED_EDGE('',*,*,#2295,.T.);
#371=ORIENTED_EDGE('',*,*,#2296,.T.);
#372=ORIENTED_EDGE('',*,*,#2297,.T.);
#373=ORIENTED_EDGE('',*,*,#2298,.T.);
#374=ORIENTED_EDGE('',*,*,#2299,.T.);
#375=ORIENTED_EDGE('',*,*,#2300,.T.);
#376=ORIENTED_EDGE('',*,*,#2301,.T.);
#377=ORIENTED_EDGE('',*,*,#2302,.T.);
#378=ORIENTED_EDGE('',*,*,#2303,.T.);
#379=ORIENTED_EDGE('',*,*,#2275,.T.);
#380=ORIENTED_EDGE('',*,*,#2304,.T.);
#381=ORIENTED_EDGE('',*,*,#2305,.T.);
#382=ORIENTED_EDGE('',*,*,#2306,.T.);
#383=ORIENTED_EDGE('',*,*,#2307,.T.);
#384=ORIENTED_EDGE('',*,*,#2308,.F.);
#385=ORIENTED_EDGE('',*,*,#2309,.T.);
#386=ORIENTED_EDGE('',*,*,#2310,.T.);
#387=ORIENTED_EDGE('',*,*,#2311,.T.);
#388=ORIENTED_EDGE('',*,*,#2312,.F.);
#389=ORIENTED_EDGE('',*,*,#2313,.F.);
#390=ORIENTED_EDGE('',*,*,#2314,.T.);
#391=ORIENTED_EDGE('',*,*,#2315,.T.);
#392=ORIENTED_EDGE('',*,*,#2316,.T.);
#393=ORIENTED_EDGE('',*,*,#2317,.T.);
#394=ORIENTED_EDGE('',*,*,#2318,.T.);
#395=ORIENTED_EDGE('',*,*,#2319,.T.);
#396=ORIENTED_EDGE('',*,*,#2320,.T.);
#397=ORIENTED_EDGE('',*,*,#2321,.T.);
#398=ORIENTED_EDGE('',*,*,#2235,.F.);
#399=ORIENTED_EDGE('',*,*,#2322,.T.);
#400=ORIENTED_EDGE('',*,*,#2323,.T.);
#401=ORIENTED_EDGE('',*,*,#2324,.F.);
#402=ORIENTED_EDGE('',*,*,#2325,.F.);
#403=ORIENTED_EDGE('',*,*,#2326,.T.);
#404=ORIENTED_EDGE('',*,*,#2250,.T.);
#405=ORIENTED_EDGE('',*,*,#2272,.T.);
#406=ORIENTED_EDGE('',*,*,#2267,.T.);
#407=ORIENTED_EDGE('',*,*,#2261,.F.);
#408=ORIENTED_EDGE('',*,*,#2327,.T.);
#409=ORIENTED_EDGE('',*,*,#2328,.T.);
#410=ORIENTED_EDGE('',*,*,#2329,.T.);
#411=ORIENTED_EDGE('',*,*,#2330,.T.);
#412=ORIENTED_EDGE('',*,*,#2331,.T.);
#413=ORIENTED_EDGE('',*,*,#2332,.T.);
#414=ORIENTED_EDGE('',*,*,#2333,.T.);
#415=ORIENTED_EDGE('',*,*,#2334,.T.);
#416=ORIENTED_EDGE('',*,*,#2277,.F.);
#417=ORIENTED_EDGE('',*,*,#2335,.F.);
#418=ORIENTED_EDGE('',*,*,#2336,.T.);
#419=ORIENTED_EDGE('',*,*,#2337,.F.);
#420=ORIENTED_EDGE('',*,*,#2338,.F.);
#421=ORIENTED_EDGE('',*,*,#2339,.T.);
#422=ORIENTED_EDGE('',*,*,#2340,.T.);
#423=ORIENTED_EDGE('',*,*,#2237,.T.);
#424=ORIENTED_EDGE('',*,*,#2341,.T.);
#425=ORIENTED_EDGE('',*,*,#2342,.F.);
#426=ORIENTED_EDGE('',*,*,#2343,.T.);
#427=ORIENTED_EDGE('',*,*,#2344,.F.);
#428=ORIENTED_EDGE('',*,*,#2345,.F.);
#429=ORIENTED_EDGE('',*,*,#2346,.F.);
#430=ORIENTED_EDGE('',*,*,#2347,.F.);
#431=ORIENTED_EDGE('',*,*,#2348,.F.);
#432=ORIENTED_EDGE('',*,*,#2349,.T.);
#433=ORIENTED_EDGE('',*,*,#2350,.T.);
#434=ORIENTED_EDGE('',*,*,#2351,.T.);
#435=ORIENTED_EDGE('',*,*,#2352,.T.);
#436=ORIENTED_EDGE('',*,*,#2353,.T.);
#437=ORIENTED_EDGE('',*,*,#2228,.F.);
#438=ORIENTED_EDGE('',*,*,#2354,.F.);
#439=ORIENTED_EDGE('',*,*,#2355,.F.);
#440=ORIENTED_EDGE('',*,*,#2356,.F.);
#441=ORIENTED_EDGE('',*,*,#2357,.F.);
#442=ORIENTED_EDGE('',*,*,#2358,.F.);
#443=ORIENTED_EDGE('',*,*,#2359,.F.);
#444=ORIENTED_EDGE('',*,*,#2360,.F.);
#445=ORIENTED_EDGE('',*,*,#2361,.F.);
#446=ORIENTED_EDGE('',*,*,#2362,.F.);
#447=ORIENTED_EDGE('',*,*,#2363,.T.);
#448=ORIENTED_EDGE('',*,*,#2364,.T.);
#449=ORIENTED_EDGE('',*,*,#2365,.T.);
#450=ORIENTED_EDGE('',*,*,#2366,.T.);
#451=ORIENTED_EDGE('',*,*,#2367,.T.);
#452=ORIENTED_EDGE('',*,*,#2368,.T.);
#453=ORIENTED_EDGE('',*,*,#2369,.T.);
#454=ORIENTED_EDGE('',*,*,#2370,.T.);
#455=ORIENTED_EDGE('',*,*,#2371,.T.);
#456=ORIENTED_EDGE('',*,*,#2372,.F.);
#457=ORIENTED_EDGE('',*,*,#2373,.T.);
#458=ORIENTED_EDGE('',*,*,#2229,.T.);
#459=ORIENTED_EDGE('',*,*,#2374,.T.);
#460=ORIENTED_EDGE('',*,*,#2358,.T.);
#461=ORIENTED_EDGE('',*,*,#2375,.T.);
#462=ORIENTED_EDGE('',*,*,#2376,.F.);
#463=ORIENTED_EDGE('',*,*,#2240,.F.);
#464=ORIENTED_EDGE('',*,*,#2377,.F.);
#465=ORIENTED_EDGE('',*,*,#2378,.F.);
#466=ORIENTED_EDGE('',*,*,#2379,.T.);
#467=ORIENTED_EDGE('',*,*,#2380,.T.);
#468=ORIENTED_EDGE('',*,*,#2381,.T.);
#469=ORIENTED_EDGE('',*,*,#2382,.F.);
#470=ORIENTED_EDGE('',*,*,#2383,.F.);
#471=ORIENTED_EDGE('',*,*,#2384,.F.);
#472=ORIENTED_EDGE('',*,*,#2385,.F.);
#473=ORIENTED_EDGE('',*,*,#2386,.F.);
#474=ORIENTED_EDGE('',*,*,#2387,.F.);
#475=ORIENTED_EDGE('',*,*,#2244,.F.);
#476=ORIENTED_EDGE('',*,*,#2388,.F.);
#477=ORIENTED_EDGE('',*,*,#2389,.F.);
#478=ORIENTED_EDGE('',*,*,#2390,.F.);
#479=ORIENTED_EDGE('',*,*,#2391,.T.);
#480=ORIENTED_EDGE('',*,*,#2392,.T.);
#481=ORIENTED_EDGE('',*,*,#2393,.T.);
#482=ORIENTED_EDGE('',*,*,#2394,.F.);
#483=ORIENTED_EDGE('',*,*,#2395,.T.);
#484=ORIENTED_EDGE('',*,*,#2396,.F.);
#485=ORIENTED_EDGE('',*,*,#2397,.F.);
#486=ORIENTED_EDGE('',*,*,#2398,.T.);
#487=ORIENTED_EDGE('',*,*,#2399,.T.);
#488=ORIENTED_EDGE('',*,*,#2246,.F.);
#489=ORIENTED_EDGE('',*,*,#2400,.T.);
#490=ORIENTED_EDGE('',*,*,#2401,.T.);
#491=ORIENTED_EDGE('',*,*,#2402,.F.);
#492=ORIENTED_EDGE('',*,*,#2336,.F.);
#493=ORIENTED_EDGE('',*,*,#2403,.F.);
#494=ORIENTED_EDGE('',*,*,#2404,.T.);
#495=ORIENTED_EDGE('',*,*,#2238,.F.);
#496=ORIENTED_EDGE('',*,*,#2340,.F.);
#497=ORIENTED_EDGE('',*,*,#2405,.F.);
#498=ORIENTED_EDGE('',*,*,#2406,.T.);
#499=ORIENTED_EDGE('',*,*,#2407,.T.);
#500=ORIENTED_EDGE('',*,*,#2408,.T.);
#501=ORIENTED_EDGE('',*,*,#2338,.T.);
#502=ORIENTED_EDGE('',*,*,#2409,.T.);
#503=ORIENTED_EDGE('',*,*,#2312,.T.);
#504=ORIENTED_EDGE('',*,*,#2410,.T.);
#505=ORIENTED_EDGE('',*,*,#2411,.F.);
#506=ORIENTED_EDGE('',*,*,#2412,.F.);
#507=ORIENTED_EDGE('',*,*,#2248,.F.);
#508=ORIENTED_EDGE('',*,*,#2413,.T.);
#509=ORIENTED_EDGE('',*,*,#2414,.F.);
#510=ORIENTED_EDGE('',*,*,#2415,.F.);
#511=ORIENTED_EDGE('',*,*,#2416,.T.);
#512=ORIENTED_EDGE('',*,*,#2417,.T.);
#513=ORIENTED_EDGE('',*,*,#2418,.T.);
#514=ORIENTED_EDGE('',*,*,#2419,.T.);
#515=ORIENTED_EDGE('',*,*,#2420,.F.);
#516=ORIENTED_EDGE('',*,*,#2421,.T.);
#517=ORIENTED_EDGE('',*,*,#2422,.T.);
#518=ORIENTED_EDGE('',*,*,#2363,.F.);
#519=ORIENTED_EDGE('',*,*,#2423,.F.);
#520=ORIENTED_EDGE('',*,*,#2232,.T.);
#521=ORIENTED_EDGE('',*,*,#2424,.F.);
#522=ORIENTED_EDGE('',*,*,#2425,.F.);
#523=ORIENTED_EDGE('',*,*,#2426,.F.);
#524=ORIENTED_EDGE('',*,*,#2283,.F.);
#525=ORIENTED_EDGE('',*,*,#2427,.F.);
#526=ORIENTED_EDGE('',*,*,#2309,.F.);
#527=ORIENTED_EDGE('',*,*,#2428,.F.);
#528=ORIENTED_EDGE('',*,*,#2429,.F.);
#529=ORIENTED_EDGE('',*,*,#2295,.F.);
#530=ORIENTED_EDGE('',*,*,#2430,.F.);
#531=ORIENTED_EDGE('',*,*,#2371,.F.);
#532=ORIENTED_EDGE('',*,*,#2431,.T.);
#533=ORIENTED_EDGE('',*,*,#2432,.F.);
#534=ORIENTED_EDGE('',*,*,#2233,.T.);
#535=ORIENTED_EDGE('',*,*,#2423,.T.);
#536=ORIENTED_EDGE('',*,*,#2362,.T.);
#537=ORIENTED_EDGE('',*,*,#2433,.T.);
#538=ORIENTED_EDGE('',*,*,#2434,.F.);
#539=ORIENTED_EDGE('',*,*,#2435,.F.);
#540=ORIENTED_EDGE('',*,*,#2436,.F.);
#541=ORIENTED_EDGE('',*,*,#2258,.F.);
#542=ORIENTED_EDGE('',*,*,#2437,.T.);
#543=ORIENTED_EDGE('',*,*,#2438,.T.);
#544=ORIENTED_EDGE('',*,*,#2439,.T.);
#545=ORIENTED_EDGE('',*,*,#2254,.F.);
#546=ORIENTED_EDGE('',*,*,#2440,.F.);
#547=ORIENTED_EDGE('',*,*,#2441,.F.);
#548=ORIENTED_EDGE('',*,*,#2442,.F.);
#549=ORIENTED_EDGE('',*,*,#2443,.F.);
#550=ORIENTED_EDGE('',*,*,#2444,.F.);
#551=ORIENTED_EDGE('',*,*,#2445,.F.);
#552=ORIENTED_EDGE('',*,*,#2446,.F.);
#553=ORIENTED_EDGE('',*,*,#2447,.F.);
#554=ORIENTED_EDGE('',*,*,#2448,.F.);
#555=ORIENTED_EDGE('',*,*,#2307,.F.);
#556=ORIENTED_EDGE('',*,*,#2449,.T.);
#557=ORIENTED_EDGE('',*,*,#2418,.F.);
#558=ORIENTED_EDGE('',*,*,#2450,.T.);
#559=ORIENTED_EDGE('',*,*,#2451,.F.);
#560=ORIENTED_EDGE('',*,*,#2435,.T.);
#561=ORIENTED_EDGE('',*,*,#2452,.F.);
#562=ORIENTED_EDGE('',*,*,#2453,.F.);
#563=ORIENTED_EDGE('',*,*,#2454,.T.);
#564=ORIENTED_EDGE('',*,*,#2445,.T.);
#565=ORIENTED_EDGE('',*,*,#2455,.T.);
#566=ORIENTED_EDGE('',*,*,#2456,.T.);
#567=ORIENTED_EDGE('',*,*,#2457,.T.);
#568=ORIENTED_EDGE('',*,*,#2325,.T.);
#569=ORIENTED_EDGE('',*,*,#2458,.F.);
#570=ORIENTED_EDGE('',*,*,#2252,.F.);
#571=ORIENTED_EDGE('',*,*,#2459,.T.);
#572=ORIENTED_EDGE('',*,*,#2460,.T.);
#573=ORIENTED_EDGE('',*,*,#2461,.T.);
#574=ORIENTED_EDGE('',*,*,#2462,.F.);
#575=ORIENTED_EDGE('',*,*,#2463,.T.);
#576=ORIENTED_EDGE('',*,*,#2464,.F.);
#577=ORIENTED_EDGE('',*,*,#2465,.F.);
#578=ORIENTED_EDGE('',*,*,#2466,.T.);
#579=ORIENTED_EDGE('',*,*,#2467,.T.);
#580=ORIENTED_EDGE('',*,*,#2456,.F.);
#581=ORIENTED_EDGE('',*,*,#2468,.T.);
#582=ORIENTED_EDGE('',*,*,#2469,.T.);
#583=ORIENTED_EDGE('',*,*,#2470,.F.);
#584=ORIENTED_EDGE('',*,*,#2413,.F.);
#585=ORIENTED_EDGE('',*,*,#2260,.F.);
#586=ORIENTED_EDGE('',*,*,#2471,.T.);
#587=ORIENTED_EDGE('',*,*,#2450,.F.);
#588=ORIENTED_EDGE('',*,*,#2417,.F.);
#589=ORIENTED_EDGE('',*,*,#2472,.F.);
#590=ORIENTED_EDGE('',*,*,#2473,.T.);
#591=ORIENTED_EDGE('',*,*,#2474,.T.);
#592=ORIENTED_EDGE('',*,*,#2475,.T.);
#593=ORIENTED_EDGE('',*,*,#2415,.T.);
#594=ORIENTED_EDGE('',*,*,#2308,.T.);
#595=ORIENTED_EDGE('',*,*,#2448,.T.);
#596=ORIENTED_EDGE('',*,*,#2476,.F.);
#597=ORIENTED_EDGE('',*,*,#2428,.T.);
#598=ORIENTED_EDGE('',*,*,#2324,.T.);
#599=ORIENTED_EDGE('',*,*,#2477,.T.);
#600=ORIENTED_EDGE('',*,*,#2411,.T.);
#601=ORIENTED_EDGE('',*,*,#2478,.T.);
#602=ORIENTED_EDGE('',*,*,#2292,.F.);
#603=ORIENTED_EDGE('',*,*,#2429,.T.);
#604=ORIENTED_EDGE('',*,*,#2476,.T.);
#605=ORIENTED_EDGE('',*,*,#2458,.T.);
#606=ORIENTED_EDGE('',*,*,#2282,.T.);
#607=ORIENTED_EDGE('',*,*,#2479,.T.);
#608=ORIENTED_EDGE('',*,*,#2310,.F.);
#609=ORIENTED_EDGE('',*,*,#2427,.T.);
#610=ORIENTED_EDGE('',*,*,#2480,.F.);
#611=ORIENTED_EDGE('',*,*,#2481,.T.);
#612=ORIENTED_EDGE('',*,*,#2482,.T.);
#613=ORIENTED_EDGE('',*,*,#2483,.T.);
#614=ORIENTED_EDGE('',*,*,#2280,.F.);
#615=ORIENTED_EDGE('',*,*,#2426,.T.);
#616=ORIENTED_EDGE('',*,*,#2484,.T.);
#617=ORIENTED_EDGE('',*,*,#2485,.F.);
#618=ORIENTED_EDGE('',*,*,#2486,.T.);
#619=ORIENTED_EDGE('',*,*,#2487,.T.);
#620=ORIENTED_EDGE('',*,*,#2482,.F.);
#621=ORIENTED_EDGE('',*,*,#2488,.F.);
#622=ORIENTED_EDGE('',*,*,#2484,.F.);
#623=ORIENTED_EDGE('',*,*,#2425,.T.);
#624=ORIENTED_EDGE('',*,*,#2489,.T.);
#625=ORIENTED_EDGE('',*,*,#2490,.T.);
#626=ORIENTED_EDGE('',*,*,#2491,.F.);
#627=ORIENTED_EDGE('',*,*,#2492,.T.);
#628=ORIENTED_EDGE('',*,*,#2493,.T.);
#629=ORIENTED_EDGE('',*,*,#2489,.F.);
#630=ORIENTED_EDGE('',*,*,#2424,.T.);
#631=ORIENTED_EDGE('',*,*,#2231,.T.);
#632=ORIENTED_EDGE('',*,*,#2494,.T.);
#633=ORIENTED_EDGE('',*,*,#2495,.T.);
#634=ORIENTED_EDGE('',*,*,#2496,.T.);
#635=ORIENTED_EDGE('',*,*,#2497,.T.);
#636=ORIENTED_EDGE('',*,*,#2498,.T.);
#637=ORIENTED_EDGE('',*,*,#2486,.F.);
#638=ORIENTED_EDGE('',*,*,#2499,.T.);
#639=ORIENTED_EDGE('',*,*,#2354,.T.);
#640=ORIENTED_EDGE('',*,*,#2227,.F.);
#641=ORIENTED_EDGE('',*,*,#2500,.T.);
#642=ORIENTED_EDGE('',*,*,#2294,.T.);
#643=ORIENTED_EDGE('',*,*,#2501,.T.);
#644=ORIENTED_EDGE('',*,*,#2366,.F.);
#645=ORIENTED_EDGE('',*,*,#2430,.T.);
#646=ORIENTED_EDGE('',*,*,#2276,.F.);
#647=ORIENTED_EDGE('',*,*,#2313,.T.);
#648=ORIENTED_EDGE('',*,*,#2409,.F.);
#649=ORIENTED_EDGE('',*,*,#2477,.F.);
#650=ORIENTED_EDGE('',*,*,#2323,.F.);
#651=ORIENTED_EDGE('',*,*,#2502,.T.);
#652=ORIENTED_EDGE('',*,*,#2390,.T.);
#653=ORIENTED_EDGE('',*,*,#2503,.F.);
#654=ORIENTED_EDGE('',*,*,#2382,.T.);
#655=ORIENTED_EDGE('',*,*,#2504,.F.);
#656=ORIENTED_EDGE('',*,*,#2505,.T.);
#657=ORIENTED_EDGE('',*,*,#2506,.T.);
#658=ORIENTED_EDGE('',*,*,#2378,.T.);
#659=ORIENTED_EDGE('',*,*,#2507,.T.);
#660=ORIENTED_EDGE('',*,*,#2403,.T.);
#661=ORIENTED_EDGE('',*,*,#2335,.T.);
#662=ORIENTED_EDGE('',*,*,#2508,.F.);
#663=ORIENTED_EDGE('',*,*,#2462,.T.);
#664=ORIENTED_EDGE('',*,*,#2509,.T.);
#665=ORIENTED_EDGE('',*,*,#2473,.F.);
#666=ORIENTED_EDGE('',*,*,#2414,.T.);
#667=ORIENTED_EDGE('',*,*,#2470,.T.);
#668=ORIENTED_EDGE('',*,*,#2472,.T.);
#669=ORIENTED_EDGE('',*,*,#2416,.F.);
#670=ORIENTED_EDGE('',*,*,#2475,.F.);
#671=ORIENTED_EDGE('',*,*,#2510,.F.);
#672=ORIENTED_EDGE('',*,*,#2464,.T.);
#673=ORIENTED_EDGE('',*,*,#2511,.T.);
#674=ORIENTED_EDGE('',*,*,#2469,.F.);
#675=ORIENTED_EDGE('',*,*,#2259,.F.);
#676=ORIENTED_EDGE('',*,*,#2436,.T.);
#677=ORIENTED_EDGE('',*,*,#2451,.T.);
#678=ORIENTED_EDGE('',*,*,#2471,.F.);
#679=ORIENTED_EDGE('',*,*,#2511,.F.);
#680=ORIENTED_EDGE('',*,*,#2463,.F.);
#681=ORIENTED_EDGE('',*,*,#2508,.T.);
#682=ORIENTED_EDGE('',*,*,#2509,.F.);
#683=ORIENTED_EDGE('',*,*,#2465,.T.);
#684=ORIENTED_EDGE('',*,*,#2510,.T.);
#685=ORIENTED_EDGE('',*,*,#2474,.F.);
#686=ORIENTED_EDGE('',*,*,#2468,.F.);
#687=ORIENTED_EDGE('',*,*,#2455,.F.);
#688=ORIENTED_EDGE('',*,*,#2444,.T.);
#689=ORIENTED_EDGE('',*,*,#2512,.T.);
#690=ORIENTED_EDGE('',*,*,#2466,.F.);
#691=ORIENTED_EDGE('',*,*,#2512,.F.);
#692=ORIENTED_EDGE('',*,*,#2443,.T.);
#693=ORIENTED_EDGE('',*,*,#2513,.T.);
#694=ORIENTED_EDGE('',*,*,#2514,.F.);
#695=ORIENTED_EDGE('',*,*,#2513,.F.);
#696=ORIENTED_EDGE('',*,*,#2442,.T.);
#697=ORIENTED_EDGE('',*,*,#2515,.T.);
#698=ORIENTED_EDGE('',*,*,#2460,.F.);
#699=ORIENTED_EDGE('',*,*,#2515,.F.);
#700=ORIENTED_EDGE('',*,*,#2441,.T.);
#701=ORIENTED_EDGE('',*,*,#2516,.T.);
#702=ORIENTED_EDGE('',*,*,#2461,.F.);
#703=ORIENTED_EDGE('',*,*,#2516,.F.);
#704=ORIENTED_EDGE('',*,*,#2440,.T.);
#705=ORIENTED_EDGE('',*,*,#2253,.T.);
#706=ORIENTED_EDGE('',*,*,#2514,.T.);
#707=ORIENTED_EDGE('',*,*,#2459,.F.);
#708=ORIENTED_EDGE('',*,*,#2251,.F.);
#709=ORIENTED_EDGE('',*,*,#2326,.F.);
#710=ORIENTED_EDGE('',*,*,#2457,.F.);
#711=ORIENTED_EDGE('',*,*,#2467,.F.);
#712=ORIENTED_EDGE('',*,*,#2517,.F.);
#713=ORIENTED_EDGE('',*,*,#2433,.F.);
#714=ORIENTED_EDGE('',*,*,#2257,.F.);
#715=ORIENTED_EDGE('',*,*,#2518,.T.);
#716=ORIENTED_EDGE('',*,*,#2519,.T.);
#717=ORIENTED_EDGE('',*,*,#2437,.F.);
#718=ORIENTED_EDGE('',*,*,#2519,.F.);
#719=ORIENTED_EDGE('',*,*,#2520,.T.);
#720=ORIENTED_EDGE('',*,*,#2521,.T.);
#721=ORIENTED_EDGE('',*,*,#2438,.F.);
#722=ORIENTED_EDGE('',*,*,#2521,.F.);
#723=ORIENTED_EDGE('',*,*,#2522,.T.);
#724=ORIENTED_EDGE('',*,*,#2255,.T.);
#725=ORIENTED_EDGE('',*,*,#2439,.F.);
#726=ORIENTED_EDGE('',*,*,#2523,.F.);
#727=ORIENTED_EDGE('',*,*,#2524,.T.);
#728=ORIENTED_EDGE('',*,*,#2452,.T.);
#729=ORIENTED_EDGE('',*,*,#2434,.T.);
#730=ORIENTED_EDGE('',*,*,#2525,.F.);
#731=ORIENTED_EDGE('',*,*,#2526,.T.);
#732=ORIENTED_EDGE('',*,*,#2523,.T.);
#733=ORIENTED_EDGE('',*,*,#2447,.T.);
#734=ORIENTED_EDGE('',*,*,#2454,.F.);
#735=ORIENTED_EDGE('',*,*,#2527,.T.);
#736=ORIENTED_EDGE('',*,*,#2525,.T.);
#737=ORIENTED_EDGE('',*,*,#2446,.T.);
#738=ORIENTED_EDGE('',*,*,#2518,.F.);
#739=ORIENTED_EDGE('',*,*,#2256,.F.);
#740=ORIENTED_EDGE('',*,*,#2522,.F.);
#741=ORIENTED_EDGE('',*,*,#2520,.F.);
#742=ORIENTED_EDGE('',*,*,#2524,.F.);
#743=ORIENTED_EDGE('',*,*,#2526,.F.);
#744=ORIENTED_EDGE('',*,*,#2527,.F.);
#745=ORIENTED_EDGE('',*,*,#2453,.T.);
#746=ORIENTED_EDGE('',*,*,#2528,.T.);
#747=ORIENTED_EDGE('',*,*,#2349,.F.);
#748=ORIENTED_EDGE('',*,*,#2517,.T.);
#749=ORIENTED_EDGE('',*,*,#2528,.F.);
#750=ORIENTED_EDGE('',*,*,#2497,.F.);
#751=ORIENTED_EDGE('',*,*,#2529,.T.);
#752=ORIENTED_EDGE('',*,*,#2530,.F.);
#753=ORIENTED_EDGE('',*,*,#2500,.F.);
#754=ORIENTED_EDGE('',*,*,#2531,.F.);
#755=ORIENTED_EDGE('',*,*,#2532,.T.);
#756=ORIENTED_EDGE('',*,*,#2361,.T.);
#757=ORIENTED_EDGE('',*,*,#2533,.F.);
#758=ORIENTED_EDGE('',*,*,#2534,.F.);
#759=ORIENTED_EDGE('',*,*,#2432,.T.);
#760=ORIENTED_EDGE('',*,*,#2360,.T.);
#761=ORIENTED_EDGE('',*,*,#2535,.F.);
#762=ORIENTED_EDGE('',*,*,#2536,.F.);
#763=ORIENTED_EDGE('',*,*,#2533,.T.);
#764=ORIENTED_EDGE('',*,*,#2359,.T.);
#765=ORIENTED_EDGE('',*,*,#2374,.F.);
#766=ORIENTED_EDGE('',*,*,#2537,.F.);
#767=ORIENTED_EDGE('',*,*,#2535,.T.);
#768=ORIENTED_EDGE('',*,*,#2234,.T.);
#769=ORIENTED_EDGE('',*,*,#2534,.T.);
#770=ORIENTED_EDGE('',*,*,#2536,.T.);
#771=ORIENTED_EDGE('',*,*,#2537,.T.);
#772=ORIENTED_EDGE('',*,*,#2538,.T.);
#773=ORIENTED_EDGE('',*,*,#2539,.T.);
#774=ORIENTED_EDGE('',*,*,#2540,.T.);
#775=ORIENTED_EDGE('',*,*,#2365,.F.);
#776=ORIENTED_EDGE('',*,*,#2541,.F.);
#777=ORIENTED_EDGE('',*,*,#2369,.F.);
#778=ORIENTED_EDGE('',*,*,#2542,.F.);
#779=ORIENTED_EDGE('',*,*,#2543,.F.);
#780=ORIENTED_EDGE('',*,*,#2539,.F.);
#781=ORIENTED_EDGE('',*,*,#2364,.F.);
#782=ORIENTED_EDGE('',*,*,#2422,.F.);
#783=ORIENTED_EDGE('',*,*,#2544,.T.);
#784=ORIENTED_EDGE('',*,*,#2541,.T.);
#785=ORIENTED_EDGE('',*,*,#2351,.F.);
#786=ORIENTED_EDGE('',*,*,#2540,.F.);
#787=ORIENTED_EDGE('',*,*,#2543,.T.);
#788=ORIENTED_EDGE('',*,*,#2545,.T.);
#789=ORIENTED_EDGE('',*,*,#2538,.F.);
#790=ORIENTED_EDGE('',*,*,#2544,.F.);
#791=ORIENTED_EDGE('',*,*,#2431,.F.);
#792=ORIENTED_EDGE('',*,*,#2370,.F.);
#793=ORIENTED_EDGE('',*,*,#2546,.T.);
#794=ORIENTED_EDGE('',*,*,#2547,.F.);
#795=ORIENTED_EDGE('',*,*,#2548,.F.);
#796=ORIENTED_EDGE('',*,*,#2485,.T.);
#797=ORIENTED_EDGE('',*,*,#2549,.T.);
#798=ORIENTED_EDGE('',*,*,#2550,.F.);
#799=ORIENTED_EDGE('',*,*,#2551,.F.);
#800=ORIENTED_EDGE('',*,*,#2547,.T.);
#801=ORIENTED_EDGE('',*,*,#2552,.T.);
#802=ORIENTED_EDGE('',*,*,#2553,.F.);
#803=ORIENTED_EDGE('',*,*,#2554,.F.);
#804=ORIENTED_EDGE('',*,*,#2550,.T.);
#805=ORIENTED_EDGE('',*,*,#2555,.T.);
#806=ORIENTED_EDGE('',*,*,#2556,.F.);
#807=ORIENTED_EDGE('',*,*,#2557,.F.);
#808=ORIENTED_EDGE('',*,*,#2553,.T.);
#809=ORIENTED_EDGE('',*,*,#2548,.T.);
#810=ORIENTED_EDGE('',*,*,#2551,.T.);
#811=ORIENTED_EDGE('',*,*,#2554,.T.);
#812=ORIENTED_EDGE('',*,*,#2557,.T.);
#813=ORIENTED_EDGE('',*,*,#2558,.T.);
#814=ORIENTED_EDGE('',*,*,#2559,.T.);
#815=ORIENTED_EDGE('',*,*,#2560,.T.);
#816=ORIENTED_EDGE('',*,*,#2480,.T.);
#817=ORIENTED_EDGE('',*,*,#2546,.F.);
#818=ORIENTED_EDGE('',*,*,#2488,.T.);
#819=ORIENTED_EDGE('',*,*,#2561,.F.);
#820=ORIENTED_EDGE('',*,*,#2562,.F.);
#821=ORIENTED_EDGE('',*,*,#2563,.F.);
#822=ORIENTED_EDGE('',*,*,#2555,.F.);
#823=ORIENTED_EDGE('',*,*,#2552,.F.);
#824=ORIENTED_EDGE('',*,*,#2549,.F.);
#825=ORIENTED_EDGE('',*,*,#2420,.T.);
#826=ORIENTED_EDGE('',*,*,#2279,.F.);
#827=ORIENTED_EDGE('',*,*,#2421,.F.);
#828=ORIENTED_EDGE('',*,*,#2419,.F.);
#829=ORIENTED_EDGE('',*,*,#2564,.T.);
#830=ORIENTED_EDGE('',*,*,#2285,.F.);
#831=ORIENTED_EDGE('',*,*,#2565,.F.);
#832=ORIENTED_EDGE('',*,*,#2319,.F.);
#833=ORIENTED_EDGE('',*,*,#2566,.T.);
#834=ORIENTED_EDGE('',*,*,#2286,.F.);
#835=ORIENTED_EDGE('',*,*,#2564,.F.);
#836=ORIENTED_EDGE('',*,*,#2318,.F.);
#837=ORIENTED_EDGE('',*,*,#2567,.T.);
#838=ORIENTED_EDGE('',*,*,#2287,.F.);
#839=ORIENTED_EDGE('',*,*,#2566,.F.);
#840=ORIENTED_EDGE('',*,*,#2321,.F.);
#841=ORIENTED_EDGE('',*,*,#2565,.T.);
#842=ORIENTED_EDGE('',*,*,#2284,.F.);
#843=ORIENTED_EDGE('',*,*,#2567,.F.);
#844=ORIENTED_EDGE('',*,*,#2320,.F.);
#845=ORIENTED_EDGE('',*,*,#2568,.T.);
#846=ORIENTED_EDGE('',*,*,#2328,.F.);
#847=ORIENTED_EDGE('',*,*,#2569,.F.);
#848=ORIENTED_EDGE('',*,*,#2297,.F.);
#849=ORIENTED_EDGE('',*,*,#2570,.T.);
#850=ORIENTED_EDGE('',*,*,#2329,.F.);
#851=ORIENTED_EDGE('',*,*,#2568,.F.);
#852=ORIENTED_EDGE('',*,*,#2296,.F.);
#853=ORIENTED_EDGE('',*,*,#2571,.T.);
#854=ORIENTED_EDGE('',*,*,#2330,.F.);
#855=ORIENTED_EDGE('',*,*,#2570,.F.);
#856=ORIENTED_EDGE('',*,*,#2299,.F.);
#857=ORIENTED_EDGE('',*,*,#2569,.T.);
#858=ORIENTED_EDGE('',*,*,#2327,.F.);
#859=ORIENTED_EDGE('',*,*,#2571,.F.);
#860=ORIENTED_EDGE('',*,*,#2298,.F.);
#861=ORIENTED_EDGE('',*,*,#2412,.T.);
#862=ORIENTED_EDGE('',*,*,#2449,.F.);
#863=ORIENTED_EDGE('',*,*,#2306,.F.);
#864=ORIENTED_EDGE('',*,*,#2572,.T.);
#865=ORIENTED_EDGE('',*,*,#2269,.T.);
#866=ORIENTED_EDGE('',*,*,#2573,.F.);
#867=ORIENTED_EDGE('',*,*,#2394,.T.);
#868=ORIENTED_EDGE('',*,*,#2574,.T.);
#869=ORIENTED_EDGE('',*,*,#2406,.F.);
#870=ORIENTED_EDGE('',*,*,#2337,.T.);
#871=ORIENTED_EDGE('',*,*,#2402,.T.);
#872=ORIENTED_EDGE('',*,*,#2405,.T.);
#873=ORIENTED_EDGE('',*,*,#2339,.F.);
#874=ORIENTED_EDGE('',*,*,#2408,.F.);
#875=ORIENTED_EDGE('',*,*,#2575,.F.);
#876=ORIENTED_EDGE('',*,*,#2396,.T.);
#877=ORIENTED_EDGE('',*,*,#2576,.T.);
#878=ORIENTED_EDGE('',*,*,#2401,.F.);
#879=ORIENTED_EDGE('',*,*,#2507,.F.);
#880=ORIENTED_EDGE('',*,*,#2377,.T.);
#881=ORIENTED_EDGE('',*,*,#2239,.T.);
#882=ORIENTED_EDGE('',*,*,#2404,.F.);
#883=ORIENTED_EDGE('',*,*,#2576,.F.);
#884=ORIENTED_EDGE('',*,*,#2395,.F.);
#885=ORIENTED_EDGE('',*,*,#2573,.T.);
#886=ORIENTED_EDGE('',*,*,#2574,.F.);
#887=ORIENTED_EDGE('',*,*,#2397,.T.);
#888=ORIENTED_EDGE('',*,*,#2575,.T.);
#889=ORIENTED_EDGE('',*,*,#2407,.F.);
#890=ORIENTED_EDGE('',*,*,#2400,.F.);
#891=ORIENTED_EDGE('',*,*,#2245,.F.);
#892=ORIENTED_EDGE('',*,*,#2387,.T.);
#893=ORIENTED_EDGE('',*,*,#2577,.T.);
#894=ORIENTED_EDGE('',*,*,#2398,.F.);
#895=ORIENTED_EDGE('',*,*,#2577,.F.);
#896=ORIENTED_EDGE('',*,*,#2386,.T.);
#897=ORIENTED_EDGE('',*,*,#2578,.T.);
#898=ORIENTED_EDGE('',*,*,#2579,.F.);
#899=ORIENTED_EDGE('',*,*,#2578,.F.);
#900=ORIENTED_EDGE('',*,*,#2385,.T.);
#901=ORIENTED_EDGE('',*,*,#2580,.T.);
#902=ORIENTED_EDGE('',*,*,#2392,.F.);
#903=ORIENTED_EDGE('',*,*,#2580,.F.);
#904=ORIENTED_EDGE('',*,*,#2384,.T.);
#905=ORIENTED_EDGE('',*,*,#2581,.T.);
#906=ORIENTED_EDGE('',*,*,#2393,.F.);
#907=ORIENTED_EDGE('',*,*,#2581,.F.);
#908=ORIENTED_EDGE('',*,*,#2383,.T.);
#909=ORIENTED_EDGE('',*,*,#2503,.T.);
#910=ORIENTED_EDGE('',*,*,#2579,.T.);
#911=ORIENTED_EDGE('',*,*,#2391,.F.);
#912=ORIENTED_EDGE('',*,*,#2502,.F.);
#913=ORIENTED_EDGE('',*,*,#2322,.F.);
#914=ORIENTED_EDGE('',*,*,#2247,.F.);
#915=ORIENTED_EDGE('',*,*,#2399,.F.);
#916=ORIENTED_EDGE('',*,*,#2582,.F.);
#917=ORIENTED_EDGE('',*,*,#2375,.F.);
#918=ORIENTED_EDGE('',*,*,#2506,.F.);
#919=ORIENTED_EDGE('',*,*,#2583,.T.);
#920=ORIENTED_EDGE('',*,*,#2584,.T.);
#921=ORIENTED_EDGE('',*,*,#2379,.F.);
#922=ORIENTED_EDGE('',*,*,#2584,.F.);
#923=ORIENTED_EDGE('',*,*,#2585,.T.);
#924=ORIENTED_EDGE('',*,*,#2586,.T.);
#925=ORIENTED_EDGE('',*,*,#2380,.F.);
#926=ORIENTED_EDGE('',*,*,#2586,.F.);
#927=ORIENTED_EDGE('',*,*,#2587,.T.);
#928=ORIENTED_EDGE('',*,*,#2504,.T.);
#929=ORIENTED_EDGE('',*,*,#2381,.F.);
#930=ORIENTED_EDGE('',*,*,#2588,.F.);
#931=ORIENTED_EDGE('',*,*,#2589,.T.);
#932=ORIENTED_EDGE('',*,*,#2241,.T.);
#933=ORIENTED_EDGE('',*,*,#2376,.T.);
#934=ORIENTED_EDGE('',*,*,#2590,.F.);
#935=ORIENTED_EDGE('',*,*,#2591,.T.);
#936=ORIENTED_EDGE('',*,*,#2588,.T.);
#937=ORIENTED_EDGE('',*,*,#2389,.T.);
#938=ORIENTED_EDGE('',*,*,#2243,.F.);
#939=ORIENTED_EDGE('',*,*,#2592,.T.);
#940=ORIENTED_EDGE('',*,*,#2590,.T.);
#941=ORIENTED_EDGE('',*,*,#2388,.T.);
#942=ORIENTED_EDGE('',*,*,#2583,.F.);
#943=ORIENTED_EDGE('',*,*,#2505,.F.);
#944=ORIENTED_EDGE('',*,*,#2587,.F.);
#945=ORIENTED_EDGE('',*,*,#2585,.F.);
#946=ORIENTED_EDGE('',*,*,#2589,.F.);
#947=ORIENTED_EDGE('',*,*,#2591,.F.);
#948=ORIENTED_EDGE('',*,*,#2592,.F.);
#949=ORIENTED_EDGE('',*,*,#2242,.T.);
#950=ORIENTED_EDGE('',*,*,#2593,.T.);
#951=ORIENTED_EDGE('',*,*,#2350,.F.);
#952=ORIENTED_EDGE('',*,*,#2582,.T.);
#953=ORIENTED_EDGE('',*,*,#2593,.F.);
#954=ORIENTED_EDGE('',*,*,#2357,.T.);
#955=ORIENTED_EDGE('',*,*,#2594,.F.);
#956=ORIENTED_EDGE('',*,*,#2595,.F.);
#957=ORIENTED_EDGE('',*,*,#2372,.T.);
#958=ORIENTED_EDGE('',*,*,#2356,.T.);
#959=ORIENTED_EDGE('',*,*,#2596,.F.);
#960=ORIENTED_EDGE('',*,*,#2597,.F.);
#961=ORIENTED_EDGE('',*,*,#2594,.T.);
#962=ORIENTED_EDGE('',*,*,#2355,.T.);
#963=ORIENTED_EDGE('',*,*,#2499,.F.);
#964=ORIENTED_EDGE('',*,*,#2598,.F.);
#965=ORIENTED_EDGE('',*,*,#2596,.T.);
#966=ORIENTED_EDGE('',*,*,#2530,.T.);
#967=ORIENTED_EDGE('',*,*,#2599,.F.);
#968=ORIENTED_EDGE('',*,*,#2600,.F.);
#969=ORIENTED_EDGE('',*,*,#2601,.F.);
#970=ORIENTED_EDGE('',*,*,#2373,.F.);
#971=ORIENTED_EDGE('',*,*,#2595,.T.);
#972=ORIENTED_EDGE('',*,*,#2597,.T.);
#973=ORIENTED_EDGE('',*,*,#2598,.T.);
#974=ORIENTED_EDGE('',*,*,#2542,.T.);
#975=ORIENTED_EDGE('',*,*,#2602,.T.);
#976=ORIENTED_EDGE('',*,*,#2603,.T.);
#977=ORIENTED_EDGE('',*,*,#2352,.F.);
#978=ORIENTED_EDGE('',*,*,#2545,.F.);
#979=ORIENTED_EDGE('',*,*,#2368,.F.);
#980=ORIENTED_EDGE('',*,*,#2604,.T.);
#981=ORIENTED_EDGE('',*,*,#2531,.T.);
#982=ORIENTED_EDGE('',*,*,#2226,.F.);
#983=ORIENTED_EDGE('',*,*,#2605,.F.);
#984=ORIENTED_EDGE('',*,*,#2602,.F.);
#985=ORIENTED_EDGE('',*,*,#2353,.F.);
#986=ORIENTED_EDGE('',*,*,#2603,.F.);
#987=ORIENTED_EDGE('',*,*,#2605,.T.);
#988=ORIENTED_EDGE('',*,*,#2225,.T.);
#989=ORIENTED_EDGE('',*,*,#2563,.T.);
#990=ORIENTED_EDGE('',*,*,#2606,.F.);
#991=ORIENTED_EDGE('',*,*,#2558,.F.);
#992=ORIENTED_EDGE('',*,*,#2556,.T.);
#993=ORIENTED_EDGE('',*,*,#2562,.T.);
#994=ORIENTED_EDGE('',*,*,#2607,.F.);
#995=ORIENTED_EDGE('',*,*,#2559,.F.);
#996=ORIENTED_EDGE('',*,*,#2606,.T.);
#997=ORIENTED_EDGE('',*,*,#2561,.T.);
#998=ORIENTED_EDGE('',*,*,#2481,.F.);
#999=ORIENTED_EDGE('',*,*,#2560,.F.);
#1000=ORIENTED_EDGE('',*,*,#2607,.T.);
#1001=ORIENTED_EDGE('',*,*,#2342,.T.);
#1002=ORIENTED_EDGE('',*,*,#2278,.F.);
#1003=ORIENTED_EDGE('',*,*,#2343,.F.);
#1004=ORIENTED_EDGE('',*,*,#2341,.F.);
#1005=ORIENTED_EDGE('',*,*,#2608,.T.);
#1006=ORIENTED_EDGE('',*,*,#2289,.F.);
#1007=ORIENTED_EDGE('',*,*,#2609,.F.);
#1008=ORIENTED_EDGE('',*,*,#2315,.F.);
#1009=ORIENTED_EDGE('',*,*,#2610,.T.);
#1010=ORIENTED_EDGE('',*,*,#2290,.F.);
#1011=ORIENTED_EDGE('',*,*,#2608,.F.);
#1012=ORIENTED_EDGE('',*,*,#2314,.F.);
#1013=ORIENTED_EDGE('',*,*,#2611,.T.);
#1014=ORIENTED_EDGE('',*,*,#2291,.F.);
#1015=ORIENTED_EDGE('',*,*,#2610,.F.);
#1016=ORIENTED_EDGE('',*,*,#2317,.F.);
#1017=ORIENTED_EDGE('',*,*,#2609,.T.);
#1018=ORIENTED_EDGE('',*,*,#2288,.F.);
#1019=ORIENTED_EDGE('',*,*,#2611,.F.);
#1020=ORIENTED_EDGE('',*,*,#2316,.F.);
#1021=ORIENTED_EDGE('',*,*,#2612,.T.);
#1022=ORIENTED_EDGE('',*,*,#2332,.F.);
#1023=ORIENTED_EDGE('',*,*,#2613,.F.);
#1024=ORIENTED_EDGE('',*,*,#2301,.F.);
#1025=ORIENTED_EDGE('',*,*,#2614,.T.);
#1026=ORIENTED_EDGE('',*,*,#2333,.F.);
#1027=ORIENTED_EDGE('',*,*,#2612,.F.);
#1028=ORIENTED_EDGE('',*,*,#2300,.F.);
#1029=ORIENTED_EDGE('',*,*,#2615,.T.);
#1030=ORIENTED_EDGE('',*,*,#2334,.F.);
#1031=ORIENTED_EDGE('',*,*,#2614,.F.);
#1032=ORIENTED_EDGE('',*,*,#2303,.F.);
#1033=ORIENTED_EDGE('',*,*,#2613,.T.);
#1034=ORIENTED_EDGE('',*,*,#2331,.F.);
#1035=ORIENTED_EDGE('',*,*,#2615,.F.);
#1036=ORIENTED_EDGE('',*,*,#2302,.F.);
#1037=ORIENTED_EDGE('',*,*,#2616,.T.);
#1038=ORIENTED_EDGE('',*,*,#2617,.T.);
#1039=ORIENTED_EDGE('',*,*,#2572,.F.);
#1040=ORIENTED_EDGE('',*,*,#2305,.F.);
#1041=ORIENTED_EDGE('',*,*,#2618,.T.);
#1042=ORIENTED_EDGE('',*,*,#2273,.T.);
#1043=ORIENTED_EDGE('',*,*,#2616,.F.);
#1044=ORIENTED_EDGE('',*,*,#2619,.T.);
#1045=ORIENTED_EDGE('',*,*,#2619,.F.);
#1046=ORIENTED_EDGE('',*,*,#2618,.F.);
#1047=ORIENTED_EDGE('',*,*,#2304,.F.);
#1048=ORIENTED_EDGE('',*,*,#2274,.F.);
#1049=ORIENTED_EDGE('',*,*,#2620,.T.);
#1050=ORIENTED_EDGE('',*,*,#2270,.F.);
#1051=ORIENTED_EDGE('',*,*,#2617,.F.);
#1052=ORIENTED_EDGE('',*,*,#2264,.F.);
#1053=ORIENTED_EDGE('',*,*,#2266,.T.);
#1054=ORIENTED_EDGE('',*,*,#2271,.F.);
#1055=ORIENTED_EDGE('',*,*,#2620,.F.);
#1056=ORIENTED_EDGE('',*,*,#2263,.F.);
#1057=ORIENTED_EDGE('',*,*,#2230,.F.);
#1058=ORIENTED_EDGE('',*,*,#2601,.T.);
#1059=ORIENTED_EDGE('',*,*,#2621,.T.);
#1060=ORIENTED_EDGE('',*,*,#2494,.F.);
#1061=ORIENTED_EDGE('',*,*,#2529,.F.);
#1062=ORIENTED_EDGE('',*,*,#2496,.F.);
#1063=ORIENTED_EDGE('',*,*,#2622,.F.);
#1064=ORIENTED_EDGE('',*,*,#2599,.T.);
#1065=ORIENTED_EDGE('',*,*,#2621,.F.);
#1066=ORIENTED_EDGE('',*,*,#2600,.T.);
#1067=ORIENTED_EDGE('',*,*,#2622,.T.);
#1068=ORIENTED_EDGE('',*,*,#2495,.F.);
#1069=ORIENTED_EDGE('',*,*,#2623,.T.);
#1070=ORIENTED_EDGE('',*,*,#2624,.T.);
#1071=ORIENTED_EDGE('',*,*,#2625,.F.);
#1072=ORIENTED_EDGE('',*,*,#2490,.F.);
#1073=ORIENTED_EDGE('',*,*,#2626,.F.);
#1074=ORIENTED_EDGE('',*,*,#2627,.T.);
#1075=ORIENTED_EDGE('',*,*,#2628,.T.);
#1076=ORIENTED_EDGE('',*,*,#2629,.T.);
#1077=ORIENTED_EDGE('',*,*,#2630,.T.);
#1078=ORIENTED_EDGE('',*,*,#2631,.T.);
#1079=ORIENTED_EDGE('',*,*,#2632,.F.);
#1080=ORIENTED_EDGE('',*,*,#2633,.T.);
#1081=ORIENTED_EDGE('',*,*,#2634,.F.);
#1082=ORIENTED_EDGE('',*,*,#2635,.T.);
#1083=ORIENTED_EDGE('',*,*,#2636,.T.);
#1084=ORIENTED_EDGE('',*,*,#2637,.T.);
#1085=ORIENTED_EDGE('',*,*,#2638,.F.);
#1086=ORIENTED_EDGE('',*,*,#2639,.T.);
#1087=ORIENTED_EDGE('',*,*,#2640,.T.);
#1088=ORIENTED_EDGE('',*,*,#2641,.T.);
#1089=ORIENTED_EDGE('',*,*,#2642,.F.);
#1090=ORIENTED_EDGE('',*,*,#2643,.T.);
#1091=ORIENTED_EDGE('',*,*,#2644,.T.);
#1092=ORIENTED_EDGE('',*,*,#2645,.T.);
#1093=ORIENTED_EDGE('',*,*,#2636,.F.);
#1094=ORIENTED_EDGE('',*,*,#2646,.T.);
#1095=ORIENTED_EDGE('',*,*,#2630,.F.);
#1096=ORIENTED_EDGE('',*,*,#2647,.T.);
#1097=ORIENTED_EDGE('',*,*,#2628,.F.);
#1098=ORIENTED_EDGE('',*,*,#2648,.T.);
#1099=ORIENTED_EDGE('',*,*,#2623,.F.);
#1100=ORIENTED_EDGE('',*,*,#2493,.F.);
#1101=ORIENTED_EDGE('',*,*,#2649,.T.);
#1102=ORIENTED_EDGE('',*,*,#2644,.F.);
#1103=ORIENTED_EDGE('',*,*,#2650,.T.);
#1104=ORIENTED_EDGE('',*,*,#2640,.F.);
#1105=ORIENTED_EDGE('',*,*,#2651,.T.);
#1106=ORIENTED_EDGE('',*,*,#2632,.T.);
#1107=ORIENTED_EDGE('',*,*,#2652,.T.);
#1108=ORIENTED_EDGE('',*,*,#2634,.T.);
#1109=ORIENTED_EDGE('',*,*,#2653,.T.);
#1110=ORIENTED_EDGE('',*,*,#2638,.T.);
#1111=ORIENTED_EDGE('',*,*,#2654,.T.);
#1112=ORIENTED_EDGE('',*,*,#2642,.T.);
#1113=ORIENTED_EDGE('',*,*,#2655,.T.);
#1114=ORIENTED_EDGE('',*,*,#2491,.T.);
#1115=ORIENTED_EDGE('',*,*,#2625,.T.);
#1116=ORIENTED_EDGE('',*,*,#2656,.T.);
#1117=ORIENTED_EDGE('',*,*,#2626,.T.);
#1118=ORIENTED_EDGE('',*,*,#2657,.T.);
#1119=ORIENTED_EDGE('',*,*,#2647,.F.);
#1120=ORIENTED_EDGE('',*,*,#2633,.F.);
#1121=ORIENTED_EDGE('',*,*,#2657,.F.);
#1122=ORIENTED_EDGE('',*,*,#2629,.F.);
#1123=ORIENTED_EDGE('',*,*,#2649,.F.);
#1124=ORIENTED_EDGE('',*,*,#2492,.F.);
#1125=ORIENTED_EDGE('',*,*,#2655,.F.);
#1126=ORIENTED_EDGE('',*,*,#2645,.F.);
#1127=ORIENTED_EDGE('',*,*,#2650,.F.);
#1128=ORIENTED_EDGE('',*,*,#2643,.F.);
#1129=ORIENTED_EDGE('',*,*,#2654,.F.);
#1130=ORIENTED_EDGE('',*,*,#2641,.F.);
#1131=ORIENTED_EDGE('',*,*,#2651,.F.);
#1132=ORIENTED_EDGE('',*,*,#2639,.F.);
#1133=ORIENTED_EDGE('',*,*,#2653,.F.);
#1134=ORIENTED_EDGE('',*,*,#2637,.F.);
#1135=ORIENTED_EDGE('',*,*,#2648,.F.);
#1136=ORIENTED_EDGE('',*,*,#2627,.F.);
#1137=ORIENTED_EDGE('',*,*,#2656,.F.);
#1138=ORIENTED_EDGE('',*,*,#2624,.F.);
#1139=ORIENTED_EDGE('',*,*,#2646,.F.);
#1140=ORIENTED_EDGE('',*,*,#2635,.F.);
#1141=ORIENTED_EDGE('',*,*,#2652,.F.);
#1142=ORIENTED_EDGE('',*,*,#2631,.F.);
#1143=ORIENTED_EDGE('',*,*,#2344,.T.);
#1144=ORIENTED_EDGE('',*,*,#2658,.F.);
#1145=ORIENTED_EDGE('',*,*,#2659,.F.);
#1146=ORIENTED_EDGE('',*,*,#2660,.T.);
#1147=ORIENTED_EDGE('',*,*,#2348,.T.);
#1148=ORIENTED_EDGE('',*,*,#2661,.F.);
#1149=ORIENTED_EDGE('',*,*,#2662,.F.);
#1150=ORIENTED_EDGE('',*,*,#2658,.T.);
#1151=ORIENTED_EDGE('',*,*,#2347,.T.);
#1152=ORIENTED_EDGE('',*,*,#2663,.F.);
#1153=ORIENTED_EDGE('',*,*,#2664,.F.);
#1154=ORIENTED_EDGE('',*,*,#2661,.T.);
#1155=ORIENTED_EDGE('',*,*,#2346,.T.);
#1156=ORIENTED_EDGE('',*,*,#2665,.F.);
#1157=ORIENTED_EDGE('',*,*,#2666,.F.);
#1158=ORIENTED_EDGE('',*,*,#2663,.T.);
#1159=ORIENTED_EDGE('',*,*,#2345,.T.);
#1160=ORIENTED_EDGE('',*,*,#2660,.F.);
#1161=ORIENTED_EDGE('',*,*,#2667,.F.);
#1162=ORIENTED_EDGE('',*,*,#2665,.T.);
#1163=ORIENTED_EDGE('',*,*,#2659,.T.);
#1164=ORIENTED_EDGE('',*,*,#2662,.T.);
#1165=ORIENTED_EDGE('',*,*,#2664,.T.);
#1166=ORIENTED_EDGE('',*,*,#2666,.T.);
#1167=ORIENTED_EDGE('',*,*,#2667,.T.);
#1168=ORIENTED_EDGE('',*,*,#2604,.F.);
#1169=ORIENTED_EDGE('',*,*,#2367,.F.);
#1170=ORIENTED_EDGE('',*,*,#2501,.F.);
#1171=ORIENTED_EDGE('',*,*,#2293,.F.);
#1172=ORIENTED_EDGE('',*,*,#2478,.F.);
#1173=ORIENTED_EDGE('',*,*,#2410,.F.);
#1174=ORIENTED_EDGE('',*,*,#2311,.F.);
#1175=ORIENTED_EDGE('',*,*,#2479,.F.);
#1176=ORIENTED_EDGE('',*,*,#2281,.F.);
#1177=ORIENTED_EDGE('',*,*,#2483,.F.);
#1178=ORIENTED_EDGE('',*,*,#2487,.F.);
#1179=ORIENTED_EDGE('',*,*,#2498,.F.);
#1180=ORIENTED_EDGE('',*,*,#2532,.F.);
#1181=ORIENTED_EDGE('',*,*,#2668,.T.);
#1182=ORIENTED_EDGE('',*,*,#2669,.F.);
#1183=ORIENTED_EDGE('',*,*,#2670,.F.);
#1184=ORIENTED_EDGE('',*,*,#2671,.T.);
#1185=ORIENTED_EDGE('',*,*,#2672,.T.);
#1186=ORIENTED_EDGE('',*,*,#2673,.T.);
#1187=ORIENTED_EDGE('',*,*,#2674,.T.);
#1188=ORIENTED_EDGE('',*,*,#2675,.F.);
#1189=ORIENTED_EDGE('',*,*,#2676,.T.);
#1190=ORIENTED_EDGE('',*,*,#2677,.T.);
#1191=ORIENTED_EDGE('',*,*,#2678,.F.);
#1192=ORIENTED_EDGE('',*,*,#2679,.F.);
#1193=ORIENTED_EDGE('',*,*,#2680,.T.);
#1194=ORIENTED_EDGE('',*,*,#2677,.F.);
#1195=ORIENTED_EDGE('',*,*,#2681,.T.);
#1196=ORIENTED_EDGE('',*,*,#2682,.T.);
#1197=ORIENTED_EDGE('',*,*,#2683,.F.);
#1198=ORIENTED_EDGE('',*,*,#2684,.T.);
#1199=ORIENTED_EDGE('',*,*,#2685,.T.);
#1200=ORIENTED_EDGE('',*,*,#2673,.F.);
#1201=ORIENTED_EDGE('',*,*,#2686,.T.);
#1202=ORIENTED_EDGE('',*,*,#2682,.F.);
#1203=ORIENTED_EDGE('',*,*,#2687,.T.);
#1204=ORIENTED_EDGE('',*,*,#2688,.F.);
#1205=ORIENTED_EDGE('',*,*,#2689,.T.);
#1206=ORIENTED_EDGE('',*,*,#2684,.F.);
#1207=ORIENTED_EDGE('',*,*,#2690,.T.);
#1208=ORIENTED_EDGE('',*,*,#2691,.T.);
#1209=ORIENTED_EDGE('',*,*,#2692,.F.);
#1210=ORIENTED_EDGE('',*,*,#2693,.T.);
#1211=ORIENTED_EDGE('',*,*,#2694,.F.);
#1212=ORIENTED_EDGE('',*,*,#2695,.F.);
#1213=ORIENTED_EDGE('',*,*,#2669,.T.);
#1214=ORIENTED_EDGE('',*,*,#2678,.T.);
#1215=ORIENTED_EDGE('',*,*,#2683,.T.);
#1216=ORIENTED_EDGE('',*,*,#2692,.T.);
#1217=ORIENTED_EDGE('',*,*,#2696,.T.);
#1218=ORIENTED_EDGE('',*,*,#2697,.T.);
#1219=ORIENTED_EDGE('',*,*,#2671,.F.);
#1220=ORIENTED_EDGE('',*,*,#2698,.F.);
#1221=ORIENTED_EDGE('',*,*,#2699,.T.);
#1222=ORIENTED_EDGE('',*,*,#2680,.F.);
#1223=ORIENTED_EDGE('',*,*,#2700,.F.);
#1224=ORIENTED_EDGE('',*,*,#2690,.F.);
#1225=ORIENTED_EDGE('',*,*,#2686,.F.);
#1226=ORIENTED_EDGE('',*,*,#2701,.T.);
#1227=ORIENTED_EDGE('',*,*,#2699,.F.);
#1228=ORIENTED_EDGE('',*,*,#2702,.F.);
#1229=ORIENTED_EDGE('',*,*,#2694,.T.);
#1230=ORIENTED_EDGE('',*,*,#2695,.T.);
#1231=ORIENTED_EDGE('',*,*,#2702,.T.);
#1232=ORIENTED_EDGE('',*,*,#2698,.T.);
#1233=ORIENTED_EDGE('',*,*,#2670,.T.);
#1234=ORIENTED_EDGE('',*,*,#2693,.F.);
#1235=ORIENTED_EDGE('',*,*,#2668,.F.);
#1236=ORIENTED_EDGE('',*,*,#2697,.F.);
#1237=ORIENTED_EDGE('',*,*,#2701,.F.);
#1238=ORIENTED_EDGE('',*,*,#2700,.T.);
#1239=ORIENTED_EDGE('',*,*,#2679,.T.);
#1240=ORIENTED_EDGE('',*,*,#2696,.F.);
#1241=ORIENTED_EDGE('',*,*,#2691,.F.);
#1242=ORIENTED_EDGE('',*,*,#2675,.T.);
#1243=ORIENTED_EDGE('',*,*,#2703,.F.);
#1244=ORIENTED_EDGE('',*,*,#2703,.T.);
#1245=ORIENTED_EDGE('',*,*,#2674,.F.);
#1246=ORIENTED_EDGE('',*,*,#2685,.F.);
#1247=ORIENTED_EDGE('',*,*,#2689,.F.);
#1248=ORIENTED_EDGE('',*,*,#2704,.T.);
#1249=ORIENTED_EDGE('',*,*,#2687,.F.);
#1250=ORIENTED_EDGE('',*,*,#2681,.F.);
#1251=ORIENTED_EDGE('',*,*,#2676,.F.);
#1252=ORIENTED_EDGE('',*,*,#2672,.F.);
#1253=ORIENTED_EDGE('',*,*,#2688,.T.);
#1254=ORIENTED_EDGE('',*,*,#2704,.F.);
#1255=ORIENTED_EDGE('',*,*,#2705,.F.);
#1256=ORIENTED_EDGE('',*,*,#2706,.T.);
#1257=ORIENTED_EDGE('',*,*,#2707,.F.);
#1258=ORIENTED_EDGE('',*,*,#2708,.T.);
#1259=ORIENTED_EDGE('',*,*,#2709,.F.);
#1260=ORIENTED_EDGE('',*,*,#2710,.T.);
#1261=ORIENTED_EDGE('',*,*,#2708,.F.);
#1262=ORIENTED_EDGE('',*,*,#2711,.F.);
#1263=ORIENTED_EDGE('',*,*,#2712,.T.);
#1264=ORIENTED_EDGE('',*,*,#2713,.F.);
#1265=ORIENTED_EDGE('',*,*,#2712,.F.);
#1266=ORIENTED_EDGE('',*,*,#2714,.F.);
#1267=ORIENTED_EDGE('',*,*,#2715,.T.);
#1268=ORIENTED_EDGE('',*,*,#2716,.F.);
#1269=ORIENTED_EDGE('',*,*,#2715,.F.);
#1270=ORIENTED_EDGE('',*,*,#2717,.F.);
#1271=ORIENTED_EDGE('',*,*,#2718,.T.);
#1272=ORIENTED_EDGE('',*,*,#2719,.F.);
#1273=ORIENTED_EDGE('',*,*,#2720,.F.);
#1274=ORIENTED_EDGE('',*,*,#2721,.T.);
#1275=ORIENTED_EDGE('',*,*,#2722,.T.);
#1276=ORIENTED_EDGE('',*,*,#2723,.T.);
#1277=ORIENTED_EDGE('',*,*,#2724,.F.);
#1278=ORIENTED_EDGE('',*,*,#2725,.F.);
#1279=ORIENTED_EDGE('',*,*,#2726,.F.);
#1280=ORIENTED_EDGE('',*,*,#2725,.T.);
#1281=ORIENTED_EDGE('',*,*,#2727,.F.);
#1282=ORIENTED_EDGE('',*,*,#2728,.F.);
#1283=ORIENTED_EDGE('',*,*,#2729,.F.);
#1284=ORIENTED_EDGE('',*,*,#2728,.T.);
#1285=ORIENTED_EDGE('',*,*,#2730,.F.);
#1286=ORIENTED_EDGE('',*,*,#2731,.F.);
#1287=ORIENTED_EDGE('',*,*,#2732,.F.);
#1288=ORIENTED_EDGE('',*,*,#2731,.T.);
#1289=ORIENTED_EDGE('',*,*,#2733,.F.);
#1290=ORIENTED_EDGE('',*,*,#2734,.F.);
#1291=ORIENTED_EDGE('',*,*,#2735,.T.);
#1292=ORIENTED_EDGE('',*,*,#2736,.F.);
#1293=ORIENTED_EDGE('',*,*,#2737,.F.);
#1294=ORIENTED_EDGE('',*,*,#2738,.F.);
#1295=ORIENTED_EDGE('',*,*,#2739,.F.);
#1296=ORIENTED_EDGE('',*,*,#2740,.T.);
#1297=ORIENTED_EDGE('',*,*,#2741,.T.);
#1298=ORIENTED_EDGE('',*,*,#2742,.T.);
#1299=ORIENTED_EDGE('',*,*,#2743,.T.);
#1300=ORIENTED_EDGE('',*,*,#2744,.F.);
#1301=ORIENTED_EDGE('',*,*,#2745,.T.);
#1302=ORIENTED_EDGE('',*,*,#2746,.F.);
#1303=ORIENTED_EDGE('',*,*,#2745,.F.);
#1304=ORIENTED_EDGE('',*,*,#2747,.F.);
#1305=ORIENTED_EDGE('',*,*,#2748,.T.);
#1306=ORIENTED_EDGE('',*,*,#2749,.F.);
#1307=ORIENTED_EDGE('',*,*,#2748,.F.);
#1308=ORIENTED_EDGE('',*,*,#2750,.F.);
#1309=ORIENTED_EDGE('',*,*,#2751,.T.);
#1310=ORIENTED_EDGE('',*,*,#2752,.F.);
#1311=ORIENTED_EDGE('',*,*,#2751,.F.);
#1312=ORIENTED_EDGE('',*,*,#2753,.F.);
#1313=ORIENTED_EDGE('',*,*,#2754,.T.);
#1314=ORIENTED_EDGE('',*,*,#2755,.T.);
#1315=ORIENTED_EDGE('',*,*,#2756,.T.);
#1316=ORIENTED_EDGE('',*,*,#2757,.F.);
#1317=ORIENTED_EDGE('',*,*,#2758,.F.);
#1318=ORIENTED_EDGE('',*,*,#2759,.F.);
#1319=ORIENTED_EDGE('',*,*,#2760,.F.);
#1320=ORIENTED_EDGE('',*,*,#2761,.F.);
#1321=ORIENTED_EDGE('',*,*,#2762,.F.);
#1322=ORIENTED_EDGE('',*,*,#2761,.T.);
#1323=ORIENTED_EDGE('',*,*,#2763,.F.);
#1324=ORIENTED_EDGE('',*,*,#2764,.F.);
#1325=ORIENTED_EDGE('',*,*,#2765,.F.);
#1326=ORIENTED_EDGE('',*,*,#2764,.T.);
#1327=ORIENTED_EDGE('',*,*,#2766,.F.);
#1328=ORIENTED_EDGE('',*,*,#2767,.F.);
#1329=ORIENTED_EDGE('',*,*,#2768,.F.);
#1330=ORIENTED_EDGE('',*,*,#2767,.T.);
#1331=ORIENTED_EDGE('',*,*,#2769,.F.);
#1332=ORIENTED_EDGE('',*,*,#2770,.T.);
#1333=ORIENTED_EDGE('',*,*,#2771,.F.);
#1334=ORIENTED_EDGE('',*,*,#2772,.T.);
#1335=ORIENTED_EDGE('',*,*,#2773,.T.);
#1336=ORIENTED_EDGE('',*,*,#2774,.T.);
#1337=ORIENTED_EDGE('',*,*,#2775,.T.);
#1338=ORIENTED_EDGE('',*,*,#2776,.F.);
#1339=ORIENTED_EDGE('',*,*,#2777,.T.);
#1340=ORIENTED_EDGE('',*,*,#2778,.T.);
#1341=ORIENTED_EDGE('',*,*,#2779,.F.);
#1342=ORIENTED_EDGE('',*,*,#2780,.F.);
#1343=ORIENTED_EDGE('',*,*,#2781,.F.);
#1344=ORIENTED_EDGE('',*,*,#2782,.F.);
#1345=ORIENTED_EDGE('',*,*,#2783,.T.);
#1346=ORIENTED_EDGE('',*,*,#2784,.T.);
#1347=ORIENTED_EDGE('',*,*,#2785,.F.);
#1348=ORIENTED_EDGE('',*,*,#2786,.F.);
#1349=ORIENTED_EDGE('',*,*,#2787,.F.);
#1350=ORIENTED_EDGE('',*,*,#2788,.F.);
#1351=ORIENTED_EDGE('',*,*,#2789,.T.);
#1352=ORIENTED_EDGE('',*,*,#2790,.F.);
#1353=ORIENTED_EDGE('',*,*,#2791,.F.);
#1354=ORIENTED_EDGE('',*,*,#2792,.T.);
#1355=ORIENTED_EDGE('',*,*,#2793,.F.);
#1356=ORIENTED_EDGE('',*,*,#2794,.T.);
#1357=ORIENTED_EDGE('',*,*,#2795,.F.);
#1358=ORIENTED_EDGE('',*,*,#2796,.F.);
#1359=ORIENTED_EDGE('',*,*,#2797,.T.);
#1360=ORIENTED_EDGE('',*,*,#2798,.T.);
#1361=ORIENTED_EDGE('',*,*,#2799,.F.);
#1362=ORIENTED_EDGE('',*,*,#2800,.F.);
#1363=ORIENTED_EDGE('',*,*,#2788,.T.);
#1364=ORIENTED_EDGE('',*,*,#2801,.T.);
#1365=ORIENTED_EDGE('',*,*,#2779,.T.);
#1366=ORIENTED_EDGE('',*,*,#2802,.T.);
#1367=ORIENTED_EDGE('',*,*,#2803,.F.);
#1368=ORIENTED_EDGE('',*,*,#2790,.T.);
#1369=ORIENTED_EDGE('',*,*,#2804,.T.);
#1370=ORIENTED_EDGE('',*,*,#2805,.F.);
#1371=ORIENTED_EDGE('',*,*,#2806,.F.);
#1372=ORIENTED_EDGE('',*,*,#2807,.T.);
#1373=ORIENTED_EDGE('',*,*,#2808,.T.);
#1374=ORIENTED_EDGE('',*,*,#2809,.T.);
#1375=ORIENTED_EDGE('',*,*,#2810,.T.);
#1376=ORIENTED_EDGE('',*,*,#2811,.T.);
#1377=ORIENTED_EDGE('',*,*,#2812,.T.);
#1378=ORIENTED_EDGE('',*,*,#2813,.T.);
#1379=ORIENTED_EDGE('',*,*,#2814,.T.);
#1380=ORIENTED_EDGE('',*,*,#2815,.T.);
#1381=ORIENTED_EDGE('',*,*,#2816,.T.);
#1382=ORIENTED_EDGE('',*,*,#2817,.T.);
#1383=ORIENTED_EDGE('',*,*,#2777,.F.);
#1384=ORIENTED_EDGE('',*,*,#2818,.F.);
#1385=ORIENTED_EDGE('',*,*,#2819,.F.);
#1386=ORIENTED_EDGE('',*,*,#2820,.F.);
#1387=ORIENTED_EDGE('',*,*,#2821,.F.);
#1388=ORIENTED_EDGE('',*,*,#2822,.F.);
#1389=ORIENTED_EDGE('',*,*,#2823,.F.);
#1390=ORIENTED_EDGE('',*,*,#2824,.F.);
#1391=ORIENTED_EDGE('',*,*,#2825,.F.);
#1392=ORIENTED_EDGE('',*,*,#2826,.F.);
#1393=ORIENTED_EDGE('',*,*,#2827,.T.);
#1394=ORIENTED_EDGE('',*,*,#2828,.T.);
#1395=ORIENTED_EDGE('',*,*,#2829,.F.);
#1396=ORIENTED_EDGE('',*,*,#2830,.T.);
#1397=ORIENTED_EDGE('',*,*,#2831,.F.);
#1398=ORIENTED_EDGE('',*,*,#2832,.T.);
#1399=ORIENTED_EDGE('',*,*,#2833,.T.);
#1400=ORIENTED_EDGE('',*,*,#2834,.T.);
#1401=ORIENTED_EDGE('',*,*,#2835,.T.);
#1402=ORIENTED_EDGE('',*,*,#2836,.T.);
#1403=ORIENTED_EDGE('',*,*,#2837,.T.);
#1404=ORIENTED_EDGE('',*,*,#2838,.T.);
#1405=ORIENTED_EDGE('',*,*,#2839,.T.);
#1406=ORIENTED_EDGE('',*,*,#2840,.T.);
#1407=ORIENTED_EDGE('',*,*,#2841,.T.);
#1408=ORIENTED_EDGE('',*,*,#2842,.F.);
#1409=ORIENTED_EDGE('',*,*,#2843,.F.);
#1410=ORIENTED_EDGE('',*,*,#2844,.T.);
#1411=ORIENTED_EDGE('',*,*,#2845,.F.);
#1412=ORIENTED_EDGE('',*,*,#2846,.F.);
#1413=ORIENTED_EDGE('',*,*,#2847,.F.);
#1414=ORIENTED_EDGE('',*,*,#2848,.F.);
#1415=ORIENTED_EDGE('',*,*,#2849,.F.);
#1416=ORIENTED_EDGE('',*,*,#2850,.F.);
#1417=ORIENTED_EDGE('',*,*,#2851,.F.);
#1418=ORIENTED_EDGE('',*,*,#2852,.F.);
#1419=ORIENTED_EDGE('',*,*,#2820,.T.);
#1420=ORIENTED_EDGE('',*,*,#2853,.T.);
#1421=ORIENTED_EDGE('',*,*,#2840,.F.);
#1422=ORIENTED_EDGE('',*,*,#2854,.T.);
#1423=ORIENTED_EDGE('',*,*,#2855,.T.);
#1424=ORIENTED_EDGE('',*,*,#2856,.T.);
#1425=ORIENTED_EDGE('',*,*,#2857,.F.);
#1426=ORIENTED_EDGE('',*,*,#2858,.T.);
#1427=ORIENTED_EDGE('',*,*,#2808,.F.);
#1428=ORIENTED_EDGE('',*,*,#2859,.T.);
#1429=ORIENTED_EDGE('',*,*,#2855,.F.);
#1430=ORIENTED_EDGE('',*,*,#2860,.T.);
#1431=ORIENTED_EDGE('',*,*,#2831,.T.);
#1432=ORIENTED_EDGE('',*,*,#2861,.T.);
#1433=ORIENTED_EDGE('',*,*,#2809,.F.);
#1434=ORIENTED_EDGE('',*,*,#2861,.F.);
#1435=ORIENTED_EDGE('',*,*,#2852,.T.);
#1436=ORIENTED_EDGE('',*,*,#2862,.T.);
#1437=ORIENTED_EDGE('',*,*,#2810,.F.);
#1438=ORIENTED_EDGE('',*,*,#2862,.F.);
#1439=ORIENTED_EDGE('',*,*,#2851,.T.);
#1440=ORIENTED_EDGE('',*,*,#2863,.T.);
#1441=ORIENTED_EDGE('',*,*,#2811,.F.);
#1442=ORIENTED_EDGE('',*,*,#2863,.F.);
#1443=ORIENTED_EDGE('',*,*,#2850,.T.);
#1444=ORIENTED_EDGE('',*,*,#2864,.T.);
#1445=ORIENTED_EDGE('',*,*,#2812,.F.);
#1446=ORIENTED_EDGE('',*,*,#2864,.F.);
#1447=ORIENTED_EDGE('',*,*,#2849,.T.);
#1448=ORIENTED_EDGE('',*,*,#2865,.T.);
#1449=ORIENTED_EDGE('',*,*,#2813,.F.);
#1450=ORIENTED_EDGE('',*,*,#2865,.F.);
#1451=ORIENTED_EDGE('',*,*,#2848,.T.);
#1452=ORIENTED_EDGE('',*,*,#2866,.T.);
#1453=ORIENTED_EDGE('',*,*,#2814,.F.);
#1454=ORIENTED_EDGE('',*,*,#2866,.F.);
#1455=ORIENTED_EDGE('',*,*,#2847,.T.);
#1456=ORIENTED_EDGE('',*,*,#2867,.T.);
#1457=ORIENTED_EDGE('',*,*,#2868,.F.);
#1458=ORIENTED_EDGE('',*,*,#2815,.F.);
#1459=ORIENTED_EDGE('',*,*,#2867,.F.);
#1460=ORIENTED_EDGE('',*,*,#2846,.T.);
#1461=ORIENTED_EDGE('',*,*,#2857,.T.);
#1462=ORIENTED_EDGE('',*,*,#2869,.T.);
#1463=ORIENTED_EDGE('',*,*,#2806,.T.);
#1464=ORIENTED_EDGE('',*,*,#2870,.F.);
#1465=ORIENTED_EDGE('',*,*,#2833,.F.);
#1466=ORIENTED_EDGE('',*,*,#2871,.T.);
#1467=ORIENTED_EDGE('',*,*,#2826,.T.);
#1468=ORIENTED_EDGE('',*,*,#2872,.F.);
#1469=ORIENTED_EDGE('',*,*,#2834,.F.);
#1470=ORIENTED_EDGE('',*,*,#2870,.T.);
#1471=ORIENTED_EDGE('',*,*,#2825,.T.);
#1472=ORIENTED_EDGE('',*,*,#2873,.F.);
#1473=ORIENTED_EDGE('',*,*,#2835,.F.);
#1474=ORIENTED_EDGE('',*,*,#2872,.T.);
#1475=ORIENTED_EDGE('',*,*,#2824,.T.);
#1476=ORIENTED_EDGE('',*,*,#2874,.F.);
#1477=ORIENTED_EDGE('',*,*,#2836,.F.);
#1478=ORIENTED_EDGE('',*,*,#2873,.T.);
#1479=ORIENTED_EDGE('',*,*,#2823,.T.);
#1480=ORIENTED_EDGE('',*,*,#2875,.F.);
#1481=ORIENTED_EDGE('',*,*,#2837,.F.);
#1482=ORIENTED_EDGE('',*,*,#2874,.T.);
#1483=ORIENTED_EDGE('',*,*,#2822,.T.);
#1484=ORIENTED_EDGE('',*,*,#2876,.F.);
#1485=ORIENTED_EDGE('',*,*,#2838,.F.);
#1486=ORIENTED_EDGE('',*,*,#2875,.T.);
#1487=ORIENTED_EDGE('',*,*,#2821,.T.);
#1488=ORIENTED_EDGE('',*,*,#2854,.F.);
#1489=ORIENTED_EDGE('',*,*,#2839,.F.);
#1490=ORIENTED_EDGE('',*,*,#2876,.T.);
#1491=ORIENTED_EDGE('',*,*,#2818,.T.);
#1492=ORIENTED_EDGE('',*,*,#2877,.F.);
#1493=ORIENTED_EDGE('',*,*,#2803,.T.);
#1494=ORIENTED_EDGE('',*,*,#2878,.T.);
#1495=ORIENTED_EDGE('',*,*,#2829,.T.);
#1496=ORIENTED_EDGE('',*,*,#2879,.F.);
#1497=ORIENTED_EDGE('',*,*,#2880,.F.);
#1498=ORIENTED_EDGE('',*,*,#2881,.F.);
#1499=ORIENTED_EDGE('',*,*,#2842,.T.);
#1500=ORIENTED_EDGE('',*,*,#2882,.T.);
#1501=ORIENTED_EDGE('',*,*,#2844,.F.);
#1502=ORIENTED_EDGE('',*,*,#2883,.T.);
#1503=ORIENTED_EDGE('',*,*,#2884,.T.);
#1504=ORIENTED_EDGE('',*,*,#2885,.T.);
#1505=ORIENTED_EDGE('',*,*,#2827,.F.);
#1506=ORIENTED_EDGE('',*,*,#2886,.F.);
#1507=ORIENTED_EDGE('',*,*,#2804,.F.);
#1508=ORIENTED_EDGE('',*,*,#2887,.T.);
#1509=ORIENTED_EDGE('',*,*,#2817,.F.);
#1510=ORIENTED_EDGE('',*,*,#2888,.F.);
#1511=ORIENTED_EDGE('',*,*,#2886,.T.);
#1512=ORIENTED_EDGE('',*,*,#2830,.F.);
#1513=ORIENTED_EDGE('',*,*,#2878,.F.);
#1514=ORIENTED_EDGE('',*,*,#2805,.T.);
#1515=ORIENTED_EDGE('',*,*,#2853,.F.);
#1516=ORIENTED_EDGE('',*,*,#2819,.T.);
#1517=ORIENTED_EDGE('',*,*,#2882,.F.);
#1518=ORIENTED_EDGE('',*,*,#2841,.F.);
#1519=ORIENTED_EDGE('',*,*,#2868,.T.);
#1520=ORIENTED_EDGE('',*,*,#2845,.T.);
#1521=ORIENTED_EDGE('',*,*,#2888,.T.);
#1522=ORIENTED_EDGE('',*,*,#2816,.F.);
#1523=ORIENTED_EDGE('',*,*,#2879,.T.);
#1524=ORIENTED_EDGE('',*,*,#2828,.F.);
#1525=ORIENTED_EDGE('',*,*,#2885,.F.);
#1526=ORIENTED_EDGE('',*,*,#2889,.T.);
#1527=ORIENTED_EDGE('',*,*,#2880,.T.);
#1528=ORIENTED_EDGE('',*,*,#2889,.F.);
#1529=ORIENTED_EDGE('',*,*,#2884,.F.);
#1530=ORIENTED_EDGE('',*,*,#2890,.T.);
#1531=ORIENTED_EDGE('',*,*,#2881,.T.);
#1532=ORIENTED_EDGE('',*,*,#2890,.F.);
#1533=ORIENTED_EDGE('',*,*,#2883,.F.);
#1534=ORIENTED_EDGE('',*,*,#2843,.T.);
#1535=ORIENTED_EDGE('',*,*,#2891,.F.);
#1536=ORIENTED_EDGE('',*,*,#2792,.F.);
#1537=ORIENTED_EDGE('',*,*,#2892,.F.);
#1538=ORIENTED_EDGE('',*,*,#2775,.F.);
#1539=ORIENTED_EDGE('',*,*,#2789,.F.);
#1540=ORIENTED_EDGE('',*,*,#2802,.F.);
#1541=ORIENTED_EDGE('',*,*,#2778,.F.);
#1542=ORIENTED_EDGE('',*,*,#2887,.F.);
#1543=ORIENTED_EDGE('',*,*,#2791,.T.);
#1544=ORIENTED_EDGE('',*,*,#2877,.T.);
#1545=ORIENTED_EDGE('',*,*,#2776,.T.);
#1546=ORIENTED_EDGE('',*,*,#2892,.T.);
#1547=ORIENTED_EDGE('',*,*,#2796,.T.);
#1548=ORIENTED_EDGE('',*,*,#2759,.T.);
#1549=ORIENTED_EDGE('',*,*,#2781,.T.);
#1550=ORIENTED_EDGE('',*,*,#2893,.T.);
#1551=ORIENTED_EDGE('',*,*,#2786,.T.);
#1552=ORIENTED_EDGE('',*,*,#2734,.T.);
#1553=ORIENTED_EDGE('',*,*,#2738,.T.);
#1554=ORIENTED_EDGE('',*,*,#2894,.T.);
#1555=ORIENTED_EDGE('',*,*,#2895,.F.);
#1556=ORIENTED_EDGE('',*,*,#2773,.F.);
#1557=ORIENTED_EDGE('',*,*,#2743,.F.);
#1558=ORIENTED_EDGE('',*,*,#2794,.F.);
#1559=ORIENTED_EDGE('',*,*,#2896,.F.);
#1560=ORIENTED_EDGE('',*,*,#2740,.F.);
#1561=ORIENTED_EDGE('',*,*,#2718,.F.);
#1562=ORIENTED_EDGE('',*,*,#2784,.F.);
#1563=ORIENTED_EDGE('',*,*,#2801,.F.);
#1564=ORIENTED_EDGE('',*,*,#2787,.T.);
#1565=ORIENTED_EDGE('',*,*,#2893,.F.);
#1566=ORIENTED_EDGE('',*,*,#2780,.T.);
#1567=ORIENTED_EDGE('',*,*,#2891,.T.);
#1568=ORIENTED_EDGE('',*,*,#2774,.F.);
#1569=ORIENTED_EDGE('',*,*,#2895,.T.);
#1570=ORIENTED_EDGE('',*,*,#2783,.F.);
#1571=ORIENTED_EDGE('',*,*,#2735,.F.);
#1572=ORIENTED_EDGE('',*,*,#2897,.F.);
#1573=ORIENTED_EDGE('',*,*,#2799,.T.);
#1574=ORIENTED_EDGE('',*,*,#2898,.T.);
#1575=ORIENTED_EDGE('',*,*,#2737,.T.);
#1576=ORIENTED_EDGE('',*,*,#2899,.F.);
#1577=ORIENTED_EDGE('',*,*,#2797,.F.);
#1578=ORIENTED_EDGE('',*,*,#2894,.F.);
#1579=ORIENTED_EDGE('',*,*,#2736,.T.);
#1580=ORIENTED_EDGE('',*,*,#2898,.F.);
#1581=ORIENTED_EDGE('',*,*,#2798,.F.);
#1582=ORIENTED_EDGE('',*,*,#2899,.T.);
#1583=ORIENTED_EDGE('',*,*,#2741,.F.);
#1584=ORIENTED_EDGE('',*,*,#2896,.T.);
#1585=ORIENTED_EDGE('',*,*,#2793,.T.);
#1586=ORIENTED_EDGE('',*,*,#2900,.T.);
#1587=ORIENTED_EDGE('',*,*,#2742,.F.);
#1588=ORIENTED_EDGE('',*,*,#2900,.F.);
#1589=ORIENTED_EDGE('',*,*,#2800,.T.);
#1590=ORIENTED_EDGE('',*,*,#2897,.T.);
#1591=ORIENTED_EDGE('',*,*,#2901,.F.);
#1592=ORIENTED_EDGE('',*,*,#2902,.T.);
#1593=ORIENTED_EDGE('',*,*,#2903,.T.);
#1594=ORIENTED_EDGE('',*,*,#2904,.T.);
#1595=ORIENTED_EDGE('',*,*,#2905,.T.);
#1596=ORIENTED_EDGE('',*,*,#2906,.F.);
#1597=ORIENTED_EDGE('',*,*,#2907,.F.);
#1598=ORIENTED_EDGE('',*,*,#2908,.T.);
#1599=ORIENTED_EDGE('',*,*,#2909,.T.);
#1600=ORIENTED_EDGE('',*,*,#2910,.T.);
#1601=ORIENTED_EDGE('',*,*,#2911,.F.);
#1602=ORIENTED_EDGE('',*,*,#2912,.T.);
#1603=ORIENTED_EDGE('',*,*,#2913,.T.);
#1604=ORIENTED_EDGE('',*,*,#2914,.T.);
#1605=ORIENTED_EDGE('',*,*,#2915,.T.);
#1606=ORIENTED_EDGE('',*,*,#2916,.F.);
#1607=ORIENTED_EDGE('',*,*,#2917,.T.);
#1608=ORIENTED_EDGE('',*,*,#2918,.T.);
#1609=ORIENTED_EDGE('',*,*,#2901,.T.);
#1610=ORIENTED_EDGE('',*,*,#2919,.T.);
#1611=ORIENTED_EDGE('',*,*,#2913,.F.);
#1612=ORIENTED_EDGE('',*,*,#2920,.T.);
#1613=ORIENTED_EDGE('',*,*,#2921,.T.);
#1614=ORIENTED_EDGE('',*,*,#2755,.F.);
#1615=ORIENTED_EDGE('',*,*,#2906,.T.);
#1616=ORIENTED_EDGE('',*,*,#2922,.T.);
#1617=ORIENTED_EDGE('',*,*,#2907,.T.);
#1618=ORIENTED_EDGE('',*,*,#2923,.T.);
#1619=ORIENTED_EDGE('',*,*,#2914,.F.);
#1620=ORIENTED_EDGE('',*,*,#2919,.F.);
#1621=ORIENTED_EDGE('',*,*,#2903,.F.);
#1622=ORIENTED_EDGE('',*,*,#2924,.T.);
#1623=ORIENTED_EDGE('',*,*,#2925,.T.);
#1624=ORIENTED_EDGE('',*,*,#2771,.T.);
#1625=ORIENTED_EDGE('',*,*,#2926,.T.);
#1626=ORIENTED_EDGE('',*,*,#2927,.T.);
#1627=ORIENTED_EDGE('',*,*,#2911,.T.);
#1628=ORIENTED_EDGE('',*,*,#2928,.F.);
#1629=ORIENTED_EDGE('',*,*,#2909,.F.);
#1630=ORIENTED_EDGE('',*,*,#2929,.T.);
#1631=ORIENTED_EDGE('',*,*,#2904,.F.);
#1632=ORIENTED_EDGE('',*,*,#2928,.T.);
#1633=ORIENTED_EDGE('',*,*,#2916,.T.);
#1634=ORIENTED_EDGE('',*,*,#2930,.T.);
#1635=ORIENTED_EDGE('',*,*,#2757,.T.);
#1636=ORIENTED_EDGE('',*,*,#2931,.T.);
#1637=ORIENTED_EDGE('',*,*,#2769,.T.);
#1638=ORIENTED_EDGE('',*,*,#2766,.T.);
#1639=ORIENTED_EDGE('',*,*,#2763,.T.);
#1640=ORIENTED_EDGE('',*,*,#2760,.T.);
#1641=ORIENTED_EDGE('',*,*,#2795,.T.);
#1642=ORIENTED_EDGE('',*,*,#2746,.T.);
#1643=ORIENTED_EDGE('',*,*,#2749,.T.);
#1644=ORIENTED_EDGE('',*,*,#2752,.T.);
#1645=ORIENTED_EDGE('',*,*,#2768,.T.);
#1646=ORIENTED_EDGE('',*,*,#2932,.T.);
#1647=ORIENTED_EDGE('',*,*,#2753,.T.);
#1648=ORIENTED_EDGE('',*,*,#2750,.T.);
#1649=ORIENTED_EDGE('',*,*,#2747,.T.);
#1650=ORIENTED_EDGE('',*,*,#2744,.T.);
#1651=ORIENTED_EDGE('',*,*,#2782,.T.);
#1652=ORIENTED_EDGE('',*,*,#2758,.T.);
#1653=ORIENTED_EDGE('',*,*,#2762,.T.);
#1654=ORIENTED_EDGE('',*,*,#2765,.T.);
#1655=ORIENTED_EDGE('',*,*,#2925,.F.);
#1656=ORIENTED_EDGE('',*,*,#2933,.T.);
#1657=ORIENTED_EDGE('',*,*,#2917,.F.);
#1658=ORIENTED_EDGE('',*,*,#2754,.F.);
#1659=ORIENTED_EDGE('',*,*,#2932,.F.);
#1660=ORIENTED_EDGE('',*,*,#2772,.F.);
#1661=ORIENTED_EDGE('',*,*,#2921,.F.);
#1662=ORIENTED_EDGE('',*,*,#2934,.T.);
#1663=ORIENTED_EDGE('',*,*,#2926,.F.);
#1664=ORIENTED_EDGE('',*,*,#2770,.F.);
#1665=ORIENTED_EDGE('',*,*,#2931,.F.);
#1666=ORIENTED_EDGE('',*,*,#2756,.F.);
#1667=ORIENTED_EDGE('',*,*,#2924,.F.);
#1668=ORIENTED_EDGE('',*,*,#2902,.F.);
#1669=ORIENTED_EDGE('',*,*,#2918,.F.);
#1670=ORIENTED_EDGE('',*,*,#2933,.F.);
#1671=ORIENTED_EDGE('',*,*,#2920,.F.);
#1672=ORIENTED_EDGE('',*,*,#2912,.F.);
#1673=ORIENTED_EDGE('',*,*,#2927,.F.);
#1674=ORIENTED_EDGE('',*,*,#2934,.F.);
#1675=ORIENTED_EDGE('',*,*,#2929,.F.);
#1676=ORIENTED_EDGE('',*,*,#2908,.F.);
#1677=ORIENTED_EDGE('',*,*,#2922,.F.);
#1678=ORIENTED_EDGE('',*,*,#2905,.F.);
#1679=ORIENTED_EDGE('',*,*,#2930,.F.);
#1680=ORIENTED_EDGE('',*,*,#2915,.F.);
#1681=ORIENTED_EDGE('',*,*,#2923,.F.);
#1682=ORIENTED_EDGE('',*,*,#2910,.F.);
#1683=ORIENTED_EDGE('',*,*,#2935,.T.);
#1684=ORIENTED_EDGE('',*,*,#2936,.T.);
#1685=ORIENTED_EDGE('',*,*,#2937,.F.);
#1686=ORIENTED_EDGE('',*,*,#2938,.F.);
#1687=ORIENTED_EDGE('',*,*,#2939,.T.);
#1688=ORIENTED_EDGE('',*,*,#2940,.T.);
#1689=ORIENTED_EDGE('',*,*,#2941,.T.);
#1690=ORIENTED_EDGE('',*,*,#2942,.T.);
#1691=ORIENTED_EDGE('',*,*,#2943,.F.);
#1692=ORIENTED_EDGE('',*,*,#2944,.F.);
#1693=ORIENTED_EDGE('',*,*,#2945,.T.);
#1694=ORIENTED_EDGE('',*,*,#2946,.T.);
#1695=ORIENTED_EDGE('',*,*,#2947,.F.);
#1696=ORIENTED_EDGE('',*,*,#2948,.T.);
#1697=ORIENTED_EDGE('',*,*,#2949,.T.);
#1698=ORIENTED_EDGE('',*,*,#2950,.T.);
#1699=ORIENTED_EDGE('',*,*,#2949,.F.);
#1700=ORIENTED_EDGE('',*,*,#2951,.T.);
#1701=ORIENTED_EDGE('',*,*,#2938,.T.);
#1702=ORIENTED_EDGE('',*,*,#2952,.T.);
#1703=ORIENTED_EDGE('',*,*,#2946,.F.);
#1704=ORIENTED_EDGE('',*,*,#2953,.T.);
#1705=ORIENTED_EDGE('',*,*,#2937,.T.);
#1706=ORIENTED_EDGE('',*,*,#2954,.T.);
#1707=ORIENTED_EDGE('',*,*,#2955,.T.);
#1708=ORIENTED_EDGE('',*,*,#2705,.T.);
#1709=ORIENTED_EDGE('',*,*,#2956,.T.);
#1710=ORIENTED_EDGE('',*,*,#2957,.T.);
#1711=ORIENTED_EDGE('',*,*,#2941,.F.);
#1712=ORIENTED_EDGE('',*,*,#2952,.F.);
#1713=ORIENTED_EDGE('',*,*,#2940,.F.);
#1714=ORIENTED_EDGE('',*,*,#2958,.T.);
#1715=ORIENTED_EDGE('',*,*,#2947,.T.);
#1716=ORIENTED_EDGE('',*,*,#2959,.T.);
#1717=ORIENTED_EDGE('',*,*,#2944,.T.);
#1718=ORIENTED_EDGE('',*,*,#2960,.F.);
#1719=ORIENTED_EDGE('',*,*,#2961,.T.);
#1720=ORIENTED_EDGE('',*,*,#2962,.T.);
#1721=ORIENTED_EDGE('',*,*,#2935,.F.);
#1722=ORIENTED_EDGE('',*,*,#2960,.T.);
#1723=ORIENTED_EDGE('',*,*,#2943,.T.);
#1724=ORIENTED_EDGE('',*,*,#2963,.T.);
#1725=ORIENTED_EDGE('',*,*,#2964,.T.);
#1726=ORIENTED_EDGE('',*,*,#2722,.F.);
#1727=ORIENTED_EDGE('',*,*,#2724,.T.);
#1728=ORIENTED_EDGE('',*,*,#2965,.T.);
#1729=ORIENTED_EDGE('',*,*,#2709,.T.);
#1730=ORIENTED_EDGE('',*,*,#2713,.T.);
#1731=ORIENTED_EDGE('',*,*,#2716,.T.);
#1732=ORIENTED_EDGE('',*,*,#2719,.T.);
#1733=ORIENTED_EDGE('',*,*,#2739,.T.);
#1734=ORIENTED_EDGE('',*,*,#2733,.T.);
#1735=ORIENTED_EDGE('',*,*,#2730,.T.);
#1736=ORIENTED_EDGE('',*,*,#2727,.T.);
#1737=ORIENTED_EDGE('',*,*,#2707,.T.);
#1738=ORIENTED_EDGE('',*,*,#2966,.T.);
#1739=ORIENTED_EDGE('',*,*,#2720,.T.);
#1740=ORIENTED_EDGE('',*,*,#2726,.T.);
#1741=ORIENTED_EDGE('',*,*,#2729,.T.);
#1742=ORIENTED_EDGE('',*,*,#2732,.T.);
#1743=ORIENTED_EDGE('',*,*,#2785,.T.);
#1744=ORIENTED_EDGE('',*,*,#2717,.T.);
#1745=ORIENTED_EDGE('',*,*,#2714,.T.);
#1746=ORIENTED_EDGE('',*,*,#2711,.T.);
#1747=ORIENTED_EDGE('',*,*,#2955,.F.);
#1748=ORIENTED_EDGE('',*,*,#2967,.T.);
#1749=ORIENTED_EDGE('',*,*,#2961,.F.);
#1750=ORIENTED_EDGE('',*,*,#2721,.F.);
#1751=ORIENTED_EDGE('',*,*,#2966,.F.);
#1752=ORIENTED_EDGE('',*,*,#2706,.F.);
#1753=ORIENTED_EDGE('',*,*,#2964,.F.);
#1754=ORIENTED_EDGE('',*,*,#2968,.T.);
#1755=ORIENTED_EDGE('',*,*,#2956,.F.);
#1756=ORIENTED_EDGE('',*,*,#2710,.F.);
#1757=ORIENTED_EDGE('',*,*,#2965,.F.);
#1758=ORIENTED_EDGE('',*,*,#2723,.F.);
#1759=ORIENTED_EDGE('',*,*,#2954,.F.);
#1760=ORIENTED_EDGE('',*,*,#2936,.F.);
#1761=ORIENTED_EDGE('',*,*,#2962,.F.);
#1762=ORIENTED_EDGE('',*,*,#2967,.F.);
#1763=ORIENTED_EDGE('',*,*,#2963,.F.);
#1764=ORIENTED_EDGE('',*,*,#2942,.F.);
#1765=ORIENTED_EDGE('',*,*,#2957,.F.);
#1766=ORIENTED_EDGE('',*,*,#2968,.F.);
#1767=ORIENTED_EDGE('',*,*,#2958,.F.);
#1768=ORIENTED_EDGE('',*,*,#2939,.F.);
#1769=ORIENTED_EDGE('',*,*,#2951,.F.);
#1770=ORIENTED_EDGE('',*,*,#2948,.F.);
#1771=ORIENTED_EDGE('',*,*,#2959,.F.);
#1772=ORIENTED_EDGE('',*,*,#2950,.F.);
#1773=ORIENTED_EDGE('',*,*,#2953,.F.);
#1774=ORIENTED_EDGE('',*,*,#2945,.F.);
#1775=ORIENTED_EDGE('',*,*,#2869,.F.);
#1776=ORIENTED_EDGE('',*,*,#2856,.F.);
#1777=ORIENTED_EDGE('',*,*,#2859,.F.);
#1778=ORIENTED_EDGE('',*,*,#2807,.F.);
#1779=ORIENTED_EDGE('',*,*,#2871,.F.);
#1780=ORIENTED_EDGE('',*,*,#2832,.F.);
#1781=ORIENTED_EDGE('',*,*,#2860,.F.);
#1782=ORIENTED_EDGE('',*,*,#2858,.F.);
#1783=ORIENTED_EDGE('',*,*,#2969,.T.);
#1784=ORIENTED_EDGE('',*,*,#2970,.F.);
#1785=ORIENTED_EDGE('',*,*,#2971,.T.);
#1786=ORIENTED_EDGE('',*,*,#2972,.T.);
#1787=ORIENTED_EDGE('',*,*,#2973,.T.);
#1788=ORIENTED_EDGE('',*,*,#2974,.F.);
#1789=ORIENTED_EDGE('',*,*,#2975,.T.);
#1790=ORIENTED_EDGE('',*,*,#2976,.T.);
#1791=ORIENTED_EDGE('',*,*,#2977,.T.);
#1792=ORIENTED_EDGE('',*,*,#2978,.T.);
#1793=ORIENTED_EDGE('',*,*,#2979,.T.);
#1794=ORIENTED_EDGE('',*,*,#2980,.T.);
#1795=ORIENTED_EDGE('',*,*,#2981,.T.);
#1796=ORIENTED_EDGE('',*,*,#2972,.F.);
#1797=ORIENTED_EDGE('',*,*,#2982,.T.);
#1798=ORIENTED_EDGE('',*,*,#2979,.F.);
#1799=ORIENTED_EDGE('',*,*,#2983,.T.);
#1800=ORIENTED_EDGE('',*,*,#2981,.F.);
#1801=ORIENTED_EDGE('',*,*,#2984,.T.);
#1802=ORIENTED_EDGE('',*,*,#2976,.F.);
#1803=ORIENTED_EDGE('',*,*,#2985,.T.);
#1804=ORIENTED_EDGE('',*,*,#2986,.T.);
#1805=ORIENTED_EDGE('',*,*,#2987,.F.);
#1806=ORIENTED_EDGE('',*,*,#2988,.T.);
#1807=ORIENTED_EDGE('',*,*,#2987,.T.);
#1808=ORIENTED_EDGE('',*,*,#2969,.F.);
#1809=ORIENTED_EDGE('',*,*,#2988,.F.);
#1810=ORIENTED_EDGE('',*,*,#2989,.T.);
#1811=ORIENTED_EDGE('',*,*,#2973,.F.);
#1812=ORIENTED_EDGE('',*,*,#2983,.F.);
#1813=ORIENTED_EDGE('',*,*,#2978,.F.);
#1814=ORIENTED_EDGE('',*,*,#2982,.F.);
#1815=ORIENTED_EDGE('',*,*,#2971,.F.);
#1816=ORIENTED_EDGE('',*,*,#2984,.F.);
#1817=ORIENTED_EDGE('',*,*,#2980,.F.);
#1818=ORIENTED_EDGE('',*,*,#2985,.F.);
#1819=ORIENTED_EDGE('',*,*,#2975,.F.);
#1820=ORIENTED_EDGE('',*,*,#2990,.T.);
#1821=ORIENTED_EDGE('',*,*,#2977,.F.);
#1822=ORIENTED_EDGE('',*,*,#2970,.T.);
#1823=ORIENTED_EDGE('',*,*,#2990,.F.);
#1824=ORIENTED_EDGE('',*,*,#2974,.T.);
#1825=ORIENTED_EDGE('',*,*,#2989,.F.);
#1826=ORIENTED_EDGE('',*,*,#2991,.F.);
#1827=ORIENTED_EDGE('',*,*,#2992,.T.);
#1828=ORIENTED_EDGE('',*,*,#2993,.T.);
#1829=ORIENTED_EDGE('',*,*,#2991,.T.);
#1830=ORIENTED_EDGE('',*,*,#2992,.F.);
#1831=ORIENTED_EDGE('',*,*,#2993,.F.);
#1832=ORIENTED_EDGE('',*,*,#2986,.F.);
#1833=ORIENTED_EDGE('',*,*,#2994,.F.);
#1834=ORIENTED_EDGE('',*,*,#2995,.F.);
#1835=ORIENTED_EDGE('',*,*,#2996,.F.);
#1836=ORIENTED_EDGE('',*,*,#2997,.F.);
#1837=ORIENTED_EDGE('',*,*,#2998,.T.);
#1838=ORIENTED_EDGE('',*,*,#2999,.F.);
#1839=ORIENTED_EDGE('',*,*,#3000,.T.);
#1840=ORIENTED_EDGE('',*,*,#3001,.T.);
#1841=ORIENTED_EDGE('',*,*,#3002,.F.);
#1842=ORIENTED_EDGE('',*,*,#3003,.F.);
#1843=ORIENTED_EDGE('',*,*,#3004,.F.);
#1844=ORIENTED_EDGE('',*,*,#3005,.F.);
#1845=ORIENTED_EDGE('',*,*,#3006,.F.);
#1846=ORIENTED_EDGE('',*,*,#3007,.F.);
#1847=ORIENTED_EDGE('',*,*,#3008,.F.);
#1848=ORIENTED_EDGE('',*,*,#3009,.F.);
#1849=ORIENTED_EDGE('',*,*,#3010,.F.);
#1850=ORIENTED_EDGE('',*,*,#3011,.F.);
#1851=ORIENTED_EDGE('',*,*,#3012,.F.);
#1852=ORIENTED_EDGE('',*,*,#3013,.F.);
#1853=ORIENTED_EDGE('',*,*,#3014,.F.);
#1854=ORIENTED_EDGE('',*,*,#3015,.F.);
#1855=ORIENTED_EDGE('',*,*,#3016,.T.);
#1856=ORIENTED_EDGE('',*,*,#3017,.T.);
#1857=ORIENTED_EDGE('',*,*,#3018,.F.);
#1858=ORIENTED_EDGE('',*,*,#3019,.F.);
#1859=ORIENTED_EDGE('',*,*,#3020,.F.);
#1860=ORIENTED_EDGE('',*,*,#3021,.F.);
#1861=ORIENTED_EDGE('',*,*,#3022,.T.);
#1862=ORIENTED_EDGE('',*,*,#3023,.T.);
#1863=ORIENTED_EDGE('',*,*,#3024,.T.);
#1864=ORIENTED_EDGE('',*,*,#3025,.T.);
#1865=ORIENTED_EDGE('',*,*,#3026,.F.);
#1866=ORIENTED_EDGE('',*,*,#3027,.T.);
#1867=ORIENTED_EDGE('',*,*,#3028,.F.);
#1868=ORIENTED_EDGE('',*,*,#3029,.F.);
#1869=ORIENTED_EDGE('',*,*,#3030,.F.);
#1870=ORIENTED_EDGE('',*,*,#3031,.F.);
#1871=ORIENTED_EDGE('',*,*,#3032,.F.);
#1872=ORIENTED_EDGE('',*,*,#3033,.T.);
#1873=ORIENTED_EDGE('',*,*,#3034,.T.);
#1874=ORIENTED_EDGE('',*,*,#3035,.F.);
#1875=ORIENTED_EDGE('',*,*,#3036,.F.);
#1876=ORIENTED_EDGE('',*,*,#3037,.F.);
#1877=ORIENTED_EDGE('',*,*,#3032,.T.);
#1878=ORIENTED_EDGE('',*,*,#3038,.T.);
#1879=ORIENTED_EDGE('',*,*,#3039,.F.);
#1880=ORIENTED_EDGE('',*,*,#3040,.T.);
#1881=ORIENTED_EDGE('',*,*,#3041,.F.);
#1882=ORIENTED_EDGE('',*,*,#3042,.F.);
#1883=ORIENTED_EDGE('',*,*,#3036,.T.);
#1884=ORIENTED_EDGE('',*,*,#3043,.F.);
#1885=ORIENTED_EDGE('',*,*,#3044,.F.);
#1886=ORIENTED_EDGE('',*,*,#3045,.F.);
#1887=ORIENTED_EDGE('',*,*,#3046,.T.);
#1888=ORIENTED_EDGE('',*,*,#3047,.T.);
#1889=ORIENTED_EDGE('',*,*,#3048,.T.);
#1890=ORIENTED_EDGE('',*,*,#3049,.T.);
#1891=ORIENTED_EDGE('',*,*,#3050,.F.);
#1892=ORIENTED_EDGE('',*,*,#3051,.F.);
#1893=ORIENTED_EDGE('',*,*,#3052,.T.);
#1894=ORIENTED_EDGE('',*,*,#3053,.T.);
#1895=ORIENTED_EDGE('',*,*,#3054,.F.);
#1896=ORIENTED_EDGE('',*,*,#3055,.F.);
#1897=ORIENTED_EDGE('',*,*,#3056,.T.);
#1898=ORIENTED_EDGE('',*,*,#3057,.T.);
#1899=ORIENTED_EDGE('',*,*,#3058,.T.);
#1900=ORIENTED_EDGE('',*,*,#3059,.F.);
#1901=ORIENTED_EDGE('',*,*,#3060,.T.);
#1902=ORIENTED_EDGE('',*,*,#3061,.T.);
#1903=ORIENTED_EDGE('',*,*,#3062,.F.);
#1904=ORIENTED_EDGE('',*,*,#3003,.T.);
#1905=ORIENTED_EDGE('',*,*,#3063,.F.);
#1906=ORIENTED_EDGE('',*,*,#3017,.F.);
#1907=ORIENTED_EDGE('',*,*,#3064,.T.);
#1908=ORIENTED_EDGE('',*,*,#2999,.T.);
#1909=ORIENTED_EDGE('',*,*,#3065,.T.);
#1910=ORIENTED_EDGE('',*,*,#3039,.T.);
#1911=ORIENTED_EDGE('',*,*,#3066,.T.);
#1912=ORIENTED_EDGE('',*,*,#3067,.T.);
#1913=ORIENTED_EDGE('',*,*,#3068,.T.);
#1914=ORIENTED_EDGE('',*,*,#3041,.T.);
#1915=ORIENTED_EDGE('',*,*,#3069,.F.);
#1916=ORIENTED_EDGE('',*,*,#3070,.F.);
#1917=ORIENTED_EDGE('',*,*,#3071,.T.);
#1918=ORIENTED_EDGE('',*,*,#3072,.T.);
#1919=ORIENTED_EDGE('',*,*,#3073,.F.);
#1920=ORIENTED_EDGE('',*,*,#3074,.F.);
#1921=ORIENTED_EDGE('',*,*,#3075,.F.);
#1922=ORIENTED_EDGE('',*,*,#3076,.F.);
#1923=ORIENTED_EDGE('',*,*,#3077,.T.);
#1924=ORIENTED_EDGE('',*,*,#3078,.T.);
#1925=ORIENTED_EDGE('',*,*,#3079,.F.);
#1926=ORIENTED_EDGE('',*,*,#3080,.F.);
#1927=ORIENTED_EDGE('',*,*,#3081,.T.);
#1928=ORIENTED_EDGE('',*,*,#3082,.T.);
#1929=ORIENTED_EDGE('',*,*,#3083,.F.);
#1930=ORIENTED_EDGE('',*,*,#3001,.F.);
#1931=ORIENTED_EDGE('',*,*,#3084,.T.);
#1932=ORIENTED_EDGE('',*,*,#3085,.T.);
#1933=ORIENTED_EDGE('',*,*,#3086,.F.);
#1934=ORIENTED_EDGE('',*,*,#3025,.F.);
#1935=ORIENTED_EDGE('',*,*,#3087,.T.);
#1936=ORIENTED_EDGE('',*,*,#3029,.T.);
#1937=ORIENTED_EDGE('',*,*,#3088,.T.);
#1938=ORIENTED_EDGE('',*,*,#3089,.T.);
#1939=ORIENTED_EDGE('',*,*,#3090,.T.);
#1940=ORIENTED_EDGE('',*,*,#3045,.T.);
#1941=ORIENTED_EDGE('',*,*,#3091,.F.);
#1942=ORIENTED_EDGE('',*,*,#3092,.T.);
#1943=ORIENTED_EDGE('',*,*,#3093,.F.);
#1944=ORIENTED_EDGE('',*,*,#3047,.F.);
#1945=ORIENTED_EDGE('',*,*,#3094,.T.);
#1946=ORIENTED_EDGE('',*,*,#3095,.F.);
#1947=ORIENTED_EDGE('',*,*,#3096,.F.);
#1948=ORIENTED_EDGE('',*,*,#3097,.F.);
#1949=ORIENTED_EDGE('',*,*,#3098,.T.);
#1950=ORIENTED_EDGE('',*,*,#3099,.F.);
#1951=ORIENTED_EDGE('',*,*,#3100,.F.);
#1952=ORIENTED_EDGE('',*,*,#3101,.T.);
#1953=ORIENTED_EDGE('',*,*,#3059,.T.);
#1954=ORIENTED_EDGE('',*,*,#3102,.F.);
#1955=ORIENTED_EDGE('',*,*,#3094,.F.);
#1956=ORIENTED_EDGE('',*,*,#3103,.T.);
#1957=ORIENTED_EDGE('',*,*,#3098,.F.);
#1958=ORIENTED_EDGE('',*,*,#3104,.T.);
#1959=ORIENTED_EDGE('',*,*,#3055,.T.);
#1960=ORIENTED_EDGE('',*,*,#3105,.F.);
#1961=ORIENTED_EDGE('',*,*,#3106,.F.);
#1962=ORIENTED_EDGE('',*,*,#3085,.F.);
#1963=ORIENTED_EDGE('',*,*,#3107,.T.);
#1964=ORIENTED_EDGE('',*,*,#3015,.T.);
#1965=ORIENTED_EDGE('',*,*,#3107,.F.);
#1966=ORIENTED_EDGE('',*,*,#3084,.F.);
#1967=ORIENTED_EDGE('',*,*,#3000,.F.);
#1968=ORIENTED_EDGE('',*,*,#3064,.F.);
#1969=ORIENTED_EDGE('',*,*,#3016,.F.);
#1970=ORIENTED_EDGE('',*,*,#3106,.T.);
#1971=ORIENTED_EDGE('',*,*,#3014,.T.);
#1972=ORIENTED_EDGE('',*,*,#3063,.T.);
#1973=ORIENTED_EDGE('',*,*,#3002,.T.);
#1974=ORIENTED_EDGE('',*,*,#3083,.T.);
#1975=ORIENTED_EDGE('',*,*,#3108,.F.);
#1976=ORIENTED_EDGE('',*,*,#3061,.F.);
#1977=ORIENTED_EDGE('',*,*,#3109,.T.);
#1978=ORIENTED_EDGE('',*,*,#3110,.T.);
#1979=ORIENTED_EDGE('',*,*,#3111,.F.);
#1980=ORIENTED_EDGE('',*,*,#3110,.F.);
#1981=ORIENTED_EDGE('',*,*,#3112,.T.);
#1982=ORIENTED_EDGE('',*,*,#3113,.T.);
#1983=ORIENTED_EDGE('',*,*,#3114,.F.);
#1984=ORIENTED_EDGE('',*,*,#3113,.F.);
#1985=ORIENTED_EDGE('',*,*,#3115,.T.);
#1986=ORIENTED_EDGE('',*,*,#3005,.T.);
#1987=ORIENTED_EDGE('',*,*,#3060,.F.);
#1988=ORIENTED_EDGE('',*,*,#2998,.F.);
#1989=ORIENTED_EDGE('',*,*,#3115,.F.);
#1990=ORIENTED_EDGE('',*,*,#3112,.F.);
#1991=ORIENTED_EDGE('',*,*,#3109,.F.);
#1992=ORIENTED_EDGE('',*,*,#3062,.T.);
#1993=ORIENTED_EDGE('',*,*,#3108,.T.);
#1994=ORIENTED_EDGE('',*,*,#3111,.T.);
#1995=ORIENTED_EDGE('',*,*,#3114,.T.);
#1996=ORIENTED_EDGE('',*,*,#3004,.T.);
#1997=ORIENTED_EDGE('',*,*,#3116,.F.);
#1998=ORIENTED_EDGE('',*,*,#3117,.F.);
#1999=ORIENTED_EDGE('',*,*,#3118,.T.);
#2000=ORIENTED_EDGE('',*,*,#3100,.T.);
#2001=ORIENTED_EDGE('',*,*,#3119,.F.);
#2002=ORIENTED_EDGE('',*,*,#3053,.F.);
#2003=ORIENTED_EDGE('',*,*,#3120,.T.);
#2004=ORIENTED_EDGE('',*,*,#3117,.T.);
#2005=ORIENTED_EDGE('',*,*,#3118,.F.);
#2006=ORIENTED_EDGE('',*,*,#3120,.F.);
#2007=ORIENTED_EDGE('',*,*,#3052,.F.);
#2008=ORIENTED_EDGE('',*,*,#3103,.F.);
#2009=ORIENTED_EDGE('',*,*,#3101,.F.);
#2010=ORIENTED_EDGE('',*,*,#3116,.T.);
#2011=ORIENTED_EDGE('',*,*,#3099,.T.);
#2012=ORIENTED_EDGE('',*,*,#3105,.T.);
#2013=ORIENTED_EDGE('',*,*,#3054,.T.);
#2014=ORIENTED_EDGE('',*,*,#3119,.T.);
#2015=ORIENTED_EDGE('',*,*,#3121,.F.);
#2016=ORIENTED_EDGE('',*,*,#3122,.F.);
#2017=ORIENTED_EDGE('',*,*,#3123,.T.);
#2018=ORIENTED_EDGE('',*,*,#3051,.T.);
#2019=ORIENTED_EDGE('',*,*,#3124,.F.);
#2020=ORIENTED_EDGE('',*,*,#3049,.F.);
#2021=ORIENTED_EDGE('',*,*,#3125,.T.);
#2022=ORIENTED_EDGE('',*,*,#3126,.T.);
#2023=ORIENTED_EDGE('',*,*,#3127,.F.);
#2024=ORIENTED_EDGE('',*,*,#3126,.F.);
#2025=ORIENTED_EDGE('',*,*,#3128,.T.);
#2026=ORIENTED_EDGE('',*,*,#3122,.T.);
#2027=ORIENTED_EDGE('',*,*,#3123,.F.);
#2028=ORIENTED_EDGE('',*,*,#3128,.F.);
#2029=ORIENTED_EDGE('',*,*,#3125,.F.);
#2030=ORIENTED_EDGE('',*,*,#3048,.F.);
#2031=ORIENTED_EDGE('',*,*,#3121,.T.);
#2032=ORIENTED_EDGE('',*,*,#3050,.T.);
#2033=ORIENTED_EDGE('',*,*,#3124,.T.);
#2034=ORIENTED_EDGE('',*,*,#3127,.T.);
#2035=ORIENTED_EDGE('',*,*,#3093,.T.);
#2036=ORIENTED_EDGE('',*,*,#3129,.F.);
#2037=ORIENTED_EDGE('',*,*,#3088,.F.);
#2038=ORIENTED_EDGE('',*,*,#3044,.T.);
#2039=ORIENTED_EDGE('',*,*,#3130,.T.);
#2040=ORIENTED_EDGE('',*,*,#3081,.F.);
#2041=ORIENTED_EDGE('',*,*,#3131,.F.);
#2042=ORIENTED_EDGE('',*,*,#3129,.T.);
#2043=ORIENTED_EDGE('',*,*,#3132,.T.);
#2044=ORIENTED_EDGE('',*,*,#3133,.F.);
#2045=ORIENTED_EDGE('',*,*,#3134,.F.);
#2046=ORIENTED_EDGE('',*,*,#3079,.T.);
#2047=ORIENTED_EDGE('',*,*,#3091,.T.);
#2048=ORIENTED_EDGE('',*,*,#3046,.F.);
#2049=ORIENTED_EDGE('',*,*,#3090,.F.);
#2050=ORIENTED_EDGE('',*,*,#3133,.T.);
#2051=ORIENTED_EDGE('',*,*,#3089,.F.);
#2052=ORIENTED_EDGE('',*,*,#3131,.T.);
#2053=ORIENTED_EDGE('',*,*,#3080,.T.);
#2054=ORIENTED_EDGE('',*,*,#3134,.T.);
#2055=ORIENTED_EDGE('',*,*,#3092,.F.);
#2056=ORIENTED_EDGE('',*,*,#3132,.F.);
#2057=ORIENTED_EDGE('',*,*,#3082,.F.);
#2058=ORIENTED_EDGE('',*,*,#3130,.F.);
#2059=ORIENTED_EDGE('',*,*,#3135,.F.);
#2060=ORIENTED_EDGE('',*,*,#3095,.T.);
#2061=ORIENTED_EDGE('',*,*,#3102,.T.);
#2062=ORIENTED_EDGE('',*,*,#3058,.F.);
#2063=ORIENTED_EDGE('',*,*,#3136,.F.);
#2064=ORIENTED_EDGE('',*,*,#3096,.T.);
#2065=ORIENTED_EDGE('',*,*,#3135,.T.);
#2066=ORIENTED_EDGE('',*,*,#3057,.F.);
#2067=ORIENTED_EDGE('',*,*,#3104,.F.);
#2068=ORIENTED_EDGE('',*,*,#3097,.T.);
#2069=ORIENTED_EDGE('',*,*,#3136,.T.);
#2070=ORIENTED_EDGE('',*,*,#3056,.F.);
#2071=ORIENTED_EDGE('',*,*,#3011,.T.);
#2072=ORIENTED_EDGE('',*,*,#3137,.T.);
#2073=ORIENTED_EDGE('',*,*,#3138,.F.);
#2074=ORIENTED_EDGE('',*,*,#3139,.T.);
#2075=ORIENTED_EDGE('',*,*,#3140,.F.);
#2076=ORIENTED_EDGE('',*,*,#3141,.T.);
#2077=ORIENTED_EDGE('',*,*,#3013,.T.);
#2078=ORIENTED_EDGE('',*,*,#3142,.F.);
#2079=ORIENTED_EDGE('',*,*,#3012,.T.);
#2080=ORIENTED_EDGE('',*,*,#3139,.F.);
#2081=ORIENTED_EDGE('',*,*,#3143,.F.);
#2082=ORIENTED_EDGE('',*,*,#3142,.T.);
#2083=ORIENTED_EDGE('',*,*,#3138,.T.);
#2084=ORIENTED_EDGE('',*,*,#3144,.T.);
#2085=ORIENTED_EDGE('',*,*,#3140,.T.);
#2086=ORIENTED_EDGE('',*,*,#3143,.T.);
#2087=ORIENTED_EDGE('',*,*,#3145,.F.);
#2088=ORIENTED_EDGE('',*,*,#3146,.T.);
#2089=ORIENTED_EDGE('',*,*,#2995,.T.);
#2090=ORIENTED_EDGE('',*,*,#3147,.F.);
#2091=ORIENTED_EDGE('',*,*,#2994,.T.);
#2092=ORIENTED_EDGE('',*,*,#3148,.F.);
#2093=ORIENTED_EDGE('',*,*,#3149,.F.);
#2094=ORIENTED_EDGE('',*,*,#3147,.T.);
#2095=ORIENTED_EDGE('',*,*,#2997,.T.);
#2096=ORIENTED_EDGE('',*,*,#3150,.T.);
#2097=ORIENTED_EDGE('',*,*,#3151,.F.);
#2098=ORIENTED_EDGE('',*,*,#3148,.T.);
#2099=ORIENTED_EDGE('',*,*,#3151,.T.);
#2100=ORIENTED_EDGE('',*,*,#3152,.T.);
#2101=ORIENTED_EDGE('',*,*,#3145,.T.);
#2102=ORIENTED_EDGE('',*,*,#3149,.T.);
#2103=ORIENTED_EDGE('',*,*,#3150,.F.);
#2104=ORIENTED_EDGE('',*,*,#2996,.T.);
#2105=ORIENTED_EDGE('',*,*,#3146,.F.);
#2106=ORIENTED_EDGE('',*,*,#3152,.F.);
#2107=ORIENTED_EDGE('',*,*,#3137,.F.);
#2108=ORIENTED_EDGE('',*,*,#3010,.T.);
#2109=ORIENTED_EDGE('',*,*,#3141,.F.);
#2110=ORIENTED_EDGE('',*,*,#3144,.F.);
#2111=ORIENTED_EDGE('',*,*,#3153,.F.);
#2112=ORIENTED_EDGE('',*,*,#3034,.F.);
#2113=ORIENTED_EDGE('',*,*,#3154,.T.);
#2114=ORIENTED_EDGE('',*,*,#3155,.T.);
#2115=ORIENTED_EDGE('',*,*,#3156,.F.);
#2116=ORIENTED_EDGE('',*,*,#3155,.F.);
#2117=ORIENTED_EDGE('',*,*,#3157,.T.);
#2118=ORIENTED_EDGE('',*,*,#3070,.T.);
#2119=ORIENTED_EDGE('',*,*,#3033,.F.);
#2120=ORIENTED_EDGE('',*,*,#3040,.F.);
#2121=ORIENTED_EDGE('',*,*,#3065,.F.);
#2122=ORIENTED_EDGE('',*,*,#3157,.F.);
#2123=ORIENTED_EDGE('',*,*,#3154,.F.);
#2124=ORIENTED_EDGE('',*,*,#3035,.T.);
#2125=ORIENTED_EDGE('',*,*,#3153,.T.);
#2126=ORIENTED_EDGE('',*,*,#3156,.T.);
#2127=ORIENTED_EDGE('',*,*,#3069,.T.);
#2128=ORIENTED_EDGE('',*,*,#3043,.T.);
#2129=ORIENTED_EDGE('',*,*,#3158,.F.);
#2130=ORIENTED_EDGE('',*,*,#3072,.F.);
#2131=ORIENTED_EDGE('',*,*,#3159,.T.);
#2132=ORIENTED_EDGE('',*,*,#3160,.T.);
#2133=ORIENTED_EDGE('',*,*,#3161,.F.);
#2134=ORIENTED_EDGE('',*,*,#3160,.F.);
#2135=ORIENTED_EDGE('',*,*,#3162,.T.);
#2136=ORIENTED_EDGE('',*,*,#3163,.T.);
#2137=ORIENTED_EDGE('',*,*,#3164,.F.);
#2138=ORIENTED_EDGE('',*,*,#3163,.F.);
#2139=ORIENTED_EDGE('',*,*,#3165,.T.);
#2140=ORIENTED_EDGE('',*,*,#3074,.T.);
#2141=ORIENTED_EDGE('',*,*,#3071,.F.);
#2142=ORIENTED_EDGE('',*,*,#3165,.F.);
#2143=ORIENTED_EDGE('',*,*,#3162,.F.);
#2144=ORIENTED_EDGE('',*,*,#3159,.F.);
#2145=ORIENTED_EDGE('',*,*,#3073,.T.);
#2146=ORIENTED_EDGE('',*,*,#3158,.T.);
#2147=ORIENTED_EDGE('',*,*,#3161,.T.);
#2148=ORIENTED_EDGE('',*,*,#3164,.T.);
#2149=ORIENTED_EDGE('',*,*,#3166,.T.);
#2150=ORIENTED_EDGE('',*,*,#3077,.F.);
#2151=ORIENTED_EDGE('',*,*,#3167,.F.);
#2152=ORIENTED_EDGE('',*,*,#3168,.T.);
#2153=ORIENTED_EDGE('',*,*,#3169,.T.);
#2154=ORIENTED_EDGE('',*,*,#3170,.F.);
#2155=ORIENTED_EDGE('',*,*,#3171,.F.);
#2156=ORIENTED_EDGE('',*,*,#3075,.T.);
#2157=ORIENTED_EDGE('',*,*,#3026,.T.);
#2158=ORIENTED_EDGE('',*,*,#3087,.F.);
#2159=ORIENTED_EDGE('',*,*,#3024,.F.);
#2160=ORIENTED_EDGE('',*,*,#3170,.T.);
#2161=ORIENTED_EDGE('',*,*,#3028,.T.);
#2162=ORIENTED_EDGE('',*,*,#3168,.F.);
#2163=ORIENTED_EDGE('',*,*,#3022,.F.);
#2164=ORIENTED_EDGE('',*,*,#3086,.T.);
#2165=ORIENTED_EDGE('',*,*,#3023,.F.);
#2166=ORIENTED_EDGE('',*,*,#3167,.T.);
#2167=ORIENTED_EDGE('',*,*,#3076,.T.);
#2168=ORIENTED_EDGE('',*,*,#3171,.T.);
#2169=ORIENTED_EDGE('',*,*,#3027,.F.);
#2170=ORIENTED_EDGE('',*,*,#3169,.F.);
#2171=ORIENTED_EDGE('',*,*,#3078,.F.);
#2172=ORIENTED_EDGE('',*,*,#3166,.F.);
#2173=ORIENTED_EDGE('',*,*,#3038,.F.);
#2174=ORIENTED_EDGE('',*,*,#3031,.T.);
#2175=ORIENTED_EDGE('',*,*,#3172,.T.);
#2176=ORIENTED_EDGE('',*,*,#3066,.F.);
#2177=ORIENTED_EDGE('',*,*,#3173,.F.);
#2178=ORIENTED_EDGE('',*,*,#3037,.T.);
#2179=ORIENTED_EDGE('',*,*,#3042,.T.);
#2180=ORIENTED_EDGE('',*,*,#3068,.F.);
#2181=ORIENTED_EDGE('',*,*,#3172,.F.);
#2182=ORIENTED_EDGE('',*,*,#3030,.T.);
#2183=ORIENTED_EDGE('',*,*,#3173,.T.);
#2184=ORIENTED_EDGE('',*,*,#3067,.F.);
#2185=ORIENTED_EDGE('',*,*,#3174,.F.);
#2186=ORIENTED_EDGE('',*,*,#3175,.T.);
#2187=ORIENTED_EDGE('',*,*,#3018,.T.);
#2188=ORIENTED_EDGE('',*,*,#3176,.F.);
#2189=ORIENTED_EDGE('',*,*,#3021,.T.);
#2190=ORIENTED_EDGE('',*,*,#3177,.F.);
#2191=ORIENTED_EDGE('',*,*,#3178,.F.);
#2192=ORIENTED_EDGE('',*,*,#3176,.T.);
#2193=ORIENTED_EDGE('',*,*,#3020,.T.);
#2194=ORIENTED_EDGE('',*,*,#3179,.T.);
#2195=ORIENTED_EDGE('',*,*,#3180,.F.);
#2196=ORIENTED_EDGE('',*,*,#3177,.T.);
#2197=ORIENTED_EDGE('',*,*,#3180,.T.);
#2198=ORIENTED_EDGE('',*,*,#3181,.T.);
#2199=ORIENTED_EDGE('',*,*,#3174,.T.);
#2200=ORIENTED_EDGE('',*,*,#3178,.T.);
#2201=ORIENTED_EDGE('',*,*,#3007,.T.);
#2202=ORIENTED_EDGE('',*,*,#3182,.F.);
#2203=ORIENTED_EDGE('',*,*,#3183,.F.);
#2204=ORIENTED_EDGE('',*,*,#3184,.T.);
#2205=ORIENTED_EDGE('',*,*,#3006,.T.);
#2206=ORIENTED_EDGE('',*,*,#3185,.T.);
#2207=ORIENTED_EDGE('',*,*,#3186,.F.);
#2208=ORIENTED_EDGE('',*,*,#3182,.T.);
#2209=ORIENTED_EDGE('',*,*,#3187,.F.);
#2210=ORIENTED_EDGE('',*,*,#3188,.T.);
#2211=ORIENTED_EDGE('',*,*,#3008,.T.);
#2212=ORIENTED_EDGE('',*,*,#3184,.F.);
#2213=ORIENTED_EDGE('',*,*,#3186,.T.);
#2214=ORIENTED_EDGE('',*,*,#3189,.T.);
#2215=ORIENTED_EDGE('',*,*,#3187,.T.);
#2216=ORIENTED_EDGE('',*,*,#3183,.T.);
#2217=ORIENTED_EDGE('',*,*,#3185,.F.);
#2218=ORIENTED_EDGE('',*,*,#3009,.T.);
#2219=ORIENTED_EDGE('',*,*,#3188,.F.);
#2220=ORIENTED_EDGE('',*,*,#3189,.F.);
#2221=ORIENTED_EDGE('',*,*,#3179,.F.);
#2222=ORIENTED_EDGE('',*,*,#3019,.T.);
#2223=ORIENTED_EDGE('',*,*,#3175,.F.);
#2224=ORIENTED_EDGE('',*,*,#3181,.F.);
#2225=EDGE_CURVE('',#3190,#3191,#3828,.T.);
#2226=EDGE_CURVE('',#3190,#3192,#3829,.T.);
#2227=EDGE_CURVE('',#3192,#3193,#3830,.T.);
#2228=EDGE_CURVE('',#3193,#3191,#3831,.T.);
#2229=EDGE_CURVE('',#3194,#3195,#3832,.T.);
#2230=EDGE_CURVE('',#3194,#3196,#3833,.F.);
#2231=EDGE_CURVE('',#3197,#3196,#3834,.T.);
#2232=EDGE_CURVE('',#3198,#3197,#3835,.F.);
#2233=EDGE_CURVE('',#3199,#3198,#3836,.T.);
#2234=EDGE_CURVE('',#3195,#3199,#3837,.T.);
#2235=EDGE_CURVE('',#3200,#3201,#3838,.T.);
#2236=EDGE_CURVE('',#3201,#3202,#3839,.T.);
#2237=EDGE_CURVE('',#3203,#3202,#3840,.T.);
#2238=EDGE_CURVE('',#3203,#3204,#3841,.T.);
#2239=EDGE_CURVE('',#3205,#3204,#3842,.T.);
#2240=EDGE_CURVE('',#3205,#3206,#3843,.T.);
#2241=EDGE_CURVE('',#3207,#3206,#3844,.T.);
#2242=EDGE_CURVE('',#3208,#3207,#3845,.T.);
#2243=EDGE_CURVE('',#3208,#3209,#3846,.T.);
#2244=EDGE_CURVE('',#3209,#3210,#3847,.T.);
#2245=EDGE_CURVE('',#3210,#3211,#3848,.T.);
#2246=EDGE_CURVE('',#3211,#3212,#3849,.T.);
#2247=EDGE_CURVE('',#3212,#3200,#3850,.F.);
#2248=EDGE_CURVE('',#3213,#3214,#3851,.T.);
#2249=EDGE_CURVE('',#3214,#3215,#3852,.T.);
#2250=EDGE_CURVE('',#3216,#3215,#3853,.T.);
#2251=EDGE_CURVE('',#3216,#3217,#3854,.F.);
#2252=EDGE_CURVE('',#3217,#3218,#3855,.T.);
#2253=EDGE_CURVE('',#3219,#3218,#3856,.T.);
#2254=EDGE_CURVE('',#3219,#3220,#3857,.T.);
#2255=EDGE_CURVE('',#3221,#3220,#3858,.T.);
#2256=EDGE_CURVE('',#3221,#3222,#3859,.T.);
#2257=EDGE_CURVE('',#3222,#3223,#3860,.T.);
#2258=EDGE_CURVE('',#3223,#3224,#3861,.T.);
#2259=EDGE_CURVE('',#3224,#3225,#3862,.T.);
#2260=EDGE_CURVE('',#3225,#3213,#3863,.T.);
#2261=EDGE_CURVE('',#3201,#3226,#3864,.T.);
#2262=EDGE_CURVE('',#3227,#3226,#3865,.T.);
#2263=EDGE_CURVE('',#3227,#3228,#3866,.T.);
#2264=EDGE_CURVE('',#3228,#3229,#3867,.T.);
#2265=EDGE_CURVE('',#3202,#3229,#3868,.T.);
#2266=EDGE_CURVE('',#3227,#3230,#3869,.T.);
#2267=EDGE_CURVE('',#3231,#3226,#3870,.T.);
#2268=EDGE_CURVE('',#3231,#3230,#3871,.T.);
#2269=EDGE_CURVE('',#3232,#3214,#3872,.T.);
#2270=EDGE_CURVE('',#3232,#3233,#3873,.T.);
#2271=EDGE_CURVE('',#3233,#3230,#3874,.T.);
#2272=EDGE_CURVE('',#3215,#3231,#3875,.T.);
#2273=EDGE_CURVE('',#3234,#3229,#86,.T.);
#2274=EDGE_CURVE('',#3234,#3235,#3876,.F.);
#2275=EDGE_CURVE('',#3236,#3235,#87,.T.);
#2276=EDGE_CURVE('',#3236,#3237,#3877,.T.);
#2277=EDGE_CURVE('',#3237,#3202,#88,.T.);
#2278=EDGE_CURVE('',#3238,#3238,#89,.T.);
#2279=EDGE_CURVE('',#3239,#3239,#90,.T.);
#2280=EDGE_CURVE('',#3240,#3241,#3878,.T.);
#2281=EDGE_CURVE('',#3241,#3242,#3879,.T.);
#2282=EDGE_CURVE('',#3243,#3242,#3880,.T.);
#2283=EDGE_CURVE('',#3243,#3240,#3881,.T.);
#2284=EDGE_CURVE('',#3244,#3245,#3882,.T.);
#2285=EDGE_CURVE('',#3245,#3246,#3883,.T.);
#2286=EDGE_CURVE('',#3246,#3247,#3884,.T.);
#2287=EDGE_CURVE('',#3247,#3244,#3885,.T.);
#2288=EDGE_CURVE('',#3248,#3249,#3886,.T.);
#2289=EDGE_CURVE('',#3249,#3250,#3887,.T.);
#2290=EDGE_CURVE('',#3250,#3251,#3888,.T.);
#2291=EDGE_CURVE('',#3251,#3248,#3889,.T.);
#2292=EDGE_CURVE('',#3252,#3253,#3890,.T.);
#2293=EDGE_CURVE('',#3253,#3254,#3891,.T.);
#2294=EDGE_CURVE('',#3255,#3254,#3892,.T.);
#2295=EDGE_CURVE('',#3255,#3252,#3893,.T.);
#2296=EDGE_CURVE('',#3256,#3257,#3894,.T.);
#2297=EDGE_CURVE('',#3257,#3258,#3895,.T.);
#2298=EDGE_CURVE('',#3258,#3259,#3896,.T.);
#2299=EDGE_CURVE('',#3259,#3256,#3897,.T.);
#2300=EDGE_CURVE('',#3260,#3261,#3898,.T.);
#2301=EDGE_CURVE('',#3261,#3262,#3899,.T.);
#2302=EDGE_CURVE('',#3262,#3263,#3900,.T.);
#2303=EDGE_CURVE('',#3263,#3260,#3901,.T.);
#2304=EDGE_CURVE('',#3235,#3264,#3902,.T.);
#2305=EDGE_CURVE('',#3264,#3265,#3903,.T.);
#2306=EDGE_CURVE('',#3265,#3266,#91,.T.);
#2307=EDGE_CURVE('',#3266,#3267,#3904,.T.);
#2308=EDGE_CURVE('',#3268,#3267,#3905,.T.);
#2309=EDGE_CURVE('',#3268,#3269,#3906,.T.);
#2310=EDGE_CURVE('',#3269,#3270,#3907,.T.);
#2311=EDGE_CURVE('',#3270,#3271,#3908,.T.);
#2312=EDGE_CURVE('',#3272,#3271,#3909,.T.);
#2313=EDGE_CURVE('',#3236,#3272,#3910,.T.);
#2314=EDGE_CURVE('',#3273,#3274,#3911,.T.);
#2315=EDGE_CURVE('',#3274,#3275,#3912,.T.);
#2316=EDGE_CURVE('',#3275,#3276,#3913,.T.);
#2317=EDGE_CURVE('',#3276,#3273,#3914,.T.);
#2318=EDGE_CURVE('',#3277,#3278,#3915,.T.);
#2319=EDGE_CURVE('',#3278,#3279,#3916,.T.);
#2320=EDGE_CURVE('',#3279,#3280,#3917,.T.);
#2321=EDGE_CURVE('',#3280,#3277,#3918,.T.);
#2322=EDGE_CURVE('',#3200,#3281,#3919,.T.);
#2323=EDGE_CURVE('',#3281,#3282,#3920,.T.);
#2324=EDGE_CURVE('',#3283,#3282,#3921,.T.);
#2325=EDGE_CURVE('',#3284,#3283,#3922,.T.);
#2326=EDGE_CURVE('',#3284,#3216,#3923,.T.);
#2327=EDGE_CURVE('',#3285,#3286,#3924,.T.);
#2328=EDGE_CURVE('',#3286,#3287,#3925,.T.);
#2329=EDGE_CURVE('',#3287,#3288,#3926,.T.);
#2330=EDGE_CURVE('',#3288,#3285,#3927,.T.);
#2331=EDGE_CURVE('',#3289,#3290,#3928,.T.);
#2332=EDGE_CURVE('',#3290,#3291,#3929,.T.);
#2333=EDGE_CURVE('',#3291,#3292,#3930,.T.);
#2334=EDGE_CURVE('',#3292,#3289,#3931,.T.);
#2335=EDGE_CURVE('',#3293,#3237,#3932,.T.);
#2336=EDGE_CURVE('',#3293,#3294,#3933,.T.);
#2337=EDGE_CURVE('',#3295,#3294,#3934,.T.);
#2338=EDGE_CURVE('',#3296,#3295,#3935,.T.);
#2339=EDGE_CURVE('',#3296,#3297,#3936,.T.);
#2340=EDGE_CURVE('',#3297,#3203,#3937,.T.);
#2341=EDGE_CURVE('',#3298,#3298,#92,.F.);
#2342=EDGE_CURVE('',#3299,#3299,#93,.T.);
#2343=EDGE_CURVE('',#3300,#3300,#94,.T.);
#2344=EDGE_CURVE('',#3301,#3302,#3938,.T.);
#2345=EDGE_CURVE('',#3303,#3301,#95,.T.);
#2346=EDGE_CURVE('',#3304,#3303,#3939,.T.);
#2347=EDGE_CURVE('',#3305,#3304,#96,.T.);
#2348=EDGE_CURVE('',#3302,#3305,#3940,.T.);
#2349=EDGE_CURVE('',#3306,#3306,#97,.T.);
#2350=EDGE_CURVE('',#3307,#3307,#98,.T.);
#2351=EDGE_CURVE('',#3308,#3309,#3941,.T.);
#2352=EDGE_CURVE('',#3309,#3310,#99,.T.);
#2353=EDGE_CURVE('',#3310,#3191,#3942,.T.);
#2354=EDGE_CURVE('',#3311,#3193,#3943,.T.);
#2355=EDGE_CURVE('',#3312,#3311,#3944,.T.);
#2356=EDGE_CURVE('',#3313,#3312,#3945,.T.);
#2357=EDGE_CURVE('',#3314,#3313,#3946,.T.);
#2358=EDGE_CURVE('',#3315,#3314,#3947,.T.);
#2359=EDGE_CURVE('',#3316,#3315,#3948,.T.);
#2360=EDGE_CURVE('',#3317,#3316,#3949,.T.);
#2361=EDGE_CURVE('',#3318,#3317,#3950,.T.);
#2362=EDGE_CURVE('',#3319,#3318,#3951,.T.);
#2363=EDGE_CURVE('',#3319,#3320,#3952,.T.);
#2364=EDGE_CURVE('',#3320,#3321,#3953,.T.);
#2365=EDGE_CURVE('',#3321,#3308,#100,.T.);
#2366=EDGE_CURVE('',#3322,#3323,#3954,.T.);
#2367=EDGE_CURVE('',#3323,#3324,#3955,.T.);
#2368=EDGE_CURVE('',#3324,#3325,#3956,.T.);
#2369=EDGE_CURVE('',#3325,#3326,#3957,.T.);
#2370=EDGE_CURVE('',#3326,#3327,#3958,.T.);
#2371=EDGE_CURVE('',#3327,#3322,#3959,.T.);
#2372=EDGE_CURVE('',#3328,#3314,#3960,.T.);
#2373=EDGE_CURVE('',#3328,#3194,#3961,.T.);
#2374=EDGE_CURVE('',#3195,#3315,#3962,.T.);
#2375=EDGE_CURVE('',#3329,#3329,#101,.T.);
#2376=EDGE_CURVE('',#3206,#3330,#3963,.T.);
#2377=EDGE_CURVE('',#3331,#3205,#3964,.T.);
#2378=EDGE_CURVE('',#3332,#3331,#3965,.T.);
#2379=EDGE_CURVE('',#3332,#3333,#3966,.T.);
#2380=EDGE_CURVE('',#3333,#3334,#3967,.T.);
#2381=EDGE_CURVE('',#3334,#3335,#3968,.T.);
#2382=EDGE_CURVE('',#3336,#3335,#3969,.T.);
#2383=EDGE_CURVE('',#3337,#3336,#3970,.T.);
#2384=EDGE_CURVE('',#3338,#3337,#3971,.T.);
#2385=EDGE_CURVE('',#3339,#3338,#3972,.T.);
#2386=EDGE_CURVE('',#3340,#3339,#3973,.T.);
#2387=EDGE_CURVE('',#3210,#3340,#3974,.T.);
#2388=EDGE_CURVE('',#3341,#3209,#3975,.T.);
#2389=EDGE_CURVE('',#3330,#3341,#3976,.T.);
#2390=EDGE_CURVE('',#3342,#3343,#3977,.T.);
#2391=EDGE_CURVE('',#3342,#3344,#3978,.T.);
#2392=EDGE_CURVE('',#3344,#3345,#3979,.T.);
#2393=EDGE_CURVE('',#3345,#3343,#3980,.T.);
#2394=EDGE_CURVE('',#3346,#3347,#3981,.T.);
#2395=EDGE_CURVE('',#3346,#3348,#3982,.T.);
#2396=EDGE_CURVE('',#3349,#3348,#3983,.T.);
#2397=EDGE_CURVE('',#3347,#3349,#3984,.T.);
#2398=EDGE_CURVE('',#3350,#3351,#3985,.T.);
#2399=EDGE_CURVE('',#3351,#3212,#3986,.T.);
#2400=EDGE_CURVE('',#3211,#3350,#3987,.T.);
#2401=EDGE_CURVE('',#3352,#3353,#3988,.T.);
#2402=EDGE_CURVE('',#3294,#3353,#3989,.T.);
#2403=EDGE_CURVE('',#3352,#3293,#3990,.T.);
#2404=EDGE_CURVE('',#3354,#3204,#3991,.T.);
#2405=EDGE_CURVE('',#3354,#3297,#3992,.T.);
#2406=EDGE_CURVE('',#3295,#3355,#3993,.T.);
#2407=EDGE_CURVE('',#3355,#3356,#3994,.T.);
#2408=EDGE_CURVE('',#3356,#3296,#3995,.T.);
#2409=EDGE_CURVE('',#3357,#3272,#3996,.T.);
#2410=EDGE_CURVE('',#3271,#3358,#3997,.T.);
#2411=EDGE_CURVE('',#3357,#3358,#3998,.T.);
#2412=EDGE_CURVE('',#3214,#3359,#102,.T.);
#2413=EDGE_CURVE('',#3213,#3360,#3999,.T.);
#2414=EDGE_CURVE('',#3361,#3360,#4000,.T.);
#2415=EDGE_CURVE('',#3362,#3361,#4001,.T.);
#2416=EDGE_CURVE('',#3362,#3363,#4002,.T.);
#2417=EDGE_CURVE('',#3363,#3364,#4003,.T.);
#2418=EDGE_CURVE('',#3364,#3359,#4004,.T.);
#2419=EDGE_CURVE('',#3365,#3365,#103,.F.);
#2420=EDGE_CURVE('',#3366,#3366,#104,.T.);
#2421=EDGE_CURVE('',#3367,#3367,#105,.T.);
#2422=EDGE_CURVE('',#3368,#3320,#4005,.T.);
#2423=EDGE_CURVE('',#3198,#3319,#4006,.T.);
#2424=EDGE_CURVE('',#3369,#3197,#4007,.T.);
#2425=EDGE_CURVE('',#3370,#3369,#4008,.T.);
#2426=EDGE_CURVE('',#3240,#3370,#4009,.T.);
#2427=EDGE_CURVE('',#3269,#3243,#4010,.T.);
#2428=EDGE_CURVE('',#3371,#3268,#4011,.T.);
#2429=EDGE_CURVE('',#3252,#3371,#4012,.T.);
#2430=EDGE_CURVE('',#3322,#3255,#4013,.T.);
#2431=EDGE_CURVE('',#3327,#3368,#4014,.T.);
#2432=EDGE_CURVE('',#3199,#3318,#4015,.T.);
#2433=EDGE_CURVE('',#3372,#3372,#106,.T.);
#2434=EDGE_CURVE('',#3373,#3374,#4016,.T.);
#2435=EDGE_CURVE('',#3375,#3373,#4017,.T.);
#2436=EDGE_CURVE('',#3224,#3375,#4018,.T.);
#2437=EDGE_CURVE('',#3223,#3376,#4019,.T.);
#2438=EDGE_CURVE('',#3376,#3377,#4020,.T.);
#2439=EDGE_CURVE('',#3377,#3220,#4021,.T.);
#2440=EDGE_CURVE('',#3378,#3219,#4022,.T.);
#2441=EDGE_CURVE('',#3379,#3378,#4023,.T.);
#2442=EDGE_CURVE('',#3380,#3379,#4024,.T.);
#2443=EDGE_CURVE('',#3381,#3380,#4025,.T.);
#2444=EDGE_CURVE('',#3382,#3381,#4026,.T.);
#2445=EDGE_CURVE('',#3383,#3382,#4027,.T.);
#2446=EDGE_CURVE('',#3384,#3383,#4028,.T.);
#2447=EDGE_CURVE('',#3374,#3384,#4029,.T.);
#2448=EDGE_CURVE('',#3267,#3385,#4030,.T.);
#2449=EDGE_CURVE('',#3266,#3359,#4031,.T.);
#2450=EDGE_CURVE('',#3364,#3386,#4032,.T.);
#2451=EDGE_CURVE('',#3375,#3386,#4033,.T.);
#2452=EDGE_CURVE('',#3387,#3373,#4034,.T.);
#2453=EDGE_CURVE('',#3388,#3387,#4035,.T.);
#2454=EDGE_CURVE('',#3388,#3383,#4036,.T.);
#2455=EDGE_CURVE('',#3382,#3389,#4037,.T.);
#2456=EDGE_CURVE('',#3389,#3390,#4038,.T.);
#2457=EDGE_CURVE('',#3390,#3284,#4039,.F.);
#2458=EDGE_CURVE('',#3385,#3283,#4040,.T.);
#2459=EDGE_CURVE('',#3217,#3391,#4041,.T.);
#2460=EDGE_CURVE('',#3391,#3392,#4042,.T.);
#2461=EDGE_CURVE('',#3392,#3218,#4043,.T.);
#2462=EDGE_CURVE('',#3393,#3394,#4044,.T.);
#2463=EDGE_CURVE('',#3393,#3395,#4045,.T.);
#2464=EDGE_CURVE('',#3396,#3395,#4046,.T.);
#2465=EDGE_CURVE('',#3394,#3396,#4047,.T.);
#2466=EDGE_CURVE('',#3397,#3398,#4048,.T.);
#2467=EDGE_CURVE('',#3398,#3390,#4049,.T.);
#2468=EDGE_CURVE('',#3389,#3397,#4050,.T.);
#2469=EDGE_CURVE('',#3225,#3399,#4051,.T.);
#2470=EDGE_CURVE('',#3360,#3399,#4052,.T.);
#2471=EDGE_CURVE('',#3400,#3386,#4053,.T.);
#2472=EDGE_CURVE('',#3400,#3363,#4054,.T.);
#2473=EDGE_CURVE('',#3361,#3401,#4055,.T.);
#2474=EDGE_CURVE('',#3401,#3402,#4056,.T.);
#2475=EDGE_CURVE('',#3402,#3362,#4057,.T.);
#2476=EDGE_CURVE('',#3371,#3385,#4058,.T.);
#2477=EDGE_CURVE('',#3282,#3357,#4059,.T.);
#2478=EDGE_CURVE('',#3358,#3253,#4060,.T.);
#2479=EDGE_CURVE('',#3242,#3270,#4061,.T.);
#2480=EDGE_CURVE('',#3403,#3404,#4062,.T.);
#2481=EDGE_CURVE('',#3403,#3405,#4063,.T.);
#2482=EDGE_CURVE('',#3405,#3406,#4064,.T.);
#2483=EDGE_CURVE('',#3406,#3241,#4065,.T.);
#2484=EDGE_CURVE('',#3370,#3407,#4066,.T.);
#2485=EDGE_CURVE('',#3404,#3407,#4067,.T.);
#2486=EDGE_CURVE('',#3408,#3409,#4068,.T.);
#2487=EDGE_CURVE('',#3409,#3406,#4069,.T.);
#2488=EDGE_CURVE('',#3407,#3405,#4070,.T.);
#2489=EDGE_CURVE('',#3369,#3410,#4071,.T.);
#2490=EDGE_CURVE('',#3410,#3408,#4072,.T.);
#2491=EDGE_CURVE('',#3411,#3408,#4073,.T.);
#2492=EDGE_CURVE('',#3411,#3412,#4074,.F.);
#2493=EDGE_CURVE('',#3412,#3410,#4075,.T.);
#2494=EDGE_CURVE('',#3196,#3413,#4076,.T.);
#2495=EDGE_CURVE('',#3413,#3414,#4077,.T.);
#2496=EDGE_CURVE('',#3414,#3415,#4078,.T.);
#2497=EDGE_CURVE('',#3415,#3416,#4079,.T.);
#2498=EDGE_CURVE('',#3416,#3409,#4080,.T.);
#2499=EDGE_CURVE('',#3417,#3311,#4081,.T.);
#2500=EDGE_CURVE('',#3192,#3417,#4082,.T.);
#2501=EDGE_CURVE('',#3254,#3323,#4083,.T.);
#2502=EDGE_CURVE('',#3281,#3342,#4084,.F.);
#2503=EDGE_CURVE('',#3336,#3343,#4085,.T.);
#2504=EDGE_CURVE('',#3418,#3335,#4086,.T.);
#2505=EDGE_CURVE('',#3418,#3419,#4087,.T.);
#2506=EDGE_CURVE('',#3419,#3332,#4088,.T.);
#2507=EDGE_CURVE('',#3331,#3352,#4089,.T.);
#2508=EDGE_CURVE('',#3393,#3399,#4090,.T.);
#2509=EDGE_CURVE('',#3394,#3401,#4091,.T.);
#2510=EDGE_CURVE('',#3396,#3402,#4092,.T.);
#2511=EDGE_CURVE('',#3395,#3400,#4093,.T.);
#2512=EDGE_CURVE('',#3381,#3397,#4094,.T.);
#2513=EDGE_CURVE('',#3380,#3398,#4095,.T.);
#2514=EDGE_CURVE('',#3398,#3391,#4096,.T.);
#2515=EDGE_CURVE('',#3379,#3391,#4097,.T.);
#2516=EDGE_CURVE('',#3378,#3392,#4098,.T.);
#2517=EDGE_CURVE('',#3420,#3420,#107,.T.);
#2518=EDGE_CURVE('',#3222,#3421,#4099,.T.);
#2519=EDGE_CURVE('',#3421,#3376,#4100,.T.);
#2520=EDGE_CURVE('',#3421,#3422,#4101,.T.);
#2521=EDGE_CURVE('',#3422,#3377,#4102,.T.);
#2522=EDGE_CURVE('',#3422,#3221,#4103,.T.);
#2523=EDGE_CURVE('',#3423,#3374,#4104,.T.);
#2524=EDGE_CURVE('',#3423,#3387,#4105,.T.);
#2525=EDGE_CURVE('',#3424,#3384,#4106,.T.);
#2526=EDGE_CURVE('',#3424,#3423,#4107,.T.);
#2527=EDGE_CURVE('',#3388,#3424,#4108,.T.);
#2528=EDGE_CURVE('',#3425,#3425,#108,.T.);
#2529=EDGE_CURVE('',#3415,#3426,#4109,.F.);
#2530=EDGE_CURVE('',#3417,#3426,#4110,.T.);
#2531=EDGE_CURVE('',#3427,#3192,#4111,.T.);
#2532=EDGE_CURVE('',#3427,#3416,#4112,.T.);
#2533=EDGE_CURVE('',#3428,#3317,#4113,.T.);
#2534=EDGE_CURVE('',#3199,#3428,#4114,.T.);
#2535=EDGE_CURVE('',#3429,#3316,#4115,.T.);
#2536=EDGE_CURVE('',#3428,#3429,#4116,.T.);
#2537=EDGE_CURVE('',#3429,#3195,#4117,.T.);
#2538=EDGE_CURVE('',#3430,#3326,#109,.T.);
#2539=EDGE_CURVE('',#3326,#3431,#110,.T.);
#2540=EDGE_CURVE('',#3431,#3308,#4118,.T.);
#2541=EDGE_CURVE('',#3430,#3321,#4119,.T.);
#2542=EDGE_CURVE('',#3432,#3325,#111,.T.);
#2543=EDGE_CURVE('',#3431,#3432,#4120,.T.);
#2544=EDGE_CURVE('',#3368,#3430,#4121,.T.);
#2545=EDGE_CURVE('',#3432,#3309,#4122,.T.);
#2546=EDGE_CURVE('',#3407,#3433,#4123,.T.);
#2547=EDGE_CURVE('',#3434,#3433,#4124,.T.);
#2548=EDGE_CURVE('',#3404,#3434,#4125,.T.);
#2549=EDGE_CURVE('',#3433,#3435,#4126,.T.);
#2550=EDGE_CURVE('',#3436,#3435,#4127,.T.);
#2551=EDGE_CURVE('',#3434,#3436,#4128,.T.);
#2552=EDGE_CURVE('',#3435,#3437,#112,.T.);
#2553=EDGE_CURVE('',#3438,#3437,#4129,.T.);
#2554=EDGE_CURVE('',#3436,#3438,#113,.T.);
#2555=EDGE_CURVE('',#3437,#3439,#4130,.T.);
#2556=EDGE_CURVE('',#3440,#3439,#4131,.T.);
#2557=EDGE_CURVE('',#3438,#3440,#4132,.T.);
#2558=EDGE_CURVE('',#3440,#3441,#114,.T.);
#2559=EDGE_CURVE('',#3441,#3442,#4133,.T.);
#2560=EDGE_CURVE('',#3442,#3403,#4134,.T.);
#2561=EDGE_CURVE('',#3443,#3405,#4135,.T.);
#2562=EDGE_CURVE('',#3444,#3443,#4136,.T.);
#2563=EDGE_CURVE('',#3439,#3444,#115,.T.);
#2564=EDGE_CURVE('',#3278,#3246,#4137,.T.);
#2565=EDGE_CURVE('',#3279,#3245,#4138,.T.);
#2566=EDGE_CURVE('',#3277,#3247,#4139,.T.);
#2567=EDGE_CURVE('',#3280,#3244,#4140,.T.);
#2568=EDGE_CURVE('',#3257,#3287,#4141,.T.);
#2569=EDGE_CURVE('',#3258,#3286,#4142,.T.);
#2570=EDGE_CURVE('',#3256,#3288,#4143,.T.);
#2571=EDGE_CURVE('',#3259,#3285,#4144,.T.);
#2572=EDGE_CURVE('',#3265,#3232,#4145,.T.);
#2573=EDGE_CURVE('',#3346,#3353,#4146,.T.);
#2574=EDGE_CURVE('',#3347,#3355,#4147,.T.);
#2575=EDGE_CURVE('',#3349,#3356,#4148,.T.);
#2576=EDGE_CURVE('',#3348,#3354,#4149,.T.);
#2577=EDGE_CURVE('',#3340,#3350,#4150,.T.);
#2578=EDGE_CURVE('',#3339,#3351,#4151,.T.);
#2579=EDGE_CURVE('',#3351,#3344,#4152,.T.);
#2580=EDGE_CURVE('',#3338,#3344,#4153,.T.);
#2581=EDGE_CURVE('',#3337,#3345,#4154,.T.);
#2582=EDGE_CURVE('',#3445,#3445,#116,.T.);
#2583=EDGE_CURVE('',#3419,#3446,#4155,.T.);
#2584=EDGE_CURVE('',#3446,#3333,#4156,.T.);
#2585=EDGE_CURVE('',#3446,#3447,#4157,.T.);
#2586=EDGE_CURVE('',#3447,#3334,#4158,.T.);
#2587=EDGE_CURVE('',#3447,#3418,#4159,.T.);
#2588=EDGE_CURVE('',#3448,#3330,#4160,.T.);
#2589=EDGE_CURVE('',#3448,#3207,#4161,.T.);
#2590=EDGE_CURVE('',#3449,#3341,#4162,.T.);
#2591=EDGE_CURVE('',#3449,#3448,#4163,.T.);
#2592=EDGE_CURVE('',#3208,#3449,#4164,.T.);
#2593=EDGE_CURVE('',#3450,#3450,#117,.T.);
#2594=EDGE_CURVE('',#3451,#3313,#4165,.T.);
#2595=EDGE_CURVE('',#3328,#3451,#4166,.T.);
#2596=EDGE_CURVE('',#3452,#3312,#4167,.T.);
#2597=EDGE_CURVE('',#3451,#3452,#4168,.T.);
#2598=EDGE_CURVE('',#3452,#3417,#4169,.T.);
#2599=EDGE_CURVE('',#3453,#3426,#4170,.T.);
#2600=EDGE_CURVE('',#3454,#3453,#4171,.T.);
#2601=EDGE_CURVE('',#3194,#3454,#4172,.T.);
#2602=EDGE_CURVE('',#3325,#3455,#118,.T.);
#2603=EDGE_CURVE('',#3455,#3310,#4173,.T.);
#2604=EDGE_CURVE('',#3324,#3427,#4174,.T.);
#2605=EDGE_CURVE('',#3455,#3190,#4175,.T.);
#2606=EDGE_CURVE('',#3441,#3444,#4176,.T.);
#2607=EDGE_CURVE('',#3442,#3443,#4177,.T.);
#2608=EDGE_CURVE('',#3274,#3250,#4178,.T.);
#2609=EDGE_CURVE('',#3275,#3249,#4179,.T.);
#2610=EDGE_CURVE('',#3273,#3251,#4180,.T.);
#2611=EDGE_CURVE('',#3276,#3248,#4181,.T.);
#2612=EDGE_CURVE('',#3261,#3291,#4182,.T.);
#2613=EDGE_CURVE('',#3262,#3290,#4183,.T.);
#2614=EDGE_CURVE('',#3260,#3292,#4184,.T.);
#2615=EDGE_CURVE('',#3263,#3289,#4185,.T.);
#2616=EDGE_CURVE('',#3456,#3229,#4186,.T.);
#2617=EDGE_CURVE('',#3229,#3232,#4187,.T.);
#2618=EDGE_CURVE('',#3264,#3456,#4188,.T.);
#2619=EDGE_CURVE('',#3456,#3234,#4189,.T.);
#2620=EDGE_CURVE('',#3228,#3233,#4190,.T.);
#2621=EDGE_CURVE('',#3454,#3413,#4191,.T.);
#2622=EDGE_CURVE('',#3453,#3414,#4192,.T.);
#2623=EDGE_CURVE('',#3410,#3457,#4193,.T.);
#2624=EDGE_CURVE('',#3457,#3458,#4194,.T.);
#2625=EDGE_CURVE('',#3408,#3458,#4195,.T.);
#2626=EDGE_CURVE('',#3459,#3460,#4196,.T.);
#2627=EDGE_CURVE('',#3459,#3461,#4197,.F.);
#2628=EDGE_CURVE('',#3461,#3462,#4198,.T.);
#2629=EDGE_CURVE('',#3462,#3460,#4199,.T.);
#2630=EDGE_CURVE('',#3463,#3464,#4200,.T.);
#2631=EDGE_CURVE('',#3464,#3465,#4201,.T.);
#2632=EDGE_CURVE('',#3466,#3465,#4202,.T.);
#2633=EDGE_CURVE('',#3466,#3463,#4203,.F.);
#2634=EDGE_CURVE('',#3467,#3468,#4204,.T.);
#2635=EDGE_CURVE('',#3467,#3469,#4205,.F.);
#2636=EDGE_CURVE('',#3469,#3470,#4206,.T.);
#2637=EDGE_CURVE('',#3470,#3468,#4207,.T.);
#2638=EDGE_CURVE('',#3471,#3472,#4208,.T.);
#2639=EDGE_CURVE('',#3471,#3473,#4209,.F.);
#2640=EDGE_CURVE('',#3473,#3474,#4210,.T.);
#2641=EDGE_CURVE('',#3474,#3472,#4211,.T.);
#2642=EDGE_CURVE('',#3475,#3476,#4212,.T.);
#2643=EDGE_CURVE('',#3475,#3477,#4213,.F.);
#2644=EDGE_CURVE('',#3477,#3478,#4214,.T.);
#2645=EDGE_CURVE('',#3478,#3476,#4215,.T.);
#2646=EDGE_CURVE('',#3469,#3464,#119,.T.);
#2647=EDGE_CURVE('',#3463,#3462,#120,.T.);
#2648=EDGE_CURVE('',#3461,#3457,#121,.T.);
#2649=EDGE_CURVE('',#3412,#3478,#122,.F.);
#2650=EDGE_CURVE('',#3477,#3474,#123,.F.);
#2651=EDGE_CURVE('',#3473,#3470,#124,.T.);
#2652=EDGE_CURVE('',#3465,#3467,#125,.F.);
#2653=EDGE_CURVE('',#3468,#3471,#126,.F.);
#2654=EDGE_CURVE('',#3472,#3475,#127,.T.);
#2655=EDGE_CURVE('',#3476,#3411,#128,.T.);
#2656=EDGE_CURVE('',#3458,#3459,#129,.F.);
#2657=EDGE_CURVE('',#3460,#3466,#130,.F.);
#2658=EDGE_CURVE('',#3479,#3302,#4216,.T.);
#2659=EDGE_CURVE('',#3480,#3479,#4217,.T.);
#2660=EDGE_CURVE('',#3480,#3301,#4218,.T.);
#2661=EDGE_CURVE('',#3481,#3305,#4219,.T.);
#2662=EDGE_CURVE('',#3479,#3481,#4220,.T.);
#2663=EDGE_CURVE('',#3482,#3304,#4221,.T.);
#2664=EDGE_CURVE('',#3481,#3482,#131,.T.);
#2665=EDGE_CURVE('',#3483,#3303,#4222,.T.);
#2666=EDGE_CURVE('',#3482,#3483,#4223,.T.);
#2667=EDGE_CURVE('',#3483,#3480,#132,.T.);
#2668=EDGE_CURVE('',#3484,#3485,#4224,.T.);
#2669=EDGE_CURVE('',#3486,#3485,#4225,.T.);
#2670=EDGE_CURVE('',#3487,#3486,#4226,.T.);
#2671=EDGE_CURVE('',#3487,#3484,#4227,.T.);
#2672=EDGE_CURVE('',#3488,#3488,#133,.T.);
#2673=EDGE_CURVE('',#3489,#3490,#4228,.T.);
#2674=EDGE_CURVE('',#3490,#3491,#4229,.F.);
#2675=EDGE_CURVE('',#3492,#3491,#4230,.T.);
#2676=EDGE_CURVE('',#3492,#3493,#4231,.T.);
#2677=EDGE_CURVE('',#3493,#3494,#4232,.T.);
#2678=EDGE_CURVE('',#3495,#3494,#4233,.T.);
#2679=EDGE_CURVE('',#3496,#3495,#4234,.T.);
#2680=EDGE_CURVE('',#3496,#3489,#4235,.T.);
#2681=EDGE_CURVE('',#3493,#3497,#134,.F.);
#2682=EDGE_CURVE('',#3497,#3498,#4236,.T.);
#2683=EDGE_CURVE('',#3494,#3498,#4237,.T.);
#2684=EDGE_CURVE('',#3499,#3500,#4238,.T.);
#2685=EDGE_CURVE('',#3500,#3490,#135,.F.);
#2686=EDGE_CURVE('',#3489,#3499,#4239,.T.);
#2687=EDGE_CURVE('',#3497,#3501,#4240,.F.);
#2688=EDGE_CURVE('',#3502,#3501,#4241,.T.);
#2689=EDGE_CURVE('',#3502,#3500,#4242,.T.);
#2690=EDGE_CURVE('',#3499,#3503,#4243,.T.);
#2691=EDGE_CURVE('',#3503,#3504,#4244,.T.);
#2692=EDGE_CURVE('',#3498,#3504,#4245,.T.);
#2693=EDGE_CURVE('',#3485,#3505,#4246,.T.);
#2694=EDGE_CURVE('',#3506,#3505,#4247,.T.);
#2695=EDGE_CURVE('',#3486,#3506,#4248,.T.);
#2696=EDGE_CURVE('',#3504,#3495,#4249,.T.);
#2697=EDGE_CURVE('',#3507,#3484,#4250,.T.);
#2698=EDGE_CURVE('',#3508,#3487,#4251,.T.);
#2699=EDGE_CURVE('',#3508,#3507,#4252,.T.);
#2700=EDGE_CURVE('',#3503,#3496,#4253,.T.);
#2701=EDGE_CURVE('',#3505,#3507,#4254,.T.);
#2702=EDGE_CURVE('',#3506,#3508,#4255,.T.);
#2703=EDGE_CURVE('',#3492,#3491,#136,.T.);
#2704=EDGE_CURVE('',#3502,#3501,#137,.T.);
#2705=EDGE_CURVE('',#3509,#3510,#4256,.T.);
#2706=EDGE_CURVE('',#3509,#3511,#4257,.T.);
#2707=EDGE_CURVE('',#3512,#3511,#4258,.T.);
#2708=EDGE_CURVE('',#3512,#3513,#4259,.F.);
#2709=EDGE_CURVE('',#3514,#3513,#4260,.T.);
#2710=EDGE_CURVE('',#3514,#3510,#4261,.T.);
#2711=EDGE_CURVE('',#3515,#3512,#138,.T.);
#2712=EDGE_CURVE('',#3515,#3516,#4262,.T.);
#2713=EDGE_CURVE('',#3513,#3516,#139,.T.);
#2714=EDGE_CURVE('',#3517,#3515,#4263,.T.);
#2715=EDGE_CURVE('',#3517,#3518,#4264,.F.);
#2716=EDGE_CURVE('',#3516,#3518,#4265,.T.);
#2717=EDGE_CURVE('',#3519,#3517,#140,.T.);
#2718=EDGE_CURVE('',#3519,#3520,#4266,.T.);
#2719=EDGE_CURVE('',#3518,#3520,#141,.T.);
#2720=EDGE_CURVE('',#3521,#3522,#4267,.T.);
#2721=EDGE_CURVE('',#3521,#3523,#4268,.T.);
#2722=EDGE_CURVE('',#3523,#3524,#4269,.T.);
#2723=EDGE_CURVE('',#3524,#3525,#4270,.T.);
#2724=EDGE_CURVE('',#3526,#3525,#4271,.T.);
#2725=EDGE_CURVE('',#3522,#3526,#4272,.T.);
#2726=EDGE_CURVE('',#3522,#3527,#142,.T.);
#2727=EDGE_CURVE('',#3528,#3526,#143,.T.);
#2728=EDGE_CURVE('',#3527,#3528,#4273,.T.);
#2729=EDGE_CURVE('',#3527,#3529,#4274,.T.);
#2730=EDGE_CURVE('',#3530,#3528,#4275,.T.);
#2731=EDGE_CURVE('',#3529,#3530,#4276,.T.);
#2732=EDGE_CURVE('',#3529,#3531,#144,.T.);
#2733=EDGE_CURVE('',#3532,#3530,#145,.T.);
#2734=EDGE_CURVE('',#3531,#3532,#4277,.T.);
#2735=EDGE_CURVE('',#3533,#3534,#4278,.T.);
#2736=EDGE_CURVE('',#3535,#3534,#4279,.T.);
#2737=EDGE_CURVE('',#3536,#3535,#146,.T.);
#2738=EDGE_CURVE('',#3532,#3536,#4280,.T.);
#2739=EDGE_CURVE('',#3520,#3532,#4281,.T.);
#2740=EDGE_CURVE('',#3520,#3537,#4282,.T.);
#2741=EDGE_CURVE('',#3537,#3538,#147,.F.);
#2742=EDGE_CURVE('',#3538,#3533,#4283,.T.);
#2743=EDGE_CURVE('',#3539,#3540,#4284,.T.);
#2744=EDGE_CURVE('',#3541,#3540,#148,.T.);
#2745=EDGE_CURVE('',#3541,#3542,#4285,.T.);
#2746=EDGE_CURVE('',#3539,#3542,#149,.T.);
#2747=EDGE_CURVE('',#3543,#3541,#4286,.T.);
#2748=EDGE_CURVE('',#3543,#3544,#4287,.F.);
#2749=EDGE_CURVE('',#3542,#3544,#4288,.T.);
#2750=EDGE_CURVE('',#3545,#3543,#150,.T.);
#2751=EDGE_CURVE('',#3545,#3546,#4289,.T.);
#2752=EDGE_CURVE('',#3544,#3546,#151,.T.);
#2753=EDGE_CURVE('',#3547,#3545,#4290,.T.);
#2754=EDGE_CURVE('',#3547,#3548,#4291,.T.);
#2755=EDGE_CURVE('',#3548,#3549,#4292,.F.);
#2756=EDGE_CURVE('',#3549,#3550,#4293,.T.);
#2757=EDGE_CURVE('',#3546,#3550,#4294,.T.);
#2758=EDGE_CURVE('',#3551,#3552,#152,.T.);
#2759=EDGE_CURVE('',#3553,#3551,#4295,.T.);
#2760=EDGE_CURVE('',#3554,#3553,#153,.T.);
#2761=EDGE_CURVE('',#3552,#3554,#4296,.T.);
#2762=EDGE_CURVE('',#3552,#3555,#4297,.T.);
#2763=EDGE_CURVE('',#3556,#3554,#4298,.T.);
#2764=EDGE_CURVE('',#3555,#3556,#4299,.T.);
#2765=EDGE_CURVE('',#3555,#3557,#154,.T.);
#2766=EDGE_CURVE('',#3558,#3556,#155,.T.);
#2767=EDGE_CURVE('',#3557,#3558,#4300,.T.);
#2768=EDGE_CURVE('',#3557,#3559,#4301,.T.);
#2769=EDGE_CURVE('',#3560,#3558,#4302,.T.);
#2770=EDGE_CURVE('',#3560,#3561,#4303,.T.);
#2771=EDGE_CURVE('',#3562,#3561,#4304,.T.);
#2772=EDGE_CURVE('',#3562,#3559,#4305,.T.);
#2773=EDGE_CURVE('',#3540,#3563,#4306,.T.);
#2774=EDGE_CURVE('',#3563,#3564,#156,.F.);
#2775=EDGE_CURVE('',#3564,#3565,#4307,.T.);
#2776=EDGE_CURVE('',#3566,#3565,#157,.F.);
#2777=EDGE_CURVE('',#3566,#3567,#4308,.T.);
#2778=EDGE_CURVE('',#3567,#3568,#158,.T.);
#2779=EDGE_CURVE('',#3569,#3568,#4309,.T.);
#2780=EDGE_CURVE('',#3570,#3569,#159,.T.);
#2781=EDGE_CURVE('',#3551,#3570,#4310,.T.);
#2782=EDGE_CURVE('',#3540,#3551,#4311,.T.);
#2783=EDGE_CURVE('',#3571,#3572,#160,.T.);
#2784=EDGE_CURVE('',#3572,#3519,#4312,.T.);
#2785=EDGE_CURVE('',#3531,#3519,#4313,.T.);
#2786=EDGE_CURVE('',#3573,#3531,#4314,.T.);
#2787=EDGE_CURVE('',#3574,#3573,#161,.T.);
#2788=EDGE_CURVE('',#3575,#3574,#4315,.T.);
#2789=EDGE_CURVE('',#3575,#3576,#162,.T.);
#2790=EDGE_CURVE('',#3577,#3576,#4316,.T.);
#2791=EDGE_CURVE('',#3578,#3577,#163,.T.);
#2792=EDGE_CURVE('',#3578,#3571,#4317,.T.);
#2793=EDGE_CURVE('',#3579,#3580,#164,.F.);
#2794=EDGE_CURVE('',#3579,#3539,#4318,.T.);
#2795=EDGE_CURVE('',#3553,#3539,#4319,.T.);
#2796=EDGE_CURVE('',#3581,#3553,#4320,.T.);
#2797=EDGE_CURVE('',#3581,#3582,#165,.T.);
#2798=EDGE_CURVE('',#3582,#3583,#4321,.T.);
#2799=EDGE_CURVE('',#3584,#3583,#4322,.T.);
#2800=EDGE_CURVE('',#3580,#3584,#4323,.T.);
#2801=EDGE_CURVE('',#3574,#3569,#4324,.T.);
#2802=EDGE_CURVE('',#3568,#3575,#4325,.T.);
#2803=EDGE_CURVE('',#3577,#3585,#4326,.T.);
#2804=EDGE_CURVE('',#3576,#3586,#4327,.T.);
#2805=EDGE_CURVE('',#3585,#3586,#4328,.T.);
#2806=EDGE_CURVE('',#3587,#3588,#4329,.T.);
#2807=EDGE_CURVE('',#3587,#3589,#4330,.F.);
#2808=EDGE_CURVE('',#3589,#3590,#4331,.T.);
#2809=EDGE_CURVE('',#3590,#3591,#166,.T.);
#2810=EDGE_CURVE('',#3591,#3592,#167,.T.);
#2811=EDGE_CURVE('',#3592,#3593,#168,.T.);
#2812=EDGE_CURVE('',#3593,#3594,#169,.T.);
#2813=EDGE_CURVE('',#3594,#3595,#170,.T.);
#2814=EDGE_CURVE('',#3595,#3596,#171,.T.);
#2815=EDGE_CURVE('',#3596,#3597,#4332,.T.);
#2816=EDGE_CURVE('',#3597,#3598,#172,.T.);
#2817=EDGE_CURVE('',#3598,#3567,#4333,.T.);
#2818=EDGE_CURVE('',#3599,#3566,#4334,.T.);
#2819=EDGE_CURVE('',#3600,#3599,#173,.T.);
#2820=EDGE_CURVE('',#3601,#3600,#4335,.T.);
#2821=EDGE_CURVE('',#3602,#3601,#174,.F.);
#2822=EDGE_CURVE('',#3603,#3602,#175,.T.);
#2823=EDGE_CURVE('',#3604,#3603,#176,.F.);
#2824=EDGE_CURVE('',#3605,#3604,#177,.T.);
#2825=EDGE_CURVE('',#3606,#3605,#178,.F.);
#2826=EDGE_CURVE('',#3588,#3606,#179,.T.);
#2827=EDGE_CURVE('',#3607,#3608,#4336,.T.);
#2828=EDGE_CURVE('',#3608,#3609,#4337,.T.);
#2829=EDGE_CURVE('',#3610,#3609,#4338,.T.);
#2830=EDGE_CURVE('',#3610,#3607,#4339,.T.);
#2831=EDGE_CURVE('',#3611,#3612,#4340,.T.);
#2832=EDGE_CURVE('',#3611,#3613,#4341,.T.);
#2833=EDGE_CURVE('',#3613,#3614,#4342,.T.);
#2834=EDGE_CURVE('',#3614,#3615,#180,.T.);
#2835=EDGE_CURVE('',#3615,#3616,#181,.F.);
#2836=EDGE_CURVE('',#3616,#3617,#182,.T.);
#2837=EDGE_CURVE('',#3617,#3618,#183,.F.);
#2838=EDGE_CURVE('',#3618,#3619,#184,.T.);
#2839=EDGE_CURVE('',#3619,#3620,#185,.F.);
#2840=EDGE_CURVE('',#3620,#3621,#4343,.T.);
#2841=EDGE_CURVE('',#3621,#3622,#186,.T.);
#2842=EDGE_CURVE('',#3623,#3622,#4344,.T.);
#2843=EDGE_CURVE('',#3624,#3623,#4345,.T.);
#2844=EDGE_CURVE('',#3624,#3625,#4346,.T.);
#2845=EDGE_CURVE('',#3626,#3625,#187,.T.);
#2846=EDGE_CURVE('',#3627,#3626,#4347,.T.);
#2847=EDGE_CURVE('',#3628,#3627,#188,.T.);
#2848=EDGE_CURVE('',#3629,#3628,#189,.T.);
#2849=EDGE_CURVE('',#3630,#3629,#190,.T.);
#2850=EDGE_CURVE('',#3631,#3630,#191,.T.);
#2851=EDGE_CURVE('',#3632,#3631,#192,.T.);
#2852=EDGE_CURVE('',#3612,#3632,#193,.T.);
#2853=EDGE_CURVE('',#3600,#3621,#4348,.T.);
#2854=EDGE_CURVE('',#3620,#3601,#4349,.T.);
#2855=EDGE_CURVE('',#3633,#3634,#4350,.T.);
#2856=EDGE_CURVE('',#3634,#3635,#4351,.T.);
#2857=EDGE_CURVE('',#3636,#3635,#4352,.T.);
#2858=EDGE_CURVE('',#3636,#3633,#4353,.T.);
#2859=EDGE_CURVE('',#3589,#3634,#194,.T.);
#2860=EDGE_CURVE('',#3633,#3611,#195,.T.);
#2861=EDGE_CURVE('',#3612,#3590,#4354,.T.);
#2862=EDGE_CURVE('',#3632,#3591,#4355,.T.);
#2863=EDGE_CURVE('',#3631,#3592,#4356,.T.);
#2864=EDGE_CURVE('',#3630,#3593,#4357,.T.);
#2865=EDGE_CURVE('',#3629,#3594,#4358,.T.);
#2866=EDGE_CURVE('',#3628,#3595,#4359,.T.);
#2867=EDGE_CURVE('',#3627,#3596,#4360,.T.);
#2868=EDGE_CURVE('',#3597,#3626,#4361,.T.);
#2869=EDGE_CURVE('',#3635,#3587,#196,.F.);
#2870=EDGE_CURVE('',#3614,#3588,#4362,.T.);
#2871=EDGE_CURVE('',#3613,#3636,#197,.F.);
#2872=EDGE_CURVE('',#3615,#3606,#4363,.T.);
#2873=EDGE_CURVE('',#3616,#3605,#4364,.T.);
#2874=EDGE_CURVE('',#3617,#3604,#4365,.T.);
#2875=EDGE_CURVE('',#3618,#3603,#4366,.T.);
#2876=EDGE_CURVE('',#3619,#3602,#4367,.T.);
#2877=EDGE_CURVE('',#3577,#3566,#4368,.F.);
#2878=EDGE_CURVE('',#3585,#3610,#4369,.T.);
#2879=EDGE_CURVE('',#3637,#3609,#4370,.T.);
#2880=EDGE_CURVE('',#3638,#3637,#4371,.T.);
#2881=EDGE_CURVE('',#3623,#3638,#4372,.T.);
#2882=EDGE_CURVE('',#3622,#3599,#4373,.T.);
#2883=EDGE_CURVE('',#3624,#3639,#4374,.T.);
#2884=EDGE_CURVE('',#3639,#3640,#4375,.T.);
#2885=EDGE_CURVE('',#3640,#3608,#4376,.T.);
#2886=EDGE_CURVE('',#3586,#3607,#4377,.T.);
#2887=EDGE_CURVE('',#3576,#3567,#4378,.T.);
#2888=EDGE_CURVE('',#3625,#3598,#4379,.T.);
#2889=EDGE_CURVE('',#3640,#3637,#4380,.T.);
#2890=EDGE_CURVE('',#3639,#3638,#4381,.T.);
#2891=EDGE_CURVE('',#3571,#3564,#4382,.T.);
#2892=EDGE_CURVE('',#3565,#3578,#4383,.T.);
#2893=EDGE_CURVE('',#3570,#3573,#4384,.T.);
#2894=EDGE_CURVE('',#3536,#3581,#4385,.T.);
#2895=EDGE_CURVE('',#3563,#3572,#4386,.T.);
#2896=EDGE_CURVE('',#3537,#3579,#4387,.T.);
#2897=EDGE_CURVE('',#3584,#3533,#4388,.T.);
#2898=EDGE_CURVE('',#3583,#3534,#4389,.T.);
#2899=EDGE_CURVE('',#3582,#3535,#4390,.T.);
#2900=EDGE_CURVE('',#3580,#3538,#4391,.T.);
#2901=EDGE_CURVE('',#3641,#3642,#198,.F.);
#2902=EDGE_CURVE('',#3641,#3643,#4392,.F.);
#2903=EDGE_CURVE('',#3643,#3644,#199,.T.);
#2904=EDGE_CURVE('',#3644,#3645,#4393,.T.);
#2905=EDGE_CURVE('',#3645,#3646,#4394,.T.);
#2906=EDGE_CURVE('',#3642,#3646,#4395,.F.);
#2907=EDGE_CURVE('',#3647,#3648,#4396,.F.);
#2908=EDGE_CURVE('',#3647,#3649,#4397,.F.);
#2909=EDGE_CURVE('',#3649,#3650,#4398,.T.);
#2910=EDGE_CURVE('',#3650,#3648,#4399,.F.);
#2911=EDGE_CURVE('',#3651,#3652,#200,.T.);
#2912=EDGE_CURVE('',#3651,#3653,#4400,.F.);
#2913=EDGE_CURVE('',#3653,#3654,#201,.F.);
#2914=EDGE_CURVE('',#3654,#3655,#4401,.F.);
#2915=EDGE_CURVE('',#3655,#3656,#4402,.F.);
#2916=EDGE_CURVE('',#3652,#3656,#4403,.T.);
#2917=EDGE_CURVE('',#3548,#3657,#33,.F.);
#2918=EDGE_CURVE('',#3657,#3641,#21,.T.);
#2919=EDGE_CURVE('',#3642,#3654,#4404,.T.);
#2920=EDGE_CURVE('',#3653,#3658,#22,.T.);
#2921=EDGE_CURVE('',#3658,#3549,#34,.F.);
#2922=EDGE_CURVE('',#3646,#3647,#202,.T.);
#2923=EDGE_CURVE('',#3648,#3655,#203,.T.);
#2924=EDGE_CURVE('',#3643,#3659,#23,.T.);
#2925=EDGE_CURVE('',#3659,#3562,#35,.T.);
#2926=EDGE_CURVE('',#3561,#3660,#36,.T.);
#2927=EDGE_CURVE('',#3660,#3651,#24,.T.);
#2928=EDGE_CURVE('',#3644,#3652,#4405,.T.);
#2929=EDGE_CURVE('',#3649,#3645,#204,.F.);
#2930=EDGE_CURVE('',#3656,#3650,#205,.F.);
#2931=EDGE_CURVE('',#3550,#3560,#4406,.T.);
#2932=EDGE_CURVE('',#3559,#3547,#4407,.T.);
#2933=EDGE_CURVE('',#3659,#3657,#4408,.T.);
#2934=EDGE_CURVE('',#3658,#3660,#4409,.F.);
#2935=EDGE_CURVE('',#3661,#3662,#206,.T.);
#2936=EDGE_CURVE('',#3662,#3663,#4410,.F.);
#2937=EDGE_CURVE('',#3664,#3663,#207,.F.);
#2938=EDGE_CURVE('',#3665,#3664,#4411,.F.);
#2939=EDGE_CURVE('',#3665,#3666,#4412,.T.);
#2940=EDGE_CURVE('',#3666,#3661,#4413,.T.);
#2941=EDGE_CURVE('',#3667,#3668,#208,.F.);
#2942=EDGE_CURVE('',#3668,#3669,#4414,.F.);
#2943=EDGE_CURVE('',#3670,#3669,#209,.T.);
#2944=EDGE_CURVE('',#3671,#3670,#4415,.T.);
#2945=EDGE_CURVE('',#3671,#3672,#4416,.F.);
#2946=EDGE_CURVE('',#3672,#3667,#4417,.F.);
#2947=EDGE_CURVE('',#3673,#3674,#4418,.T.);
#2948=EDGE_CURVE('',#3673,#3675,#4419,.T.);
#2949=EDGE_CURVE('',#3675,#3676,#4420,.F.);
#2950=EDGE_CURVE('',#3676,#3674,#4421,.T.);
#2951=EDGE_CURVE('',#3675,#3665,#210,.T.);
#2952=EDGE_CURVE('',#3664,#3667,#4422,.F.);
#2953=EDGE_CURVE('',#3672,#3676,#211,.T.);
#2954=EDGE_CURVE('',#3663,#3677,#25,.T.);
#2955=EDGE_CURVE('',#3677,#3509,#37,.F.);
#2956=EDGE_CURVE('',#3510,#3678,#38,.F.);
#2957=EDGE_CURVE('',#3678,#3668,#26,.T.);
#2958=EDGE_CURVE('',#3666,#3673,#212,.F.);
#2959=EDGE_CURVE('',#3674,#3671,#213,.F.);
#2960=EDGE_CURVE('',#3661,#3670,#4423,.T.);
#2961=EDGE_CURVE('',#3523,#3679,#39,.T.);
#2962=EDGE_CURVE('',#3679,#3662,#27,.T.);
#2963=EDGE_CURVE('',#3669,#3680,#28,.T.);
#2964=EDGE_CURVE('',#3680,#3524,#40,.T.);
#2965=EDGE_CURVE('',#3525,#3514,#4424,.T.);
#2966=EDGE_CURVE('',#3511,#3521,#4425,.T.);
#2967=EDGE_CURVE('',#3677,#3679,#4426,.T.);
#2968=EDGE_CURVE('',#3680,#3678,#4427,.F.);
#2969=EDGE_CURVE('',#3681,#3681,#214,.F.);
#2970=EDGE_CURVE('',#3682,#3683,#215,.F.);
#2971=EDGE_CURVE('',#3682,#3684,#4428,.F.);
#2972=EDGE_CURVE('',#3684,#3685,#216,.T.);
#2973=EDGE_CURVE('',#3685,#3686,#4429,.T.);
#2974=EDGE_CURVE('',#3687,#3686,#217,.F.);
#2975=EDGE_CURVE('',#3687,#3688,#4430,.F.);
#2976=EDGE_CURVE('',#3688,#3689,#218,.T.);
#2977=EDGE_CURVE('',#3689,#3683,#4431,.T.);
#2978=EDGE_CURVE('',#3690,#3691,#4432,.T.);
#2979=EDGE_CURVE('',#3691,#3690,#219,.F.);
#2980=EDGE_CURVE('',#3692,#3693,#4433,.T.);
#2981=EDGE_CURVE('',#3693,#3692,#220,.F.);
#2982=EDGE_CURVE('',#3684,#3690,#29,.T.);
#2983=EDGE_CURVE('',#3691,#3685,#30,.T.);
#2984=EDGE_CURVE('',#3693,#3689,#31,.T.);
#2985=EDGE_CURVE('',#3688,#3692,#32,.T.);
#2986=EDGE_CURVE('',#3694,#3694,#221,.T.);
#2987=EDGE_CURVE('',#3695,#3695,#222,.F.);
#2988=EDGE_CURVE('',#3696,#3696,#223,.T.);
#2989=EDGE_CURVE('',#3682,#3686,#4434,.T.);
#2990=EDGE_CURVE('',#3687,#3683,#4435,.T.);
#2991=EDGE_CURVE('',#3697,#3697,#224,.T.);
#2992=EDGE_CURVE('',#3698,#3698,#225,.T.);
#2993=EDGE_CURVE('',#3699,#3699,#226,.F.);
#2994=EDGE_CURVE('',#3700,#3701,#4436,.T.);
#2995=EDGE_CURVE('',#3702,#3700,#4437,.T.);
#2996=EDGE_CURVE('',#3703,#3702,#4438,.T.);
#2997=EDGE_CURVE('',#3701,#3703,#4439,.T.);
#2998=EDGE_CURVE('',#3704,#3705,#4440,.T.);
#2999=EDGE_CURVE('',#3706,#3705,#4441,.T.);
#3000=EDGE_CURVE('',#3706,#3707,#4442,.T.);
#3001=EDGE_CURVE('',#3707,#3708,#4443,.T.);
#3002=EDGE_CURVE('',#3709,#3708,#4444,.T.);
#3003=EDGE_CURVE('',#3710,#3709,#4445,.T.);
#3004=EDGE_CURVE('',#3711,#3710,#4446,.T.);
#3005=EDGE_CURVE('',#3704,#3711,#4447,.T.);
#3006=EDGE_CURVE('',#3712,#3713,#4448,.T.);
#3007=EDGE_CURVE('',#3714,#3712,#4449,.T.);
#3008=EDGE_CURVE('',#3715,#3714,#4450,.T.);
#3009=EDGE_CURVE('',#3713,#3715,#4451,.T.);
#3010=EDGE_CURVE('',#3716,#3717,#4452,.T.);
#3011=EDGE_CURVE('',#3718,#3716,#4453,.T.);
#3012=EDGE_CURVE('',#3719,#3718,#4454,.T.);
#3013=EDGE_CURVE('',#3717,#3719,#4455,.T.);
#3014=EDGE_CURVE('',#3720,#3721,#4456,.T.);
#3015=EDGE_CURVE('',#3722,#3720,#4457,.T.);
#3016=EDGE_CURVE('',#3722,#3723,#4458,.T.);
#3017=EDGE_CURVE('',#3723,#3721,#4459,.T.);
#3018=EDGE_CURVE('',#3724,#3725,#4460,.T.);
#3019=EDGE_CURVE('',#3726,#3724,#4461,.T.);
#3020=EDGE_CURVE('',#3727,#3726,#4462,.T.);
#3021=EDGE_CURVE('',#3725,#3727,#4463,.T.);
#3022=EDGE_CURVE('',#3728,#3729,#4464,.T.);
#3023=EDGE_CURVE('',#3729,#3730,#4465,.T.);
#3024=EDGE_CURVE('',#3730,#3731,#4466,.T.);
#3025=EDGE_CURVE('',#3731,#3728,#4467,.T.);
#3026=EDGE_CURVE('',#3732,#3733,#4468,.F.);
#3027=EDGE_CURVE('',#3732,#3734,#4469,.F.);
#3028=EDGE_CURVE('',#3735,#3734,#4470,.F.);
#3029=EDGE_CURVE('',#3733,#3735,#4471,.F.);
#3030=EDGE_CURVE('',#3736,#3737,#4472,.T.);
#3031=EDGE_CURVE('',#3738,#3736,#4473,.T.);
#3032=EDGE_CURVE('',#3739,#3738,#4474,.T.);
#3033=EDGE_CURVE('',#3739,#3740,#4475,.T.);
#3034=EDGE_CURVE('',#3740,#3741,#4476,.T.);
#3035=EDGE_CURVE('',#3742,#3741,#4477,.T.);
#3036=EDGE_CURVE('',#3743,#3742,#4478,.T.);
#3037=EDGE_CURVE('',#3737,#3743,#4479,.T.);
#3038=EDGE_CURVE('',#3738,#3744,#4480,.T.);
#3039=EDGE_CURVE('',#3745,#3744,#4481,.T.);
#3040=EDGE_CURVE('',#3745,#3739,#4482,.T.);
#3041=EDGE_CURVE('',#3746,#3747,#4483,.T.);
#3042=EDGE_CURVE('',#3743,#3746,#4484,.T.);
#3043=EDGE_CURVE('',#3747,#3742,#4485,.T.);
#3044=EDGE_CURVE('',#3748,#3749,#4486,.T.);
#3045=EDGE_CURVE('',#3750,#3748,#4487,.T.);
#3046=EDGE_CURVE('',#3750,#3751,#4488,.T.);
#3047=EDGE_CURVE('',#3751,#3749,#4489,.T.);
#3048=EDGE_CURVE('',#3752,#3753,#4490,.T.);
#3049=EDGE_CURVE('',#3753,#3754,#4491,.T.);
#3050=EDGE_CURVE('',#3755,#3754,#4492,.T.);
#3051=EDGE_CURVE('',#3752,#3755,#4493,.T.);
#3052=EDGE_CURVE('',#3756,#3757,#4494,.T.);
#3053=EDGE_CURVE('',#3757,#3758,#4495,.T.);
#3054=EDGE_CURVE('',#3759,#3758,#4496,.T.);
#3055=EDGE_CURVE('',#3760,#3759,#4497,.T.);
#3056=EDGE_CURVE('',#3760,#3761,#4498,.T.);
#3057=EDGE_CURVE('',#3761,#3762,#4499,.T.);
#3058=EDGE_CURVE('',#3762,#3763,#4500,.T.);
#3059=EDGE_CURVE('',#3756,#3763,#4501,.T.);
#3060=EDGE_CURVE('',#3705,#3764,#4502,.T.);
#3061=EDGE_CURVE('',#3764,#3765,#4503,.T.);
#3062=EDGE_CURVE('',#3710,#3765,#4504,.T.);
#3063=EDGE_CURVE('',#3721,#3709,#4505,.T.);
#3064=EDGE_CURVE('',#3723,#3706,#4506,.T.);
#3065=EDGE_CURVE('',#3766,#3745,#4507,.T.);
#3066=EDGE_CURVE('',#3744,#3767,#4508,.T.);
#3067=EDGE_CURVE('',#3767,#3768,#4509,.T.);
#3068=EDGE_CURVE('',#3768,#3746,#4510,.T.);
#3069=EDGE_CURVE('',#3769,#3747,#4511,.T.);
#3070=EDGE_CURVE('',#3766,#3769,#4512,.T.);
#3071=EDGE_CURVE('',#3770,#3771,#4513,.T.);
#3072=EDGE_CURVE('',#3771,#3772,#4514,.T.);
#3073=EDGE_CURVE('',#3773,#3772,#4515,.T.);
#3074=EDGE_CURVE('',#3770,#3773,#4516,.T.);
#3075=EDGE_CURVE('',#3774,#3775,#4517,.T.);
#3076=EDGE_CURVE('',#3776,#3774,#4518,.T.);
#3077=EDGE_CURVE('',#3776,#3777,#4519,.T.);
#3078=EDGE_CURVE('',#3777,#3775,#4520,.T.);
#3079=EDGE_CURVE('',#3778,#3779,#4521,.T.);
#3080=EDGE_CURVE('',#3780,#3778,#4522,.T.);
#3081=EDGE_CURVE('',#3780,#3781,#4523,.T.);
#3082=EDGE_CURVE('',#3781,#3779,#4524,.F.);
#3083=EDGE_CURVE('',#3708,#3782,#4525,.T.);
#3084=EDGE_CURVE('',#3707,#3783,#4526,.T.);
#3085=EDGE_CURVE('',#3783,#3782,#4527,.T.);
#3086=EDGE_CURVE('',#3728,#3735,#4528,.T.);
#3087=EDGE_CURVE('',#3731,#3733,#4529,.T.);
#3088=EDGE_CURVE('',#3748,#3784,#4530,.T.);
#3089=EDGE_CURVE('',#3784,#3785,#4531,.T.);
#3090=EDGE_CURVE('',#3785,#3750,#4532,.T.);
#3091=EDGE_CURVE('',#3786,#3751,#4533,.T.);
#3092=EDGE_CURVE('',#3786,#3787,#4534,.F.);
#3093=EDGE_CURVE('',#3749,#3787,#4535,.T.);
#3094=EDGE_CURVE('',#3788,#3789,#4536,.T.);
#3095=EDGE_CURVE('',#3790,#3789,#4537,.T.);
#3096=EDGE_CURVE('',#3791,#3790,#4538,.T.);
#3097=EDGE_CURVE('',#3792,#3791,#4539,.T.);
#3098=EDGE_CURVE('',#3792,#3793,#4540,.T.);
#3099=EDGE_CURVE('',#3794,#3793,#4541,.T.);
#3100=EDGE_CURVE('',#3795,#3794,#4542,.T.);
#3101=EDGE_CURVE('',#3795,#3788,#4543,.T.);
#3102=EDGE_CURVE('',#3789,#3763,#4544,.T.);
#3103=EDGE_CURVE('',#3788,#3756,#4545,.T.);
#3104=EDGE_CURVE('',#3792,#3760,#4546,.T.);
#3105=EDGE_CURVE('',#3793,#3759,#4547,.T.);
#3106=EDGE_CURVE('',#3782,#3720,#4548,.T.);
#3107=EDGE_CURVE('',#3783,#3722,#4549,.T.);
#3108=EDGE_CURVE('',#3765,#3796,#4550,.T.);
#3109=EDGE_CURVE('',#3764,#3797,#4551,.T.);
#3110=EDGE_CURVE('',#3797,#3796,#4552,.T.);
#3111=EDGE_CURVE('',#3796,#3798,#4553,.T.);
#3112=EDGE_CURVE('',#3797,#3799,#4554,.T.);
#3113=EDGE_CURVE('',#3799,#3798,#4555,.T.);
#3114=EDGE_CURVE('',#3798,#3711,#4556,.T.);
#3115=EDGE_CURVE('',#3799,#3704,#4557,.T.);
#3116=EDGE_CURVE('',#3800,#3794,#4558,.T.);
#3117=EDGE_CURVE('',#3801,#3800,#4559,.T.);
#3118=EDGE_CURVE('',#3801,#3795,#4560,.T.);
#3119=EDGE_CURVE('',#3758,#3800,#4561,.T.);
#3120=EDGE_CURVE('',#3757,#3801,#4562,.T.);
#3121=EDGE_CURVE('',#3802,#3755,#4563,.T.);
#3122=EDGE_CURVE('',#3803,#3802,#4564,.T.);
#3123=EDGE_CURVE('',#3803,#3752,#4565,.T.);
#3124=EDGE_CURVE('',#3754,#3804,#4566,.T.);
#3125=EDGE_CURVE('',#3753,#3805,#4567,.T.);
#3126=EDGE_CURVE('',#3805,#3804,#4568,.T.);
#3127=EDGE_CURVE('',#3804,#3802,#4569,.T.);
#3128=EDGE_CURVE('',#3805,#3803,#4570,.T.);
#3129=EDGE_CURVE('',#3784,#3787,#4571,.T.);
#3130=EDGE_CURVE('',#3787,#3781,#4572,.F.);
#3131=EDGE_CURVE('',#3784,#3780,#4573,.T.);
#3132=EDGE_CURVE('',#3779,#3786,#4574,.F.);
#3133=EDGE_CURVE('',#3785,#3786,#4575,.T.);
#3134=EDGE_CURVE('',#3778,#3785,#4576,.T.);
#3135=EDGE_CURVE('',#3790,#3762,#4577,.T.);
#3136=EDGE_CURVE('',#3791,#3761,#4578,.T.);
#3137=EDGE_CURVE('',#3716,#3806,#4579,.T.);
#3138=EDGE_CURVE('',#3807,#3806,#4580,.T.);
#3139=EDGE_CURVE('',#3807,#3718,#4581,.T.);
#3140=EDGE_CURVE('',#3808,#3809,#4582,.T.);
#3141=EDGE_CURVE('',#3808,#3717,#4583,.T.);
#3142=EDGE_CURVE('',#3809,#3719,#4584,.T.);
#3143=EDGE_CURVE('',#3809,#3807,#4585,.T.);
#3144=EDGE_CURVE('',#3806,#3808,#4586,.T.);
#3145=EDGE_CURVE('',#3810,#3811,#4587,.T.);
#3146=EDGE_CURVE('',#3810,#3702,#4588,.T.);
#3147=EDGE_CURVE('',#3811,#3700,#4589,.T.);
#3148=EDGE_CURVE('',#3812,#3701,#4590,.T.);
#3149=EDGE_CURVE('',#3811,#3812,#4591,.T.);
#3150=EDGE_CURVE('',#3703,#3813,#4592,.T.);
#3151=EDGE_CURVE('',#3812,#3813,#4593,.T.);
#3152=EDGE_CURVE('',#3813,#3810,#4594,.T.);
#3153=EDGE_CURVE('',#3741,#3814,#4595,.T.);
#3154=EDGE_CURVE('',#3740,#3815,#4596,.T.);
#3155=EDGE_CURVE('',#3815,#3814,#4597,.T.);
#3156=EDGE_CURVE('',#3814,#3769,#4598,.T.);
#3157=EDGE_CURVE('',#3815,#3766,#4599,.T.);
#3158=EDGE_CURVE('',#3772,#3816,#4600,.T.);
#3159=EDGE_CURVE('',#3771,#3817,#4601,.T.);
#3160=EDGE_CURVE('',#3817,#3816,#4602,.T.);
#3161=EDGE_CURVE('',#3816,#3818,#4603,.T.);
#3162=EDGE_CURVE('',#3817,#3819,#4604,.T.);
#3163=EDGE_CURVE('',#3819,#3818,#4605,.T.);
#3164=EDGE_CURVE('',#3818,#3773,#4606,.T.);
#3165=EDGE_CURVE('',#3819,#3770,#4607,.T.);
#3166=EDGE_CURVE('',#3734,#3777,#4608,.T.);
#3167=EDGE_CURVE('',#3729,#3776,#4609,.T.);
#3168=EDGE_CURVE('',#3729,#3734,#4610,.T.);
#3169=EDGE_CURVE('',#3775,#3732,#4611,.T.);
#3170=EDGE_CURVE('',#3730,#3732,#4612,.T.);
#3171=EDGE_CURVE('',#3774,#3730,#4613,.T.);
#3172=EDGE_CURVE('',#3736,#3767,#4614,.T.);
#3173=EDGE_CURVE('',#3737,#3768,#4615,.T.);
#3174=EDGE_CURVE('',#3820,#3821,#4616,.T.);
#3175=EDGE_CURVE('',#3820,#3724,#4617,.T.);
#3176=EDGE_CURVE('',#3821,#3725,#4618,.T.);
#3177=EDGE_CURVE('',#3822,#3727,#4619,.T.);
#3178=EDGE_CURVE('',#3821,#3822,#4620,.T.);
#3179=EDGE_CURVE('',#3726,#3823,#4621,.T.);
#3180=EDGE_CURVE('',#3822,#3823,#4622,.T.);
#3181=EDGE_CURVE('',#3823,#3820,#4623,.T.);
#3182=EDGE_CURVE('',#3824,#3712,#4624,.T.);
#3183=EDGE_CURVE('',#3825,#3824,#4625,.T.);
#3184=EDGE_CURVE('',#3825,#3714,#4626,.T.);
#3185=EDGE_CURVE('',#3713,#3826,#4627,.T.);
#3186=EDGE_CURVE('',#3824,#3826,#4628,.T.);
#3187=EDGE_CURVE('',#3827,#3825,#4629,.T.);
#3188=EDGE_CURVE('',#3827,#3715,#4630,.T.);
#3189=EDGE_CURVE('',#3826,#3827,#4631,.T.);
#3190=VERTEX_POINT('',#9551);
#3191=VERTEX_POINT('',#9552);
#3192=VERTEX_POINT('',#9554);
#3193=VERTEX_POINT('',#9556);
#3194=VERTEX_POINT('',#9560);
#3195=VERTEX_POINT('',#9561);
#3196=VERTEX_POINT('',#9563);
#3197=VERTEX_POINT('',#9565);
#3198=VERTEX_POINT('',#9567);
#3199=VERTEX_POINT('',#9569);
#3200=VERTEX_POINT('',#9573);
#3201=VERTEX_POINT('',#9574);
#3202=VERTEX_POINT('',#9576);
#3203=VERTEX_POINT('',#9578);
#3204=VERTEX_POINT('',#9580);
#3205=VERTEX_POINT('',#9582);
#3206=VERTEX_POINT('',#9584);
#3207=VERTEX_POINT('',#9586);
#3208=VERTEX_POINT('',#9588);
#3209=VERTEX_POINT('',#9590);
#3210=VERTEX_POINT('',#9592);
#3211=VERTEX_POINT('',#9594);
#3212=VERTEX_POINT('',#9596);
#3213=VERTEX_POINT('',#9600);
#3214=VERTEX_POINT('',#9601);
#3215=VERTEX_POINT('',#9603);
#3216=VERTEX_POINT('',#9605);
#3217=VERTEX_POINT('',#9607);
#3218=VERTEX_POINT('',#9609);
#3219=VERTEX_POINT('',#9611);
#3220=VERTEX_POINT('',#9613);
#3221=VERTEX_POINT('',#9615);
#3222=VERTEX_POINT('',#9617);
#3223=VERTEX_POINT('',#9619);
#3224=VERTEX_POINT('',#9621);
#3225=VERTEX_POINT('',#9623);
#3226=VERTEX_POINT('',#9627);
#3227=VERTEX_POINT('',#9629);
#3228=VERTEX_POINT('',#9631);
#3229=VERTEX_POINT('',#9633);
#3230=VERTEX_POINT('',#9637);
#3231=VERTEX_POINT('',#9639);
#3232=VERTEX_POINT('',#9643);
#3233=VERTEX_POINT('',#9645);
#3234=VERTEX_POINT('',#9650);
#3235=VERTEX_POINT('',#9652);
#3236=VERTEX_POINT('',#9654);
#3237=VERTEX_POINT('',#9656);
#3238=VERTEX_POINT('',#9660);
#3239=VERTEX_POINT('',#9662);
#3240=VERTEX_POINT('',#9664);
#3241=VERTEX_POINT('',#9665);
#3242=VERTEX_POINT('',#9667);
#3243=VERTEX_POINT('',#9669);
#3244=VERTEX_POINT('',#9672);
#3245=VERTEX_POINT('',#9673);
#3246=VERTEX_POINT('',#9675);
#3247=VERTEX_POINT('',#9677);
#3248=VERTEX_POINT('',#9680);
#3249=VERTEX_POINT('',#9681);
#3250=VERTEX_POINT('',#9683);
#3251=VERTEX_POINT('',#9685);
#3252=VERTEX_POINT('',#9689);
#3253=VERTEX_POINT('',#9690);
#3254=VERTEX_POINT('',#9692);
#3255=VERTEX_POINT('',#9694);
#3256=VERTEX_POINT('',#9697);
#3257=VERTEX_POINT('',#9698);
#3258=VERTEX_POINT('',#9700);
#3259=VERTEX_POINT('',#9702);
#3260=VERTEX_POINT('',#9705);
#3261=VERTEX_POINT('',#9706);
#3262=VERTEX_POINT('',#9708);
#3263=VERTEX_POINT('',#9710);
#3264=VERTEX_POINT('',#9714);
#3265=VERTEX_POINT('',#9716);
#3266=VERTEX_POINT('',#9718);
#3267=VERTEX_POINT('',#9720);
#3268=VERTEX_POINT('',#9722);
#3269=VERTEX_POINT('',#9724);
#3270=VERTEX_POINT('',#9726);
#3271=VERTEX_POINT('',#9728);
#3272=VERTEX_POINT('',#9730);
#3273=VERTEX_POINT('',#9733);
#3274=VERTEX_POINT('',#9734);
#3275=VERTEX_POINT('',#9736);
#3276=VERTEX_POINT('',#9738);
#3277=VERTEX_POINT('',#9741);
#3278=VERTEX_POINT('',#9742);
#3279=VERTEX_POINT('',#9744);
#3280=VERTEX_POINT('',#9746);
#3281=VERTEX_POINT('',#9750);
#3282=VERTEX_POINT('',#9752);
#3283=VERTEX_POINT('',#9754);
#3284=VERTEX_POINT('',#9756);
#3285=VERTEX_POINT('',#9759);
#3286=VERTEX_POINT('',#9760);
#3287=VERTEX_POINT('',#9762);
#3288=VERTEX_POINT('',#9764);
#3289=VERTEX_POINT('',#9767);
#3290=VERTEX_POINT('',#9768);
#3291=VERTEX_POINT('',#9770);
#3292=VERTEX_POINT('',#9772);
#3293=VERTEX_POINT('',#9776);
#3294=VERTEX_POINT('',#9778);
#3295=VERTEX_POINT('',#9780);
#3296=VERTEX_POINT('',#9782);
#3297=VERTEX_POINT('',#9784);
#3298=VERTEX_POINT('',#9787);
#3299=VERTEX_POINT('',#9790);
#3300=VERTEX_POINT('',#9792);
#3301=VERTEX_POINT('',#9795);
#3302=VERTEX_POINT('',#9796);
#3303=VERTEX_POINT('',#9798);
#3304=VERTEX_POINT('',#9800);
#3305=VERTEX_POINT('',#9802);
#3306=VERTEX_POINT('',#9805);
#3307=VERTEX_POINT('',#9807);
#3308=VERTEX_POINT('',#9809);
#3309=VERTEX_POINT('',#9810);
#3310=VERTEX_POINT('',#9812);
#3311=VERTEX_POINT('',#9815);
#3312=VERTEX_POINT('',#9817);
#3313=VERTEX_POINT('',#9819);
#3314=VERTEX_POINT('',#9821);
#3315=VERTEX_POINT('',#9823);
#3316=VERTEX_POINT('',#9825);
#3317=VERTEX_POINT('',#9827);
#3318=VERTEX_POINT('',#9829);
#3319=VERTEX_POINT('',#9831);
#3320=VERTEX_POINT('',#9833);
#3321=VERTEX_POINT('',#9835);
#3322=VERTEX_POINT('',#9839);
#3323=VERTEX_POINT('',#9840);
#3324=VERTEX_POINT('',#9842);
#3325=VERTEX_POINT('',#9844);
#3326=VERTEX_POINT('',#9846);
#3327=VERTEX_POINT('',#9848);
#3328=VERTEX_POINT('',#9852);
#3329=VERTEX_POINT('',#9857);
#3330=VERTEX_POINT('',#9859);
#3331=VERTEX_POINT('',#9861);
#3332=VERTEX_POINT('',#9863);
#3333=VERTEX_POINT('',#9865);
#3334=VERTEX_POINT('',#9867);
#3335=VERTEX_POINT('',#9869);
#3336=VERTEX_POINT('',#9871);
#3337=VERTEX_POINT('',#9873);
#3338=VERTEX_POINT('',#9875);
#3339=VERTEX_POINT('',#9877);
#3340=VERTEX_POINT('',#9879);
#3341=VERTEX_POINT('',#9882);
#3342=VERTEX_POINT('',#9886);
#3343=VERTEX_POINT('',#9887);
#3344=VERTEX_POINT('',#9889);
#3345=VERTEX_POINT('',#9891);
#3346=VERTEX_POINT('',#9895);
#3347=VERTEX_POINT('',#9896);
#3348=VERTEX_POINT('',#9898);
#3349=VERTEX_POINT('',#9900);
#3350=VERTEX_POINT('',#9904);
#3351=VERTEX_POINT('',#9905);
#3352=VERTEX_POINT('',#9910);
#3353=VERTEX_POINT('',#9911);
#3354=VERTEX_POINT('',#9916);
#3355=VERTEX_POINT('',#9920);
#3356=VERTEX_POINT('',#9922);
#3357=VERTEX_POINT('',#9926);
#3358=VERTEX_POINT('',#9928);
#3359=VERTEX_POINT('',#9932);
#3360=VERTEX_POINT('',#9934);
#3361=VERTEX_POINT('',#9936);
#3362=VERTEX_POINT('',#9938);
#3363=VERTEX_POINT('',#9940);
#3364=VERTEX_POINT('',#9942);
#3365=VERTEX_POINT('',#9945);
#3366=VERTEX_POINT('',#9948);
#3367=VERTEX_POINT('',#9950);
#3368=VERTEX_POINT('',#9953);
#3369=VERTEX_POINT('',#9956);
#3370=VERTEX_POINT('',#9958);
#3371=VERTEX_POINT('',#9962);
#3372=VERTEX_POINT('',#9970);
#3373=VERTEX_POINT('',#9972);
#3374=VERTEX_POINT('',#9973);
#3375=VERTEX_POINT('',#9975);
#3376=VERTEX_POINT('',#9978);
#3377=VERTEX_POINT('',#9980);
#3378=VERTEX_POINT('',#9983);
#3379=VERTEX_POINT('',#9985);
#3380=VERTEX_POINT('',#9987);
#3381=VERTEX_POINT('',#9989);
#3382=VERTEX_POINT('',#9991);
#3383=VERTEX_POINT('',#9993);
#3384=VERTEX_POINT('',#9995);
#3385=VERTEX_POINT('',#9999);
#3386=VERTEX_POINT('',#10002);
#3387=VERTEX_POINT('',#10005);
#3388=VERTEX_POINT('',#10007);
#3389=VERTEX_POINT('',#10010);
#3390=VERTEX_POINT('',#10012);
#3391=VERTEX_POINT('',#10017);
#3392=VERTEX_POINT('',#10019);
#3393=VERTEX_POINT('',#10023);
#3394=VERTEX_POINT('',#10024);
#3395=VERTEX_POINT('',#10026);
#3396=VERTEX_POINT('',#10028);
#3397=VERTEX_POINT('',#10032);
#3398=VERTEX_POINT('',#10033);
#3399=VERTEX_POINT('',#10038);
#3400=VERTEX_POINT('',#10042);
#3401=VERTEX_POINT('',#10046);
#3402=VERTEX_POINT('',#10048);
#3403=VERTEX_POINT('',#10059);
#3404=VERTEX_POINT('',#10060);
#3405=VERTEX_POINT('',#10062);
#3406=VERTEX_POINT('',#10064);
#3407=VERTEX_POINT('',#10067);
#3408=VERTEX_POINT('',#10071);
#3409=VERTEX_POINT('',#10072);
#3410=VERTEX_POINT('',#10076);
#3411=VERTEX_POINT('',#10080);
#3412=VERTEX_POINT('',#10082);
#3413=VERTEX_POINT('',#10085);
#3414=VERTEX_POINT('',#10087);
#3415=VERTEX_POINT('',#10089);
#3416=VERTEX_POINT('',#10091);
#3417=VERTEX_POINT('',#10095);
#3418=VERTEX_POINT('',#10103);
#3419=VERTEX_POINT('',#10105);
#3420=VERTEX_POINT('',#10129);
#3421=VERTEX_POINT('',#10132);
#3422=VERTEX_POINT('',#10136);
#3423=VERTEX_POINT('',#10142);
#3424=VERTEX_POINT('',#10146);
#3425=VERTEX_POINT('',#10154);
#3426=VERTEX_POINT('',#10158);
#3427=VERTEX_POINT('',#10161);
#3428=VERTEX_POINT('',#10165);
#3429=VERTEX_POINT('',#10169);
#3430=VERTEX_POINT('',#10176);
#3431=VERTEX_POINT('',#10178);
#3432=VERTEX_POINT('',#10183);
#3433=VERTEX_POINT('',#10192);
#3434=VERTEX_POINT('',#10194);
#3435=VERTEX_POINT('',#10198);
#3436=VERTEX_POINT('',#10200);
#3437=VERTEX_POINT('',#10204);
#3438=VERTEX_POINT('',#10206);
#3439=VERTEX_POINT('',#10210);
#3440=VERTEX_POINT('',#10212);
#3441=VERTEX_POINT('',#10216);
#3442=VERTEX_POINT('',#10218);
#3443=VERTEX_POINT('',#10222);
#3444=VERTEX_POINT('',#10224);
#3445=VERTEX_POINT('',#10267);
#3446=VERTEX_POINT('',#10270);
#3447=VERTEX_POINT('',#10274);
#3448=VERTEX_POINT('',#10280);
#3449=VERTEX_POINT('',#10284);
#3450=VERTEX_POINT('',#10292);
#3451=VERTEX_POINT('',#10296);
#3452=VERTEX_POINT('',#10300);
#3453=VERTEX_POINT('',#10306);
#3454=VERTEX_POINT('',#10308);
#3455=VERTEX_POINT('',#10312);
#3456=VERTEX_POINT('',#10343);
#3457=VERTEX_POINT('',#10359);
#3458=VERTEX_POINT('',#10361);
#3459=VERTEX_POINT('',#10365);
#3460=VERTEX_POINT('',#10366);
#3461=VERTEX_POINT('',#10368);
#3462=VERTEX_POINT('',#10370);
#3463=VERTEX_POINT('',#10374);
#3464=VERTEX_POINT('',#10375);
#3465=VERTEX_POINT('',#10377);
#3466=VERTEX_POINT('',#10379);
#3467=VERTEX_POINT('',#10383);
#3468=VERTEX_POINT('',#10384);
#3469=VERTEX_POINT('',#10386);
#3470=VERTEX_POINT('',#10388);
#3471=VERTEX_POINT('',#10392);
#3472=VERTEX_POINT('',#10393);
#3473=VERTEX_POINT('',#10395);
#3474=VERTEX_POINT('',#10397);
#3475=VERTEX_POINT('',#10401);
#3476=VERTEX_POINT('',#10402);
#3477=VERTEX_POINT('',#10404);
#3478=VERTEX_POINT('',#10406);
#3479=VERTEX_POINT('',#10430);
#3480=VERTEX_POINT('',#10432);
#3481=VERTEX_POINT('',#10436);
#3482=VERTEX_POINT('',#10440);
#3483=VERTEX_POINT('',#10444);
#3484=VERTEX_POINT('',#10453);
#3485=VERTEX_POINT('',#10454);
#3486=VERTEX_POINT('',#10456);
#3487=VERTEX_POINT('',#10458);
#3488=VERTEX_POINT('',#10461);
#3489=VERTEX_POINT('',#10464);
#3490=VERTEX_POINT('',#10465);
#3491=VERTEX_POINT('',#10467);
#3492=VERTEX_POINT('',#10469);
#3493=VERTEX_POINT('',#10471);
#3494=VERTEX_POINT('',#10473);
#3495=VERTEX_POINT('',#10475);
#3496=VERTEX_POINT('',#10477);
#3497=VERTEX_POINT('',#10481);
#3498=VERTEX_POINT('',#10483);
#3499=VERTEX_POINT('',#10487);
#3500=VERTEX_POINT('',#10488);
#3501=VERTEX_POINT('',#10493);
#3502=VERTEX_POINT('',#10495);
#3503=VERTEX_POINT('',#10498);
#3504=VERTEX_POINT('',#10500);
#3505=VERTEX_POINT('',#10504);
#3506=VERTEX_POINT('',#10506);
#3507=VERTEX_POINT('',#10511);
#3508=VERTEX_POINT('',#10513);
#3509=VERTEX_POINT('',#10530);
#3510=VERTEX_POINT('',#10531);
#3511=VERTEX_POINT('',#10533);
#3512=VERTEX_POINT('',#10535);
#3513=VERTEX_POINT('',#10537);
#3514=VERTEX_POINT('',#10539);
#3515=VERTEX_POINT('',#10543);
#3516=VERTEX_POINT('',#10545);
#3517=VERTEX_POINT('',#10549);
#3518=VERTEX_POINT('',#10551);
#3519=VERTEX_POINT('',#10555);
#3520=VERTEX_POINT('',#10557);
#3521=VERTEX_POINT('',#10561);
#3522=VERTEX_POINT('',#10562);
#3523=VERTEX_POINT('',#10564);
#3524=VERTEX_POINT('',#10566);
#3525=VERTEX_POINT('',#10568);
#3526=VERTEX_POINT('',#10570);
#3527=VERTEX_POINT('',#10574);
#3528=VERTEX_POINT('',#10576);
#3529=VERTEX_POINT('',#10580);
#3530=VERTEX_POINT('',#10582);
#3531=VERTEX_POINT('',#10586);
#3532=VERTEX_POINT('',#10588);
#3533=VERTEX_POINT('',#10592);
#3534=VERTEX_POINT('',#10593);
#3535=VERTEX_POINT('',#10595);
#3536=VERTEX_POINT('',#10597);
#3537=VERTEX_POINT('',#10601);
#3538=VERTEX_POINT('',#10603);
#3539=VERTEX_POINT('',#10607);
#3540=VERTEX_POINT('',#10608);
#3541=VERTEX_POINT('',#10610);
#3542=VERTEX_POINT('',#10612);
#3543=VERTEX_POINT('',#10616);
#3544=VERTEX_POINT('',#10618);
#3545=VERTEX_POINT('',#10622);
#3546=VERTEX_POINT('',#10624);
#3547=VERTEX_POINT('',#10628);
#3548=VERTEX_POINT('',#10630);
#3549=VERTEX_POINT('',#10632);
#3550=VERTEX_POINT('',#10634);
#3551=VERTEX_POINT('',#10638);
#3552=VERTEX_POINT('',#10639);
#3553=VERTEX_POINT('',#10641);
#3554=VERTEX_POINT('',#10643);
#3555=VERTEX_POINT('',#10647);
#3556=VERTEX_POINT('',#10649);
#3557=VERTEX_POINT('',#10653);
#3558=VERTEX_POINT('',#10655);
#3559=VERTEX_POINT('',#10659);
#3560=VERTEX_POINT('',#10661);
#3561=VERTEX_POINT('',#10663);
#3562=VERTEX_POINT('',#10665);
#3563=VERTEX_POINT('',#10669);
#3564=VERTEX_POINT('',#10671);
#3565=VERTEX_POINT('',#10673);
#3566=VERTEX_POINT('',#10675);
#3567=VERTEX_POINT('',#10677);
#3568=VERTEX_POINT('',#10679);
#3569=VERTEX_POINT('',#10681);
#3570=VERTEX_POINT('',#10683);
#3571=VERTEX_POINT('',#10688);
#3572=VERTEX_POINT('',#10689);
#3573=VERTEX_POINT('',#10693);
#3574=VERTEX_POINT('',#10695);
#3575=VERTEX_POINT('',#10697);
#3576=VERTEX_POINT('',#10699);
#3577=VERTEX_POINT('',#10701);
#3578=VERTEX_POINT('',#10703);
#3579=VERTEX_POINT('',#10707);
#3580=VERTEX_POINT('',#10708);
#3581=VERTEX_POINT('',#10712);
#3582=VERTEX_POINT('',#10714);
#3583=VERTEX_POINT('',#10716);
#3584=VERTEX_POINT('',#10718);
#3585=VERTEX_POINT('',#10725);
#3586=VERTEX_POINT('',#10727);
#3587=VERTEX_POINT('',#10731);
#3588=VERTEX_POINT('',#10732);
#3589=VERTEX_POINT('',#10734);
#3590=VERTEX_POINT('',#10736);
#3591=VERTEX_POINT('',#10738);
#3592=VERTEX_POINT('',#10740);
#3593=VERTEX_POINT('',#10742);
#3594=VERTEX_POINT('',#10744);
#3595=VERTEX_POINT('',#10746);
#3596=VERTEX_POINT('',#10748);
#3597=VERTEX_POINT('',#10750);
#3598=VERTEX_POINT('',#10752);
#3599=VERTEX_POINT('',#10755);
#3600=VERTEX_POINT('',#10757);
#3601=VERTEX_POINT('',#10759);
#3602=VERTEX_POINT('',#10761);
#3603=VERTEX_POINT('',#10763);
#3604=VERTEX_POINT('',#10765);
#3605=VERTEX_POINT('',#10767);
#3606=VERTEX_POINT('',#10769);
#3607=VERTEX_POINT('',#10773);
#3608=VERTEX_POINT('',#10774);
#3609=VERTEX_POINT('',#10776);
#3610=VERTEX_POINT('',#10778);
#3611=VERTEX_POINT('',#10782);
#3612=VERTEX_POINT('',#10783);
#3613=VERTEX_POINT('',#10785);
#3614=VERTEX_POINT('',#10787);
#3615=VERTEX_POINT('',#10789);
#3616=VERTEX_POINT('',#10791);
#3617=VERTEX_POINT('',#10793);
#3618=VERTEX_POINT('',#10795);
#3619=VERTEX_POINT('',#10797);
#3620=VERTEX_POINT('',#10799);
#3621=VERTEX_POINT('',#10801);
#3622=VERTEX_POINT('',#10803);
#3623=VERTEX_POINT('',#10805);
#3624=VERTEX_POINT('',#10807);
#3625=VERTEX_POINT('',#10809);
#3626=VERTEX_POINT('',#10811);
#3627=VERTEX_POINT('',#10813);
#3628=VERTEX_POINT('',#10815);
#3629=VERTEX_POINT('',#10817);
#3630=VERTEX_POINT('',#10819);
#3631=VERTEX_POINT('',#10821);
#3632=VERTEX_POINT('',#10823);
#3633=VERTEX_POINT('',#10830);
#3634=VERTEX_POINT('',#10831);
#3635=VERTEX_POINT('',#10833);
#3636=VERTEX_POINT('',#10835);
#3637=VERTEX_POINT('',#10874);
#3638=VERTEX_POINT('',#10876);
#3639=VERTEX_POINT('',#10881);
#3640=VERTEX_POINT('',#10883);
#3641=VERTEX_POINT('',#10920);
#3642=VERTEX_POINT('',#10921);
#3643=VERTEX_POINT('',#10923);
#3644=VERTEX_POINT('',#10925);
#3645=VERTEX_POINT('',#10927);
#3646=VERTEX_POINT('',#10929);
#3647=VERTEX_POINT('',#10933);
#3648=VERTEX_POINT('',#10934);
#3649=VERTEX_POINT('',#10936);
#3650=VERTEX_POINT('',#10938);
#3651=VERTEX_POINT('',#10942);
#3652=VERTEX_POINT('',#10943);
#3653=VERTEX_POINT('',#10945);
#3654=VERTEX_POINT('',#10947);
#3655=VERTEX_POINT('',#10949);
#3656=VERTEX_POINT('',#10951);
#3657=VERTEX_POINT('',#10955);
#3658=VERTEX_POINT('',#10965);
#3659=VERTEX_POINT('',#10975);
#3660=VERTEX_POINT('',#10978);
#3661=VERTEX_POINT('',#11001);
#3662=VERTEX_POINT('',#11002);
#3663=VERTEX_POINT('',#11004);
#3664=VERTEX_POINT('',#11006);
#3665=VERTEX_POINT('',#11008);
#3666=VERTEX_POINT('',#11010);
#3667=VERTEX_POINT('',#11014);
#3668=VERTEX_POINT('',#11015);
#3669=VERTEX_POINT('',#11017);
#3670=VERTEX_POINT('',#11019);
#3671=VERTEX_POINT('',#11021);
#3672=VERTEX_POINT('',#11023);
#3673=VERTEX_POINT('',#11027);
#3674=VERTEX_POINT('',#11028);
#3675=VERTEX_POINT('',#11030);
#3676=VERTEX_POINT('',#11032);
#3677=VERTEX_POINT('',#11043);
#3678=VERTEX_POINT('',#11046);
#3679=VERTEX_POINT('',#11057);
#3680=VERTEX_POINT('',#11066);
#3681=VERTEX_POINT('',#11085);
#3682=VERTEX_POINT('',#11087);
#3683=VERTEX_POINT('',#11088);
#3684=VERTEX_POINT('',#11090);
#3685=VERTEX_POINT('',#11092);
#3686=VERTEX_POINT('',#11094);
#3687=VERTEX_POINT('',#11096);
#3688=VERTEX_POINT('',#11098);
#3689=VERTEX_POINT('',#11100);
#3690=VERTEX_POINT('',#11104);
#3691=VERTEX_POINT('',#11105);
#3692=VERTEX_POINT('',#11109);
#3693=VERTEX_POINT('',#11110);
#3694=VERTEX_POINT('',#11132);
#3695=VERTEX_POINT('',#11134);
#3696=VERTEX_POINT('',#11137);
#3697=VERTEX_POINT('',#11146);
#3698=VERTEX_POINT('',#11148);
#3699=VERTEX_POINT('',#11151);
#3700=VERTEX_POINT('',#11160);
#3701=VERTEX_POINT('',#11161);
#3702=VERTEX_POINT('',#11163);
#3703=VERTEX_POINT('',#11165);
#3704=VERTEX_POINT('',#11168);
#3705=VERTEX_POINT('',#11169);
#3706=VERTEX_POINT('',#11171);
#3707=VERTEX_POINT('',#11173);
#3708=VERTEX_POINT('',#11175);
#3709=VERTEX_POINT('',#11177);
#3710=VERTEX_POINT('',#11179);
#3711=VERTEX_POINT('',#11181);
#3712=VERTEX_POINT('',#11184);
#3713=VERTEX_POINT('',#11185);
#3714=VERTEX_POINT('',#11187);
#3715=VERTEX_POINT('',#11189);
#3716=VERTEX_POINT('',#11193);
#3717=VERTEX_POINT('',#11194);
#3718=VERTEX_POINT('',#11196);
#3719=VERTEX_POINT('',#11198);
#3720=VERTEX_POINT('',#11201);
#3721=VERTEX_POINT('',#11202);
#3722=VERTEX_POINT('',#11204);
#3723=VERTEX_POINT('',#11206);
#3724=VERTEX_POINT('',#11209);
#3725=VERTEX_POINT('',#11210);
#3726=VERTEX_POINT('',#11212);
#3727=VERTEX_POINT('',#11214);
#3728=VERTEX_POINT('',#11218);
#3729=VERTEX_POINT('',#11219);
#3730=VERTEX_POINT('',#11221);
#3731=VERTEX_POINT('',#11223);
#3732=VERTEX_POINT('',#11227);
#3733=VERTEX_POINT('',#11228);
#3734=VERTEX_POINT('',#11230);
#3735=VERTEX_POINT('',#11232);
#3736=VERTEX_POINT('',#11236);
#3737=VERTEX_POINT('',#11237);
#3738=VERTEX_POINT('',#11239);
#3739=VERTEX_POINT('',#11241);
#3740=VERTEX_POINT('',#11243);
#3741=VERTEX_POINT('',#11245);
#3742=VERTEX_POINT('',#11247);
#3743=VERTEX_POINT('',#11249);
#3744=VERTEX_POINT('',#11253);
#3745=VERTEX_POINT('',#11255);
#3746=VERTEX_POINT('',#11259);
#3747=VERTEX_POINT('',#11260);
#3748=VERTEX_POINT('',#11265);
#3749=VERTEX_POINT('',#11266);
#3750=VERTEX_POINT('',#11268);
#3751=VERTEX_POINT('',#11270);
#3752=VERTEX_POINT('',#11273);
#3753=VERTEX_POINT('',#11274);
#3754=VERTEX_POINT('',#11276);
#3755=VERTEX_POINT('',#11278);
#3756=VERTEX_POINT('',#11281);
#3757=VERTEX_POINT('',#11282);
#3758=VERTEX_POINT('',#11284);
#3759=VERTEX_POINT('',#11286);
#3760=VERTEX_POINT('',#11288);
#3761=VERTEX_POINT('',#11290);
#3762=VERTEX_POINT('',#11292);
#3763=VERTEX_POINT('',#11294);
#3764=VERTEX_POINT('',#11297);
#3765=VERTEX_POINT('',#11299);
#3766=VERTEX_POINT('',#11304);
#3767=VERTEX_POINT('',#11306);
#3768=VERTEX_POINT('',#11308);
#3769=VERTEX_POINT('',#11311);
#3770=VERTEX_POINT('',#11314);
#3771=VERTEX_POINT('',#11315);
#3772=VERTEX_POINT('',#11317);
#3773=VERTEX_POINT('',#11319);
#3774=VERTEX_POINT('',#11322);
#3775=VERTEX_POINT('',#11323);
#3776=VERTEX_POINT('',#11325);
#3777=VERTEX_POINT('',#11327);
#3778=VERTEX_POINT('',#11331);
#3779=VERTEX_POINT('',#11332);
#3780=VERTEX_POINT('',#11334);
#3781=VERTEX_POINT('',#11336);
#3782=VERTEX_POINT('',#11339);
#3783=VERTEX_POINT('',#11341);
#3784=VERTEX_POINT('',#11347);
#3785=VERTEX_POINT('',#11349);
#3786=VERTEX_POINT('',#11353);
#3787=VERTEX_POINT('',#11355);
#3788=VERTEX_POINT('',#11359);
#3789=VERTEX_POINT('',#11360);
#3790=VERTEX_POINT('',#11362);
#3791=VERTEX_POINT('',#11364);
#3792=VERTEX_POINT('',#11366);
#3793=VERTEX_POINT('',#11368);
#3794=VERTEX_POINT('',#11370);
#3795=VERTEX_POINT('',#11372);
#3796=VERTEX_POINT('',#11387);
#3797=VERTEX_POINT('',#11389);
#3798=VERTEX_POINT('',#11393);
#3799=VERTEX_POINT('',#11395);
#3800=VERTEX_POINT('',#11404);
#3801=VERTEX_POINT('',#11406);
#3802=VERTEX_POINT('',#11415);
#3803=VERTEX_POINT('',#11417);
#3804=VERTEX_POINT('',#11421);
#3805=VERTEX_POINT('',#11423);
#3806=VERTEX_POINT('',#11449);
#3807=VERTEX_POINT('',#11451);
#3808=VERTEX_POINT('',#11455);
#3809=VERTEX_POINT('',#11456);
#3810=VERTEX_POINT('',#11465);
#3811=VERTEX_POINT('',#11466);
#3812=VERTEX_POINT('',#11471);
#3813=VERTEX_POINT('',#11475);
#3814=VERTEX_POINT('',#11483);
#3815=VERTEX_POINT('',#11485);
#3816=VERTEX_POINT('',#11494);
#3817=VERTEX_POINT('',#11496);
#3818=VERTEX_POINT('',#11500);
#3819=VERTEX_POINT('',#11502);
#3820=VERTEX_POINT('',#11528);
#3821=VERTEX_POINT('',#11529);
#3822=VERTEX_POINT('',#11534);
#3823=VERTEX_POINT('',#11538);
#3824=VERTEX_POINT('',#11544);
#3825=VERTEX_POINT('',#11546);
#3826=VERTEX_POINT('',#11550);
#3827=VERTEX_POINT('',#11554);
#3828=LINE('',#9550,#4632);
#3829=LINE('',#9553,#4633);
#3830=LINE('',#9555,#4634);
#3831=LINE('',#9557,#4635);
#3832=LINE('',#9559,#4636);
#3833=LINE('',#9562,#4637);
#3834=LINE('',#9564,#4638);
#3835=LINE('',#9566,#4639);
#3836=LINE('',#9568,#4640);
#3837=LINE('',#9570,#4641);
#3838=LINE('',#9572,#4642);
#3839=LINE('',#9575,#4643);
#3840=LINE('',#9577,#4644);
#3841=LINE('',#9579,#4645);
#3842=LINE('',#9581,#4646);
#3843=LINE('',#9583,#4647);
#3844=LINE('',#9585,#4648);
#3845=LINE('',#9587,#4649);
#3846=LINE('',#9589,#4650);
#3847=LINE('',#9591,#4651);
#3848=LINE('',#9593,#4652);
#3849=LINE('',#9595,#4653);
#3850=LINE('',#9597,#4654);
#3851=LINE('',#9599,#4655);
#3852=LINE('',#9602,#4656);
#3853=LINE('',#9604,#4657);
#3854=LINE('',#9606,#4658);
#3855=LINE('',#9608,#4659);
#3856=LINE('',#9610,#4660);
#3857=LINE('',#9612,#4661);
#3858=LINE('',#9614,#4662);
#3859=LINE('',#9616,#4663);
#3860=LINE('',#9618,#4664);
#3861=LINE('',#9620,#4665);
#3862=LINE('',#9622,#4666);
#3863=LINE('',#9624,#4667);
#3864=LINE('',#9626,#4668);
#3865=LINE('',#9628,#4669);
#3866=LINE('',#9630,#4670);
#3867=LINE('',#9632,#4671);
#3868=LINE('',#9634,#4672);
#3869=LINE('',#9636,#4673);
#3870=LINE('',#9638,#4674);
#3871=LINE('',#9640,#4675);
#3872=LINE('',#9642,#4676);
#3873=LINE('',#9644,#4677);
#3874=LINE('',#9646,#4678);
#3875=LINE('',#9647,#4679);
#3876=LINE('',#9651,#4680);
#3877=LINE('',#9655,#4681);
#3878=LINE('',#9663,#4682);
#3879=LINE('',#9666,#4683);
#3880=LINE('',#9668,#4684);
#3881=LINE('',#9670,#4685);
#3882=LINE('',#9671,#4686);
#3883=LINE('',#9674,#4687);
#3884=LINE('',#9676,#4688);
#3885=LINE('',#9678,#4689);
#3886=LINE('',#9679,#4690);
#3887=LINE('',#9682,#4691);
#3888=LINE('',#9684,#4692);
#3889=LINE('',#9686,#4693);
#3890=LINE('',#9688,#4694);
#3891=LINE('',#9691,#4695);
#3892=LINE('',#9693,#4696);
#3893=LINE('',#9695,#4697);
#3894=LINE('',#9696,#4698);
#3895=LINE('',#9699,#4699);
#3896=LINE('',#9701,#4700);
#3897=LINE('',#9703,#4701);
#3898=LINE('',#9704,#4702);
#3899=LINE('',#9707,#4703);
#3900=LINE('',#9709,#4704);
#3901=LINE('',#9711,#4705);
#3902=LINE('',#9713,#4706);
#3903=LINE('',#9715,#4707);
#3904=LINE('',#9719,#4708);
#3905=LINE('',#9721,#4709);
#3906=LINE('',#9723,#4710);
#3907=LINE('',#9725,#4711);
#3908=LINE('',#9727,#4712);
#3909=LINE('',#9729,#4713);
#3910=LINE('',#9731,#4714);
#3911=LINE('',#9732,#4715);
#3912=LINE('',#9735,#4716);
#3913=LINE('',#9737,#4717);
#3914=LINE('',#9739,#4718);
#3915=LINE('',#9740,#4719);
#3916=LINE('',#9743,#4720);
#3917=LINE('',#9745,#4721);
#3918=LINE('',#9747,#4722);
#3919=LINE('',#9749,#4723);
#3920=LINE('',#9751,#4724);
#3921=LINE('',#9753,#4725);
#3922=LINE('',#9755,#4726);
#3923=LINE('',#9757,#4727);
#3924=LINE('',#9758,#4728);
#3925=LINE('',#9761,#4729);
#3926=LINE('',#9763,#4730);
#3927=LINE('',#9765,#4731);
#3928=LINE('',#9766,#4732);
#3929=LINE('',#9769,#4733);
#3930=LINE('',#9771,#4734);
#3931=LINE('',#9773,#4735);
#3932=LINE('',#9775,#4736);
#3933=LINE('',#9777,#4737);
#3934=LINE('',#9779,#4738);
#3935=LINE('',#9781,#4739);
#3936=LINE('',#9783,#4740);
#3937=LINE('',#9785,#4741);
#3938=LINE('',#9794,#4742);
#3939=LINE('',#9799,#4743);
#3940=LINE('',#9803,#4744);
#3941=LINE('',#9808,#4745);
#3942=LINE('',#9813,#4746);
#3943=LINE('',#9814,#4747);
#3944=LINE('',#9816,#4748);
#3945=LINE('',#9818,#4749);
#3946=LINE('',#9820,#4750);
#3947=LINE('',#9822,#4751);
#3948=LINE('',#9824,#4752);
#3949=LINE('',#9826,#4753);
#3950=LINE('',#9828,#4754);
#3951=LINE('',#9830,#4755);
#3952=LINE('',#9832,#4756);
#3953=LINE('',#9834,#4757);
#3954=LINE('',#9838,#4758);
#3955=LINE('',#9841,#4759);
#3956=LINE('',#9843,#4760);
#3957=LINE('',#9845,#4761);
#3958=LINE('',#9847,#4762);
#3959=LINE('',#9849,#4763);
#3960=LINE('',#9851,#4764);
#3961=LINE('',#9853,#4765);
#3962=LINE('',#9854,#4766);
#3963=LINE('',#9858,#4767);
#3964=LINE('',#9860,#4768);
#3965=LINE('',#9862,#4769);
#3966=LINE('',#9864,#4770);
#3967=LINE('',#9866,#4771);
#3968=LINE('',#9868,#4772);
#3969=LINE('',#9870,#4773);
#3970=LINE('',#9872,#4774);
#3971=LINE('',#9874,#4775);
#3972=LINE('',#9876,#4776);
#3973=LINE('',#9878,#4777);
#3974=LINE('',#9880,#4778);
#3975=LINE('',#9881,#4779);
#3976=LINE('',#9883,#4780);
#3977=LINE('',#9885,#4781);
#3978=LINE('',#9888,#4782);
#3979=LINE('',#9890,#4783);
#3980=LINE('',#9892,#4784);
#3981=LINE('',#9894,#4785);
#3982=LINE('',#9897,#4786);
#3983=LINE('',#9899,#4787);
#3984=LINE('',#9901,#4788);
#3985=LINE('',#9903,#4789);
#3986=LINE('',#9906,#4790);
#3987=LINE('',#9907,#4791);
#3988=LINE('',#9909,#4792);
#3989=LINE('',#9912,#4793);
#3990=LINE('',#9913,#4794);
#3991=LINE('',#9915,#4795);
#3992=LINE('',#9917,#4796);
#3993=LINE('',#9919,#4797);
#3994=LINE('',#9921,#4798);
#3995=LINE('',#9923,#4799);
#3996=LINE('',#9925,#4800);
#3997=LINE('',#9927,#4801);
#3998=LINE('',#9929,#4802);
#3999=LINE('',#9933,#4803);
#4000=LINE('',#9935,#4804);
#4001=LINE('',#9937,#4805);
#4002=LINE('',#9939,#4806);
#4003=LINE('',#9941,#4807);
#4004=LINE('',#9943,#4808);
#4005=LINE('',#9952,#4809);
#4006=LINE('',#9954,#4810);
#4007=LINE('',#9955,#4811);
#4008=LINE('',#9957,#4812);
#4009=LINE('',#9959,#4813);
#4010=LINE('',#9960,#4814);
#4011=LINE('',#9961,#4815);
#4012=LINE('',#9963,#4816);
#4013=LINE('',#9964,#4817);
#4014=LINE('',#9965,#4818);
#4015=LINE('',#9967,#4819);
#4016=LINE('',#9971,#4820);
#4017=LINE('',#9974,#4821);
#4018=LINE('',#9976,#4822);
#4019=LINE('',#9977,#4823);
#4020=LINE('',#9979,#4824);
#4021=LINE('',#9981,#4825);
#4022=LINE('',#9982,#4826);
#4023=LINE('',#9984,#4827);
#4024=LINE('',#9986,#4828);
#4025=LINE('',#9988,#4829);
#4026=LINE('',#9990,#4830);
#4027=LINE('',#9992,#4831);
#4028=LINE('',#9994,#4832);
#4029=LINE('',#9996,#4833);
#4030=LINE('',#9998,#4834);
#4031=LINE('',#10000,#4835);
#4032=LINE('',#10001,#4836);
#4033=LINE('',#10003,#4837);
#4034=LINE('',#10004,#4838);
#4035=LINE('',#10006,#4839);
#4036=LINE('',#10008,#4840);
#4037=LINE('',#10009,#4841);
#4038=LINE('',#10011,#4842);
#4039=LINE('',#10013,#4843);
#4040=LINE('',#10014,#4844);
#4041=LINE('',#10016,#4845);
#4042=LINE('',#10018,#4846);
#4043=LINE('',#10020,#4847);
#4044=LINE('',#10022,#4848);
#4045=LINE('',#10025,#4849);
#4046=LINE('',#10027,#4850);
#4047=LINE('',#10029,#4851);
#4048=LINE('',#10031,#4852);
#4049=LINE('',#10034,#4853);
#4050=LINE('',#10035,#4854);
#4051=LINE('',#10037,#4855);
#4052=LINE('',#10039,#4856);
#4053=LINE('',#10041,#4857);
#4054=LINE('',#10043,#4858);
#4055=LINE('',#10045,#4859);
#4056=LINE('',#10047,#4860);
#4057=LINE('',#10049,#4861);
#4058=LINE('',#10051,#4862);
#4059=LINE('',#10053,#4863);
#4060=LINE('',#10054,#4864);
#4061=LINE('',#10056,#4865);
#4062=LINE('',#10058,#4866);
#4063=LINE('',#10061,#4867);
#4064=LINE('',#10063,#4868);
#4065=LINE('',#10065,#4869);
#4066=LINE('',#10066,#4870);
#4067=LINE('',#10068,#4871);
#4068=LINE('',#10070,#4872);
#4069=LINE('',#10073,#4873);
#4070=LINE('',#10074,#4874);
#4071=LINE('',#10075,#4875);
#4072=LINE('',#10077,#4876);
#4073=LINE('',#10079,#4877);
#4074=LINE('',#10081,#4878);
#4075=LINE('',#10083,#4879);
#4076=LINE('',#10084,#4880);
#4077=LINE('',#10086,#4881);
#4078=LINE('',#10088,#4882);
#4079=LINE('',#10090,#4883);
#4080=LINE('',#10092,#4884);
#4081=LINE('',#10094,#4885);
#4082=LINE('',#10096,#4886);
#4083=LINE('',#10098,#4887);
#4084=LINE('',#10100,#4888);
#4085=LINE('',#10101,#4889);
#4086=LINE('',#10102,#4890);
#4087=LINE('',#10104,#4891);
#4088=LINE('',#10106,#4892);
#4089=LINE('',#10107,#4893);
#4090=LINE('',#10109,#4894);
#4091=LINE('',#10110,#4895);
#4092=LINE('',#10112,#4896);
#4093=LINE('',#10113,#4897);
#4094=LINE('',#10117,#4898);
#4095=LINE('',#10119,#4899);
#4096=LINE('',#10121,#4900);
#4097=LINE('',#10122,#4901);
#4098=LINE('',#10124,#4902);
#4099=LINE('',#10131,#4903);
#4100=LINE('',#10133,#4904);
#4101=LINE('',#10135,#4905);
#4102=LINE('',#10137,#4906);
#4103=LINE('',#10139,#4907);
#4104=LINE('',#10141,#4908);
#4105=LINE('',#10143,#4909);
#4106=LINE('',#10145,#4910);
#4107=LINE('',#10147,#4911);
#4108=LINE('',#10149,#4912);
#4109=LINE('',#10157,#4913);
#4110=LINE('',#10159,#4914);
#4111=LINE('',#10160,#4915);
#4112=LINE('',#10162,#4916);
#4113=LINE('',#10164,#4917);
#4114=LINE('',#10166,#4918);
#4115=LINE('',#10168,#4919);
#4116=LINE('',#10170,#4920);
#4117=LINE('',#10172,#4921);
#4118=LINE('',#10179,#4922);
#4119=LINE('',#10180,#4923);
#4120=LINE('',#10184,#4924);
#4121=LINE('',#10186,#4925);
#4122=LINE('',#10188,#4926);
#4123=LINE('',#10191,#4927);
#4124=LINE('',#10193,#4928);
#4125=LINE('',#10195,#4929);
#4126=LINE('',#10197,#4930);
#4127=LINE('',#10199,#4931);
#4128=LINE('',#10201,#4932);
#4129=LINE('',#10205,#4933);
#4130=LINE('',#10209,#4934);
#4131=LINE('',#10211,#4935);
#4132=LINE('',#10213,#4936);
#4133=LINE('',#10217,#4937);
#4134=LINE('',#10219,#4938);
#4135=LINE('',#10221,#4939);
#4136=LINE('',#10223,#4940);
#4137=LINE('',#10229,#4941);
#4138=LINE('',#10230,#4942);
#4139=LINE('',#10232,#4943);
#4140=LINE('',#10234,#4944);
#4141=LINE('',#10237,#4945);
#4142=LINE('',#10238,#4946);
#4143=LINE('',#10240,#4947);
#4144=LINE('',#10242,#4948);
#4145=LINE('',#10245,#4949);
#4146=LINE('',#10247,#4950);
#4147=LINE('',#10248,#4951);
#4148=LINE('',#10250,#4952);
#4149=LINE('',#10251,#4953);
#4150=LINE('',#10255,#4954);
#4151=LINE('',#10257,#4955);
#4152=LINE('',#10259,#4956);
#4153=LINE('',#10260,#4957);
#4154=LINE('',#10262,#4958);
#4155=LINE('',#10269,#4959);
#4156=LINE('',#10271,#4960);
#4157=LINE('',#10273,#4961);
#4158=LINE('',#10275,#4962);
#4159=LINE('',#10277,#4963);
#4160=LINE('',#10279,#4964);
#4161=LINE('',#10281,#4965);
#4162=LINE('',#10283,#4966);
#4163=LINE('',#10285,#4967);
#4164=LINE('',#10287,#4968);
#4165=LINE('',#10295,#4969);
#4166=LINE('',#10297,#4970);
#4167=LINE('',#10299,#4971);
#4168=LINE('',#10301,#4972);
#4169=LINE('',#10303,#4973);
#4170=LINE('',#10305,#4974);
#4171=LINE('',#10307,#4975);
#4172=LINE('',#10309,#4976);
#4173=LINE('',#10313,#4977);
#4174=LINE('',#10315,#4978);
#4175=LINE('',#10316,#4979);
#4176=LINE('',#10319,#4980);
#4177=LINE('',#10321,#4981);
#4178=LINE('',#10326,#4982);
#4179=LINE('',#10327,#4983);
#4180=LINE('',#10329,#4984);
#4181=LINE('',#10331,#4985);
#4182=LINE('',#10334,#4986);
#4183=LINE('',#10335,#4987);
#4184=LINE('',#10337,#4988);
#4185=LINE('',#10339,#4989);
#4186=LINE('',#10342,#4990);
#4187=LINE('',#10344,#4991);
#4188=LINE('',#10345,#4992);
#4189=LINE('',#10347,#4993);
#4190=LINE('',#10350,#4994);
#4191=LINE('',#10353,#4995);
#4192=LINE('',#10355,#4996);
#4193=LINE('',#10358,#4997);
#4194=LINE('',#10360,#4998);
#4195=LINE('',#10362,#4999);
#4196=LINE('',#10364,#5000);
#4197=LINE('',#10367,#5001);
#4198=LINE('',#10369,#5002);
#4199=LINE('',#10371,#5003);
#4200=LINE('',#10373,#5004);
#4201=LINE('',#10376,#5005);
#4202=LINE('',#10378,#5006);
#4203=LINE('',#10380,#5007);
#4204=LINE('',#10382,#5008);
#4205=LINE('',#10385,#5009);
#4206=LINE('',#10387,#5010);
#4207=LINE('',#10389,#5011);
#4208=LINE('',#10391,#5012);
#4209=LINE('',#10394,#5013);
#4210=LINE('',#10396,#5014);
#4211=LINE('',#10398,#5015);
#4212=LINE('',#10400,#5016);
#4213=LINE('',#10403,#5017);
#4214=LINE('',#10405,#5018);
#4215=LINE('',#10407,#5019);
#4216=LINE('',#10429,#5020);
#4217=LINE('',#10431,#5021);
#4218=LINE('',#10433,#5022);
#4219=LINE('',#10435,#5023);
#4220=LINE('',#10437,#5024);
#4221=LINE('',#10439,#5025);
#4222=LINE('',#10443,#5026);
#4223=LINE('',#10445,#5027);
#4224=LINE('',#10452,#5028);
#4225=LINE('',#10455,#5029);
#4226=LINE('',#10457,#5030);
#4227=LINE('',#10459,#5031);
#4228=LINE('',#10463,#5032);
#4229=LINE('',#10466,#5033);
#4230=LINE('',#10468,#5034);
#4231=LINE('',#10470,#5035);
#4232=LINE('',#10472,#5036);
#4233=LINE('',#10474,#5037);
#4234=LINE('',#10476,#5038);
#4235=LINE('',#10478,#5039);
#4236=LINE('',#10482,#5040);
#4237=LINE('',#10484,#5041);
#4238=LINE('',#10486,#5042);
#4239=LINE('',#10490,#5043);
#4240=LINE('',#10492,#5044);
#4241=LINE('',#10494,#5045);
#4242=LINE('',#10496,#5046);
#4243=LINE('',#10497,#5047);
#4244=LINE('',#10499,#5048);
#4245=LINE('',#10501,#5049);
#4246=LINE('',#10503,#5050);
#4247=LINE('',#10505,#5051);
#4248=LINE('',#10507,#5052);
#4249=LINE('',#10508,#5053);
#4250=LINE('',#10510,#5054);
#4251=LINE('',#10512,#5055);
#4252=LINE('',#10514,#5056);
#4253=LINE('',#10515,#5057);
#4254=LINE('',#10517,#5058);
#4255=LINE('',#10518,#5059);
#4256=LINE('',#10529,#5060);
#4257=LINE('',#10532,#5061);
#4258=LINE('',#10534,#5062);
#4259=LINE('',#10536,#5063);
#4260=LINE('',#10538,#5064);
#4261=LINE('',#10540,#5065);
#4262=LINE('',#10544,#5066);
#4263=LINE('',#10548,#5067);
#4264=LINE('',#10550,#5068);
#4265=LINE('',#10552,#5069);
#4266=LINE('',#10556,#5070);
#4267=LINE('',#10560,#5071);
#4268=LINE('',#10563,#5072);
#4269=LINE('',#10565,#5073);
#4270=LINE('',#10567,#5074);
#4271=LINE('',#10569,#5075);
#4272=LINE('',#10571,#5076);
#4273=LINE('',#10577,#5077);
#4274=LINE('',#10579,#5078);
#4275=LINE('',#10581,#5079);
#4276=LINE('',#10583,#5080);
#4277=LINE('',#10589,#5081);
#4278=LINE('',#10591,#5082);
#4279=LINE('',#10594,#5083);
#4280=LINE('',#10598,#5084);
#4281=LINE('',#10599,#5085);
#4282=LINE('',#10600,#5086);
#4283=LINE('',#10604,#5087);
#4284=LINE('',#10606,#5088);
#4285=LINE('',#10611,#5089);
#4286=LINE('',#10615,#5090);
#4287=LINE('',#10617,#5091);
#4288=LINE('',#10619,#5092);
#4289=LINE('',#10623,#5093);
#4290=LINE('',#10627,#5094);
#4291=LINE('',#10629,#5095);
#4292=LINE('',#10631,#5096);
#4293=LINE('',#10633,#5097);
#4294=LINE('',#10635,#5098);
#4295=LINE('',#10640,#5099);
#4296=LINE('',#10644,#5100);
#4297=LINE('',#10646,#5101);
#4298=LINE('',#10648,#5102);
#4299=LINE('',#10650,#5103);
#4300=LINE('',#10656,#5104);
#4301=LINE('',#10658,#5105);
#4302=LINE('',#10660,#5106);
#4303=LINE('',#10662,#5107);
#4304=LINE('',#10664,#5108);
#4305=LINE('',#10666,#5109);
#4306=LINE('',#10668,#5110);
#4307=LINE('',#10672,#5111);
#4308=LINE('',#10676,#5112);
#4309=LINE('',#10680,#5113);
#4310=LINE('',#10684,#5114);
#4311=LINE('',#10685,#5115);
#4312=LINE('',#10690,#5116);
#4313=LINE('',#10691,#5117);
#4314=LINE('',#10692,#5118);
#4315=LINE('',#10696,#5119);
#4316=LINE('',#10700,#5120);
#4317=LINE('',#10704,#5121);
#4318=LINE('',#10709,#5122);
#4319=LINE('',#10710,#5123);
#4320=LINE('',#10711,#5124);
#4321=LINE('',#10715,#5125);
#4322=LINE('',#10717,#5126);
#4323=LINE('',#10719,#5127);
#4324=LINE('',#10721,#5128);
#4325=LINE('',#10722,#5129);
#4326=LINE('',#10724,#5130);
#4327=LINE('',#10726,#5131);
#4328=LINE('',#10728,#5132);
#4329=LINE('',#10730,#5133);
#4330=LINE('',#10733,#5134);
#4331=LINE('',#10735,#5135);
#4332=LINE('',#10749,#5136);
#4333=LINE('',#10753,#5137);
#4334=LINE('',#10754,#5138);
#4335=LINE('',#10758,#5139);
#4336=LINE('',#10772,#5140);
#4337=LINE('',#10775,#5141);
#4338=LINE('',#10777,#5142);
#4339=LINE('',#10779,#5143);
#4340=LINE('',#10781,#5144);
#4341=LINE('',#10784,#5145);
#4342=LINE('',#10786,#5146);
#4343=LINE('',#10800,#5147);
#4344=LINE('',#10804,#5148);
#4345=LINE('',#10806,#5149);
#4346=LINE('',#10808,#5150);
#4347=LINE('',#10812,#5151);
#4348=LINE('',#10826,#5152);
#4349=LINE('',#10827,#5153);
#4350=LINE('',#10829,#5154);
#4351=LINE('',#10832,#5155);
#4352=LINE('',#10834,#5156);
#4353=LINE('',#10836,#5157);
#4354=LINE('',#10840,#5158);
#4355=LINE('',#10842,#5159);
#4356=LINE('',#10844,#5160);
#4357=LINE('',#10846,#5161);
#4358=LINE('',#10848,#5162);
#4359=LINE('',#10850,#5163);
#4360=LINE('',#10852,#5164);
#4361=LINE('',#10854,#5165);
#4362=LINE('',#10857,#5166);
#4363=LINE('',#10860,#5167);
#4364=LINE('',#10862,#5168);
#4365=LINE('',#10864,#5169);
#4366=LINE('',#10866,#5170);
#4367=LINE('',#10868,#5171);
#4368=LINE('',#10871,#5172);
#4369=LINE('',#10872,#5173);
#4370=LINE('',#10873,#5174);
#4371=LINE('',#10875,#5175);
#4372=LINE('',#10877,#5176);
#4373=LINE('',#10878,#5177);
#4374=LINE('',#10880,#5178);
#4375=LINE('',#10882,#5179);
#4376=LINE('',#10884,#5180);
#4377=LINE('',#10885,#5181);
#4378=LINE('',#10886,#5182);
#4379=LINE('',#10887,#5183);
#4380=LINE('',#10892,#5184);
#4381=LINE('',#10894,#5185);
#4382=LINE('',#10897,#5186);
#4383=LINE('',#10898,#5187);
#4384=LINE('',#10902,#5188);
#4385=LINE('',#10903,#5189);
#4386=LINE('',#10905,#5190);
#4387=LINE('',#10906,#5191);
#4388=LINE('',#10910,#5192);
#4389=LINE('',#10911,#5193);
#4390=LINE('',#10913,#5194);
#4391=LINE('',#10916,#5195);
#4392=LINE('',#10922,#5196);
#4393=LINE('',#10926,#5197);
#4394=LINE('',#10928,#5198);
#4395=LINE('',#10930,#5199);
#4396=LINE('',#10932,#5200);
#4397=LINE('',#10935,#5201);
#4398=LINE('',#10937,#5202);
#4399=LINE('',#10939,#5203);
#4400=LINE('',#10944,#5204);
#4401=LINE('',#10948,#5205);
#4402=LINE('',#10950,#5206);
#4403=LINE('',#10952,#5207);
#4404=LINE('',#10960,#5208);
#4405=LINE('',#10983,#5209);
#4406=LINE('',#10988,#5210);
#4407=LINE('',#10990,#5211);
#4408=LINE('',#10992,#5212);
#4409=LINE('',#10994,#5213);
#4410=LINE('',#11003,#5214);
#4411=LINE('',#11007,#5215);
#4412=LINE('',#11009,#5216);
#4413=LINE('',#11011,#5217);
#4414=LINE('',#11016,#5218);
#4415=LINE('',#11020,#5219);
#4416=LINE('',#11022,#5220);
#4417=LINE('',#11024,#5221);
#4418=LINE('',#11026,#5222);
#4419=LINE('',#11029,#5223);
#4420=LINE('',#11031,#5224);
#4421=LINE('',#11033,#5225);
#4422=LINE('',#11036,#5226);
#4423=LINE('',#11054,#5227);
#4424=LINE('',#11069,#5228);
#4425=LINE('',#11071,#5229);
#4426=LINE('',#11073,#5230);
#4427=LINE('',#11075,#5231);
#4428=LINE('',#11089,#5232);
#4429=LINE('',#11093,#5233);
#4430=LINE('',#11097,#5234);
#4431=LINE('',#11101,#5235);
#4432=LINE('',#11103,#5236);
#4433=LINE('',#11108,#5237);
#4434=LINE('',#11140,#5238);
#4435=LINE('',#11142,#5239);
#4436=LINE('',#11159,#5240);
#4437=LINE('',#11162,#5241);
#4438=LINE('',#11164,#5242);
#4439=LINE('',#11166,#5243);
#4440=LINE('',#11167,#5244);
#4441=LINE('',#11170,#5245);
#4442=LINE('',#11172,#5246);
#4443=LINE('',#11174,#5247);
#4444=LINE('',#11176,#5248);
#4445=LINE('',#11178,#5249);
#4446=LINE('',#11180,#5250);
#4447=LINE('',#11182,#5251);
#4448=LINE('',#11183,#5252);
#4449=LINE('',#11186,#5253);
#4450=LINE('',#11188,#5254);
#4451=LINE('',#11190,#5255);
#4452=LINE('',#11192,#5256);
#4453=LINE('',#11195,#5257);
#4454=LINE('',#11197,#5258);
#4455=LINE('',#11199,#5259);
#4456=LINE('',#11200,#5260);
#4457=LINE('',#11203,#5261);
#4458=LINE('',#11205,#5262);
#4459=LINE('',#11207,#5263);
#4460=LINE('',#11208,#5264);
#4461=LINE('',#11211,#5265);
#4462=LINE('',#11213,#5266);
#4463=LINE('',#11215,#5267);
#4464=LINE('',#11217,#5268);
#4465=LINE('',#11220,#5269);
#4466=LINE('',#11222,#5270);
#4467=LINE('',#11224,#5271);
#4468=LINE('',#11226,#5272);
#4469=LINE('',#11229,#5273);
#4470=LINE('',#11231,#5274);
#4471=LINE('',#11233,#5275);
#4472=LINE('',#11235,#5276);
#4473=LINE('',#11238,#5277);
#4474=LINE('',#11240,#5278);
#4475=LINE('',#11242,#5279);
#4476=LINE('',#11244,#5280);
#4477=LINE('',#11246,#5281);
#4478=LINE('',#11248,#5282);
#4479=LINE('',#11250,#5283);
#4480=LINE('',#11252,#5284);
#4481=LINE('',#11254,#5285);
#4482=LINE('',#11256,#5286);
#4483=LINE('',#11258,#5287);
#4484=LINE('',#11261,#5288);
#4485=LINE('',#11262,#5289);
#4486=LINE('',#11264,#5290);
#4487=LINE('',#11267,#5291);
#4488=LINE('',#11269,#5292);
#4489=LINE('',#11271,#5293);
#4490=LINE('',#11272,#5294);
#4491=LINE('',#11275,#5295);
#4492=LINE('',#11277,#5296);
#4493=LINE('',#11279,#5297);
#4494=LINE('',#11280,#5298);
#4495=LINE('',#11283,#5299);
#4496=LINE('',#11285,#5300);
#4497=LINE('',#11287,#5301);
#4498=LINE('',#11289,#5302);
#4499=LINE('',#11291,#5303);
#4500=LINE('',#11293,#5304);
#4501=LINE('',#11295,#5305);
#4502=LINE('',#11296,#5306);
#4503=LINE('',#11298,#5307);
#4504=LINE('',#11300,#5308);
#4505=LINE('',#11301,#5309);
#4506=LINE('',#11302,#5310);
#4507=LINE('',#11303,#5311);
#4508=LINE('',#11305,#5312);
#4509=LINE('',#11307,#5313);
#4510=LINE('',#11309,#5314);
#4511=LINE('',#11310,#5315);
#4512=LINE('',#11312,#5316);
#4513=LINE('',#11313,#5317);
#4514=LINE('',#11316,#5318);
#4515=LINE('',#11318,#5319);
#4516=LINE('',#11320,#5320);
#4517=LINE('',#11321,#5321);
#4518=LINE('',#11324,#5322);
#4519=LINE('',#11326,#5323);
#4520=LINE('',#11328,#5324);
#4521=LINE('',#11330,#5325);
#4522=LINE('',#11333,#5326);
#4523=LINE('',#11335,#5327);
#4524=LINE('',#11337,#5328);
#4525=LINE('',#11338,#5329);
#4526=LINE('',#11340,#5330);
#4527=LINE('',#11342,#5331);
#4528=LINE('',#11343,#5332);
#4529=LINE('',#11344,#5333);
#4530=LINE('',#11346,#5334);
#4531=LINE('',#11348,#5335);
#4532=LINE('',#11350,#5336);
#4533=LINE('',#11352,#5337);
#4534=LINE('',#11354,#5338);
#4535=LINE('',#11356,#5339);
#4536=LINE('',#11358,#5340);
#4537=LINE('',#11361,#5341);
#4538=LINE('',#11363,#5342);
#4539=LINE('',#11365,#5343);
#4540=LINE('',#11367,#5344);
#4541=LINE('',#11369,#5345);
#4542=LINE('',#11371,#5346);
#4543=LINE('',#11373,#5347);
#4544=LINE('',#11375,#5348);
#4545=LINE('',#11376,#5349);
#4546=LINE('',#11378,#5350);
#4547=LINE('',#11379,#5351);
#4548=LINE('',#11381,#5352);
#4549=LINE('',#11382,#5353);
#4550=LINE('',#11386,#5354);
#4551=LINE('',#11388,#5355);
#4552=LINE('',#11390,#5356);
#4553=LINE('',#11392,#5357);
#4554=LINE('',#11394,#5358);
#4555=LINE('',#11396,#5359);
#4556=LINE('',#11398,#5360);
#4557=LINE('',#11399,#5361);
#4558=LINE('',#11403,#5362);
#4559=LINE('',#11405,#5363);
#4560=LINE('',#11407,#5364);
#4561=LINE('',#11409,#5365);
#4562=LINE('',#11410,#5366);
#4563=LINE('',#11414,#5367);
#4564=LINE('',#11416,#5368);
#4565=LINE('',#11418,#5369);
#4566=LINE('',#11420,#5370);
#4567=LINE('',#11422,#5371);
#4568=LINE('',#11424,#5372);
#4569=LINE('',#11426,#5373);
#4570=LINE('',#11427,#5374);
#4571=LINE('',#11431,#5375);
#4572=LINE('',#11433,#5376);
#4573=LINE('',#11434,#5377);
#4574=LINE('',#11436,#5378);
#4575=LINE('',#11437,#5379);
#4576=LINE('',#11438,#5380);
#4577=LINE('',#11443,#5381);
#4578=LINE('',#11445,#5382);
#4579=LINE('',#11448,#5383);
#4580=LINE('',#11450,#5384);
#4581=LINE('',#11452,#5385);
#4582=LINE('',#11454,#5386);
#4583=LINE('',#11457,#5387);
#4584=LINE('',#11458,#5388);
#4585=LINE('',#11460,#5389);
#4586=LINE('',#11462,#5390);
#4587=LINE('',#11464,#5391);
#4588=LINE('',#11467,#5392);
#4589=LINE('',#11468,#5393);
#4590=LINE('',#11470,#5394);
#4591=LINE('',#11472,#5395);
#4592=LINE('',#11474,#5396);
#4593=LINE('',#11476,#5397);
#4594=LINE('',#11478,#5398);
#4595=LINE('',#11482,#5399);
#4596=LINE('',#11484,#5400);
#4597=LINE('',#11486,#5401);
#4598=LINE('',#11488,#5402);
#4599=LINE('',#11489,#5403);
#4600=LINE('',#11493,#5404);
#4601=LINE('',#11495,#5405);
#4602=LINE('',#11497,#5406);
#4603=LINE('',#11499,#5407);
#4604=LINE('',#11501,#5408);
#4605=LINE('',#11503,#5409);
#4606=LINE('',#11505,#5410);
#4607=LINE('',#11506,#5411);
#4608=LINE('',#11510,#5412);
#4609=LINE('',#11511,#5413);
#4610=LINE('',#11512,#5414);
#4611=LINE('',#11514,#5415);
#4612=LINE('',#11515,#5416);
#4613=LINE('',#11516,#5417);
#4614=LINE('',#11522,#5418);
#4615=LINE('',#11524,#5419);
#4616=LINE('',#11527,#5420);
#4617=LINE('',#11530,#5421);
#4618=LINE('',#11531,#5422);
#4619=LINE('',#11533,#5423);
#4620=LINE('',#11535,#5424);
#4621=LINE('',#11537,#5425);
#4622=LINE('',#11539,#5426);
#4623=LINE('',#11541,#5427);
#4624=LINE('',#11543,#5428);
#4625=LINE('',#11545,#5429);
#4626=LINE('',#11547,#5430);
#4627=LINE('',#11549,#5431);
#4628=LINE('',#11551,#5432);
#4629=LINE('',#11553,#5433);
#4630=LINE('',#11555,#5434);
#4631=LINE('',#11557,#5435);
#4632=VECTOR('',#7702,1000.);
#4633=VECTOR('',#7703,1000.);
#4634=VECTOR('',#7704,1000.);
#4635=VECTOR('',#7705,1000.);
#4636=VECTOR('',#7708,1000.);
#4637=VECTOR('',#7709,1000.);
#4638=VECTOR('',#7710,1000.);
#4639=VECTOR('',#7711,1000.);
#4640=VECTOR('',#7712,1000.);
#4641=VECTOR('',#7713,1000.);
#4642=VECTOR('',#7716,1000.);
#4643=VECTOR('',#7717,1000.);
#4644=VECTOR('',#7718,1000.);
#4645=VECTOR('',#7719,1000.);
#4646=VECTOR('',#7720,1000.);
#4647=VECTOR('',#7721,1000.);
#4648=VECTOR('',#7722,1000.);
#4649=VECTOR('',#7723,1000.);
#4650=VECTOR('',#7724,1000.);
#4651=VECTOR('',#7725,1000.);
#4652=VECTOR('',#7726,1000.);
#4653=VECTOR('',#7727,1000.);
#4654=VECTOR('',#7728,1000.);
#4655=VECTOR('',#7731,1000.);
#4656=VECTOR('',#7732,1000.);
#4657=VECTOR('',#7733,1000.);
#4658=VECTOR('',#7734,1000.);
#4659=VECTOR('',#7735,1000.);
#4660=VECTOR('',#7736,1000.);
#4661=VECTOR('',#7737,1000.);
#4662=VECTOR('',#7738,1000.);
#4663=VECTOR('',#7739,1000.);
#4664=VECTOR('',#7740,1000.);
#4665=VECTOR('',#7741,1000.);
#4666=VECTOR('',#7742,1000.);
#4667=VECTOR('',#7743,1000.);
#4668=VECTOR('',#7746,1000.);
#4669=VECTOR('',#7747,1000.);
#4670=VECTOR('',#7748,1000.);
#4671=VECTOR('',#7749,1000.);
#4672=VECTOR('',#7750,1000.);
#4673=VECTOR('',#7753,1000.);
#4674=VECTOR('',#7754,1000.);
#4675=VECTOR('',#7755,1000.);
#4676=VECTOR('',#7758,1000.);
#4677=VECTOR('',#7759,1000.);
#4678=VECTOR('',#7760,1000.);
#4679=VECTOR('',#7761,1000.);
#4680=VECTOR('',#7766,1000.);
#4681=VECTOR('',#7769,1000.);
#4682=VECTOR('',#7778,1000.);
#4683=VECTOR('',#7779,1000.);
#4684=VECTOR('',#7780,1000.);
#4685=VECTOR('',#7781,1000.);
#4686=VECTOR('',#7782,1000.);
#4687=VECTOR('',#7783,1000.);
#4688=VECTOR('',#7784,1000.);
#4689=VECTOR('',#7785,1000.);
#4690=VECTOR('',#7786,1000.);
#4691=VECTOR('',#7787,1000.);
#4692=VECTOR('',#7788,1000.);
#4693=VECTOR('',#7789,1000.);
#4694=VECTOR('',#7792,1000.);
#4695=VECTOR('',#7793,1000.);
#4696=VECTOR('',#7794,1000.);
#4697=VECTOR('',#7795,1000.);
#4698=VECTOR('',#7796,1000.);
#4699=VECTOR('',#7797,1000.);
#4700=VECTOR('',#7798,1000.);
#4701=VECTOR('',#7799,1000.);
#4702=VECTOR('',#7800,1000.);
#4703=VECTOR('',#7801,1000.);
#4704=VECTOR('',#7802,1000.);
#4705=VECTOR('',#7803,1000.);
#4706=VECTOR('',#7806,1000.);
#4707=VECTOR('',#7807,1000.);
#4708=VECTOR('',#7810,1000.);
#4709=VECTOR('',#7811,1000.);
#4710=VECTOR('',#7812,1000.);
#4711=VECTOR('',#7813,1000.);
#4712=VECTOR('',#7814,1000.);
#4713=VECTOR('',#7815,1000.);
#4714=VECTOR('',#7816,1000.);
#4715=VECTOR('',#7817,1000.);
#4716=VECTOR('',#7818,1000.);
#4717=VECTOR('',#7819,1000.);
#4718=VECTOR('',#7820,1000.);
#4719=VECTOR('',#7821,1000.);
#4720=VECTOR('',#7822,1000.);
#4721=VECTOR('',#7823,1000.);
#4722=VECTOR('',#7824,1000.);
#4723=VECTOR('',#7827,1000.);
#4724=VECTOR('',#7828,1000.);
#4725=VECTOR('',#7829,1000.);
#4726=VECTOR('',#7830,1000.);
#4727=VECTOR('',#7831,1000.);
#4728=VECTOR('',#7832,1000.);
#4729=VECTOR('',#7833,1000.);
#4730=VECTOR('',#7834,1000.);
#4731=VECTOR('',#7835,1000.);
#4732=VECTOR('',#7836,1000.);
#4733=VECTOR('',#7837,1000.);
#4734=VECTOR('',#7838,1000.);
#4735=VECTOR('',#7839,1000.);
#4736=VECTOR('',#7842,1000.);
#4737=VECTOR('',#7843,1000.);
#4738=VECTOR('',#7844,1000.);
#4739=VECTOR('',#7845,1000.);
#4740=VECTOR('',#7846,1000.);
#4741=VECTOR('',#7847,1000.);
#4742=VECTOR('',#7858,1000.);
#4743=VECTOR('',#7861,1000.);
#4744=VECTOR('',#7864,1000.);
#4745=VECTOR('',#7869,1000.);
#4746=VECTOR('',#7872,1000.);
#4747=VECTOR('',#7873,1000.);
#4748=VECTOR('',#7874,1000.);
#4749=VECTOR('',#7875,1000.);
#4750=VECTOR('',#7876,1000.);
#4751=VECTOR('',#7877,1000.);
#4752=VECTOR('',#7878,1000.);
#4753=VECTOR('',#7879,1000.);
#4754=VECTOR('',#7880,1000.);
#4755=VECTOR('',#7881,1000.);
#4756=VECTOR('',#7882,1000.);
#4757=VECTOR('',#7883,1000.);
#4758=VECTOR('',#7888,1000.);
#4759=VECTOR('',#7889,1000.);
#4760=VECTOR('',#7890,1000.);
#4761=VECTOR('',#7891,1000.);
#4762=VECTOR('',#7892,1000.);
#4763=VECTOR('',#7893,1000.);
#4764=VECTOR('',#7896,1000.);
#4765=VECTOR('',#7897,1000.);
#4766=VECTOR('',#7898,1000.);
#4767=VECTOR('',#7903,1000.);
#4768=VECTOR('',#7904,1000.);
#4769=VECTOR('',#7905,1000.);
#4770=VECTOR('',#7906,1000.);
#4771=VECTOR('',#7907,1000.);
#4772=VECTOR('',#7908,1000.);
#4773=VECTOR('',#7909,1000.);
#4774=VECTOR('',#7910,1000.);
#4775=VECTOR('',#7911,1000.);
#4776=VECTOR('',#7912,1000.);
#4777=VECTOR('',#7913,1000.);
#4778=VECTOR('',#7914,1000.);
#4779=VECTOR('',#7915,1000.);
#4780=VECTOR('',#7916,1000.);
#4781=VECTOR('',#7919,1000.);
#4782=VECTOR('',#7920,1000.);
#4783=VECTOR('',#7921,1000.);
#4784=VECTOR('',#7922,1000.);
#4785=VECTOR('',#7925,1000.);
#4786=VECTOR('',#7926,1000.);
#4787=VECTOR('',#7927,1000.);
#4788=VECTOR('',#7928,1000.);
#4789=VECTOR('',#7931,1000.);
#4790=VECTOR('',#7932,1000.);
#4791=VECTOR('',#7933,1000.);
#4792=VECTOR('',#7936,1000.);
#4793=VECTOR('',#7937,1000.);
#4794=VECTOR('',#7938,1000.);
#4795=VECTOR('',#7941,1000.);
#4796=VECTOR('',#7942,1000.);
#4797=VECTOR('',#7945,1000.);
#4798=VECTOR('',#7946,1000.);
#4799=VECTOR('',#7947,1000.);
#4800=VECTOR('',#7950,1000.);
#4801=VECTOR('',#7951,1000.);
#4802=VECTOR('',#7952,1000.);
#4803=VECTOR('',#7957,1000.);
#4804=VECTOR('',#7958,1000.);
#4805=VECTOR('',#7959,1000.);
#4806=VECTOR('',#7960,1000.);
#4807=VECTOR('',#7961,1000.);
#4808=VECTOR('',#7962,1000.);
#4809=VECTOR('',#7973,1000.);
#4810=VECTOR('',#7974,1000.);
#4811=VECTOR('',#7975,1000.);
#4812=VECTOR('',#7976,1000.);
#4813=VECTOR('',#7977,1000.);
#4814=VECTOR('',#7978,1000.);
#4815=VECTOR('',#7979,1000.);
#4816=VECTOR('',#7980,1000.);
#4817=VECTOR('',#7981,1000.);
#4818=VECTOR('',#7982,1000.);
#4819=VECTOR('',#7985,1000.);
#4820=VECTOR('',#7990,1000.);
#4821=VECTOR('',#7991,1000.);
#4822=VECTOR('',#7992,1000.);
#4823=VECTOR('',#7993,1000.);
#4824=VECTOR('',#7994,1000.);
#4825=VECTOR('',#7995,1000.);
#4826=VECTOR('',#7996,1000.);
#4827=VECTOR('',#7997,1000.);
#4828=VECTOR('',#7998,1000.);
#4829=VECTOR('',#7999,1000.);
#4830=VECTOR('',#8000,1000.);
#4831=VECTOR('',#8001,1000.);
#4832=VECTOR('',#8002,1000.);
#4833=VECTOR('',#8003,1000.);
#4834=VECTOR('',#8006,1000.);
#4835=VECTOR('',#8007,1000.);
#4836=VECTOR('',#8008,1000.);
#4837=VECTOR('',#8009,1000.);
#4838=VECTOR('',#8010,1000.);
#4839=VECTOR('',#8011,1000.);
#4840=VECTOR('',#8012,1000.);
#4841=VECTOR('',#8013,1000.);
#4842=VECTOR('',#8014,1000.);
#4843=VECTOR('',#8015,1000.);
#4844=VECTOR('',#8016,1000.);
#4845=VECTOR('',#8019,1000.);
#4846=VECTOR('',#8020,1000.);
#4847=VECTOR('',#8021,1000.);
#4848=VECTOR('',#8024,1000.);
#4849=VECTOR('',#8025,1000.);
#4850=VECTOR('',#8026,1000.);
#4851=VECTOR('',#8027,1000.);
#4852=VECTOR('',#8030,1000.);
#4853=VECTOR('',#8031,1000.);
#4854=VECTOR('',#8032,1000.);
#4855=VECTOR('',#8035,1000.);
#4856=VECTOR('',#8036,1000.);
#4857=VECTOR('',#8039,1000.);
#4858=VECTOR('',#8040,1000.);
#4859=VECTOR('',#8043,1000.);
#4860=VECTOR('',#8044,1000.);
#4861=VECTOR('',#8045,1000.);
#4862=VECTOR('',#8048,1000.);
#4863=VECTOR('',#8051,1000.);
#4864=VECTOR('',#8052,1000.);
#4865=VECTOR('',#8055,1000.);
#4866=VECTOR('',#8058,1000.);
#4867=VECTOR('',#8059,1000.);
#4868=VECTOR('',#8060,1000.);
#4869=VECTOR('',#8061,1000.);
#4870=VECTOR('',#8062,1000.);
#4871=VECTOR('',#8063,1000.);
#4872=VECTOR('',#8066,1000.);
#4873=VECTOR('',#8067,1000.);
#4874=VECTOR('',#8068,1000.);
#4875=VECTOR('',#8069,1000.);
#4876=VECTOR('',#8070,1000.);
#4877=VECTOR('',#8073,1000.);
#4878=VECTOR('',#8074,1000.);
#4879=VECTOR('',#8075,1000.);
#4880=VECTOR('',#8076,1000.);
#4881=VECTOR('',#8077,1000.);
#4882=VECTOR('',#8078,1000.);
#4883=VECTOR('',#8079,1000.);
#4884=VECTOR('',#8080,1000.);
#4885=VECTOR('',#8083,1000.);
#4886=VECTOR('',#8084,1000.);
#4887=VECTOR('',#8087,1000.);
#4888=VECTOR('',#8090,1000.);
#4889=VECTOR('',#8091,1000.);
#4890=VECTOR('',#8092,1000.);
#4891=VECTOR('',#8093,1000.);
#4892=VECTOR('',#8094,1000.);
#4893=VECTOR('',#8095,1000.);
#4894=VECTOR('',#8098,1000.);
#4895=VECTOR('',#8099,1000.);
#4896=VECTOR('',#8102,1000.);
#4897=VECTOR('',#8103,1000.);
#4898=VECTOR('',#8110,1000.);
#4899=VECTOR('',#8113,1000.);
#4900=VECTOR('',#8116,1000.);
#4901=VECTOR('',#8117,1000.);
#4902=VECTOR('',#8120,1000.);
#4903=VECTOR('',#8131,1000.);
#4904=VECTOR('',#8132,1000.);
#4905=VECTOR('',#8135,1000.);
#4906=VECTOR('',#8136,1000.);
#4907=VECTOR('',#8139,1000.);
#4908=VECTOR('',#8142,1000.);
#4909=VECTOR('',#8143,1000.);
#4910=VECTOR('',#8146,1000.);
#4911=VECTOR('',#8147,1000.);
#4912=VECTOR('',#8150,1000.);
#4913=VECTOR('',#8163,1000.);
#4914=VECTOR('',#8164,1000.);
#4915=VECTOR('',#8165,1000.);
#4916=VECTOR('',#8166,1000.);
#4917=VECTOR('',#8169,1000.);
#4918=VECTOR('',#8170,1000.);
#4919=VECTOR('',#8173,1000.);
#4920=VECTOR('',#8174,1000.);
#4921=VECTOR('',#8177,1000.);
#4922=VECTOR('',#8186,1000.);
#4923=VECTOR('',#8187,1000.);
#4924=VECTOR('',#8192,1000.);
#4925=VECTOR('',#8195,1000.);
#4926=VECTOR('',#8198,1000.);
#4927=VECTOR('',#8203,1000.);
#4928=VECTOR('',#8204,1000.);
#4929=VECTOR('',#8205,1000.);
#4930=VECTOR('',#8208,1000.);
#4931=VECTOR('',#8209,1000.);
#4932=VECTOR('',#8210,1000.);
#4933=VECTOR('',#8215,1000.);
#4934=VECTOR('',#8220,1000.);
#4935=VECTOR('',#8221,1000.);
#4936=VECTOR('',#8222,1000.);
#4937=VECTOR('',#8227,1000.);
#4938=VECTOR('',#8228,1000.);
#4939=VECTOR('',#8231,1000.);
#4940=VECTOR('',#8232,1000.);
#4941=VECTOR('',#8241,1000.);
#4942=VECTOR('',#8242,1000.);
#4943=VECTOR('',#8245,1000.);
#4944=VECTOR('',#8248,1000.);
#4945=VECTOR('',#8253,1000.);
#4946=VECTOR('',#8254,1000.);
#4947=VECTOR('',#8257,1000.);
#4948=VECTOR('',#8260,1000.);
#4949=VECTOR('',#8265,1000.);
#4950=VECTOR('',#8268,1000.);
#4951=VECTOR('',#8269,1000.);
#4952=VECTOR('',#8272,1000.);
#4953=VECTOR('',#8273,1000.);
#4954=VECTOR('',#8280,1000.);
#4955=VECTOR('',#8283,1000.);
#4956=VECTOR('',#8286,1000.);
#4957=VECTOR('',#8287,1000.);
#4958=VECTOR('',#8290,1000.);
#4959=VECTOR('',#8301,1000.);
#4960=VECTOR('',#8302,1000.);
#4961=VECTOR('',#8305,1000.);
#4962=VECTOR('',#8306,1000.);
#4963=VECTOR('',#8309,1000.);
#4964=VECTOR('',#8312,1000.);
#4965=VECTOR('',#8313,1000.);
#4966=VECTOR('',#8316,1000.);
#4967=VECTOR('',#8317,1000.);
#4968=VECTOR('',#8320,1000.);
#4969=VECTOR('',#8333,1000.);
#4970=VECTOR('',#8334,1000.);
#4971=VECTOR('',#8337,1000.);
#4972=VECTOR('',#8338,1000.);
#4973=VECTOR('',#8341,1000.);
#4974=VECTOR('',#8344,1000.);
#4975=VECTOR('',#8345,1000.);
#4976=VECTOR('',#8346,1000.);
#4977=VECTOR('',#8351,1000.);
#4978=VECTOR('',#8354,1000.);
#4979=VECTOR('',#8355,1000.);
#4980=VECTOR('',#8360,1000.);
#4981=VECTOR('',#8363,1000.);
#4982=VECTOR('',#8372,1000.);
#4983=VECTOR('',#8373,1000.);
#4984=VECTOR('',#8376,1000.);
#4985=VECTOR('',#8379,1000.);
#4986=VECTOR('',#8384,1000.);
#4987=VECTOR('',#8385,1000.);
#4988=VECTOR('',#8388,1000.);
#4989=VECTOR('',#8391,1000.);
#4990=VECTOR('',#8396,1000.);
#4991=VECTOR('',#8397,1000.);
#4992=VECTOR('',#8398,1000.);
#4993=VECTOR('',#8401,1000.);
#4994=VECTOR('',#8406,1000.);
#4995=VECTOR('',#8411,1000.);
#4996=VECTOR('',#8414,1000.);
#4997=VECTOR('',#8419,1000.);
#4998=VECTOR('',#8420,1000.);
#4999=VECTOR('',#8421,1000.);
#5000=VECTOR('',#8424,1000.);
#5001=VECTOR('',#8425,1000.);
#5002=VECTOR('',#8426,1000.);
#5003=VECTOR('',#8427,1000.);
#5004=VECTOR('',#8430,1000.);
#5005=VECTOR('',#8431,1000.);
#5006=VECTOR('',#8432,1000.);
#5007=VECTOR('',#8433,1000.);
#5008=VECTOR('',#8436,1000.);
#5009=VECTOR('',#8437,1000.);
#5010=VECTOR('',#8438,1000.);
#5011=VECTOR('',#8439,1000.);
#5012=VECTOR('',#8442,1000.);
#5013=VECTOR('',#8443,1000.);
#5014=VECTOR('',#8444,1000.);
#5015=VECTOR('',#8445,1000.);
#5016=VECTOR('',#8448,1000.);
#5017=VECTOR('',#8449,1000.);
#5018=VECTOR('',#8450,1000.);
#5019=VECTOR('',#8451,1000.);
#5020=VECTOR('',#8494,1000.);
#5021=VECTOR('',#8495,1000.);
#5022=VECTOR('',#8496,1000.);
#5023=VECTOR('',#8499,1000.);
#5024=VECTOR('',#8500,1000.);
#5025=VECTOR('',#8503,1000.);
#5026=VECTOR('',#8508,1000.);
#5027=VECTOR('',#8509,1000.);
#5028=VECTOR('',#8522,1000.);
#5029=VECTOR('',#8523,1000.);
#5030=VECTOR('',#8524,1000.);
#5031=VECTOR('',#8525,1000.);
#5032=VECTOR('',#8530,1000.);
#5033=VECTOR('',#8531,1000.);
#5034=VECTOR('',#8532,1000.);
#5035=VECTOR('',#8533,1000.);
#5036=VECTOR('',#8534,1000.);
#5037=VECTOR('',#8535,1000.);
#5038=VECTOR('',#8536,1000.);
#5039=VECTOR('',#8537,1000.);
#5040=VECTOR('',#8542,1000.);
#5041=VECTOR('',#8543,1000.);
#5042=VECTOR('',#8546,1000.);
#5043=VECTOR('',#8549,1000.);
#5044=VECTOR('',#8552,1000.);
#5045=VECTOR('',#8553,1000.);
#5046=VECTOR('',#8554,1000.);
#5047=VECTOR('',#8555,1000.);
#5048=VECTOR('',#8556,1000.);
#5049=VECTOR('',#8557,1000.);
#5050=VECTOR('',#8560,1000.);
#5051=VECTOR('',#8561,1000.);
#5052=VECTOR('',#8562,1000.);
#5053=VECTOR('',#8563,1000.);
#5054=VECTOR('',#8566,1000.);
#5055=VECTOR('',#8567,1000.);
#5056=VECTOR('',#8568,1000.);
#5057=VECTOR('',#8569,1000.);
#5058=VECTOR('',#8572,1000.);
#5059=VECTOR('',#8573,1000.);
#5060=VECTOR('',#8594,1000.);
#5061=VECTOR('',#8595,1000.);
#5062=VECTOR('',#8596,1000.);
#5063=VECTOR('',#8597,1000.);
#5064=VECTOR('',#8598,1000.);
#5065=VECTOR('',#8599,1000.);
#5066=VECTOR('',#8604,1000.);
#5067=VECTOR('',#8609,1000.);
#5068=VECTOR('',#8610,1000.);
#5069=VECTOR('',#8611,1000.);
#5070=VECTOR('',#8616,1000.);
#5071=VECTOR('',#8621,1000.);
#5072=VECTOR('',#8622,1000.);
#5073=VECTOR('',#8623,1000.);
#5074=VECTOR('',#8624,1000.);
#5075=VECTOR('',#8625,1000.);
#5076=VECTOR('',#8626,1000.);
#5077=VECTOR('',#8633,1000.);
#5078=VECTOR('',#8636,1000.);
#5079=VECTOR('',#8637,1000.);
#5080=VECTOR('',#8638,1000.);
#5081=VECTOR('',#8645,1000.);
#5082=VECTOR('',#8648,1000.);
#5083=VECTOR('',#8649,1000.);
#5084=VECTOR('',#8652,1000.);
#5085=VECTOR('',#8653,1000.);
#5086=VECTOR('',#8654,1000.);
#5087=VECTOR('',#8657,1000.);
#5088=VECTOR('',#8660,1000.);
#5089=VECTOR('',#8663,1000.);
#5090=VECTOR('',#8668,1000.);
#5091=VECTOR('',#8669,1000.);
#5092=VECTOR('',#8670,1000.);
#5093=VECTOR('',#8675,1000.);
#5094=VECTOR('',#8680,1000.);
#5095=VECTOR('',#8681,1000.);
#5096=VECTOR('',#8682,1000.);
#5097=VECTOR('',#8683,1000.);
#5098=VECTOR('',#8684,1000.);
#5099=VECTOR('',#8689,1000.);
#5100=VECTOR('',#8692,1000.);
#5101=VECTOR('',#8695,1000.);
#5102=VECTOR('',#8696,1000.);
#5103=VECTOR('',#8697,1000.);
#5104=VECTOR('',#8704,1000.);
#5105=VECTOR('',#8707,1000.);
#5106=VECTOR('',#8708,1000.);
#5107=VECTOR('',#8709,1000.);
#5108=VECTOR('',#8710,1000.);
#5109=VECTOR('',#8711,1000.);
#5110=VECTOR('',#8714,1000.);
#5111=VECTOR('',#8717,1000.);
#5112=VECTOR('',#8720,1000.);
#5113=VECTOR('',#8723,1000.);
#5114=VECTOR('',#8726,1000.);
#5115=VECTOR('',#8727,1000.);
#5116=VECTOR('',#8732,1000.);
#5117=VECTOR('',#8733,1000.);
#5118=VECTOR('',#8734,1000.);
#5119=VECTOR('',#8737,1000.);
#5120=VECTOR('',#8740,1000.);
#5121=VECTOR('',#8743,1000.);
#5122=VECTOR('',#8748,1000.);
#5123=VECTOR('',#8749,1000.);
#5124=VECTOR('',#8750,1000.);
#5125=VECTOR('',#8753,1000.);
#5126=VECTOR('',#8754,1000.);
#5127=VECTOR('',#8755,1000.);
#5128=VECTOR('',#8758,1000.);
#5129=VECTOR('',#8759,1000.);
#5130=VECTOR('',#8762,1000.);
#5131=VECTOR('',#8763,1000.);
#5132=VECTOR('',#8764,1000.);
#5133=VECTOR('',#8767,1000.);
#5134=VECTOR('',#8768,1000.);
#5135=VECTOR('',#8769,1000.);
#5136=VECTOR('',#8782,1000.);
#5137=VECTOR('',#8785,1000.);
#5138=VECTOR('',#8786,1000.);
#5139=VECTOR('',#8789,1000.);
#5140=VECTOR('',#8804,1000.);
#5141=VECTOR('',#8805,1000.);
#5142=VECTOR('',#8806,1000.);
#5143=VECTOR('',#8807,1000.);
#5144=VECTOR('',#8810,1000.);
#5145=VECTOR('',#8811,1000.);
#5146=VECTOR('',#8812,1000.);
#5147=VECTOR('',#8825,1000.);
#5148=VECTOR('',#8828,1000.);
#5149=VECTOR('',#8829,1000.);
#5150=VECTOR('',#8830,1000.);
#5151=VECTOR('',#8833,1000.);
#5152=VECTOR('',#8848,1000.);
#5153=VECTOR('',#8849,1000.);
#5154=VECTOR('',#8852,1000.);
#5155=VECTOR('',#8853,1000.);
#5156=VECTOR('',#8854,1000.);
#5157=VECTOR('',#8855,1000.);
#5158=VECTOR('',#8862,1000.);
#5159=VECTOR('',#8865,1000.);
#5160=VECTOR('',#8868,1000.);
#5161=VECTOR('',#8871,1000.);
#5162=VECTOR('',#8874,1000.);
#5163=VECTOR('',#8877,1000.);
#5164=VECTOR('',#8880,1000.);
#5165=VECTOR('',#8883,1000.);
#5166=VECTOR('',#8888,1000.);
#5167=VECTOR('',#8893,1000.);
#5168=VECTOR('',#8896,1000.);
#5169=VECTOR('',#8899,1000.);
#5170=VECTOR('',#8902,1000.);
#5171=VECTOR('',#8905,1000.);
#5172=VECTOR('',#8910,1000.);
#5173=VECTOR('',#8911,1000.);
#5174=VECTOR('',#8912,1000.);
#5175=VECTOR('',#8913,1000.);
#5176=VECTOR('',#8914,1000.);
#5177=VECTOR('',#8915,1000.);
#5178=VECTOR('',#8918,1000.);
#5179=VECTOR('',#8919,1000.);
#5180=VECTOR('',#8920,1000.);
#5181=VECTOR('',#8921,1000.);
#5182=VECTOR('',#8922,1000.);
#5183=VECTOR('',#8923,1000.);
#5184=VECTOR('',#8932,1000.);
#5185=VECTOR('',#8935,1000.);
#5186=VECTOR('',#8940,1000.);
#5187=VECTOR('',#8941,1000.);
#5188=VECTOR('',#8948,1000.);
#5189=VECTOR('',#8949,1000.);
#5190=VECTOR('',#8952,1000.);
#5191=VECTOR('',#8953,1000.);
#5192=VECTOR('',#8960,1000.);
#5193=VECTOR('',#8961,1000.);
#5194=VECTOR('',#8964,1000.);
#5195=VECTOR('',#8969,1000.);
#5196=VECTOR('',#8976,1000.);
#5197=VECTOR('',#8979,1000.);
#5198=VECTOR('',#8980,1000.);
#5199=VECTOR('',#8981,1000.);
#5200=VECTOR('',#8984,1000.);
#5201=VECTOR('',#8985,1000.);
#5202=VECTOR('',#8986,1000.);
#5203=VECTOR('',#8987,1000.);
#5204=VECTOR('',#8992,1000.);
#5205=VECTOR('',#8995,1000.);
#5206=VECTOR('',#8996,1000.);
#5207=VECTOR('',#8997,1000.);
#5208=VECTOR('',#9002,1000.);
#5209=VECTOR('',#9017,1000.);
#5210=VECTOR('',#9026,1000.);
#5211=VECTOR('',#9029,1000.);
#5212=VECTOR('',#9032,1000.);
#5213=VECTOR('',#9035,1000.);
#5214=VECTOR('',#9048,1000.);
#5215=VECTOR('',#9051,1000.);
#5216=VECTOR('',#9052,1000.);
#5217=VECTOR('',#9053,1000.);
#5218=VECTOR('',#9058,1000.);
#5219=VECTOR('',#9061,1000.);
#5220=VECTOR('',#9062,1000.);
#5221=VECTOR('',#9063,1000.);
#5222=VECTOR('',#9066,1000.);
#5223=VECTOR('',#9067,1000.);
#5224=VECTOR('',#9068,1000.);
#5225=VECTOR('',#9069,1000.);
#5226=VECTOR('',#9074,1000.);
#5227=VECTOR('',#9089,1000.);
#5228=VECTOR('',#9098,1000.);
#5229=VECTOR('',#9101,1000.);
#5230=VECTOR('',#9104,1000.);
#5231=VECTOR('',#9107,1000.);
#5232=VECTOR('',#9128,1000.);
#5233=VECTOR('',#9131,1000.);
#5234=VECTOR('',#9134,1000.);
#5235=VECTOR('',#9137,1000.);
#5236=VECTOR('',#9140,1000.);
#5237=VECTOR('',#9145,1000.);
#5238=VECTOR('',#9166,1000.);
#5239=VECTOR('',#9169,1000.);
#5240=VECTOR('',#9196,1000.);
#5241=VECTOR('',#9197,1000.);
#5242=VECTOR('',#9198,1000.);
#5243=VECTOR('',#9199,1000.);
#5244=VECTOR('',#9200,1000.);
#5245=VECTOR('',#9201,1000.);
#5246=VECTOR('',#9202,1000.);
#5247=VECTOR('',#9203,1000.);
#5248=VECTOR('',#9204,1000.);
#5249=VECTOR('',#9205,1000.);
#5250=VECTOR('',#9206,1000.);
#5251=VECTOR('',#9207,1000.);
#5252=VECTOR('',#9208,1000.);
#5253=VECTOR('',#9209,1000.);
#5254=VECTOR('',#9210,1000.);
#5255=VECTOR('',#9211,1000.);
#5256=VECTOR('',#9214,1000.);
#5257=VECTOR('',#9215,1000.);
#5258=VECTOR('',#9216,1000.);
#5259=VECTOR('',#9217,1000.);
#5260=VECTOR('',#9218,1000.);
#5261=VECTOR('',#9219,1000.);
#5262=VECTOR('',#9220,1000.);
#5263=VECTOR('',#9221,1000.);
#5264=VECTOR('',#9222,1000.);
#5265=VECTOR('',#9223,1000.);
#5266=VECTOR('',#9224,1000.);
#5267=VECTOR('',#9225,1000.);
#5268=VECTOR('',#9228,1000.);
#5269=VECTOR('',#9229,1000.);
#5270=VECTOR('',#9230,1000.);
#5271=VECTOR('',#9231,1000.);
#5272=VECTOR('',#9234,1000.);
#5273=VECTOR('',#9235,1000.);
#5274=VECTOR('',#9236,1000.);
#5275=VECTOR('',#9237,1000.);
#5276=VECTOR('',#9240,1000.);
#5277=VECTOR('',#9241,1000.);
#5278=VECTOR('',#9242,1000.);
#5279=VECTOR('',#9243,1000.);
#5280=VECTOR('',#9244,1000.);
#5281=VECTOR('',#9245,1000.);
#5282=VECTOR('',#9246,1000.);
#5283=VECTOR('',#9247,1000.);
#5284=VECTOR('',#9250,1000.);
#5285=VECTOR('',#9251,1000.);
#5286=VECTOR('',#9252,1000.);
#5287=VECTOR('',#9255,1000.);
#5288=VECTOR('',#9256,1000.);
#5289=VECTOR('',#9257,1000.);
#5290=VECTOR('',#9260,1000.);
#5291=VECTOR('',#9261,1000.);
#5292=VECTOR('',#9262,1000.);
#5293=VECTOR('',#9263,1000.);
#5294=VECTOR('',#9264,1000.);
#5295=VECTOR('',#9265,1000.);
#5296=VECTOR('',#9266,1000.);
#5297=VECTOR('',#9267,1000.);
#5298=VECTOR('',#9268,1000.);
#5299=VECTOR('',#9269,1000.);
#5300=VECTOR('',#9270,1000.);
#5301=VECTOR('',#9271,1000.);
#5302=VECTOR('',#9272,1000.);
#5303=VECTOR('',#9273,1000.);
#5304=VECTOR('',#9274,1000.);
#5305=VECTOR('',#9275,1000.);
#5306=VECTOR('',#9276,1000.);
#5307=VECTOR('',#9277,1000.);
#5308=VECTOR('',#9278,1000.);
#5309=VECTOR('',#9279,1000.);
#5310=VECTOR('',#9280,1000.);
#5311=VECTOR('',#9281,1000.);
#5312=VECTOR('',#9282,1000.);
#5313=VECTOR('',#9283,1000.);
#5314=VECTOR('',#9284,1000.);
#5315=VECTOR('',#9285,1000.);
#5316=VECTOR('',#9286,1000.);
#5317=VECTOR('',#9287,1000.);
#5318=VECTOR('',#9288,1000.);
#5319=VECTOR('',#9289,1000.);
#5320=VECTOR('',#9290,1000.);
#5321=VECTOR('',#9291,1000.);
#5322=VECTOR('',#9292,1000.);
#5323=VECTOR('',#9293,1000.);
#5324=VECTOR('',#9294,1000.);
#5325=VECTOR('',#9297,1000.);
#5326=VECTOR('',#9298,1000.);
#5327=VECTOR('',#9299,1000.);
#5328=VECTOR('',#9300,1000.);
#5329=VECTOR('',#9301,1000.);
#5330=VECTOR('',#9302,1000.);
#5331=VECTOR('',#9303,1000.);
#5332=VECTOR('',#9304,1000.);
#5333=VECTOR('',#9305,1000.);
#5334=VECTOR('',#9308,1000.);
#5335=VECTOR('',#9309,1000.);
#5336=VECTOR('',#9310,1000.);
#5337=VECTOR('',#9313,1000.);
#5338=VECTOR('',#9314,1000.);
#5339=VECTOR('',#9315,1000.);
#5340=VECTOR('',#9318,1000.);
#5341=VECTOR('',#9319,1000.);
#5342=VECTOR('',#9320,1000.);
#5343=VECTOR('',#9321,1000.);
#5344=VECTOR('',#9322,1000.);
#5345=VECTOR('',#9323,1000.);
#5346=VECTOR('',#9324,1000.);
#5347=VECTOR('',#9325,1000.);
#5348=VECTOR('',#9328,1000.);
#5349=VECTOR('',#9329,1000.);
#5350=VECTOR('',#9332,1000.);
#5351=VECTOR('',#9333,1000.);
#5352=VECTOR('',#9336,1000.);
#5353=VECTOR('',#9337,1000.);
#5354=VECTOR('',#9344,1000.);
#5355=VECTOR('',#9345,1000.);
#5356=VECTOR('',#9346,1000.);
#5357=VECTOR('',#9349,1000.);
#5358=VECTOR('',#9350,1000.);
#5359=VECTOR('',#9351,1000.);
#5360=VECTOR('',#9354,1000.);
#5361=VECTOR('',#9355,1000.);
#5362=VECTOR('',#9362,1000.);
#5363=VECTOR('',#9363,1000.);
#5364=VECTOR('',#9364,1000.);
#5365=VECTOR('',#9367,1000.);
#5366=VECTOR('',#9368,1000.);
#5367=VECTOR('',#9375,1000.);
#5368=VECTOR('',#9376,1000.);
#5369=VECTOR('',#9377,1000.);
#5370=VECTOR('',#9380,1000.);
#5371=VECTOR('',#9381,1000.);
#5372=VECTOR('',#9382,1000.);
#5373=VECTOR('',#9385,1000.);
#5374=VECTOR('',#9386,1000.);
#5375=VECTOR('',#9393,1000.);
#5376=VECTOR('',#9396,1000.);
#5377=VECTOR('',#9397,1000.);
#5378=VECTOR('',#9400,1000.);
#5379=VECTOR('',#9401,1000.);
#5380=VECTOR('',#9402,1000.);
#5381=VECTOR('',#9411,1000.);
#5382=VECTOR('',#9414,1000.);
#5383=VECTOR('',#9419,1000.);
#5384=VECTOR('',#9420,1000.);
#5385=VECTOR('',#9421,1000.);
#5386=VECTOR('',#9424,1000.);
#5387=VECTOR('',#9425,1000.);
#5388=VECTOR('',#9426,1000.);
#5389=VECTOR('',#9429,1000.);
#5390=VECTOR('',#9432,1000.);
#5391=VECTOR('',#9435,1000.);
#5392=VECTOR('',#9436,1000.);
#5393=VECTOR('',#9437,1000.);
#5394=VECTOR('',#9440,1000.);
#5395=VECTOR('',#9441,1000.);
#5396=VECTOR('',#9444,1000.);
#5397=VECTOR('',#9445,1000.);
#5398=VECTOR('',#9448,1000.);
#5399=VECTOR('',#9455,1000.);
#5400=VECTOR('',#9456,1000.);
#5401=VECTOR('',#9457,1000.);
#5402=VECTOR('',#9460,1000.);
#5403=VECTOR('',#9461,1000.);
#5404=VECTOR('',#9468,1000.);
#5405=VECTOR('',#9469,1000.);
#5406=VECTOR('',#9470,1000.);
#5407=VECTOR('',#9473,1000.);
#5408=VECTOR('',#9474,1000.);
#5409=VECTOR('',#9475,1000.);
#5410=VECTOR('',#9478,1000.);
#5411=VECTOR('',#9479,1000.);
#5412=VECTOR('',#9486,1000.);
#5413=VECTOR('',#9487,1000.);
#5414=VECTOR('',#9488,1000.);
#5415=VECTOR('',#9491,1000.);
#5416=VECTOR('',#9492,1000.);
#5417=VECTOR('',#9493,1000.);
#5418=VECTOR('',#9504,1000.);
#5419=VECTOR('',#9507,1000.);
#5420=VECTOR('',#9512,1000.);
#5421=VECTOR('',#9513,1000.);
#5422=VECTOR('',#9514,1000.);
#5423=VECTOR('',#9517,1000.);
#5424=VECTOR('',#9518,1000.);
#5425=VECTOR('',#9521,1000.);
#5426=VECTOR('',#9522,1000.);
#5427=VECTOR('',#9525,1000.);
#5428=VECTOR('',#9528,1000.);
#5429=VECTOR('',#9529,1000.);
#5430=VECTOR('',#9530,1000.);
#5431=VECTOR('',#9533,1000.);
#5432=VECTOR('',#9534,1000.);
#5433=VECTOR('',#9537,1000.);
#5434=VECTOR('',#9538,1000.);
#5435=VECTOR('',#9541,1000.);
#5436=EDGE_LOOP('',(#295,#296,#297,#298));
#5437=EDGE_LOOP('',(#299,#300,#301,#302,#303,#304));
#5438=EDGE_LOOP('',(#305,#306,#307,#308,#309,#310,#311,#312,#313,#314,#315,
#316,#317));
#5439=EDGE_LOOP('',(#318,#319,#320,#321,#322,#323,#324,#325,#326,#327,#328,
#329,#330));
#5440=EDGE_LOOP('',(#331,#332,#333,#334,#335,#336));
#5441=EDGE_LOOP('',(#337,#338,#339,#340));
#5442=EDGE_LOOP('',(#341,#342,#343,#344,#345,#346));
#5443=EDGE_LOOP('',(#347,#348,#349,#350,#351,#352));
#5444=EDGE_LOOP('',(#353));
#5445=EDGE_LOOP('',(#354));
#5446=EDGE_LOOP('',(#355,#356,#357,#358));
#5447=EDGE_LOOP('',(#359,#360,#361,#362));
#5448=EDGE_LOOP('',(#363,#364,#365,#366));
#5449=EDGE_LOOP('',(#367,#368,#369,#370));
#5450=EDGE_LOOP('',(#371,#372,#373,#374));
#5451=EDGE_LOOP('',(#375,#376,#377,#378));
#5452=EDGE_LOOP('',(#379,#380,#381,#382,#383,#384,#385,#386,#387,#388,#389));
#5453=EDGE_LOOP('',(#390,#391,#392,#393));
#5454=EDGE_LOOP('',(#394,#395,#396,#397));
#5455=EDGE_LOOP('',(#398,#399,#400,#401,#402,#403,#404,#405,#406,#407));
#5456=EDGE_LOOP('',(#408,#409,#410,#411));
#5457=EDGE_LOOP('',(#412,#413,#414,#415));
#5458=EDGE_LOOP('',(#416,#417,#418,#419,#420,#421,#422,#423));
#5459=EDGE_LOOP('',(#424));
#5460=EDGE_LOOP('',(#425));
#5461=EDGE_LOOP('',(#426));
#5462=EDGE_LOOP('',(#427,#428,#429,#430,#431));
#5463=EDGE_LOOP('',(#432));
#5464=EDGE_LOOP('',(#433));
#5465=EDGE_LOOP('',(#434,#435,#436,#437,#438,#439,#440,#441,#442,#443,#444,
#445,#446,#447,#448,#449));
#5466=EDGE_LOOP('',(#450,#451,#452,#453,#454,#455));
#5467=EDGE_LOOP('',(#456,#457,#458,#459,#460));
#5468=EDGE_LOOP('',(#461));
#5469=EDGE_LOOP('',(#462,#463,#464,#465,#466,#467,#468,#469,#470,#471,#472,
#473,#474,#475,#476,#477));
#5470=EDGE_LOOP('',(#478,#479,#480,#481));
#5471=EDGE_LOOP('',(#482,#483,#484,#485));
#5472=EDGE_LOOP('',(#486,#487,#488,#489));
#5473=EDGE_LOOP('',(#490,#491,#492,#493));
#5474=EDGE_LOOP('',(#494,#495,#496,#497));
#5475=EDGE_LOOP('',(#498,#499,#500,#501));
#5476=EDGE_LOOP('',(#502,#503,#504,#505));
#5477=EDGE_LOOP('',(#506,#507,#508,#509,#510,#511,#512,#513));
#5478=EDGE_LOOP('',(#514));
#5479=EDGE_LOOP('',(#515));
#5480=EDGE_LOOP('',(#516));
#5481=EDGE_LOOP('',(#517,#518,#519,#520,#521,#522,#523,#524,#525,#526,#527,
#528,#529,#530,#531,#532));
#5482=EDGE_LOOP('',(#533,#534,#535,#536));
#5483=EDGE_LOOP('',(#537));
#5484=EDGE_LOOP('',(#538,#539,#540,#541,#542,#543,#544,#545,#546,#547,#548,
#549,#550,#551,#552,#553));
#5485=EDGE_LOOP('',(#554,#555,#556,#557,#558,#559,#560,#561,#562,#563,#564,
#565,#566,#567,#568,#569));
#5486=EDGE_LOOP('',(#570,#571,#572,#573));
#5487=EDGE_LOOP('',(#574,#575,#576,#577));
#5488=EDGE_LOOP('',(#578,#579,#580,#581));
#5489=EDGE_LOOP('',(#582,#583,#584,#585));
#5490=EDGE_LOOP('',(#586,#587,#588,#589));
#5491=EDGE_LOOP('',(#590,#591,#592,#593));
#5492=EDGE_LOOP('',(#594,#595,#596,#597));
#5493=EDGE_LOOP('',(#598,#599,#600,#601,#602,#603,#604,#605));
#5494=EDGE_LOOP('',(#606,#607,#608,#609));
#5495=EDGE_LOOP('',(#610,#611,#612,#613,#614,#615,#616,#617));
#5496=EDGE_LOOP('',(#618,#619,#620,#621,#622,#623,#624,#625));
#5497=EDGE_LOOP('',(#626,#627,#628,#629,#630,#631,#632,#633,#634,#635,#636,
#637));
#5498=EDGE_LOOP('',(#638,#639,#640,#641));
#5499=EDGE_LOOP('',(#642,#643,#644,#645));
#5500=EDGE_LOOP('',(#646,#647,#648,#649,#650,#651,#652,#653,#654,#655,#656,
#657,#658,#659,#660,#661));
#5501=EDGE_LOOP('',(#662,#663,#664,#665,#666,#667));
#5502=EDGE_LOOP('',(#668,#669,#670,#671,#672,#673));
#5503=EDGE_LOOP('',(#674,#675,#676,#677,#678,#679,#680,#681));
#5504=EDGE_LOOP('',(#682,#683,#684,#685));
#5505=EDGE_LOOP('',(#686,#687,#688,#689));
#5506=EDGE_LOOP('',(#690,#691,#692,#693));
#5507=EDGE_LOOP('',(#694,#695,#696,#697));
#5508=EDGE_LOOP('',(#698,#699,#700,#701));
#5509=EDGE_LOOP('',(#702,#703,#704,#705));
#5510=EDGE_LOOP('',(#706,#707,#708,#709,#710,#711));
#5511=EDGE_LOOP('',(#712));
#5512=EDGE_LOOP('',(#713));
#5513=EDGE_LOOP('',(#714,#715,#716,#717));
#5514=EDGE_LOOP('',(#718,#719,#720,#721));
#5515=EDGE_LOOP('',(#722,#723,#724,#725));
#5516=EDGE_LOOP('',(#726,#727,#728,#729));
#5517=EDGE_LOOP('',(#730,#731,#732,#733));
#5518=EDGE_LOOP('',(#734,#735,#736,#737));
#5519=EDGE_LOOP('',(#738,#739,#740,#741));
#5520=EDGE_LOOP('',(#742,#743,#744,#745));
#5521=EDGE_LOOP('',(#746));
#5522=EDGE_LOOP('',(#747));
#5523=EDGE_LOOP('',(#748));
#5524=EDGE_LOOP('',(#749));
#5525=EDGE_LOOP('',(#750,#751,#752,#753,#754,#755));
#5526=EDGE_LOOP('',(#756,#757,#758,#759));
#5527=EDGE_LOOP('',(#760,#761,#762,#763));
#5528=EDGE_LOOP('',(#764,#765,#766,#767));
#5529=EDGE_LOOP('',(#768,#769,#770,#771));
#5530=EDGE_LOOP('',(#772,#773,#774,#775,#776));
#5531=EDGE_LOOP('',(#777,#778,#779,#780));
#5532=EDGE_LOOP('',(#781,#782,#783,#784));
#5533=EDGE_LOOP('',(#785,#786,#787,#788));
#5534=EDGE_LOOP('',(#789,#790,#791,#792));
#5535=EDGE_LOOP('',(#793,#794,#795,#796));
#5536=EDGE_LOOP('',(#797,#798,#799,#800));
#5537=EDGE_LOOP('',(#801,#802,#803,#804));
#5538=EDGE_LOOP('',(#805,#806,#807,#808));
#5539=EDGE_LOOP('',(#809,#810,#811,#812,#813,#814,#815,#816));
#5540=EDGE_LOOP('',(#817,#818,#819,#820,#821,#822,#823,#824));
#5541=EDGE_LOOP('',(#825));
#5542=EDGE_LOOP('',(#826));
#5543=EDGE_LOOP('',(#827));
#5544=EDGE_LOOP('',(#828));
#5545=EDGE_LOOP('',(#829,#830,#831,#832));
#5546=EDGE_LOOP('',(#833,#834,#835,#836));
#5547=EDGE_LOOP('',(#837,#838,#839,#840));
#5548=EDGE_LOOP('',(#841,#842,#843,#844));
#5549=EDGE_LOOP('',(#845,#846,#847,#848));
#5550=EDGE_LOOP('',(#849,#850,#851,#852));
#5551=EDGE_LOOP('',(#853,#854,#855,#856));
#5552=EDGE_LOOP('',(#857,#858,#859,#860));
#5553=EDGE_LOOP('',(#861,#862,#863,#864,#865));
#5554=EDGE_LOOP('',(#866,#867,#868,#869,#870,#871));
#5555=EDGE_LOOP('',(#872,#873,#874,#875,#876,#877));
#5556=EDGE_LOOP('',(#878,#879,#880,#881,#882,#883,#884,#885));
#5557=EDGE_LOOP('',(#886,#887,#888,#889));
#5558=EDGE_LOOP('',(#890,#891,#892,#893));
#5559=EDGE_LOOP('',(#894,#895,#896,#897));
#5560=EDGE_LOOP('',(#898,#899,#900,#901));
#5561=EDGE_LOOP('',(#902,#903,#904,#905));
#5562=EDGE_LOOP('',(#906,#907,#908,#909));
#5563=EDGE_LOOP('',(#910,#911,#912,#913,#914,#915));
#5564=EDGE_LOOP('',(#916));
#5565=EDGE_LOOP('',(#917));
#5566=EDGE_LOOP('',(#918,#919,#920,#921));
#5567=EDGE_LOOP('',(#922,#923,#924,#925));
#5568=EDGE_LOOP('',(#926,#927,#928,#929));
#5569=EDGE_LOOP('',(#930,#931,#932,#933));
#5570=EDGE_LOOP('',(#934,#935,#936,#937));
#5571=EDGE_LOOP('',(#938,#939,#940,#941));
#5572=EDGE_LOOP('',(#942,#943,#944,#945));
#5573=EDGE_LOOP('',(#946,#947,#948,#949));
#5574=EDGE_LOOP('',(#950));
#5575=EDGE_LOOP('',(#951));
#5576=EDGE_LOOP('',(#952));
#5577=EDGE_LOOP('',(#953));
#5578=EDGE_LOOP('',(#954,#955,#956,#957));
#5579=EDGE_LOOP('',(#958,#959,#960,#961));
#5580=EDGE_LOOP('',(#962,#963,#964,#965));
#5581=EDGE_LOOP('',(#966,#967,#968,#969,#970,#971,#972,#973));
#5582=EDGE_LOOP('',(#974,#975,#976,#977,#978));
#5583=EDGE_LOOP('',(#979,#980,#981,#982,#983,#984));
#5584=EDGE_LOOP('',(#985,#986,#987,#988));
#5585=EDGE_LOOP('',(#989,#990,#991,#992));
#5586=EDGE_LOOP('',(#993,#994,#995,#996));
#5587=EDGE_LOOP('',(#997,#998,#999,#1000));
#5588=EDGE_LOOP('',(#1001));
#5589=EDGE_LOOP('',(#1002));
#5590=EDGE_LOOP('',(#1003));
#5591=EDGE_LOOP('',(#1004));
#5592=EDGE_LOOP('',(#1005,#1006,#1007,#1008));
#5593=EDGE_LOOP('',(#1009,#1010,#1011,#1012));
#5594=EDGE_LOOP('',(#1013,#1014,#1015,#1016));
#5595=EDGE_LOOP('',(#1017,#1018,#1019,#1020));
#5596=EDGE_LOOP('',(#1021,#1022,#1023,#1024));
#5597=EDGE_LOOP('',(#1025,#1026,#1027,#1028));
#5598=EDGE_LOOP('',(#1029,#1030,#1031,#1032));
#5599=EDGE_LOOP('',(#1033,#1034,#1035,#1036));
#5600=EDGE_LOOP('',(#1037,#1038,#1039,#1040,#1041));
#5601=EDGE_LOOP('',(#1042,#1043,#1044));
#5602=EDGE_LOOP('',(#1045,#1046,#1047,#1048));
#5603=EDGE_LOOP('',(#1049,#1050,#1051,#1052));
#5604=EDGE_LOOP('',(#1053,#1054,#1055,#1056));
#5605=EDGE_LOOP('',(#1057,#1058,#1059,#1060));
#5606=EDGE_LOOP('',(#1061,#1062,#1063,#1064));
#5607=EDGE_LOOP('',(#1065,#1066,#1067,#1068));
#5608=EDGE_LOOP('',(#1069,#1070,#1071,#1072));
#5609=EDGE_LOOP('',(#1073,#1074,#1075,#1076));
#5610=EDGE_LOOP('',(#1077,#1078,#1079,#1080));
#5611=EDGE_LOOP('',(#1081,#1082,#1083,#1084));
#5612=EDGE_LOOP('',(#1085,#1086,#1087,#1088));
#5613=EDGE_LOOP('',(#1089,#1090,#1091,#1092));
#5614=EDGE_LOOP('',(#1093,#1094,#1095,#1096,#1097,#1098,#1099,#1100,#1101,
#1102,#1103,#1104,#1105));
#5615=EDGE_LOOP('',(#1106,#1107,#1108,#1109,#1110,#1111,#1112,#1113,#1114,
#1115,#1116,#1117,#1118));
#5616=EDGE_LOOP('',(#1119,#1120,#1121,#1122));
#5617=EDGE_LOOP('',(#1123,#1124,#1125,#1126));
#5618=EDGE_LOOP('',(#1127,#1128,#1129,#1130));
#5619=EDGE_LOOP('',(#1131,#1132,#1133,#1134));
#5620=EDGE_LOOP('',(#1135,#1136,#1137,#1138));
#5621=EDGE_LOOP('',(#1139,#1140,#1141,#1142));
#5622=EDGE_LOOP('',(#1143,#1144,#1145,#1146));
#5623=EDGE_LOOP('',(#1147,#1148,#1149,#1150));
#5624=EDGE_LOOP('',(#1151,#1152,#1153,#1154));
#5625=EDGE_LOOP('',(#1155,#1156,#1157,#1158));
#5626=EDGE_LOOP('',(#1159,#1160,#1161,#1162));
#5627=EDGE_LOOP('',(#1163,#1164,#1165,#1166,#1167));
#5628=EDGE_LOOP('',(#1168,#1169,#1170,#1171,#1172,#1173,#1174,#1175,#1176,
#1177,#1178,#1179,#1180));
#5629=EDGE_LOOP('',(#1181,#1182,#1183,#1184));
#5630=EDGE_LOOP('',(#1185));
#5631=EDGE_LOOP('',(#1186,#1187,#1188,#1189,#1190,#1191,#1192,#1193));
#5632=EDGE_LOOP('',(#1194,#1195,#1196,#1197));
#5633=EDGE_LOOP('',(#1198,#1199,#1200,#1201));
#5634=EDGE_LOOP('',(#1202,#1203,#1204,#1205,#1206,#1207,#1208,#1209));
#5635=EDGE_LOOP('',(#1210,#1211,#1212,#1213));
#5636=EDGE_LOOP('',(#1214,#1215,#1216,#1217));
#5637=EDGE_LOOP('',(#1218,#1219,#1220,#1221));
#5638=EDGE_LOOP('',(#1222,#1223,#1224,#1225));
#5639=EDGE_LOOP('',(#1226,#1227,#1228,#1229));
#5640=EDGE_LOOP('',(#1230,#1231,#1232,#1233));
#5641=EDGE_LOOP('',(#1234,#1235,#1236,#1237));
#5642=EDGE_LOOP('',(#1238,#1239,#1240,#1241));
#5643=EDGE_LOOP('',(#1242,#1243));
#5644=EDGE_LOOP('',(#1244,#1245,#1246,#1247,#1248,#1249,#1250,#1251));
#5645=EDGE_LOOP('',(#1252));
#5646=EDGE_LOOP('',(#1253,#1254));
#5647=EDGE_LOOP('',(#1255,#1256,#1257,#1258,#1259,#1260));
#5648=EDGE_LOOP('',(#1261,#1262,#1263,#1264));
#5649=EDGE_LOOP('',(#1265,#1266,#1267,#1268));
#5650=EDGE_LOOP('',(#1269,#1270,#1271,#1272));
#5651=EDGE_LOOP('',(#1273,#1274,#1275,#1276,#1277,#1278));
#5652=EDGE_LOOP('',(#1279,#1280,#1281,#1282));
#5653=EDGE_LOOP('',(#1283,#1284,#1285,#1286));
#5654=EDGE_LOOP('',(#1287,#1288,#1289,#1290));
#5655=EDGE_LOOP('',(#1291,#1292,#1293,#1294,#1295,#1296,#1297,#1298));
#5656=EDGE_LOOP('',(#1299,#1300,#1301,#1302));
#5657=EDGE_LOOP('',(#1303,#1304,#1305,#1306));
#5658=EDGE_LOOP('',(#1307,#1308,#1309,#1310));
#5659=EDGE_LOOP('',(#1311,#1312,#1313,#1314,#1315,#1316));
#5660=EDGE_LOOP('',(#1317,#1318,#1319,#1320));
#5661=EDGE_LOOP('',(#1321,#1322,#1323,#1324));
#5662=EDGE_LOOP('',(#1325,#1326,#1327,#1328));
#5663=EDGE_LOOP('',(#1329,#1330,#1331,#1332,#1333,#1334));
#5664=EDGE_LOOP('',(#1335,#1336,#1337,#1338,#1339,#1340,#1341,#1342,#1343,
#1344));
#5665=EDGE_LOOP('',(#1345,#1346,#1347,#1348,#1349,#1350,#1351,#1352,#1353,
#1354));
#5666=EDGE_LOOP('',(#1355,#1356,#1357,#1358,#1359,#1360,#1361,#1362));
#5667=EDGE_LOOP('',(#1363,#1364,#1365,#1366));
#5668=EDGE_LOOP('',(#1367,#1368,#1369,#1370));
#5669=EDGE_LOOP('',(#1371,#1372,#1373,#1374,#1375,#1376,#1377,#1378,#1379,
#1380,#1381,#1382,#1383,#1384,#1385,#1386,#1387,#1388,#1389,#1390,#1391,
#1392));
#5670=EDGE_LOOP('',(#1393,#1394,#1395,#1396));
#5671=EDGE_LOOP('',(#1397,#1398,#1399,#1400,#1401,#1402,#1403,#1404,#1405,
#1406,#1407,#1408,#1409,#1410,#1411,#1412,#1413,#1414,#1415,#1416,#1417,
#1418));
#5672=EDGE_LOOP('',(#1419,#1420,#1421,#1422));
#5673=EDGE_LOOP('',(#1423,#1424,#1425,#1426));
#5674=EDGE_LOOP('',(#1427,#1428,#1429,#1430,#1431,#1432));
#5675=EDGE_LOOP('',(#1433,#1434,#1435,#1436));
#5676=EDGE_LOOP('',(#1437,#1438,#1439,#1440));
#5677=EDGE_LOOP('',(#1441,#1442,#1443,#1444));
#5678=EDGE_LOOP('',(#1445,#1446,#1447,#1448));
#5679=EDGE_LOOP('',(#1449,#1450,#1451,#1452));
#5680=EDGE_LOOP('',(#1453,#1454,#1455,#1456));
#5681=EDGE_LOOP('',(#1457,#1458,#1459,#1460));
#5682=EDGE_LOOP('',(#1461,#1462,#1463,#1464,#1465,#1466));
#5683=EDGE_LOOP('',(#1467,#1468,#1469,#1470));
#5684=EDGE_LOOP('',(#1471,#1472,#1473,#1474));
#5685=EDGE_LOOP('',(#1475,#1476,#1477,#1478));
#5686=EDGE_LOOP('',(#1479,#1480,#1481,#1482));
#5687=EDGE_LOOP('',(#1483,#1484,#1485,#1486));
#5688=EDGE_LOOP('',(#1487,#1488,#1489,#1490));
#5689=EDGE_LOOP('',(#1491,#1492,#1493,#1494,#1495,#1496,#1497,#1498,#1499,
#1500));
#5690=EDGE_LOOP('',(#1501,#1502,#1503,#1504,#1505,#1506,#1507,#1508,#1509,
#1510));
#5691=EDGE_LOOP('',(#1511,#1512,#1513,#1514));
#5692=EDGE_LOOP('',(#1515,#1516,#1517,#1518));
#5693=EDGE_LOOP('',(#1519,#1520,#1521,#1522));
#5694=EDGE_LOOP('',(#1523,#1524,#1525,#1526));
#5695=EDGE_LOOP('',(#1527,#1528,#1529,#1530));
#5696=EDGE_LOOP('',(#1531,#1532,#1533,#1534));
#5697=EDGE_LOOP('',(#1535,#1536,#1537,#1538));
#5698=EDGE_LOOP('',(#1539,#1540,#1541,#1542));
#5699=EDGE_LOOP('',(#1543,#1544,#1545,#1546));
#5700=EDGE_LOOP('',(#1547,#1548,#1549,#1550,#1551,#1552,#1553,#1554));
#5701=EDGE_LOOP('',(#1555,#1556,#1557,#1558,#1559,#1560,#1561,#1562));
#5702=EDGE_LOOP('',(#1563,#1564,#1565,#1566));
#5703=EDGE_LOOP('',(#1567,#1568,#1569,#1570));
#5704=EDGE_LOOP('',(#1571,#1572,#1573,#1574));
#5705=EDGE_LOOP('',(#1575,#1576,#1577,#1578));
#5706=EDGE_LOOP('',(#1579,#1580,#1581,#1582));
#5707=EDGE_LOOP('',(#1583,#1584,#1585,#1586));
#5708=EDGE_LOOP('',(#1587,#1588,#1589,#1590));
#5709=EDGE_LOOP('',(#1591,#1592,#1593,#1594,#1595,#1596));
#5710=EDGE_LOOP('',(#1597,#1598,#1599,#1600));
#5711=EDGE_LOOP('',(#1601,#1602,#1603,#1604,#1605,#1606));
#5712=EDGE_LOOP('',(#1607,#1608,#1609,#1610,#1611,#1612,#1613,#1614));
#5713=EDGE_LOOP('',(#1615,#1616,#1617,#1618,#1619,#1620));
#5714=EDGE_LOOP('',(#1621,#1622,#1623,#1624,#1625,#1626,#1627,#1628));
#5715=EDGE_LOOP('',(#1629,#1630,#1631,#1632,#1633,#1634));
#5716=EDGE_LOOP('',(#1635,#1636,#1637,#1638,#1639,#1640,#1641,#1642,#1643,
#1644));
#5717=EDGE_LOOP('',(#1645,#1646,#1647,#1648,#1649,#1650,#1651,#1652,#1653,
#1654));
#5718=EDGE_LOOP('',(#1655,#1656,#1657,#1658,#1659,#1660));
#5719=EDGE_LOOP('',(#1661,#1662,#1663,#1664,#1665,#1666));
#5720=EDGE_LOOP('',(#1667,#1668,#1669,#1670));
#5721=EDGE_LOOP('',(#1671,#1672,#1673,#1674));
#5722=EDGE_LOOP('',(#1675,#1676,#1677,#1678));
#5723=EDGE_LOOP('',(#1679,#1680,#1681,#1682));
#5724=EDGE_LOOP('',(#1683,#1684,#1685,#1686,#1687,#1688));
#5725=EDGE_LOOP('',(#1689,#1690,#1691,#1692,#1693,#1694));
#5726=EDGE_LOOP('',(#1695,#1696,#1697,#1698));
#5727=EDGE_LOOP('',(#1699,#1700,#1701,#1702,#1703,#1704));
#5728=EDGE_LOOP('',(#1705,#1706,#1707,#1708,#1709,#1710,#1711,#1712));
#5729=EDGE_LOOP('',(#1713,#1714,#1715,#1716,#1717,#1718));
#5730=EDGE_LOOP('',(#1719,#1720,#1721,#1722,#1723,#1724,#1725,#1726));
#5731=EDGE_LOOP('',(#1727,#1728,#1729,#1730,#1731,#1732,#1733,#1734,#1735,
#1736));
#5732=EDGE_LOOP('',(#1737,#1738,#1739,#1740,#1741,#1742,#1743,#1744,#1745,
#1746));
#5733=EDGE_LOOP('',(#1747,#1748,#1749,#1750,#1751,#1752));
#5734=EDGE_LOOP('',(#1753,#1754,#1755,#1756,#1757,#1758));
#5735=EDGE_LOOP('',(#1759,#1760,#1761,#1762));
#5736=EDGE_LOOP('',(#1763,#1764,#1765,#1766));
#5737=EDGE_LOOP('',(#1767,#1768,#1769,#1770));
#5738=EDGE_LOOP('',(#1771,#1772,#1773,#1774));
#5739=EDGE_LOOP('',(#1775,#1776,#1777,#1778));
#5740=EDGE_LOOP('',(#1779,#1780,#1781,#1782));
#5741=EDGE_LOOP('',(#1783));
#5742=EDGE_LOOP('',(#1784,#1785,#1786,#1787,#1788,#1789,#1790,#1791));
#5743=EDGE_LOOP('',(#1792,#1793));
#5744=EDGE_LOOP('',(#1794,#1795));
#5745=EDGE_LOOP('',(#1796,#1797,#1798,#1799));
#5746=EDGE_LOOP('',(#1800,#1801,#1802,#1803));
#5747=EDGE_LOOP('',(#1804));
#5748=EDGE_LOOP('',(#1805));
#5749=EDGE_LOOP('',(#1806));
#5750=EDGE_LOOP('',(#1807));
#5751=EDGE_LOOP('',(#1808));
#5752=EDGE_LOOP('',(#1809));
#5753=EDGE_LOOP('',(#1810,#1811,#1812,#1813,#1814,#1815));
#5754=EDGE_LOOP('',(#1816,#1817,#1818,#1819,#1820,#1821));
#5755=EDGE_LOOP('',(#1822,#1823,#1824,#1825));
#5756=EDGE_LOOP('',(#1826));
#5757=EDGE_LOOP('',(#1827));
#5758=EDGE_LOOP('',(#1828));
#5759=EDGE_LOOP('',(#1829));
#5760=EDGE_LOOP('',(#1830));
#5761=EDGE_LOOP('',(#1831));
#5762=EDGE_LOOP('',(#1832));
#5763=EDGE_LOOP('',(#1833,#1834,#1835,#1836));
#5764=EDGE_LOOP('',(#1837,#1838,#1839,#1840,#1841,#1842,#1843,#1844));
#5765=EDGE_LOOP('',(#1845,#1846,#1847,#1848));
#5766=EDGE_LOOP('',(#1849,#1850,#1851,#1852));
#5767=EDGE_LOOP('',(#1853,#1854,#1855,#1856));
#5768=EDGE_LOOP('',(#1857,#1858,#1859,#1860));
#5769=EDGE_LOOP('',(#1861,#1862,#1863,#1864));
#5770=EDGE_LOOP('',(#1865,#1866,#1867,#1868));
#5771=EDGE_LOOP('',(#1869,#1870,#1871,#1872,#1873,#1874,#1875,#1876));
#5772=EDGE_LOOP('',(#1877,#1878,#1879,#1880));
#5773=EDGE_LOOP('',(#1881,#1882,#1883,#1884));
#5774=EDGE_LOOP('',(#1885,#1886,#1887,#1888));
#5775=EDGE_LOOP('',(#1889,#1890,#1891,#1892));
#5776=EDGE_LOOP('',(#1893,#1894,#1895,#1896,#1897,#1898,#1899,#1900));
#5777=EDGE_LOOP('',(#1901,#1902,#1903,#1904,#1905,#1906,#1907,#1908));
#5778=EDGE_LOOP('',(#1909,#1910,#1911,#1912,#1913,#1914,#1915,#1916));
#5779=EDGE_LOOP('',(#1917,#1918,#1919,#1920));
#5780=EDGE_LOOP('',(#1921,#1922,#1923,#1924));
#5781=EDGE_LOOP('',(#1925,#1926,#1927,#1928));
#5782=EDGE_LOOP('',(#1929,#1930,#1931,#1932));
#5783=EDGE_LOOP('',(#1933,#1934,#1935,#1936));
#5784=EDGE_LOOP('',(#1937,#1938,#1939,#1940));
#5785=EDGE_LOOP('',(#1941,#1942,#1943,#1944));
#5786=EDGE_LOOP('',(#1945,#1946,#1947,#1948,#1949,#1950,#1951,#1952));
#5787=EDGE_LOOP('',(#1953,#1954,#1955,#1956));
#5788=EDGE_LOOP('',(#1957,#1958,#1959,#1960));
#5789=EDGE_LOOP('',(#1961,#1962,#1963,#1964));
#5790=EDGE_LOOP('',(#1965,#1966,#1967,#1968,#1969));
#5791=EDGE_LOOP('',(#1970,#1971,#1972,#1973,#1974));
#5792=EDGE_LOOP('',(#1975,#1976,#1977,#1978));
#5793=EDGE_LOOP('',(#1979,#1980,#1981,#1982));
#5794=EDGE_LOOP('',(#1983,#1984,#1985,#1986));
#5795=EDGE_LOOP('',(#1987,#1988,#1989,#1990,#1991));
#5796=EDGE_LOOP('',(#1992,#1993,#1994,#1995,#1996));
#5797=EDGE_LOOP('',(#1997,#1998,#1999,#2000));
#5798=EDGE_LOOP('',(#2001,#2002,#2003,#2004));
#5799=EDGE_LOOP('',(#2005,#2006,#2007,#2008,#2009));
#5800=EDGE_LOOP('',(#2010,#2011,#2012,#2013,#2014));
#5801=EDGE_LOOP('',(#2015,#2016,#2017,#2018));
#5802=EDGE_LOOP('',(#2019,#2020,#2021,#2022));
#5803=EDGE_LOOP('',(#2023,#2024,#2025,#2026));
#5804=EDGE_LOOP('',(#2027,#2028,#2029,#2030));
#5805=EDGE_LOOP('',(#2031,#2032,#2033,#2034));
#5806=EDGE_LOOP('',(#2035,#2036,#2037,#2038));
#5807=EDGE_LOOP('',(#2039,#2040,#2041,#2042));
#5808=EDGE_LOOP('',(#2043,#2044,#2045,#2046));
#5809=EDGE_LOOP('',(#2047,#2048,#2049,#2050));
#5810=EDGE_LOOP('',(#2051,#2052,#2053,#2054));
#5811=EDGE_LOOP('',(#2055,#2056,#2057,#2058));
#5812=EDGE_LOOP('',(#2059,#2060,#2061,#2062));
#5813=EDGE_LOOP('',(#2063,#2064,#2065,#2066));
#5814=EDGE_LOOP('',(#2067,#2068,#2069,#2070));
#5815=EDGE_LOOP('',(#2071,#2072,#2073,#2074));
#5816=EDGE_LOOP('',(#2075,#2076,#2077,#2078));
#5817=EDGE_LOOP('',(#2079,#2080,#2081,#2082));
#5818=EDGE_LOOP('',(#2083,#2084,#2085,#2086));
#5819=EDGE_LOOP('',(#2087,#2088,#2089,#2090));
#5820=EDGE_LOOP('',(#2091,#2092,#2093,#2094));
#5821=EDGE_LOOP('',(#2095,#2096,#2097,#2098));
#5822=EDGE_LOOP('',(#2099,#2100,#2101,#2102));
#5823=EDGE_LOOP('',(#2103,#2104,#2105,#2106));
#5824=EDGE_LOOP('',(#2107,#2108,#2109,#2110));
#5825=EDGE_LOOP('',(#2111,#2112,#2113,#2114));
#5826=EDGE_LOOP('',(#2115,#2116,#2117,#2118));
#5827=EDGE_LOOP('',(#2119,#2120,#2121,#2122,#2123));
#5828=EDGE_LOOP('',(#2124,#2125,#2126,#2127,#2128));
#5829=EDGE_LOOP('',(#2129,#2130,#2131,#2132));
#5830=EDGE_LOOP('',(#2133,#2134,#2135,#2136));
#5831=EDGE_LOOP('',(#2137,#2138,#2139,#2140));
#5832=EDGE_LOOP('',(#2141,#2142,#2143,#2144));
#5833=EDGE_LOOP('',(#2145,#2146,#2147,#2148));
#5834=EDGE_LOOP('',(#2149,#2150,#2151,#2152));
#5835=EDGE_LOOP('',(#2153,#2154,#2155,#2156));
#5836=EDGE_LOOP('',(#2157,#2158,#2159,#2160));
#5837=EDGE_LOOP('',(#2161,#2162,#2163,#2164));
#5838=EDGE_LOOP('',(#2165,#2166,#2167,#2168));
#5839=EDGE_LOOP('',(#2169,#2170,#2171,#2172));
#5840=EDGE_LOOP('',(#2173,#2174,#2175,#2176));
#5841=EDGE_LOOP('',(#2177,#2178,#2179,#2180));
#5842=EDGE_LOOP('',(#2181,#2182,#2183,#2184));
#5843=EDGE_LOOP('',(#2185,#2186,#2187,#2188));
#5844=EDGE_LOOP('',(#2189,#2190,#2191,#2192));
#5845=EDGE_LOOP('',(#2193,#2194,#2195,#2196));
#5846=EDGE_LOOP('',(#2197,#2198,#2199,#2200));
#5847=EDGE_LOOP('',(#2201,#2202,#2203,#2204));
#5848=EDGE_LOOP('',(#2205,#2206,#2207,#2208));
#5849=EDGE_LOOP('',(#2209,#2210,#2211,#2212));
#5850=EDGE_LOOP('',(#2213,#2214,#2215,#2216));
#5851=EDGE_LOOP('',(#2217,#2218,#2219,#2220));
#5852=EDGE_LOOP('',(#2221,#2222,#2223,#2224));
#5853=FACE_BOUND('',#5436,.T.);
#5854=FACE_BOUND('',#5437,.T.);
#5855=FACE_BOUND('',#5438,.T.);
#5856=FACE_BOUND('',#5439,.T.);
#5857=FACE_BOUND('',#5440,.T.);
#5858=FACE_BOUND('',#5441,.T.);
#5859=FACE_BOUND('',#5442,.T.);
#5860=FACE_BOUND('',#5443,.T.);
#5861=FACE_BOUND('',#5444,.T.);
#5862=FACE_BOUND('',#5445,.T.);
#5863=FACE_BOUND('',#5446,.T.);
#5864=FACE_BOUND('',#5447,.T.);
#5865=FACE_BOUND('',#5448,.T.);
#5866=FACE_BOUND('',#5449,.T.);
#5867=FACE_BOUND('',#5450,.T.);
#5868=FACE_BOUND('',#5451,.T.);
#5869=FACE_BOUND('',#5452,.T.);
#5870=FACE_BOUND('',#5453,.T.);
#5871=FACE_BOUND('',#5454,.T.);
#5872=FACE_BOUND('',#5455,.T.);
#5873=FACE_BOUND('',#5456,.T.);
#5874=FACE_BOUND('',#5457,.T.);
#5875=FACE_BOUND('',#5458,.T.);
#5876=FACE_BOUND('',#5459,.T.);
#5877=FACE_BOUND('',#5460,.T.);
#5878=FACE_BOUND('',#5461,.T.);
#5879=FACE_BOUND('',#5462,.T.);
#5880=FACE_BOUND('',#5463,.T.);
#5881=FACE_BOUND('',#5464,.T.);
#5882=FACE_BOUND('',#5465,.T.);
#5883=FACE_BOUND('',#5466,.T.);
#5884=FACE_BOUND('',#5467,.T.);
#5885=FACE_BOUND('',#5468,.T.);
#5886=FACE_BOUND('',#5469,.T.);
#5887=FACE_BOUND('',#5470,.T.);
#5888=FACE_BOUND('',#5471,.T.);
#5889=FACE_BOUND('',#5472,.T.);
#5890=FACE_BOUND('',#5473,.T.);
#5891=FACE_BOUND('',#5474,.T.);
#5892=FACE_BOUND('',#5475,.T.);
#5893=FACE_BOUND('',#5476,.T.);
#5894=FACE_BOUND('',#5477,.T.);
#5895=FACE_BOUND('',#5478,.T.);
#5896=FACE_BOUND('',#5479,.T.);
#5897=FACE_BOUND('',#5480,.T.);
#5898=FACE_BOUND('',#5481,.T.);
#5899=FACE_BOUND('',#5482,.T.);
#5900=FACE_BOUND('',#5483,.T.);
#5901=FACE_BOUND('',#5484,.T.);
#5902=FACE_BOUND('',#5485,.T.);
#5903=FACE_BOUND('',#5486,.T.);
#5904=FACE_BOUND('',#5487,.T.);
#5905=FACE_BOUND('',#5488,.T.);
#5906=FACE_BOUND('',#5489,.T.);
#5907=FACE_BOUND('',#5490,.T.);
#5908=FACE_BOUND('',#5491,.T.);
#5909=FACE_BOUND('',#5492,.T.);
#5910=FACE_BOUND('',#5493,.T.);
#5911=FACE_BOUND('',#5494,.T.);
#5912=FACE_BOUND('',#5495,.T.);
#5913=FACE_BOUND('',#5496,.T.);
#5914=FACE_BOUND('',#5497,.T.);
#5915=FACE_BOUND('',#5498,.T.);
#5916=FACE_BOUND('',#5499,.T.);
#5917=FACE_BOUND('',#5500,.T.);
#5918=FACE_BOUND('',#5501,.T.);
#5919=FACE_BOUND('',#5502,.T.);
#5920=FACE_BOUND('',#5503,.T.);
#5921=FACE_BOUND('',#5504,.T.);
#5922=FACE_BOUND('',#5505,.T.);
#5923=FACE_BOUND('',#5506,.T.);
#5924=FACE_BOUND('',#5507,.T.);
#5925=FACE_BOUND('',#5508,.T.);
#5926=FACE_BOUND('',#5509,.T.);
#5927=FACE_BOUND('',#5510,.T.);
#5928=FACE_BOUND('',#5511,.T.);
#5929=FACE_BOUND('',#5512,.T.);
#5930=FACE_BOUND('',#5513,.T.);
#5931=FACE_BOUND('',#5514,.T.);
#5932=FACE_BOUND('',#5515,.T.);
#5933=FACE_BOUND('',#5516,.T.);
#5934=FACE_BOUND('',#5517,.T.);
#5935=FACE_BOUND('',#5518,.T.);
#5936=FACE_BOUND('',#5519,.T.);
#5937=FACE_BOUND('',#5520,.T.);
#5938=FACE_BOUND('',#5521,.T.);
#5939=FACE_BOUND('',#5522,.T.);
#5940=FACE_BOUND('',#5523,.T.);
#5941=FACE_BOUND('',#5524,.T.);
#5942=FACE_BOUND('',#5525,.T.);
#5943=FACE_BOUND('',#5526,.T.);
#5944=FACE_BOUND('',#5527,.T.);
#5945=FACE_BOUND('',#5528,.T.);
#5946=FACE_BOUND('',#5529,.T.);
#5947=FACE_BOUND('',#5530,.T.);
#5948=FACE_BOUND('',#5531,.T.);
#5949=FACE_BOUND('',#5532,.T.);
#5950=FACE_BOUND('',#5533,.T.);
#5951=FACE_BOUND('',#5534,.T.);
#5952=FACE_BOUND('',#5535,.T.);
#5953=FACE_BOUND('',#5536,.T.);
#5954=FACE_BOUND('',#5537,.T.);
#5955=FACE_BOUND('',#5538,.T.);
#5956=FACE_BOUND('',#5539,.T.);
#5957=FACE_BOUND('',#5540,.T.);
#5958=FACE_BOUND('',#5541,.T.);
#5959=FACE_BOUND('',#5542,.T.);
#5960=FACE_BOUND('',#5543,.T.);
#5961=FACE_BOUND('',#5544,.T.);
#5962=FACE_BOUND('',#5545,.T.);
#5963=FACE_BOUND('',#5546,.T.);
#5964=FACE_BOUND('',#5547,.T.);
#5965=FACE_BOUND('',#5548,.T.);
#5966=FACE_BOUND('',#5549,.T.);
#5967=FACE_BOUND('',#5550,.T.);
#5968=FACE_BOUND('',#5551,.T.);
#5969=FACE_BOUND('',#5552,.T.);
#5970=FACE_BOUND('',#5553,.T.);
#5971=FACE_BOUND('',#5554,.T.);
#5972=FACE_BOUND('',#5555,.T.);
#5973=FACE_BOUND('',#5556,.T.);
#5974=FACE_BOUND('',#5557,.T.);
#5975=FACE_BOUND('',#5558,.T.);
#5976=FACE_BOUND('',#5559,.T.);
#5977=FACE_BOUND('',#5560,.T.);
#5978=FACE_BOUND('',#5561,.T.);
#5979=FACE_BOUND('',#5562,.T.);
#5980=FACE_BOUND('',#5563,.T.);
#5981=FACE_BOUND('',#5564,.T.);
#5982=FACE_BOUND('',#5565,.T.);
#5983=FACE_BOUND('',#5566,.T.);
#5984=FACE_BOUND('',#5567,.T.);
#5985=FACE_BOUND('',#5568,.T.);
#5986=FACE_BOUND('',#5569,.T.);
#5987=FACE_BOUND('',#5570,.T.);
#5988=FACE_BOUND('',#5571,.T.);
#5989=FACE_BOUND('',#5572,.T.);
#5990=FACE_BOUND('',#5573,.T.);
#5991=FACE_BOUND('',#5574,.T.);
#5992=FACE_BOUND('',#5575,.T.);
#5993=FACE_BOUND('',#5576,.T.);
#5994=FACE_BOUND('',#5577,.T.);
#5995=FACE_BOUND('',#5578,.T.);
#5996=FACE_BOUND('',#5579,.T.);
#5997=FACE_BOUND('',#5580,.T.);
#5998=FACE_BOUND('',#5581,.T.);
#5999=FACE_BOUND('',#5582,.T.);
#6000=FACE_BOUND('',#5583,.T.);
#6001=FACE_BOUND('',#5584,.T.);
#6002=FACE_BOUND('',#5585,.T.);
#6003=FACE_BOUND('',#5586,.T.);
#6004=FACE_BOUND('',#5587,.T.);
#6005=FACE_BOUND('',#5588,.T.);
#6006=FACE_BOUND('',#5589,.T.);
#6007=FACE_BOUND('',#5590,.T.);
#6008=FACE_BOUND('',#5591,.T.);
#6009=FACE_BOUND('',#5592,.T.);
#6010=FACE_BOUND('',#5593,.T.);
#6011=FACE_BOUND('',#5594,.T.);
#6012=FACE_BOUND('',#5595,.T.);
#6013=FACE_BOUND('',#5596,.T.);
#6014=FACE_BOUND('',#5597,.T.);
#6015=FACE_BOUND('',#5598,.T.);
#6016=FACE_BOUND('',#5599,.T.);
#6017=FACE_BOUND('',#5600,.T.);
#6018=FACE_BOUND('',#5601,.T.);
#6019=FACE_BOUND('',#5602,.T.);
#6020=FACE_BOUND('',#5603,.T.);
#6021=FACE_BOUND('',#5604,.T.);
#6022=FACE_BOUND('',#5605,.T.);
#6023=FACE_BOUND('',#5606,.T.);
#6024=FACE_BOUND('',#5607,.T.);
#6025=FACE_BOUND('',#5608,.T.);
#6026=FACE_BOUND('',#5609,.T.);
#6027=FACE_BOUND('',#5610,.T.);
#6028=FACE_BOUND('',#5611,.T.);
#6029=FACE_BOUND('',#5612,.T.);
#6030=FACE_BOUND('',#5613,.T.);
#6031=FACE_BOUND('',#5614,.T.);
#6032=FACE_BOUND('',#5615,.T.);
#6033=FACE_BOUND('',#5616,.T.);
#6034=FACE_BOUND('',#5617,.T.);
#6035=FACE_BOUND('',#5618,.T.);
#6036=FACE_BOUND('',#5619,.T.);
#6037=FACE_BOUND('',#5620,.T.);
#6038=FACE_BOUND('',#5621,.T.);
#6039=FACE_BOUND('',#5622,.T.);
#6040=FACE_BOUND('',#5623,.T.);
#6041=FACE_BOUND('',#5624,.T.);
#6042=FACE_BOUND('',#5625,.T.);
#6043=FACE_BOUND('',#5626,.T.);
#6044=FACE_BOUND('',#5627,.T.);
#6045=FACE_BOUND('',#5628,.T.);
#6046=FACE_BOUND('',#5629,.T.);
#6047=FACE_BOUND('',#5630,.T.);
#6048=FACE_BOUND('',#5631,.T.);
#6049=FACE_BOUND('',#5632,.T.);
#6050=FACE_BOUND('',#5633,.T.);
#6051=FACE_BOUND('',#5634,.T.);
#6052=FACE_BOUND('',#5635,.T.);
#6053=FACE_BOUND('',#5636,.T.);
#6054=FACE_BOUND('',#5637,.T.);
#6055=FACE_BOUND('',#5638,.T.);
#6056=FACE_BOUND('',#5639,.T.);
#6057=FACE_BOUND('',#5640,.T.);
#6058=FACE_BOUND('',#5641,.T.);
#6059=FACE_BOUND('',#5642,.T.);
#6060=FACE_BOUND('',#5643,.T.);
#6061=FACE_BOUND('',#5644,.T.);
#6062=FACE_BOUND('',#5645,.T.);
#6063=FACE_BOUND('',#5646,.T.);
#6064=FACE_BOUND('',#5647,.T.);
#6065=FACE_BOUND('',#5648,.T.);
#6066=FACE_BOUND('',#5649,.T.);
#6067=FACE_BOUND('',#5650,.T.);
#6068=FACE_BOUND('',#5651,.T.);
#6069=FACE_BOUND('',#5652,.T.);
#6070=FACE_BOUND('',#5653,.T.);
#6071=FACE_BOUND('',#5654,.T.);
#6072=FACE_BOUND('',#5655,.T.);
#6073=FACE_BOUND('',#5656,.T.);
#6074=FACE_BOUND('',#5657,.T.);
#6075=FACE_BOUND('',#5658,.T.);
#6076=FACE_BOUND('',#5659,.T.);
#6077=FACE_BOUND('',#5660,.T.);
#6078=FACE_BOUND('',#5661,.T.);
#6079=FACE_BOUND('',#5662,.T.);
#6080=FACE_BOUND('',#5663,.T.);
#6081=FACE_BOUND('',#5664,.T.);
#6082=FACE_BOUND('',#5665,.T.);
#6083=FACE_BOUND('',#5666,.T.);
#6084=FACE_BOUND('',#5667,.T.);
#6085=FACE_BOUND('',#5668,.T.);
#6086=FACE_BOUND('',#5669,.T.);
#6087=FACE_BOUND('',#5670,.T.);
#6088=FACE_BOUND('',#5671,.T.);
#6089=FACE_BOUND('',#5672,.T.);
#6090=FACE_BOUND('',#5673,.T.);
#6091=FACE_BOUND('',#5674,.T.);
#6092=FACE_BOUND('',#5675,.T.);
#6093=FACE_BOUND('',#5676,.T.);
#6094=FACE_BOUND('',#5677,.T.);
#6095=FACE_BOUND('',#5678,.T.);
#6096=FACE_BOUND('',#5679,.T.);
#6097=FACE_BOUND('',#5680,.T.);
#6098=FACE_BOUND('',#5681,.T.);
#6099=FACE_BOUND('',#5682,.T.);
#6100=FACE_BOUND('',#5683,.T.);
#6101=FACE_BOUND('',#5684,.T.);
#6102=FACE_BOUND('',#5685,.T.);
#6103=FACE_BOUND('',#5686,.T.);
#6104=FACE_BOUND('',#5687,.T.);
#6105=FACE_BOUND('',#5688,.T.);
#6106=FACE_BOUND('',#5689,.T.);
#6107=FACE_BOUND('',#5690,.T.);
#6108=FACE_BOUND('',#5691,.T.);
#6109=FACE_BOUND('',#5692,.T.);
#6110=FACE_BOUND('',#5693,.T.);
#6111=FACE_BOUND('',#5694,.T.);
#6112=FACE_BOUND('',#5695,.T.);
#6113=FACE_BOUND('',#5696,.T.);
#6114=FACE_BOUND('',#5697,.T.);
#6115=FACE_BOUND('',#5698,.T.);
#6116=FACE_BOUND('',#5699,.T.);
#6117=FACE_BOUND('',#5700,.T.);
#6118=FACE_BOUND('',#5701,.T.);
#6119=FACE_BOUND('',#5702,.T.);
#6120=FACE_BOUND('',#5703,.T.);
#6121=FACE_BOUND('',#5704,.T.);
#6122=FACE_BOUND('',#5705,.T.);
#6123=FACE_BOUND('',#5706,.T.);
#6124=FACE_BOUND('',#5707,.T.);
#6125=FACE_BOUND('',#5708,.T.);
#6126=FACE_BOUND('',#5709,.T.);
#6127=FACE_BOUND('',#5710,.T.);
#6128=FACE_BOUND('',#5711,.T.);
#6129=FACE_BOUND('',#5712,.T.);
#6130=FACE_BOUND('',#5713,.T.);
#6131=FACE_BOUND('',#5714,.T.);
#6132=FACE_BOUND('',#5715,.T.);
#6133=FACE_BOUND('',#5716,.T.);
#6134=FACE_BOUND('',#5717,.T.);
#6135=FACE_BOUND('',#5718,.T.);
#6136=FACE_BOUND('',#5719,.T.);
#6137=FACE_BOUND('',#5720,.T.);
#6138=FACE_BOUND('',#5721,.T.);
#6139=FACE_BOUND('',#5722,.T.);
#6140=FACE_BOUND('',#5723,.T.);
#6141=FACE_BOUND('',#5724,.T.);
#6142=FACE_BOUND('',#5725,.T.);
#6143=FACE_BOUND('',#5726,.T.);
#6144=FACE_BOUND('',#5727,.T.);
#6145=FACE_BOUND('',#5728,.T.);
#6146=FACE_BOUND('',#5729,.T.);
#6147=FACE_BOUND('',#5730,.T.);
#6148=FACE_BOUND('',#5731,.T.);
#6149=FACE_BOUND('',#5732,.T.);
#6150=FACE_BOUND('',#5733,.T.);
#6151=FACE_BOUND('',#5734,.T.);
#6152=FACE_BOUND('',#5735,.T.);
#6153=FACE_BOUND('',#5736,.T.);
#6154=FACE_BOUND('',#5737,.T.);
#6155=FACE_BOUND('',#5738,.T.);
#6156=FACE_BOUND('',#5739,.T.);
#6157=FACE_BOUND('',#5740,.T.);
#6158=FACE_BOUND('',#5741,.T.);
#6159=FACE_BOUND('',#5742,.T.);
#6160=FACE_BOUND('',#5743,.T.);
#6161=FACE_BOUND('',#5744,.T.);
#6162=FACE_BOUND('',#5745,.T.);
#6163=FACE_BOUND('',#5746,.T.);
#6164=FACE_BOUND('',#5747,.T.);
#6165=FACE_BOUND('',#5748,.T.);
#6166=FACE_BOUND('',#5749,.T.);
#6167=FACE_BOUND('',#5750,.T.);
#6168=FACE_BOUND('',#5751,.T.);
#6169=FACE_BOUND('',#5752,.T.);
#6170=FACE_BOUND('',#5753,.T.);
#6171=FACE_BOUND('',#5754,.T.);
#6172=FACE_BOUND('',#5755,.T.);
#6173=FACE_BOUND('',#5756,.T.);
#6174=FACE_BOUND('',#5757,.T.);
#6175=FACE_BOUND('',#5758,.T.);
#6176=FACE_BOUND('',#5759,.T.);
#6177=FACE_BOUND('',#5760,.T.);
#6178=FACE_BOUND('',#5761,.T.);
#6179=FACE_BOUND('',#5762,.T.);
#6180=FACE_BOUND('',#5763,.T.);
#6181=FACE_BOUND('',#5764,.T.);
#6182=FACE_BOUND('',#5765,.T.);
#6183=FACE_BOUND('',#5766,.T.);
#6184=FACE_BOUND('',#5767,.T.);
#6185=FACE_BOUND('',#5768,.T.);
#6186=FACE_BOUND('',#5769,.T.);
#6187=FACE_BOUND('',#5770,.T.);
#6188=FACE_BOUND('',#5771,.T.);
#6189=FACE_BOUND('',#5772,.T.);
#6190=FACE_BOUND('',#5773,.T.);
#6191=FACE_BOUND('',#5774,.T.);
#6192=FACE_BOUND('',#5775,.T.);
#6193=FACE_BOUND('',#5776,.T.);
#6194=FACE_BOUND('',#5777,.T.);
#6195=FACE_BOUND('',#5778,.T.);
#6196=FACE_BOUND('',#5779,.T.);
#6197=FACE_BOUND('',#5780,.T.);
#6198=FACE_BOUND('',#5781,.T.);
#6199=FACE_BOUND('',#5782,.T.);
#6200=FACE_BOUND('',#5783,.T.);
#6201=FACE_BOUND('',#5784,.T.);
#6202=FACE_BOUND('',#5785,.T.);
#6203=FACE_BOUND('',#5786,.T.);
#6204=FACE_BOUND('',#5787,.T.);
#6205=FACE_BOUND('',#5788,.T.);
#6206=FACE_BOUND('',#5789,.T.);
#6207=FACE_BOUND('',#5790,.T.);
#6208=FACE_BOUND('',#5791,.T.);
#6209=FACE_BOUND('',#5792,.T.);
#6210=FACE_BOUND('',#5793,.T.);
#6211=FACE_BOUND('',#5794,.T.);
#6212=FACE_BOUND('',#5795,.T.);
#6213=FACE_BOUND('',#5796,.T.);
#6214=FACE_BOUND('',#5797,.T.);
#6215=FACE_BOUND('',#5798,.T.);
#6216=FACE_BOUND('',#5799,.T.);
#6217=FACE_BOUND('',#5800,.T.);
#6218=FACE_BOUND('',#5801,.T.);
#6219=FACE_BOUND('',#5802,.T.);
#6220=FACE_BOUND('',#5803,.T.);
#6221=FACE_BOUND('',#5804,.T.);
#6222=FACE_BOUND('',#5805,.T.);
#6223=FACE_BOUND('',#5806,.T.);
#6224=FACE_BOUND('',#5807,.T.);
#6225=FACE_BOUND('',#5808,.T.);
#6226=FACE_BOUND('',#5809,.T.);
#6227=FACE_BOUND('',#5810,.T.);
#6228=FACE_BOUND('',#5811,.T.);
#6229=FACE_BOUND('',#5812,.T.);
#6230=FACE_BOUND('',#5813,.T.);
#6231=FACE_BOUND('',#5814,.T.);
#6232=FACE_BOUND('',#5815,.T.);
#6233=FACE_BOUND('',#5816,.T.);
#6234=FACE_BOUND('',#5817,.T.);
#6235=FACE_BOUND('',#5818,.T.);
#6236=FACE_BOUND('',#5819,.T.);
#6237=FACE_BOUND('',#5820,.T.);
#6238=FACE_BOUND('',#5821,.T.);
#6239=FACE_BOUND('',#5822,.T.);
#6240=FACE_BOUND('',#5823,.T.);
#6241=FACE_BOUND('',#5824,.T.);
#6242=FACE_BOUND('',#5825,.T.);
#6243=FACE_BOUND('',#5826,.T.);
#6244=FACE_BOUND('',#5827,.T.);
#6245=FACE_BOUND('',#5828,.T.);
#6246=FACE_BOUND('',#5829,.T.);
#6247=FACE_BOUND('',#5830,.T.);
#6248=FACE_BOUND('',#5831,.T.);
#6249=FACE_BOUND('',#5832,.T.);
#6250=FACE_BOUND('',#5833,.T.);
#6251=FACE_BOUND('',#5834,.T.);
#6252=FACE_BOUND('',#5835,.T.);
#6253=FACE_BOUND('',#5836,.T.);
#6254=FACE_BOUND('',#5837,.T.);
#6255=FACE_BOUND('',#5838,.T.);
#6256=FACE_BOUND('',#5839,.T.);
#6257=FACE_BOUND('',#5840,.T.);
#6258=FACE_BOUND('',#5841,.T.);
#6259=FACE_BOUND('',#5842,.T.);
#6260=FACE_BOUND('',#5843,.T.);
#6261=FACE_BOUND('',#5844,.T.);
#6262=FACE_BOUND('',#5845,.T.);
#6263=FACE_BOUND('',#5846,.T.);
#6264=FACE_BOUND('',#5847,.T.);
#6265=FACE_BOUND('',#5848,.T.);
#6266=FACE_BOUND('',#5849,.T.);
#6267=FACE_BOUND('',#5850,.T.);
#6268=FACE_BOUND('',#5851,.T.);
#6269=FACE_BOUND('',#5852,.T.);
#6270=PLANE('',#7176);
#6271=PLANE('',#7177);
#6272=PLANE('',#7178);
#6273=PLANE('',#7179);
#6274=PLANE('',#7180);
#6275=PLANE('',#7181);
#6276=PLANE('',#7182);
#6277=PLANE('',#7187);
#6278=PLANE('',#7190);
#6279=PLANE('',#7191);
#6280=PLANE('',#7193);
#6281=PLANE('',#7194);
#6282=PLANE('',#7196);
#6283=PLANE('',#7199);
#6284=PLANE('',#7206);
#6285=PLANE('',#7207);
#6286=PLANE('',#7208);
#6287=PLANE('',#7210);
#6288=PLANE('',#7211);
#6289=PLANE('',#7212);
#6290=PLANE('',#7213);
#6291=PLANE('',#7214);
#6292=PLANE('',#7215);
#6293=PLANE('',#7216);
#6294=PLANE('',#7217);
#6295=PLANE('',#7220);
#6296=PLANE('',#7223);
#6297=PLANE('',#7224);
#6298=PLANE('',#7225);
#6299=PLANE('',#7227);
#6300=PLANE('',#7228);
#6301=PLANE('',#7229);
#6302=PLANE('',#7230);
#6303=PLANE('',#7231);
#6304=PLANE('',#7232);
#6305=PLANE('',#7233);
#6306=PLANE('',#7234);
#6307=PLANE('',#7235);
#6308=PLANE('',#7236);
#6309=PLANE('',#7237);
#6310=PLANE('',#7238);
#6311=PLANE('',#7239);
#6312=PLANE('',#7240);
#6313=PLANE('',#7241);
#6314=PLANE('',#7242);
#6315=PLANE('',#7243);
#6316=PLANE('',#7244);
#6317=PLANE('',#7245);
#6318=PLANE('',#7246);
#6319=PLANE('',#7247);
#6320=PLANE('',#7248);
#6321=PLANE('',#7249);
#6322=PLANE('',#7250);
#6323=PLANE('',#7251);
#6324=PLANE('',#7252);
#6325=PLANE('',#7255);
#6326=PLANE('',#7256);
#6327=PLANE('',#7257);
#6328=PLANE('',#7258);
#6329=PLANE('',#7259);
#6330=PLANE('',#7260);
#6331=PLANE('',#7261);
#6332=PLANE('',#7262);
#6333=PLANE('',#7266);
#6334=PLANE('',#7267);
#6335=PLANE('',#7268);
#6336=PLANE('',#7269);
#6337=PLANE('',#7270);
#6338=PLANE('',#7274);
#6339=PLANE('',#7276);
#6340=PLANE('',#7277);
#6341=PLANE('',#7278);
#6342=PLANE('',#7279);
#6343=PLANE('',#7280);
#6344=PLANE('',#7284);
#6345=PLANE('',#7285);
#6346=PLANE('',#7287);
#6347=PLANE('',#7291);
#6348=PLANE('',#7292);
#6349=PLANE('',#7293);
#6350=PLANE('',#7294);
#6351=PLANE('',#7295);
#6352=PLANE('',#7296);
#6353=PLANE('',#7297);
#6354=PLANE('',#7298);
#6355=PLANE('',#7300);
#6356=PLANE('',#7301);
#6357=PLANE('',#7302);
#6358=PLANE('',#7303);
#6359=PLANE('',#7304);
#6360=PLANE('',#7305);
#6361=PLANE('',#7306);
#6362=PLANE('',#7307);
#6363=PLANE('',#7308);
#6364=PLANE('',#7309);
#6365=PLANE('',#7312);
#6366=PLANE('',#7313);
#6367=PLANE('',#7314);
#6368=PLANE('',#7315);
#6369=PLANE('',#7316);
#6370=PLANE('',#7317);
#6371=PLANE('',#7318);
#6372=PLANE('',#7319);
#6373=PLANE('',#7323);
#6374=PLANE('',#7324);
#6375=PLANE('',#7325);
#6376=PLANE('',#7326);
#6377=PLANE('',#7329);
#6378=PLANE('',#7330);
#6379=PLANE('',#7332);
#6380=PLANE('',#7333);
#6381=PLANE('',#7336);
#6382=PLANE('',#7337);
#6383=PLANE('',#7338);
#6384=PLANE('',#7339);
#6385=PLANE('',#7340);
#6386=PLANE('',#7341);
#6387=PLANE('',#7342);
#6388=PLANE('',#7343);
#6389=PLANE('',#7344);
#6390=PLANE('',#7345);
#6391=PLANE('',#7346);
#6392=PLANE('',#7347);
#6393=PLANE('',#7348);
#6394=PLANE('',#7349);
#6395=PLANE('',#7350);
#6396=PLANE('',#7351);
#6397=PLANE('',#7352);
#6398=PLANE('',#7353);
#6399=PLANE('',#7354);
#6400=PLANE('',#7355);
#6401=PLANE('',#7356);
#6402=PLANE('',#7357);
#6403=PLANE('',#7358);
#6404=PLANE('',#7365);
#6405=PLANE('',#7378);
#6406=PLANE('',#7379);
#6407=PLANE('',#7382);
#6408=PLANE('',#7385);
#6409=PLANE('',#7386);
#6410=PLANE('',#7388);
#6411=PLANE('',#7390);
#6412=PLANE('',#7391);
#6413=PLANE('',#7393);
#6414=PLANE('',#7395);
#6415=PLANE('',#7396);
#6416=PLANE('',#7397);
#6417=PLANE('',#7398);
#6418=PLANE('',#7399);
#6419=PLANE('',#7400);
#6420=PLANE('',#7401);
#6421=PLANE('',#7402);
#6422=PLANE('',#7406);
#6423=PLANE('',#7408);
#6424=PLANE('',#7412);
#6425=PLANE('',#7416);
#6426=PLANE('',#7420);
#6427=PLANE('',#7424);
#6428=PLANE('',#7430);
#6429=PLANE('',#7434);
#6430=PLANE('',#7438);
#6431=PLANE('',#7442);
#6432=PLANE('',#7443);
#6433=PLANE('',#7448);
#6434=PLANE('',#7453);
#6435=PLANE('',#7456);
#6436=PLANE('',#7457);
#6437=PLANE('',#7458);
#6438=PLANE('',#7473);
#6439=PLANE('',#7474);
#6440=PLANE('',#7489);
#6441=PLANE('',#7490);
#6442=PLANE('',#7491);
#6443=PLANE('',#7500);
#6444=PLANE('',#7501);
#6445=PLANE('',#7510);
#6446=PLANE('',#7511);
#6447=PLANE('',#7512);
#6448=PLANE('',#7515);
#6449=PLANE('',#7516);
#6450=PLANE('',#7517);
#6451=PLANE('',#7518);
#6452=PLANE('',#7521);
#6453=PLANE('',#7522);
#6454=PLANE('',#7525);
#6455=PLANE('',#7527);
#6456=PLANE('',#7529);
#6457=PLANE('',#7530);
#6458=PLANE('',#7533);
#6459=PLANE('',#7534);
#6460=PLANE('',#7540);
#6461=PLANE('',#7546);
#6462=PLANE('',#7549);
#6463=PLANE('',#7550);
#6464=PLANE('',#7551);
#6465=PLANE('',#7552);
#6466=PLANE('',#7557);
#6467=PLANE('',#7560);
#6468=PLANE('',#7563);
#6469=PLANE('',#7564);
#6470=PLANE('',#7570);
#6471=PLANE('',#7576);
#6472=PLANE('',#7577);
#6473=PLANE('',#7578);
#6474=PLANE('',#7579);
#6475=PLANE('',#7593);
#6476=PLANE('',#7595);
#6477=PLANE('',#7602);
#6478=PLANE('',#7605);
#6479=PLANE('',#7606);
#6480=PLANE('',#7607);
#6481=PLANE('',#7611);
#6482=PLANE('',#7613);
#6483=PLANE('',#7619);
#6484=PLANE('',#7620);
#6485=PLANE('',#7621);
#6486=PLANE('',#7622);
#6487=PLANE('',#7623);
#6488=PLANE('',#7624);
#6489=PLANE('',#7625);
#6490=PLANE('',#7626);
#6491=PLANE('',#7627);
#6492=PLANE('',#7628);
#6493=PLANE('',#7629);
#6494=PLANE('',#7630);
#6495=PLANE('',#7631);
#6496=PLANE('',#7632);
#6497=PLANE('',#7633);
#6498=PLANE('',#7634);
#6499=PLANE('',#7635);
#6500=PLANE('',#7636);
#6501=PLANE('',#7637);
#6502=PLANE('',#7638);
#6503=PLANE('',#7639);
#6504=PLANE('',#7640);
#6505=PLANE('',#7641);
#6506=PLANE('',#7642);
#6507=PLANE('',#7643);
#6508=PLANE('',#7644);
#6509=PLANE('',#7645);
#6510=PLANE('',#7646);
#6511=PLANE('',#7647);
#6512=PLANE('',#7648);
#6513=PLANE('',#7649);
#6514=PLANE('',#7650);
#6515=PLANE('',#7651);
#6516=PLANE('',#7652);
#6517=PLANE('',#7653);
#6518=PLANE('',#7654);
#6519=PLANE('',#7655);
#6520=PLANE('',#7656);
#6521=PLANE('',#7657);
#6522=PLANE('',#7658);
#6523=PLANE('',#7659);
#6524=PLANE('',#7660);
#6525=PLANE('',#7661);
#6526=PLANE('',#7662);
#6527=PLANE('',#7663);
#6528=PLANE('',#7664);
#6529=PLANE('',#7665);
#6530=PLANE('',#7666);
#6531=PLANE('',#7667);
#6532=PLANE('',#7668);
#6533=PLANE('',#7669);
#6534=PLANE('',#7670);
#6535=PLANE('',#7671);
#6536=PLANE('',#7672);
#6537=PLANE('',#7673);
#6538=PLANE('',#7674);
#6539=PLANE('',#7675);
#6540=PLANE('',#7676);
#6541=PLANE('',#7677);
#6542=PLANE('',#7678);
#6543=PLANE('',#7679);
#6544=PLANE('',#7680);
#6545=PLANE('',#7681);
#6546=PLANE('',#7682);
#6547=PLANE('',#7683);
#6548=PLANE('',#7684);
#6549=PLANE('',#7685);
#6550=PLANE('',#7686);
#6551=PLANE('',#7687);
#6552=PLANE('',#7688);
#6553=PLANE('',#7689);
#6554=PLANE('',#7690);
#6555=PLANE('',#7691);
#6556=PLANE('',#7692);
#6557=PLANE('',#7693);
#6558=PLANE('',#7694);
#6559=PLANE('',#7695);
#6560=PLANE('',#7696);
#6561=ADVANCED_FACE('',(#5853),#6270,.T.);
#6562=ADVANCED_FACE('',(#5854),#6271,.T.);
#6563=ADVANCED_FACE('',(#5855),#6272,.T.);
#6564=ADVANCED_FACE('',(#5856),#6273,.T.);
#6565=ADVANCED_FACE('',(#5857),#6274,.T.);
#6566=ADVANCED_FACE('',(#5858),#6275,.F.);
#6567=ADVANCED_FACE('',(#5859),#6276,.T.);
#6568=ADVANCED_FACE('',(#5860),#227,.T.);
#6569=ADVANCED_FACE('',(#5861,#5862,#5863,#5864,#5865),#6277,.T.);
#6570=ADVANCED_FACE('',(#5866,#5867,#5868),#6278,.T.);
#6571=ADVANCED_FACE('',(#5869,#5870,#5871),#6279,.T.);
#6572=ADVANCED_FACE('',(#5872,#5873,#5874),#6280,.T.);
#6573=ADVANCED_FACE('',(#5875,#5876),#6281,.T.);
#6574=ADVANCED_FACE('',(#5877,#5878),#6282,.F.);
#6575=ADVANCED_FACE('',(#5879,#5880,#5881,#5882),#6283,.T.);
#6576=ADVANCED_FACE('',(#5883),#6284,.T.);
#6577=ADVANCED_FACE('',(#5884),#6285,.T.);
#6578=ADVANCED_FACE('',(#5885,#5886),#6286,.F.);
#6579=ADVANCED_FACE('',(#5887),#6287,.T.);
#6580=ADVANCED_FACE('',(#5888),#6288,.T.);
#6581=ADVANCED_FACE('',(#5889),#6289,.T.);
#6582=ADVANCED_FACE('',(#5890),#6290,.F.);
#6583=ADVANCED_FACE('',(#5891),#6291,.F.);
#6584=ADVANCED_FACE('',(#5892),#6292,.T.);
#6585=ADVANCED_FACE('',(#5893),#6293,.T.);
#6586=ADVANCED_FACE('',(#5894,#5895),#6294,.T.);
#6587=ADVANCED_FACE('',(#5896,#5897),#6295,.F.);
#6588=ADVANCED_FACE('',(#5898),#6296,.F.);
#6589=ADVANCED_FACE('',(#5899),#6297,.T.);
#6590=ADVANCED_FACE('',(#5900,#5901),#6298,.F.);
#6591=ADVANCED_FACE('',(#5902),#6299,.T.);
#6592=ADVANCED_FACE('',(#5903),#6300,.T.);
#6593=ADVANCED_FACE('',(#5904),#6301,.T.);
#6594=ADVANCED_FACE('',(#5905),#6302,.T.);
#6595=ADVANCED_FACE('',(#5906),#6303,.F.);
#6596=ADVANCED_FACE('',(#5907),#6304,.F.);
#6597=ADVANCED_FACE('',(#5908),#6305,.T.);
#6598=ADVANCED_FACE('',(#5909),#6306,.T.);
#6599=ADVANCED_FACE('',(#5910),#6307,.T.);
#6600=ADVANCED_FACE('',(#5911),#6308,.T.);
#6601=ADVANCED_FACE('',(#5912),#6309,.T.);
#6602=ADVANCED_FACE('',(#5913),#6310,.T.);
#6603=ADVANCED_FACE('',(#5914),#6311,.T.);
#6604=ADVANCED_FACE('',(#5915),#6312,.T.);
#6605=ADVANCED_FACE('',(#5916),#6313,.T.);
#6606=ADVANCED_FACE('',(#5917),#6314,.T.);
#6607=ADVANCED_FACE('',(#5918),#6315,.F.);
#6608=ADVANCED_FACE('',(#5919),#6316,.F.);
#6609=ADVANCED_FACE('',(#5920),#6317,.T.);
#6610=ADVANCED_FACE('',(#5921),#6318,.T.);
#6611=ADVANCED_FACE('',(#5922),#6319,.T.);
#6612=ADVANCED_FACE('',(#5923),#6320,.T.);
#6613=ADVANCED_FACE('',(#5924),#6321,.T.);
#6614=ADVANCED_FACE('',(#5925),#6322,.T.);
#6615=ADVANCED_FACE('',(#5926),#6323,.T.);
#6616=ADVANCED_FACE('',(#5927),#6324,.T.);
#6617=ADVANCED_FACE('',(#5928,#5929),#228,.F.);
#6618=ADVANCED_FACE('',(#5930),#6325,.T.);
#6619=ADVANCED_FACE('',(#5931),#6326,.T.);
#6620=ADVANCED_FACE('',(#5932),#6327,.T.);
#6621=ADVANCED_FACE('',(#5933),#6328,.F.);
#6622=ADVANCED_FACE('',(#5934),#6329,.F.);
#6623=ADVANCED_FACE('',(#5935),#6330,.F.);
#6624=ADVANCED_FACE('',(#5936),#6331,.T.);
#6625=ADVANCED_FACE('',(#5937),#6332,.T.);
#6626=ADVANCED_FACE('',(#5938,#5939),#229,.F.);
#6627=ADVANCED_FACE('',(#5940,#5941),#83,.F.);
#6628=ADVANCED_FACE('',(#5942),#6333,.T.);
#6629=ADVANCED_FACE('',(#5943),#6334,.F.);
#6630=ADVANCED_FACE('',(#5944),#6335,.F.);
#6631=ADVANCED_FACE('',(#5945),#6336,.F.);
#6632=ADVANCED_FACE('',(#5946),#6337,.T.);
#6633=ADVANCED_FACE('',(#5947),#230,.T.);
#6634=ADVANCED_FACE('',(#5948),#6338,.T.);
#6635=ADVANCED_FACE('',(#5949),#6339,.T.);
#6636=ADVANCED_FACE('',(#5950),#6340,.T.);
#6637=ADVANCED_FACE('',(#5951),#6341,.T.);
#6638=ADVANCED_FACE('',(#5952),#6342,.F.);
#6639=ADVANCED_FACE('',(#5953),#6343,.F.);
#6640=ADVANCED_FACE('',(#5954),#231,.T.);
#6641=ADVANCED_FACE('',(#5955),#6344,.F.);
#6642=ADVANCED_FACE('',(#5956),#6345,.F.);
#6643=ADVANCED_FACE('',(#5957),#6346,.T.);
#6644=ADVANCED_FACE('',(#5958,#5959),#232,.F.);
#6645=ADVANCED_FACE('',(#5960,#5961),#233,.F.);
#6646=ADVANCED_FACE('',(#5962),#6347,.T.);
#6647=ADVANCED_FACE('',(#5963),#6348,.T.);
#6648=ADVANCED_FACE('',(#5964),#6349,.T.);
#6649=ADVANCED_FACE('',(#5965),#6350,.T.);
#6650=ADVANCED_FACE('',(#5966),#6351,.T.);
#6651=ADVANCED_FACE('',(#5967),#6352,.T.);
#6652=ADVANCED_FACE('',(#5968),#6353,.T.);
#6653=ADVANCED_FACE('',(#5969),#6354,.T.);
#6654=ADVANCED_FACE('',(#5970),#234,.T.);
#6655=ADVANCED_FACE('',(#5971),#6355,.F.);
#6656=ADVANCED_FACE('',(#5972),#6356,.F.);
#6657=ADVANCED_FACE('',(#5973),#6357,.T.);
#6658=ADVANCED_FACE('',(#5974),#6358,.T.);
#6659=ADVANCED_FACE('',(#5975),#6359,.T.);
#6660=ADVANCED_FACE('',(#5976),#6360,.T.);
#6661=ADVANCED_FACE('',(#5977),#6361,.T.);
#6662=ADVANCED_FACE('',(#5978),#6362,.T.);
#6663=ADVANCED_FACE('',(#5979),#6363,.T.);
#6664=ADVANCED_FACE('',(#5980),#6364,.T.);
#6665=ADVANCED_FACE('',(#5981,#5982),#235,.F.);
#6666=ADVANCED_FACE('',(#5983),#6365,.T.);
#6667=ADVANCED_FACE('',(#5984),#6366,.T.);
#6668=ADVANCED_FACE('',(#5985),#6367,.T.);
#6669=ADVANCED_FACE('',(#5986),#6368,.F.);
#6670=ADVANCED_FACE('',(#5987),#6369,.F.);
#6671=ADVANCED_FACE('',(#5988),#6370,.F.);
#6672=ADVANCED_FACE('',(#5989),#6371,.T.);
#6673=ADVANCED_FACE('',(#5990),#6372,.T.);
#6674=ADVANCED_FACE('',(#5991,#5992),#236,.F.);
#6675=ADVANCED_FACE('',(#5993,#5994),#84,.F.);
#6676=ADVANCED_FACE('',(#5995),#6373,.F.);
#6677=ADVANCED_FACE('',(#5996),#6374,.F.);
#6678=ADVANCED_FACE('',(#5997),#6375,.F.);
#6679=ADVANCED_FACE('',(#5998),#6376,.T.);
#6680=ADVANCED_FACE('',(#5999),#237,.T.);
#6681=ADVANCED_FACE('',(#6000),#6377,.T.);
#6682=ADVANCED_FACE('',(#6001),#6378,.T.);
#6683=ADVANCED_FACE('',(#6002),#238,.T.);
#6684=ADVANCED_FACE('',(#6003),#6379,.F.);
#6685=ADVANCED_FACE('',(#6004),#6380,.F.);
#6686=ADVANCED_FACE('',(#6005,#6006),#239,.F.);
#6687=ADVANCED_FACE('',(#6007,#6008),#240,.F.);
#6688=ADVANCED_FACE('',(#6009),#6381,.T.);
#6689=ADVANCED_FACE('',(#6010),#6382,.T.);
#6690=ADVANCED_FACE('',(#6011),#6383,.T.);
#6691=ADVANCED_FACE('',(#6012),#6384,.T.);
#6692=ADVANCED_FACE('',(#6013),#6385,.T.);
#6693=ADVANCED_FACE('',(#6014),#6386,.T.);
#6694=ADVANCED_FACE('',(#6015),#6387,.T.);
#6695=ADVANCED_FACE('',(#6016),#6388,.T.);
#6696=ADVANCED_FACE('',(#6017),#6389,.T.);
#6697=ADVANCED_FACE('',(#6018),#6390,.T.);
#6698=ADVANCED_FACE('',(#6019),#6391,.F.);
#6699=ADVANCED_FACE('',(#6020),#6392,.T.);
#6700=ADVANCED_FACE('',(#6021),#6393,.T.);
#6701=ADVANCED_FACE('',(#6022),#6394,.T.);
#6702=ADVANCED_FACE('',(#6023),#6395,.T.);
#6703=ADVANCED_FACE('',(#6024),#6396,.T.);
#6704=ADVANCED_FACE('',(#6025),#6397,.T.);
#6705=ADVANCED_FACE('',(#6026),#6398,.T.);
#6706=ADVANCED_FACE('',(#6027),#6399,.T.);
#6707=ADVANCED_FACE('',(#6028),#6400,.T.);
#6708=ADVANCED_FACE('',(#6029),#6401,.T.);
#6709=ADVANCED_FACE('',(#6030),#6402,.T.);
#6710=ADVANCED_FACE('',(#6031),#6403,.T.);
#6711=ADVANCED_FACE('',(#6032),#6404,.F.);
#6712=ADVANCED_FACE('',(#6033),#241,.T.);
#6713=ADVANCED_FACE('',(#6034),#242,.F.);
#6714=ADVANCED_FACE('',(#6035),#243,.F.);
#6715=ADVANCED_FACE('',(#6036),#244,.T.);
#6716=ADVANCED_FACE('',(#6037),#245,.T.);
#6717=ADVANCED_FACE('',(#6038),#246,.T.);
#6718=ADVANCED_FACE('',(#6039),#6405,.F.);
#6719=ADVANCED_FACE('',(#6040),#6406,.F.);
#6720=ADVANCED_FACE('',(#6041),#247,.T.);
#6721=ADVANCED_FACE('',(#6042),#6407,.F.);
#6722=ADVANCED_FACE('',(#6043),#248,.T.);
#6723=ADVANCED_FACE('',(#6044),#6408,.F.);
#6724=ADVANCED_FACE('',(#6045),#6409,.F.);
#6725=ADVANCED_FACE('',(#6046,#6047),#6410,.F.);
#6726=ADVANCED_FACE('',(#6048),#6411,.T.);
#6727=ADVANCED_FACE('',(#6049),#6412,.T.);
#6728=ADVANCED_FACE('',(#6050),#6413,.T.);
#6729=ADVANCED_FACE('',(#6051),#6414,.T.);
#6730=ADVANCED_FACE('',(#6052,#6053),#6415,.F.);
#6731=ADVANCED_FACE('',(#6054,#6055),#6416,.F.);
#6732=ADVANCED_FACE('',(#6056),#6417,.F.);
#6733=ADVANCED_FACE('',(#6057),#6418,.T.);
#6734=ADVANCED_FACE('',(#6058),#6419,.F.);
#6735=ADVANCED_FACE('',(#6059),#6420,.T.);
#6736=ADVANCED_FACE('',(#6060),#6421,.F.);
#6737=ADVANCED_FACE('',(#6061,#6062),#249,.F.);
#6738=ADVANCED_FACE('',(#6063),#6422,.F.);
#6739=ADVANCED_FACE('',(#6064),#6423,.T.);
#6740=ADVANCED_FACE('',(#6065),#250,.T.);
#6741=ADVANCED_FACE('',(#6066),#6424,.T.);
#6742=ADVANCED_FACE('',(#6067),#251,.T.);
#6743=ADVANCED_FACE('',(#6068),#6425,.F.);
#6744=ADVANCED_FACE('',(#6069),#252,.F.);
#6745=ADVANCED_FACE('',(#6070),#6426,.F.);
#6746=ADVANCED_FACE('',(#6071),#253,.F.);
#6747=ADVANCED_FACE('',(#6072),#6427,.F.);
#6748=ADVANCED_FACE('',(#6073),#254,.T.);
#6749=ADVANCED_FACE('',(#6074),#6428,.T.);
#6750=ADVANCED_FACE('',(#6075),#255,.T.);
#6751=ADVANCED_FACE('',(#6076),#6429,.T.);
#6752=ADVANCED_FACE('',(#6077),#256,.F.);
#6753=ADVANCED_FACE('',(#6078),#6430,.F.);
#6754=ADVANCED_FACE('',(#6079),#257,.F.);
#6755=ADVANCED_FACE('',(#6080),#6431,.F.);
#6756=ADVANCED_FACE('',(#6081),#6432,.F.);
#6757=ADVANCED_FACE('',(#6082),#6433,.F.);
#6758=ADVANCED_FACE('',(#6083),#6434,.F.);
#6759=ADVANCED_FACE('',(#6084),#6435,.T.);
#6760=ADVANCED_FACE('',(#6085),#6436,.F.);
#6761=ADVANCED_FACE('',(#6086),#6437,.F.);
#6762=ADVANCED_FACE('',(#6087),#6438,.T.);
#6763=ADVANCED_FACE('',(#6088),#6439,.T.);
#6764=ADVANCED_FACE('',(#6089),#6440,.F.);
#6765=ADVANCED_FACE('',(#6090),#6441,.F.);
#6766=ADVANCED_FACE('',(#6091),#6442,.T.);
#6767=ADVANCED_FACE('',(#6092),#258,.T.);
#6768=ADVANCED_FACE('',(#6093),#259,.F.);
#6769=ADVANCED_FACE('',(#6094),#260,.T.);
#6770=ADVANCED_FACE('',(#6095),#261,.F.);
#6771=ADVANCED_FACE('',(#6096),#262,.T.);
#6772=ADVANCED_FACE('',(#6097),#263,.F.);
#6773=ADVANCED_FACE('',(#6098),#6443,.T.);
#6774=ADVANCED_FACE('',(#6099),#6444,.F.);
#6775=ADVANCED_FACE('',(#6100),#264,.F.);
#6776=ADVANCED_FACE('',(#6101),#265,.T.);
#6777=ADVANCED_FACE('',(#6102),#266,.F.);
#6778=ADVANCED_FACE('',(#6103),#267,.T.);
#6779=ADVANCED_FACE('',(#6104),#268,.F.);
#6780=ADVANCED_FACE('',(#6105),#269,.T.);
#6781=ADVANCED_FACE('',(#6106),#6445,.T.);
#6782=ADVANCED_FACE('',(#6107),#6446,.F.);
#6783=ADVANCED_FACE('',(#6108),#6447,.F.);
#6784=ADVANCED_FACE('',(#6109),#270,.T.);
#6785=ADVANCED_FACE('',(#6110),#271,.F.);
#6786=ADVANCED_FACE('',(#6111),#6448,.F.);
#6787=ADVANCED_FACE('',(#6112),#6449,.F.);
#6788=ADVANCED_FACE('',(#6113),#6450,.F.);
#6789=ADVANCED_FACE('',(#6114),#6451,.F.);
#6790=ADVANCED_FACE('',(#6115),#272,.T.);
#6791=ADVANCED_FACE('',(#6116),#273,.F.);
#6792=ADVANCED_FACE('',(#6117),#6452,.T.);
#6793=ADVANCED_FACE('',(#6118),#6453,.F.);
#6794=ADVANCED_FACE('',(#6119),#274,.T.);
#6795=ADVANCED_FACE('',(#6120),#275,.F.);
#6796=ADVANCED_FACE('',(#6121),#6454,.T.);
#6797=ADVANCED_FACE('',(#6122),#276,.T.);
#6798=ADVANCED_FACE('',(#6123),#6455,.F.);
#6799=ADVANCED_FACE('',(#6124),#277,.F.);
#6800=ADVANCED_FACE('',(#6125),#6456,.T.);
#6801=ADVANCED_FACE('',(#6126),#6457,.T.);
#6802=ADVANCED_FACE('',(#6127),#6458,.T.);
#6803=ADVANCED_FACE('',(#6128),#6459,.F.);
#6804=ADVANCED_FACE('',(#6129),#278,.F.);
#6805=ADVANCED_FACE('',(#6130),#6460,.T.);
#6806=ADVANCED_FACE('',(#6131),#279,.T.);
#6807=ADVANCED_FACE('',(#6132),#6461,.F.);
#6808=ADVANCED_FACE('',(#6133),#6462,.T.);
#6809=ADVANCED_FACE('',(#6134),#6463,.T.);
#6810=ADVANCED_FACE('',(#6135),#6464,.F.);
#6811=ADVANCED_FACE('',(#6136),#6465,.F.);
#6812=ADVANCED_FACE('',(#6137),#280,.T.);
#6813=ADVANCED_FACE('',(#6138),#281,.T.);
#6814=ADVANCED_FACE('',(#6139),#282,.T.);
#6815=ADVANCED_FACE('',(#6140),#283,.T.);
#6816=ADVANCED_FACE('',(#6141),#6466,.T.);
#6817=ADVANCED_FACE('',(#6142),#6467,.F.);
#6818=ADVANCED_FACE('',(#6143),#6468,.F.);
#6819=ADVANCED_FACE('',(#6144),#6469,.T.);
#6820=ADVANCED_FACE('',(#6145),#284,.F.);
#6821=ADVANCED_FACE('',(#6146),#6470,.F.);
#6822=ADVANCED_FACE('',(#6147),#285,.T.);
#6823=ADVANCED_FACE('',(#6148),#6471,.T.);
#6824=ADVANCED_FACE('',(#6149),#6472,.T.);
#6825=ADVANCED_FACE('',(#6150),#6473,.F.);
#6826=ADVANCED_FACE('',(#6151),#6474,.F.);
#6827=ADVANCED_FACE('',(#6152),#286,.T.);
#6828=ADVANCED_FACE('',(#6153),#287,.T.);
#6829=ADVANCED_FACE('',(#6154),#288,.T.);
#6830=ADVANCED_FACE('',(#6155),#289,.T.);
#6831=ADVANCED_FACE('',(#6156),#290,.T.);
#6832=ADVANCED_FACE('',(#6157),#291,.T.);
#6833=ADVANCED_FACE('',(#6158,#6159),#292,.T.);
#6834=ADVANCED_FACE('',(#6160),#6475,.F.);
#6835=ADVANCED_FACE('',(#6161),#6476,.F.);
#6836=ADVANCED_FACE('',(#6162),#18,.T.);
#6837=ADVANCED_FACE('',(#6163),#19,.T.);
#6838=ADVANCED_FACE('',(#6164,#6165),#293,.T.);
#6839=ADVANCED_FACE('',(#6166,#6167),#6477,.T.);
#6840=ADVANCED_FACE('',(#6168,#6169),#20,.T.);
#6841=ADVANCED_FACE('',(#6170),#6478,.T.);
#6842=ADVANCED_FACE('',(#6171),#6479,.T.);
#6843=ADVANCED_FACE('',(#6172),#6480,.F.);
#6844=ADVANCED_FACE('',(#6173,#6174),#294,.T.);
#6845=ADVANCED_FACE('',(#6175,#6176),#6481,.F.);
#6846=ADVANCED_FACE('',(#6177),#6482,.T.);
#6847=ADVANCED_FACE('',(#6178,#6179),#85,.T.);
#6848=ADVANCED_FACE('',(#6180,#6181,#6182),#6483,.T.);
#6849=ADVANCED_FACE('',(#6183,#6184,#6185),#6484,.T.);
#6850=ADVANCED_FACE('',(#6186),#6485,.T.);
#6851=ADVANCED_FACE('',(#6187),#6486,.T.);
#6852=ADVANCED_FACE('',(#6188),#6487,.T.);
#6853=ADVANCED_FACE('',(#6189),#6488,.T.);
#6854=ADVANCED_FACE('',(#6190),#6489,.T.);
#6855=ADVANCED_FACE('',(#6191,#6192,#6193,#6194,#6195,#6196,#6197),#6490,
 .T.);
#6856=ADVANCED_FACE('',(#6198,#6199,#6200),#6491,.T.);
#6857=ADVANCED_FACE('',(#6201),#6492,.T.);
#6858=ADVANCED_FACE('',(#6202),#6493,.F.);
#6859=ADVANCED_FACE('',(#6203),#6494,.T.);
#6860=ADVANCED_FACE('',(#6204),#6495,.T.);
#6861=ADVANCED_FACE('',(#6205),#6496,.T.);
#6862=ADVANCED_FACE('',(#6206),#6497,.T.);
#6863=ADVANCED_FACE('',(#6207),#6498,.F.);
#6864=ADVANCED_FACE('',(#6208),#6499,.T.);
#6865=ADVANCED_FACE('',(#6209),#6500,.T.);
#6866=ADVANCED_FACE('',(#6210),#6501,.T.);
#6867=ADVANCED_FACE('',(#6211),#6502,.T.);
#6868=ADVANCED_FACE('',(#6212),#6503,.F.);
#6869=ADVANCED_FACE('',(#6213),#6504,.T.);
#6870=ADVANCED_FACE('',(#6214),#6505,.T.);
#6871=ADVANCED_FACE('',(#6215),#6506,.T.);
#6872=ADVANCED_FACE('',(#6216),#6507,.F.);
#6873=ADVANCED_FACE('',(#6217),#6508,.T.);
#6874=ADVANCED_FACE('',(#6218),#6509,.T.);
#6875=ADVANCED_FACE('',(#6219),#6510,.T.);
#6876=ADVANCED_FACE('',(#6220),#6511,.T.);
#6877=ADVANCED_FACE('',(#6221),#6512,.F.);
#6878=ADVANCED_FACE('',(#6222),#6513,.T.);
#6879=ADVANCED_FACE('',(#6223),#6514,.F.);
#6880=ADVANCED_FACE('',(#6224),#6515,.F.);
#6881=ADVANCED_FACE('',(#6225),#6516,.F.);
#6882=ADVANCED_FACE('',(#6226),#6517,.F.);
#6883=ADVANCED_FACE('',(#6227),#6518,.T.);
#6884=ADVANCED_FACE('',(#6228),#6519,.T.);
#6885=ADVANCED_FACE('',(#6229),#6520,.F.);
#6886=ADVANCED_FACE('',(#6230),#6521,.F.);
#6887=ADVANCED_FACE('',(#6231),#6522,.F.);
#6888=ADVANCED_FACE('',(#6232),#6523,.F.);
#6889=ADVANCED_FACE('',(#6233),#6524,.F.);
#6890=ADVANCED_FACE('',(#6234),#6525,.F.);
#6891=ADVANCED_FACE('',(#6235),#6526,.T.);
#6892=ADVANCED_FACE('',(#6236),#6527,.F.);
#6893=ADVANCED_FACE('',(#6237),#6528,.F.);
#6894=ADVANCED_FACE('',(#6238),#6529,.F.);
#6895=ADVANCED_FACE('',(#6239),#6530,.T.);
#6896=ADVANCED_FACE('',(#6240),#6531,.T.);
#6897=ADVANCED_FACE('',(#6241),#6532,.T.);
#6898=ADVANCED_FACE('',(#6242),#6533,.T.);
#6899=ADVANCED_FACE('',(#6243),#6534,.T.);
#6900=ADVANCED_FACE('',(#6244),#6535,.F.);
#6901=ADVANCED_FACE('',(#6245),#6536,.T.);
#6902=ADVANCED_FACE('',(#6246),#6537,.T.);
#6903=ADVANCED_FACE('',(#6247),#6538,.T.);
#6904=ADVANCED_FACE('',(#6248),#6539,.T.);
#6905=ADVANCED_FACE('',(#6249),#6540,.F.);
#6906=ADVANCED_FACE('',(#6250),#6541,.T.);
#6907=ADVANCED_FACE('',(#6251),#6542,.F.);
#6908=ADVANCED_FACE('',(#6252),#6543,.F.);
#6909=ADVANCED_FACE('',(#6253),#6544,.F.);
#6910=ADVANCED_FACE('',(#6254),#6545,.F.);
#6911=ADVANCED_FACE('',(#6255),#6546,.T.);
#6912=ADVANCED_FACE('',(#6256),#6547,.F.);
#6913=ADVANCED_FACE('',(#6257),#6548,.F.);
#6914=ADVANCED_FACE('',(#6258),#6549,.F.);
#6915=ADVANCED_FACE('',(#6259),#6550,.F.);
#6916=ADVANCED_FACE('',(#6260),#6551,.F.);
#6917=ADVANCED_FACE('',(#6261),#6552,.F.);
#6918=ADVANCED_FACE('',(#6262),#6553,.F.);
#6919=ADVANCED_FACE('',(#6263),#6554,.T.);
#6920=ADVANCED_FACE('',(#6264),#6555,.F.);
#6921=ADVANCED_FACE('',(#6265),#6556,.F.);
#6922=ADVANCED_FACE('',(#6266),#6557,.F.);
#6923=ADVANCED_FACE('',(#6267),#6558,.T.);
#6924=ADVANCED_FACE('',(#6268),#6559,.T.);
#6925=ADVANCED_FACE('',(#6269),#6560,.T.);
#6926=CLOSED_SHELL('',(#6561,#6562,#6563,#6564,#6565,#6566,#6567,#6568,
#6569,#6570,#6571,#6572,#6573,#6574,#6575,#6576,#6577,#6578,#6579,#6580,
#6581,#6582,#6583,#6584,#6585,#6586,#6587,#6588,#6589,#6590,#6591,#6592,
#6593,#6594,#6595,#6596,#6597,#6598,#6599,#6600,#6601,#6602,#6603,#6604,
#6605,#6606,#6607,#6608,#6609,#6610,#6611,#6612,#6613,#6614,#6615,#6616,
#6617,#6618,#6619,#6620,#6621,#6622,#6623,#6624,#6625,#6626,#6627,#6628,
#6629,#6630,#6631,#6632,#6633,#6634,#6635,#6636,#6637,#6638,#6639,#6640,
#6641,#6642,#6643,#6644,#6645,#6646,#6647,#6648,#6649,#6650,#6651,#6652,
#6653,#6654,#6655,#6656,#6657,#6658,#6659,#6660,#6661,#6662,#6663,#6664,
#6665,#6666,#6667,#6668,#6669,#6670,#6671,#6672,#6673,#6674,#6675,#6676,
#6677,#6678,#6679,#6680,#6681,#6682,#6683,#6684,#6685,#6686,#6687,#6688,
#6689,#6690,#6691,#6692,#6693,#6694,#6695,#6696,#6697,#6698,#6699,#6700,
#6701,#6702,#6703,#6704,#6705,#6706,#6707,#6708,#6709,#6710,#6711,#6712,
#6713,#6714,#6715,#6716,#6717,#6718,#6719,#6720,#6721,#6722,#6723,#6724));
#6927=CLOSED_SHELL('',(#6725,#6726,#6727,#6728,#6729,#6730,#6731,#6732,
#6733,#6734,#6735,#6736,#6737,#6738));
#6928=CLOSED_SHELL('',(#6739,#6740,#6741,#6742,#6743,#6744,#6745,#6746,
#6747,#6748,#6749,#6750,#6751,#6752,#6753,#6754,#6755,#6756,#6757,#6758,
#6759,#6760,#6761,#6762,#6763,#6764,#6765,#6766,#6767,#6768,#6769,#6770,
#6771,#6772,#6773,#6774,#6775,#6776,#6777,#6778,#6779,#6780,#6781,#6782,
#6783,#6784,#6785,#6786,#6787,#6788,#6789,#6790,#6791,#6792,#6793,#6794,
#6795,#6796,#6797,#6798,#6799,#6800,#6801,#6802,#6803,#6804,#6805,#6806,
#6807,#6808,#6809,#6810,#6811,#6812,#6813,#6814,#6815,#6816,#6817,#6818,
#6819,#6820,#6821,#6822,#6823,#6824,#6825,#6826,#6827,#6828,#6829,#6830,
#6831,#6832));
#6929=CLOSED_SHELL('',(#6833,#6834,#6835,#6836,#6837,#6838,#6839,#6840,
#6841,#6842,#6843,#6844,#6845,#6846,#6847));
#6930=CLOSED_SHELL('',(#6848,#6849,#6850,#6851,#6852,#6853,#6854,#6855,
#6856,#6857,#6858,#6859,#6860,#6861,#6862,#6863,#6864,#6865,#6866,#6867,
#6868,#6869,#6870,#6871,#6872,#6873,#6874,#6875,#6876,#6877,#6878,#6879,
#6880,#6881,#6882,#6883,#6884,#6885,#6886,#6887,#6888,#6889,#6890,#6891,
#6892,#6893,#6894,#6895,#6896,#6897,#6898,#6899,#6900,#6901,#6902,#6903,
#6904,#6905,#6906,#6907,#6908,#6909,#6910,#6911,#6912,#6913,#6914,#6915,
#6916,#6917,#6918,#6919,#6920,#6921,#6922,#6923,#6924,#6925));
#6931=STYLED_ITEM('',(#6963),#7158);
#6932=STYLED_ITEM('',(#6964),#6725);
#6933=STYLED_ITEM('',(#6965),#6726);
#6934=STYLED_ITEM('',(#6966),#6727);
#6935=STYLED_ITEM('',(#6967),#6728);
#6936=STYLED_ITEM('',(#6968),#6729);
#6937=STYLED_ITEM('',(#6969),#6730);
#6938=STYLED_ITEM('',(#6970),#6731);
#6939=STYLED_ITEM('',(#6971),#6732);
#6940=STYLED_ITEM('',(#6972),#6733);
#6941=STYLED_ITEM('',(#6973),#6734);
#6942=STYLED_ITEM('',(#6974),#6735);
#6943=STYLED_ITEM('',(#6975),#6736);
#6944=STYLED_ITEM('',(#6976),#6737);
#6945=STYLED_ITEM('',(#6977),#6738);
#6946=STYLED_ITEM('',(#6978),#7160);
#6947=STYLED_ITEM('',(#6979),#6833);
#6948=STYLED_ITEM('',(#6980),#6834);
#6949=STYLED_ITEM('',(#6981),#6835);
#6950=STYLED_ITEM('',(#6982),#6836);
#6951=STYLED_ITEM('',(#6983),#6837);
#6952=STYLED_ITEM('',(#6984),#6838);
#6953=STYLED_ITEM('',(#6985),#6839);
#6954=STYLED_ITEM('',(#6986),#6840);
#6955=STYLED_ITEM('',(#6987),#6841);
#6956=STYLED_ITEM('',(#6988),#6842);
#6957=STYLED_ITEM('',(#6989),#6843);
#6958=STYLED_ITEM('',(#6990),#6844);
#6959=STYLED_ITEM('',(#6991),#6845);
#6960=STYLED_ITEM('',(#6992),#6846);
#6961=STYLED_ITEM('',(#6993),#6847);
#6962=STYLED_ITEM('',(#6994),#7162);
#6963=PRESENTATION_STYLE_ASSIGNMENT((#6995));
#6964=PRESENTATION_STYLE_ASSIGNMENT((#6996));
#6965=PRESENTATION_STYLE_ASSIGNMENT((#6997));
#6966=PRESENTATION_STYLE_ASSIGNMENT((#6998));
#6967=PRESENTATION_STYLE_ASSIGNMENT((#6999));
#6968=PRESENTATION_STYLE_ASSIGNMENT((#7000));
#6969=PRESENTATION_STYLE_ASSIGNMENT((#7001));
#6970=PRESENTATION_STYLE_ASSIGNMENT((#7002));
#6971=PRESENTATION_STYLE_ASSIGNMENT((#7003));
#6972=PRESENTATION_STYLE_ASSIGNMENT((#7004));
#6973=PRESENTATION_STYLE_ASSIGNMENT((#7005));
#6974=PRESENTATION_STYLE_ASSIGNMENT((#7006));
#6975=PRESENTATION_STYLE_ASSIGNMENT((#7007));
#6976=PRESENTATION_STYLE_ASSIGNMENT((#7008));
#6977=PRESENTATION_STYLE_ASSIGNMENT((#7009));
#6978=PRESENTATION_STYLE_ASSIGNMENT((#7010));
#6979=PRESENTATION_STYLE_ASSIGNMENT((#7011));
#6980=PRESENTATION_STYLE_ASSIGNMENT((#7012));
#6981=PRESENTATION_STYLE_ASSIGNMENT((#7013));
#6982=PRESENTATION_STYLE_ASSIGNMENT((#7014));
#6983=PRESENTATION_STYLE_ASSIGNMENT((#7015));
#6984=PRESENTATION_STYLE_ASSIGNMENT((#7016));
#6985=PRESENTATION_STYLE_ASSIGNMENT((#7017));
#6986=PRESENTATION_STYLE_ASSIGNMENT((#7018));
#6987=PRESENTATION_STYLE_ASSIGNMENT((#7019));
#6988=PRESENTATION_STYLE_ASSIGNMENT((#7020));
#6989=PRESENTATION_STYLE_ASSIGNMENT((#7021));
#6990=PRESENTATION_STYLE_ASSIGNMENT((#7022));
#6991=PRESENTATION_STYLE_ASSIGNMENT((#7023));
#6992=PRESENTATION_STYLE_ASSIGNMENT((#7024));
#6993=PRESENTATION_STYLE_ASSIGNMENT((#7025));
#6994=PRESENTATION_STYLE_ASSIGNMENT((#7026));
#6995=SURFACE_STYLE_USAGE(.BOTH.,#7027);
#6996=SURFACE_STYLE_USAGE(.BOTH.,#7028);
#6997=SURFACE_STYLE_USAGE(.BOTH.,#7029);
#6998=SURFACE_STYLE_USAGE(.BOTH.,#7030);
#6999=SURFACE_STYLE_USAGE(.BOTH.,#7031);
#7000=SURFACE_STYLE_USAGE(.BOTH.,#7032);
#7001=SURFACE_STYLE_USAGE(.BOTH.,#7033);
#7002=SURFACE_STYLE_USAGE(.BOTH.,#7034);
#7003=SURFACE_STYLE_USAGE(.BOTH.,#7035);
#7004=SURFACE_STYLE_USAGE(.BOTH.,#7036);
#7005=SURFACE_STYLE_USAGE(.BOTH.,#7037);
#7006=SURFACE_STYLE_USAGE(.BOTH.,#7038);
#7007=SURFACE_STYLE_USAGE(.BOTH.,#7039);
#7008=SURFACE_STYLE_USAGE(.BOTH.,#7040);
#7009=SURFACE_STYLE_USAGE(.BOTH.,#7041);
#7010=SURFACE_STYLE_USAGE(.BOTH.,#7042);
#7011=SURFACE_STYLE_USAGE(.BOTH.,#7043);
#7012=SURFACE_STYLE_USAGE(.BOTH.,#7044);
#7013=SURFACE_STYLE_USAGE(.BOTH.,#7045);
#7014=SURFACE_STYLE_USAGE(.BOTH.,#7046);
#7015=SURFACE_STYLE_USAGE(.BOTH.,#7047);
#7016=SURFACE_STYLE_USAGE(.BOTH.,#7048);
#7017=SURFACE_STYLE_USAGE(.BOTH.,#7049);
#7018=SURFACE_STYLE_USAGE(.BOTH.,#7050);
#7019=SURFACE_STYLE_USAGE(.BOTH.,#7051);
#7020=SURFACE_STYLE_USAGE(.BOTH.,#7052);
#7021=SURFACE_STYLE_USAGE(.BOTH.,#7053);
#7022=SURFACE_STYLE_USAGE(.BOTH.,#7054);
#7023=SURFACE_STYLE_USAGE(.BOTH.,#7055);
#7024=SURFACE_STYLE_USAGE(.BOTH.,#7056);
#7025=SURFACE_STYLE_USAGE(.BOTH.,#7057);
#7026=SURFACE_STYLE_USAGE(.BOTH.,#7058);
#7027=SURFACE_SIDE_STYLE('',(#7059));
#7028=SURFACE_SIDE_STYLE('',(#7060));
#7029=SURFACE_SIDE_STYLE('',(#7061));
#7030=SURFACE_SIDE_STYLE('',(#7062));
#7031=SURFACE_SIDE_STYLE('',(#7063));
#7032=SURFACE_SIDE_STYLE('',(#7064));
#7033=SURFACE_SIDE_STYLE('',(#7065));
#7034=SURFACE_SIDE_STYLE('',(#7066));
#7035=SURFACE_SIDE_STYLE('',(#7067));
#7036=SURFACE_SIDE_STYLE('',(#7068));
#7037=SURFACE_SIDE_STYLE('',(#7069));
#7038=SURFACE_SIDE_STYLE('',(#7070));
#7039=SURFACE_SIDE_STYLE('',(#7071));
#7040=SURFACE_SIDE_STYLE('',(#7072));
#7041=SURFACE_SIDE_STYLE('',(#7073));
#7042=SURFACE_SIDE_STYLE('',(#7074));
#7043=SURFACE_SIDE_STYLE('',(#7075));
#7044=SURFACE_SIDE_STYLE('',(#7076));
#7045=SURFACE_SIDE_STYLE('',(#7077));
#7046=SURFACE_SIDE_STYLE('',(#7078));
#7047=SURFACE_SIDE_STYLE('',(#7079));
#7048=SURFACE_SIDE_STYLE('',(#7080));
#7049=SURFACE_SIDE_STYLE('',(#7081));
#7050=SURFACE_SIDE_STYLE('',(#7082));
#7051=SURFACE_SIDE_STYLE('',(#7083));
#7052=SURFACE_SIDE_STYLE('',(#7084));
#7053=SURFACE_SIDE_STYLE('',(#7085));
#7054=SURFACE_SIDE_STYLE('',(#7086));
#7055=SURFACE_SIDE_STYLE('',(#7087));
#7056=SURFACE_SIDE_STYLE('',(#7088));
#7057=SURFACE_SIDE_STYLE('',(#7089));
#7058=SURFACE_SIDE_STYLE('',(#7090));
#7059=SURFACE_STYLE_FILL_AREA(#7091);
#7060=SURFACE_STYLE_FILL_AREA(#7092);
#7061=SURFACE_STYLE_FILL_AREA(#7093);
#7062=SURFACE_STYLE_FILL_AREA(#7094);
#7063=SURFACE_STYLE_FILL_AREA(#7095);
#7064=SURFACE_STYLE_FILL_AREA(#7096);
#7065=SURFACE_STYLE_FILL_AREA(#7097);
#7066=SURFACE_STYLE_FILL_AREA(#7098);
#7067=SURFACE_STYLE_FILL_AREA(#7099);
#7068=SURFACE_STYLE_FILL_AREA(#7100);
#7069=SURFACE_STYLE_FILL_AREA(#7101);
#7070=SURFACE_STYLE_FILL_AREA(#7102);
#7071=SURFACE_STYLE_FILL_AREA(#7103);
#7072=SURFACE_STYLE_FILL_AREA(#7104);
#7073=SURFACE_STYLE_FILL_AREA(#7105);
#7074=SURFACE_STYLE_FILL_AREA(#7106);
#7075=SURFACE_STYLE_FILL_AREA(#7107);
#7076=SURFACE_STYLE_FILL_AREA(#7108);
#7077=SURFACE_STYLE_FILL_AREA(#7109);
#7078=SURFACE_STYLE_FILL_AREA(#7110);
#7079=SURFACE_STYLE_FILL_AREA(#7111);
#7080=SURFACE_STYLE_FILL_AREA(#7112);
#7081=SURFACE_STYLE_FILL_AREA(#7113);
#7082=SURFACE_STYLE_FILL_AREA(#7114);
#7083=SURFACE_STYLE_FILL_AREA(#7115);
#7084=SURFACE_STYLE_FILL_AREA(#7116);
#7085=SURFACE_STYLE_FILL_AREA(#7117);
#7086=SURFACE_STYLE_FILL_AREA(#7118);
#7087=SURFACE_STYLE_FILL_AREA(#7119);
#7088=SURFACE_STYLE_FILL_AREA(#7120);
#7089=SURFACE_STYLE_FILL_AREA(#7121);
#7090=SURFACE_STYLE_FILL_AREA(#7122);
#7091=FILL_AREA_STYLE('',(#7123));
#7092=FILL_AREA_STYLE('',(#7124));
#7093=FILL_AREA_STYLE('',(#7125));
#7094=FILL_AREA_STYLE('',(#7126));
#7095=FILL_AREA_STYLE('',(#7127));
#7096=FILL_AREA_STYLE('',(#7128));
#7097=FILL_AREA_STYLE('',(#7129));
#7098=FILL_AREA_STYLE('',(#7130));
#7099=FILL_AREA_STYLE('',(#7131));
#7100=FILL_AREA_STYLE('',(#7132));
#7101=FILL_AREA_STYLE('',(#7133));
#7102=FILL_AREA_STYLE('',(#7134));
#7103=FILL_AREA_STYLE('',(#7135));
#7104=FILL_AREA_STYLE('',(#7136));
#7105=FILL_AREA_STYLE('',(#7137));
#7106=FILL_AREA_STYLE('',(#7138));
#7107=FILL_AREA_STYLE('',(#7139));
#7108=FILL_AREA_STYLE('',(#7140));
#7109=FILL_AREA_STYLE('',(#7141));
#7110=FILL_AREA_STYLE('',(#7142));
#7111=FILL_AREA_STYLE('',(#7143));
#7112=FILL_AREA_STYLE('',(#7144));
#7113=FILL_AREA_STYLE('',(#7145));
#7114=FILL_AREA_STYLE('',(#7146));
#7115=FILL_AREA_STYLE('',(#7147));
#7116=FILL_AREA_STYLE('',(#7148));
#7117=FILL_AREA_STYLE('',(#7149));
#7118=FILL_AREA_STYLE('',(#7150));
#7119=FILL_AREA_STYLE('',(#7151));
#7120=FILL_AREA_STYLE('',(#7152));
#7121=FILL_AREA_STYLE('',(#7153));
#7122=FILL_AREA_STYLE('',(#7154));
#7123=FILL_AREA_STYLE_COLOUR('',#7155);
#7124=FILL_AREA_STYLE_COLOUR('',#7156);
#7125=FILL_AREA_STYLE_COLOUR('',#7156);
#7126=FILL_AREA_STYLE_COLOUR('',#7156);
#7127=FILL_AREA_STYLE_COLOUR('',#7156);
#7128=FILL_AREA_STYLE_COLOUR('',#7156);
#7129=FILL_AREA_STYLE_COLOUR('',#7156);
#7130=FILL_AREA_STYLE_COLOUR('',#7156);
#7131=FILL_AREA_STYLE_COLOUR('',#7156);
#7132=FILL_AREA_STYLE_COLOUR('',#7156);
#7133=FILL_AREA_STYLE_COLOUR('',#7156);
#7134=FILL_AREA_STYLE_COLOUR('',#7156);
#7135=FILL_AREA_STYLE_COLOUR('',#7156);
#7136=FILL_AREA_STYLE_COLOUR('',#7157);
#7137=FILL_AREA_STYLE_COLOUR('',#7156);
#7138=FILL_AREA_STYLE_COLOUR('',#7156);
#7139=FILL_AREA_STYLE_COLOUR('',#7156);
#7140=FILL_AREA_STYLE_COLOUR('',#7156);
#7141=FILL_AREA_STYLE_COLOUR('',#7156);
#7142=FILL_AREA_STYLE_COLOUR('',#7156);
#7143=FILL_AREA_STYLE_COLOUR('',#7156);
#7144=FILL_AREA_STYLE_COLOUR('',#7157);
#7145=FILL_AREA_STYLE_COLOUR('',#7156);
#7146=FILL_AREA_STYLE_COLOUR('',#7156);
#7147=FILL_AREA_STYLE_COLOUR('',#7156);
#7148=FILL_AREA_STYLE_COLOUR('',#7156);
#7149=FILL_AREA_STYLE_COLOUR('',#7156);
#7150=FILL_AREA_STYLE_COLOUR('',#7156);
#7151=FILL_AREA_STYLE_COLOUR('',#7156);
#7152=FILL_AREA_STYLE_COLOUR('',#7156);
#7153=FILL_AREA_STYLE_COLOUR('',#7156);
#7154=FILL_AREA_STYLE_COLOUR('',#7155);
#7155=COLOUR_RGB('',0.39215686917305,0.600000023841858,0.39215686917305);
#7156=COLOUR_RGB('',0.74039214849472,0.778039216995239,0.800000011920929);
#7157=COLOUR_RGB('',0.200000017881393,0.200000017881393,0.200000017881393);
#7158=MANIFOLD_SOLID_BREP('',#6926);
#7159=MANIFOLD_SOLID_BREP('',#6927);
#7160=MANIFOLD_SOLID_BREP('',#6928);
#7161=MANIFOLD_SOLID_BREP('',#6929);
#7162=MANIFOLD_SOLID_BREP('',#6930);
#7163=SHAPE_DEFINITION_REPRESENTATION(#11578,#7169);
#7164=SHAPE_DEFINITION_REPRESENTATION(#11577,#7170);
#7165=SHAPE_DEFINITION_REPRESENTATION(#11580,#7171);
#7166=SHAPE_DEFINITION_REPRESENTATION(#11582,#7172);
#7167=SHAPE_DEFINITION_REPRESENTATION(#11584,#7173);
#7168=SHAPE_DEFINITION_REPRESENTATION(#11589,#7174);
#7169=SHAPE_REPRESENTATION('691351500002',(#7175),#11563);
#7170=SHAPE_REPRESENTATION('6913515000xx',(#7175,#7387,#7407,#7586,#7615,
#7616,#7617,#7618,#7697),#11562);
#7171=SHAPE_REPRESENTATION('6913515000xx_CAGE',(#7175),#11564);
#7172=SHAPE_REPRESENTATION('6913515000xx_PIN',(#7175),#11565);
#7173=SHAPE_REPRESENTATION('6913515000xx_VIS',(#7175),#11566);
#7174=SHAPE_REPRESENTATION('691351500002_CAPOT',(#7175),#11567);
#7175=AXIS2_PLACEMENT_3D('',#9548,#7698,#7699);
#7176=AXIS2_PLACEMENT_3D('',#9549,#7700,#7701);
#7177=AXIS2_PLACEMENT_3D('',#9558,#7706,#7707);
#7178=AXIS2_PLACEMENT_3D('',#9571,#7714,#7715);
#7179=AXIS2_PLACEMENT_3D('',#9598,#7729,#7730);
#7180=AXIS2_PLACEMENT_3D('',#9625,#7744,#7745);
#7181=AXIS2_PLACEMENT_3D('',#9635,#7751,#7752);
#7182=AXIS2_PLACEMENT_3D('',#9641,#7756,#7757);
#7183=AXIS2_PLACEMENT_3D('',#9648,#7762,#7763);
#7184=AXIS2_PLACEMENT_3D('',#9649,#7764,#7765);
#7185=AXIS2_PLACEMENT_3D('',#9653,#7767,#7768);
#7186=AXIS2_PLACEMENT_3D('',#9657,#7770,#7771);
#7187=AXIS2_PLACEMENT_3D('',#9658,#7772,#7773);
#7188=AXIS2_PLACEMENT_3D('',#9659,#7774,#7775);
#7189=AXIS2_PLACEMENT_3D('',#9661,#7776,#7777);
#7190=AXIS2_PLACEMENT_3D('',#9687,#7790,#7791);
#7191=AXIS2_PLACEMENT_3D('',#9712,#7804,#7805);
#7192=AXIS2_PLACEMENT_3D('',#9717,#7808,#7809);
#7193=AXIS2_PLACEMENT_3D('',#9748,#7825,#7826);
#7194=AXIS2_PLACEMENT_3D('',#9774,#7840,#7841);
#7195=AXIS2_PLACEMENT_3D('',#9786,#7848,#7849);
#7196=AXIS2_PLACEMENT_3D('',#9788,#7850,#7851);
#7197=AXIS2_PLACEMENT_3D('',#9789,#7852,#7853);
#7198=AXIS2_PLACEMENT_3D('',#9791,#7854,#7855);
#7199=AXIS2_PLACEMENT_3D('',#9793,#7856,#7857);
#7200=AXIS2_PLACEMENT_3D('',#9797,#7859,#7860);
#7201=AXIS2_PLACEMENT_3D('',#9801,#7862,#7863);
#7202=AXIS2_PLACEMENT_3D('',#9804,#7865,#7866);
#7203=AXIS2_PLACEMENT_3D('',#9806,#7867,#7868);
#7204=AXIS2_PLACEMENT_3D('',#9811,#7870,#7871);
#7205=AXIS2_PLACEMENT_3D('',#9836,#7884,#7885);
#7206=AXIS2_PLACEMENT_3D('',#9837,#7886,#7887);
#7207=AXIS2_PLACEMENT_3D('',#9850,#7894,#7895);
#7208=AXIS2_PLACEMENT_3D('',#9855,#7899,#7900);
#7209=AXIS2_PLACEMENT_3D('',#9856,#7901,#7902);
#7210=AXIS2_PLACEMENT_3D('',#9884,#7917,#7918);
#7211=AXIS2_PLACEMENT_3D('',#9893,#7923,#7924);
#7212=AXIS2_PLACEMENT_3D('',#9902,#7929,#7930);
#7213=AXIS2_PLACEMENT_3D('',#9908,#7934,#7935);
#7214=AXIS2_PLACEMENT_3D('',#9914,#7939,#7940);
#7215=AXIS2_PLACEMENT_3D('',#9918,#7943,#7944);
#7216=AXIS2_PLACEMENT_3D('',#9924,#7948,#7949);
#7217=AXIS2_PLACEMENT_3D('',#9930,#7953,#7954);
#7218=AXIS2_PLACEMENT_3D('',#9931,#7955,#7956);
#7219=AXIS2_PLACEMENT_3D('',#9944,#7963,#7964);
#7220=AXIS2_PLACEMENT_3D('',#9946,#7965,#7966);
#7221=AXIS2_PLACEMENT_3D('',#9947,#7967,#7968);
#7222=AXIS2_PLACEMENT_3D('',#9949,#7969,#7970);
#7223=AXIS2_PLACEMENT_3D('',#9951,#7971,#7972);
#7224=AXIS2_PLACEMENT_3D('',#9966,#7983,#7984);
#7225=AXIS2_PLACEMENT_3D('',#9968,#7986,#7987);
#7226=AXIS2_PLACEMENT_3D('',#9969,#7988,#7989);
#7227=AXIS2_PLACEMENT_3D('',#9997,#8004,#8005);
#7228=AXIS2_PLACEMENT_3D('',#10015,#8017,#8018);
#7229=AXIS2_PLACEMENT_3D('',#10021,#8022,#8023);
#7230=AXIS2_PLACEMENT_3D('',#10030,#8028,#8029);
#7231=AXIS2_PLACEMENT_3D('',#10036,#8033,#8034);
#7232=AXIS2_PLACEMENT_3D('',#10040,#8037,#8038);
#7233=AXIS2_PLACEMENT_3D('',#10044,#8041,#8042);
#7234=AXIS2_PLACEMENT_3D('',#10050,#8046,#8047);
#7235=AXIS2_PLACEMENT_3D('',#10052,#8049,#8050);
#7236=AXIS2_PLACEMENT_3D('',#10055,#8053,#8054);
#7237=AXIS2_PLACEMENT_3D('',#10057,#8056,#8057);
#7238=AXIS2_PLACEMENT_3D('',#10069,#8064,#8065);
#7239=AXIS2_PLACEMENT_3D('',#10078,#8071,#8072);
#7240=AXIS2_PLACEMENT_3D('',#10093,#8081,#8082);
#7241=AXIS2_PLACEMENT_3D('',#10097,#8085,#8086);
#7242=AXIS2_PLACEMENT_3D('',#10099,#8088,#8089);
#7243=AXIS2_PLACEMENT_3D('',#10108,#8096,#8097);
#7244=AXIS2_PLACEMENT_3D('',#10111,#8100,#8101);
#7245=AXIS2_PLACEMENT_3D('',#10114,#8104,#8105);
#7246=AXIS2_PLACEMENT_3D('',#10115,#8106,#8107);
#7247=AXIS2_PLACEMENT_3D('',#10116,#8108,#8109);
#7248=AXIS2_PLACEMENT_3D('',#10118,#8111,#8112);
#7249=AXIS2_PLACEMENT_3D('',#10120,#8114,#8115);
#7250=AXIS2_PLACEMENT_3D('',#10123,#8118,#8119);
#7251=AXIS2_PLACEMENT_3D('',#10125,#8121,#8122);
#7252=AXIS2_PLACEMENT_3D('',#10126,#8123,#8124);
#7253=AXIS2_PLACEMENT_3D('',#10127,#8125,#8126);
#7254=AXIS2_PLACEMENT_3D('',#10128,#8127,#8128);
#7255=AXIS2_PLACEMENT_3D('',#10130,#8129,#8130);
#7256=AXIS2_PLACEMENT_3D('',#10134,#8133,#8134);
#7257=AXIS2_PLACEMENT_3D('',#10138,#8137,#8138);
#7258=AXIS2_PLACEMENT_3D('',#10140,#8140,#8141);
#7259=AXIS2_PLACEMENT_3D('',#10144,#8144,#8145);
#7260=AXIS2_PLACEMENT_3D('',#10148,#8148,#8149);
#7261=AXIS2_PLACEMENT_3D('',#10150,#8151,#8152);
#7262=AXIS2_PLACEMENT_3D('',#10151,#8153,#8154);
#7263=AXIS2_PLACEMENT_3D('',#10152,#8155,#8156);
#7264=AXIS2_PLACEMENT_3D('',#10153,#8157,#8158);
#7265=AXIS2_PLACEMENT_3D('',#10155,#8159,#8160);
#7266=AXIS2_PLACEMENT_3D('',#10156,#8161,#8162);
#7267=AXIS2_PLACEMENT_3D('',#10163,#8167,#8168);
#7268=AXIS2_PLACEMENT_3D('',#10167,#8171,#8172);
#7269=AXIS2_PLACEMENT_3D('',#10171,#8175,#8176);
#7270=AXIS2_PLACEMENT_3D('',#10173,#8178,#8179);
#7271=AXIS2_PLACEMENT_3D('',#10174,#8180,#8181);
#7272=AXIS2_PLACEMENT_3D('',#10175,#8182,#8183);
#7273=AXIS2_PLACEMENT_3D('',#10177,#8184,#8185);
#7274=AXIS2_PLACEMENT_3D('',#10181,#8188,#8189);
#7275=AXIS2_PLACEMENT_3D('',#10182,#8190,#8191);
#7276=AXIS2_PLACEMENT_3D('',#10185,#8193,#8194);
#7277=AXIS2_PLACEMENT_3D('',#10187,#8196,#8197);
#7278=AXIS2_PLACEMENT_3D('',#10189,#8199,#8200);
#7279=AXIS2_PLACEMENT_3D('',#10190,#8201,#8202);
#7280=AXIS2_PLACEMENT_3D('',#10196,#8206,#8207);
#7281=AXIS2_PLACEMENT_3D('',#10202,#8211,#8212);
#7282=AXIS2_PLACEMENT_3D('',#10203,#8213,#8214);
#7283=AXIS2_PLACEMENT_3D('',#10207,#8216,#8217);
#7284=AXIS2_PLACEMENT_3D('',#10208,#8218,#8219);
#7285=AXIS2_PLACEMENT_3D('',#10214,#8223,#8224);
#7286=AXIS2_PLACEMENT_3D('',#10215,#8225,#8226);
#7287=AXIS2_PLACEMENT_3D('',#10220,#8229,#8230);
#7288=AXIS2_PLACEMENT_3D('',#10225,#8233,#8234);
#7289=AXIS2_PLACEMENT_3D('',#10226,#8235,#8236);
#7290=AXIS2_PLACEMENT_3D('',#10227,#8237,#8238);
#7291=AXIS2_PLACEMENT_3D('',#10228,#8239,#8240);
#7292=AXIS2_PLACEMENT_3D('',#10231,#8243,#8244);
#7293=AXIS2_PLACEMENT_3D('',#10233,#8246,#8247);
#7294=AXIS2_PLACEMENT_3D('',#10235,#8249,#8250);
#7295=AXIS2_PLACEMENT_3D('',#10236,#8251,#8252);
#7296=AXIS2_PLACEMENT_3D('',#10239,#8255,#8256);
#7297=AXIS2_PLACEMENT_3D('',#10241,#8258,#8259);
#7298=AXIS2_PLACEMENT_3D('',#10243,#8261,#8262);
#7299=AXIS2_PLACEMENT_3D('',#10244,#8263,#8264);
#7300=AXIS2_PLACEMENT_3D('',#10246,#8266,#8267);
#7301=AXIS2_PLACEMENT_3D('',#10249,#8270,#8271);
#7302=AXIS2_PLACEMENT_3D('',#10252,#8274,#8275);
#7303=AXIS2_PLACEMENT_3D('',#10253,#8276,#8277);
#7304=AXIS2_PLACEMENT_3D('',#10254,#8278,#8279);
#7305=AXIS2_PLACEMENT_3D('',#10256,#8281,#8282);
#7306=AXIS2_PLACEMENT_3D('',#10258,#8284,#8285);
#7307=AXIS2_PLACEMENT_3D('',#10261,#8288,#8289);
#7308=AXIS2_PLACEMENT_3D('',#10263,#8291,#8292);
#7309=AXIS2_PLACEMENT_3D('',#10264,#8293,#8294);
#7310=AXIS2_PLACEMENT_3D('',#10265,#8295,#8296);
#7311=AXIS2_PLACEMENT_3D('',#10266,#8297,#8298);
#7312=AXIS2_PLACEMENT_3D('',#10268,#8299,#8300);
#7313=AXIS2_PLACEMENT_3D('',#10272,#8303,#8304);
#7314=AXIS2_PLACEMENT_3D('',#10276,#8307,#8308);
#7315=AXIS2_PLACEMENT_3D('',#10278,#8310,#8311);
#7316=AXIS2_PLACEMENT_3D('',#10282,#8314,#8315);
#7317=AXIS2_PLACEMENT_3D('',#10286,#8318,#8319);
#7318=AXIS2_PLACEMENT_3D('',#10288,#8321,#8322);
#7319=AXIS2_PLACEMENT_3D('',#10289,#8323,#8324);
#7320=AXIS2_PLACEMENT_3D('',#10290,#8325,#8326);
#7321=AXIS2_PLACEMENT_3D('',#10291,#8327,#8328);
#7322=AXIS2_PLACEMENT_3D('',#10293,#8329,#8330);
#7323=AXIS2_PLACEMENT_3D('',#10294,#8331,#8332);
#7324=AXIS2_PLACEMENT_3D('',#10298,#8335,#8336);
#7325=AXIS2_PLACEMENT_3D('',#10302,#8339,#8340);
#7326=AXIS2_PLACEMENT_3D('',#10304,#8342,#8343);
#7327=AXIS2_PLACEMENT_3D('',#10310,#8347,#8348);
#7328=AXIS2_PLACEMENT_3D('',#10311,#8349,#8350);
#7329=AXIS2_PLACEMENT_3D('',#10314,#8352,#8353);
#7330=AXIS2_PLACEMENT_3D('',#10317,#8356,#8357);
#7331=AXIS2_PLACEMENT_3D('',#10318,#8358,#8359);
#7332=AXIS2_PLACEMENT_3D('',#10320,#8361,#8362);
#7333=AXIS2_PLACEMENT_3D('',#10322,#8364,#8365);
#7334=AXIS2_PLACEMENT_3D('',#10323,#8366,#8367);
#7335=AXIS2_PLACEMENT_3D('',#10324,#8368,#8369);
#7336=AXIS2_PLACEMENT_3D('',#10325,#8370,#8371);
#7337=AXIS2_PLACEMENT_3D('',#10328,#8374,#8375);
#7338=AXIS2_PLACEMENT_3D('',#10330,#8377,#8378);
#7339=AXIS2_PLACEMENT_3D('',#10332,#8380,#8381);
#7340=AXIS2_PLACEMENT_3D('',#10333,#8382,#8383);
#7341=AXIS2_PLACEMENT_3D('',#10336,#8386,#8387);
#7342=AXIS2_PLACEMENT_3D('',#10338,#8389,#8390);
#7343=AXIS2_PLACEMENT_3D('',#10340,#8392,#8393);
#7344=AXIS2_PLACEMENT_3D('',#10341,#8394,#8395);
#7345=AXIS2_PLACEMENT_3D('',#10346,#8399,#8400);
#7346=AXIS2_PLACEMENT_3D('',#10348,#8402,#8403);
#7347=AXIS2_PLACEMENT_3D('',#10349,#8404,#8405);
#7348=AXIS2_PLACEMENT_3D('',#10351,#8407,#8408);
#7349=AXIS2_PLACEMENT_3D('',#10352,#8409,#8410);
#7350=AXIS2_PLACEMENT_3D('',#10354,#8412,#8413);
#7351=AXIS2_PLACEMENT_3D('',#10356,#8415,#8416);
#7352=AXIS2_PLACEMENT_3D('',#10357,#8417,#8418);
#7353=AXIS2_PLACEMENT_3D('',#10363,#8422,#8423);
#7354=AXIS2_PLACEMENT_3D('',#10372,#8428,#8429);
#7355=AXIS2_PLACEMENT_3D('',#10381,#8434,#8435);
#7356=AXIS2_PLACEMENT_3D('',#10390,#8440,#8441);
#7357=AXIS2_PLACEMENT_3D('',#10399,#8446,#8447);
#7358=AXIS2_PLACEMENT_3D('',#10408,#8452,#8453);
#7359=AXIS2_PLACEMENT_3D('',#10409,#8454,#8455);
#7360=AXIS2_PLACEMENT_3D('',#10410,#8456,#8457);
#7361=AXIS2_PLACEMENT_3D('',#10411,#8458,#8459);
#7362=AXIS2_PLACEMENT_3D('',#10412,#8460,#8461);
#7363=AXIS2_PLACEMENT_3D('',#10413,#8462,#8463);
#7364=AXIS2_PLACEMENT_3D('',#10414,#8464,#8465);
#7365=AXIS2_PLACEMENT_3D('',#10415,#8466,#8467);
#7366=AXIS2_PLACEMENT_3D('',#10416,#8468,#8469);
#7367=AXIS2_PLACEMENT_3D('',#10417,#8470,#8471);
#7368=AXIS2_PLACEMENT_3D('',#10418,#8472,#8473);
#7369=AXIS2_PLACEMENT_3D('',#10419,#8474,#8475);
#7370=AXIS2_PLACEMENT_3D('',#10420,#8476,#8477);
#7371=AXIS2_PLACEMENT_3D('',#10421,#8478,#8479);
#7372=AXIS2_PLACEMENT_3D('',#10422,#8480,#8481);
#7373=AXIS2_PLACEMENT_3D('',#10423,#8482,#8483);
#7374=AXIS2_PLACEMENT_3D('',#10424,#8484,#8485);
#7375=AXIS2_PLACEMENT_3D('',#10425,#8486,#8487);
#7376=AXIS2_PLACEMENT_3D('',#10426,#8488,#8489);
#7377=AXIS2_PLACEMENT_3D('',#10427,#8490,#8491);
#7378=AXIS2_PLACEMENT_3D('',#10428,#8492,#8493);
#7379=AXIS2_PLACEMENT_3D('',#10434,#8497,#8498);
#7380=AXIS2_PLACEMENT_3D('',#10438,#8501,#8502);
#7381=AXIS2_PLACEMENT_3D('',#10441,#8504,#8505);
#7382=AXIS2_PLACEMENT_3D('',#10442,#8506,#8507);
#7383=AXIS2_PLACEMENT_3D('',#10446,#8510,#8511);
#7384=AXIS2_PLACEMENT_3D('',#10447,#8512,#8513);
#7385=AXIS2_PLACEMENT_3D('',#10448,#8514,#8515);
#7386=AXIS2_PLACEMENT_3D('',#10449,#8516,#8517);
#7387=AXIS2_PLACEMENT_3D('',#10450,#8518,#8519);
#7388=AXIS2_PLACEMENT_3D('',#10451,#8520,#8521);
#7389=AXIS2_PLACEMENT_3D('',#10460,#8526,#8527);
#7390=AXIS2_PLACEMENT_3D('',#10462,#8528,#8529);
#7391=AXIS2_PLACEMENT_3D('',#10479,#8538,#8539);
#7392=AXIS2_PLACEMENT_3D('',#10480,#8540,#8541);
#7393=AXIS2_PLACEMENT_3D('',#10485,#8544,#8545);
#7394=AXIS2_PLACEMENT_3D('',#10489,#8547,#8548);
#7395=AXIS2_PLACEMENT_3D('',#10491,#8550,#8551);
#7396=AXIS2_PLACEMENT_3D('',#10502,#8558,#8559);
#7397=AXIS2_PLACEMENT_3D('',#10509,#8564,#8565);
#7398=AXIS2_PLACEMENT_3D('',#10516,#8570,#8571);
#7399=AXIS2_PLACEMENT_3D('',#10519,#8574,#8575);
#7400=AXIS2_PLACEMENT_3D('',#10520,#8576,#8577);
#7401=AXIS2_PLACEMENT_3D('',#10521,#8578,#8579);
#7402=AXIS2_PLACEMENT_3D('',#10522,#8580,#8581);
#7403=AXIS2_PLACEMENT_3D('',#10523,#8582,#8583);
#7404=AXIS2_PLACEMENT_3D('',#10524,#8584,#8585);
#7405=AXIS2_PLACEMENT_3D('',#10525,#8586,#8587);
#7406=AXIS2_PLACEMENT_3D('',#10526,#8588,#8589);
#7407=AXIS2_PLACEMENT_3D('',#10527,#8590,#8591);
#7408=AXIS2_PLACEMENT_3D('',#10528,#8592,#8593);
#7409=AXIS2_PLACEMENT_3D('',#10541,#8600,#8601);
#7410=AXIS2_PLACEMENT_3D('',#10542,#8602,#8603);
#7411=AXIS2_PLACEMENT_3D('',#10546,#8605,#8606);
#7412=AXIS2_PLACEMENT_3D('',#10547,#8607,#8608);
#7413=AXIS2_PLACEMENT_3D('',#10553,#8612,#8613);
#7414=AXIS2_PLACEMENT_3D('',#10554,#8614,#8615);
#7415=AXIS2_PLACEMENT_3D('',#10558,#8617,#8618);
#7416=AXIS2_PLACEMENT_3D('',#10559,#8619,#8620);
#7417=AXIS2_PLACEMENT_3D('',#10572,#8627,#8628);
#7418=AXIS2_PLACEMENT_3D('',#10573,#8629,#8630);
#7419=AXIS2_PLACEMENT_3D('',#10575,#8631,#8632);
#7420=AXIS2_PLACEMENT_3D('',#10578,#8634,#8635);
#7421=AXIS2_PLACEMENT_3D('',#10584,#8639,#8640);
#7422=AXIS2_PLACEMENT_3D('',#10585,#8641,#8642);
#7423=AXIS2_PLACEMENT_3D('',#10587,#8643,#8644);
#7424=AXIS2_PLACEMENT_3D('',#10590,#8646,#8647);
#7425=AXIS2_PLACEMENT_3D('',#10596,#8650,#8651);
#7426=AXIS2_PLACEMENT_3D('',#10602,#8655,#8656);
#7427=AXIS2_PLACEMENT_3D('',#10605,#8658,#8659);
#7428=AXIS2_PLACEMENT_3D('',#10609,#8661,#8662);
#7429=AXIS2_PLACEMENT_3D('',#10613,#8664,#8665);
#7430=AXIS2_PLACEMENT_3D('',#10614,#8666,#8667);
#7431=AXIS2_PLACEMENT_3D('',#10620,#8671,#8672);
#7432=AXIS2_PLACEMENT_3D('',#10621,#8673,#8674);
#7433=AXIS2_PLACEMENT_3D('',#10625,#8676,#8677);
#7434=AXIS2_PLACEMENT_3D('',#10626,#8678,#8679);
#7435=AXIS2_PLACEMENT_3D('',#10636,#8685,#8686);
#7436=AXIS2_PLACEMENT_3D('',#10637,#8687,#8688);
#7437=AXIS2_PLACEMENT_3D('',#10642,#8690,#8691);
#7438=AXIS2_PLACEMENT_3D('',#10645,#8693,#8694);
#7439=AXIS2_PLACEMENT_3D('',#10651,#8698,#8699);
#7440=AXIS2_PLACEMENT_3D('',#10652,#8700,#8701);
#7441=AXIS2_PLACEMENT_3D('',#10654,#8702,#8703);
#7442=AXIS2_PLACEMENT_3D('',#10657,#8705,#8706);
#7443=AXIS2_PLACEMENT_3D('',#10667,#8712,#8713);
#7444=AXIS2_PLACEMENT_3D('',#10670,#8715,#8716);
#7445=AXIS2_PLACEMENT_3D('',#10674,#8718,#8719);
#7446=AXIS2_PLACEMENT_3D('',#10678,#8721,#8722);
#7447=AXIS2_PLACEMENT_3D('',#10682,#8724,#8725);
#7448=AXIS2_PLACEMENT_3D('',#10686,#8728,#8729);
#7449=AXIS2_PLACEMENT_3D('',#10687,#8730,#8731);
#7450=AXIS2_PLACEMENT_3D('',#10694,#8735,#8736);
#7451=AXIS2_PLACEMENT_3D('',#10698,#8738,#8739);
#7452=AXIS2_PLACEMENT_3D('',#10702,#8741,#8742);
#7453=AXIS2_PLACEMENT_3D('',#10705,#8744,#8745);
#7454=AXIS2_PLACEMENT_3D('',#10706,#8746,#8747);
#7455=AXIS2_PLACEMENT_3D('',#10713,#8751,#8752);
#7456=AXIS2_PLACEMENT_3D('',#10720,#8756,#8757);
#7457=AXIS2_PLACEMENT_3D('',#10723,#8760,#8761);
#7458=AXIS2_PLACEMENT_3D('',#10729,#8765,#8766);
#7459=AXIS2_PLACEMENT_3D('',#10737,#8770,#8771);
#7460=AXIS2_PLACEMENT_3D('',#10739,#8772,#8773);
#7461=AXIS2_PLACEMENT_3D('',#10741,#8774,#8775);
#7462=AXIS2_PLACEMENT_3D('',#10743,#8776,#8777);
#7463=AXIS2_PLACEMENT_3D('',#10745,#8778,#8779);
#7464=AXIS2_PLACEMENT_3D('',#10747,#8780,#8781);
#7465=AXIS2_PLACEMENT_3D('',#10751,#8783,#8784);
#7466=AXIS2_PLACEMENT_3D('',#10756,#8787,#8788);
#7467=AXIS2_PLACEMENT_3D('',#10760,#8790,#8791);
#7468=AXIS2_PLACEMENT_3D('',#10762,#8792,#8793);
#7469=AXIS2_PLACEMENT_3D('',#10764,#8794,#8795);
#7470=AXIS2_PLACEMENT_3D('',#10766,#8796,#8797);
#7471=AXIS2_PLACEMENT_3D('',#10768,#8798,#8799);
#7472=AXIS2_PLACEMENT_3D('',#10770,#8800,#8801);
#7473=AXIS2_PLACEMENT_3D('',#10771,#8802,#8803);
#7474=AXIS2_PLACEMENT_3D('',#10780,#8808,#8809);
#7475=AXIS2_PLACEMENT_3D('',#10788,#8813,#8814);
#7476=AXIS2_PLACEMENT_3D('',#10790,#8815,#8816);
#7477=AXIS2_PLACEMENT_3D('',#10792,#8817,#8818);
#7478=AXIS2_PLACEMENT_3D('',#10794,#8819,#8820);
#7479=AXIS2_PLACEMENT_3D('',#10796,#8821,#8822);
#7480=AXIS2_PLACEMENT_3D('',#10798,#8823,#8824);
#7481=AXIS2_PLACEMENT_3D('',#10802,#8826,#8827);
#7482=AXIS2_PLACEMENT_3D('',#10810,#8831,#8832);
#7483=AXIS2_PLACEMENT_3D('',#10814,#8834,#8835);
#7484=AXIS2_PLACEMENT_3D('',#10816,#8836,#8837);
#7485=AXIS2_PLACEMENT_3D('',#10818,#8838,#8839);
#7486=AXIS2_PLACEMENT_3D('',#10820,#8840,#8841);
#7487=AXIS2_PLACEMENT_3D('',#10822,#8842,#8843);
#7488=AXIS2_PLACEMENT_3D('',#10824,#8844,#8845);
#7489=AXIS2_PLACEMENT_3D('',#10825,#8846,#8847);
#7490=AXIS2_PLACEMENT_3D('',#10828,#8850,#8851);
#7491=AXIS2_PLACEMENT_3D('',#10837,#8856,#8857);
#7492=AXIS2_PLACEMENT_3D('',#10838,#8858,#8859);
#7493=AXIS2_PLACEMENT_3D('',#10839,#8860,#8861);
#7494=AXIS2_PLACEMENT_3D('',#10841,#8863,#8864);
#7495=AXIS2_PLACEMENT_3D('',#10843,#8866,#8867);
#7496=AXIS2_PLACEMENT_3D('',#10845,#8869,#8870);
#7497=AXIS2_PLACEMENT_3D('',#10847,#8872,#8873);
#7498=AXIS2_PLACEMENT_3D('',#10849,#8875,#8876);
#7499=AXIS2_PLACEMENT_3D('',#10851,#8878,#8879);
#7500=AXIS2_PLACEMENT_3D('',#10853,#8881,#8882);
#7501=AXIS2_PLACEMENT_3D('',#10855,#8884,#8885);
#7502=AXIS2_PLACEMENT_3D('',#10856,#8886,#8887);
#7503=AXIS2_PLACEMENT_3D('',#10858,#8889,#8890);
#7504=AXIS2_PLACEMENT_3D('',#10859,#8891,#8892);
#7505=AXIS2_PLACEMENT_3D('',#10861,#8894,#8895);
#7506=AXIS2_PLACEMENT_3D('',#10863,#8897,#8898);
#7507=AXIS2_PLACEMENT_3D('',#10865,#8900,#8901);
#7508=AXIS2_PLACEMENT_3D('',#10867,#8903,#8904);
#7509=AXIS2_PLACEMENT_3D('',#10869,#8906,#8907);
#7510=AXIS2_PLACEMENT_3D('',#10870,#8908,#8909);
#7511=AXIS2_PLACEMENT_3D('',#10879,#8916,#8917);
#7512=AXIS2_PLACEMENT_3D('',#10888,#8924,#8925);
#7513=AXIS2_PLACEMENT_3D('',#10889,#8926,#8927);
#7514=AXIS2_PLACEMENT_3D('',#10890,#8928,#8929);
#7515=AXIS2_PLACEMENT_3D('',#10891,#8930,#8931);
#7516=AXIS2_PLACEMENT_3D('',#10893,#8933,#8934);
#7517=AXIS2_PLACEMENT_3D('',#10895,#8936,#8937);
#7518=AXIS2_PLACEMENT_3D('',#10896,#8938,#8939);
#7519=AXIS2_PLACEMENT_3D('',#10899,#8942,#8943);
#7520=AXIS2_PLACEMENT_3D('',#10900,#8944,#8945);
#7521=AXIS2_PLACEMENT_3D('',#10901,#8946,#8947);
#7522=AXIS2_PLACEMENT_3D('',#10904,#8950,#8951);
#7523=AXIS2_PLACEMENT_3D('',#10907,#8954,#8955);
#7524=AXIS2_PLACEMENT_3D('',#10908,#8956,#8957);
#7525=AXIS2_PLACEMENT_3D('',#10909,#8958,#8959);
#7526=AXIS2_PLACEMENT_3D('',#10912,#8962,#8963);
#7527=AXIS2_PLACEMENT_3D('',#10914,#8965,#8966);
#7528=AXIS2_PLACEMENT_3D('',#10915,#8967,#8968);
#7529=AXIS2_PLACEMENT_3D('',#10917,#8970,#8971);
#7530=AXIS2_PLACEMENT_3D('',#10918,#8972,#8973);
#7531=AXIS2_PLACEMENT_3D('',#10919,#8974,#8975);
#7532=AXIS2_PLACEMENT_3D('',#10924,#8977,#8978);
#7533=AXIS2_PLACEMENT_3D('',#10931,#8982,#8983);
#7534=AXIS2_PLACEMENT_3D('',#10940,#8988,#8989);
#7535=AXIS2_PLACEMENT_3D('',#10941,#8990,#8991);
#7536=AXIS2_PLACEMENT_3D('',#10946,#8993,#8994);
#7537=AXIS2_PLACEMENT_3D('',#10953,#8998,#8999);
#7538=AXIS2_PLACEMENT_3D('',#10954,#9000,#9001);
#7539=AXIS2_PLACEMENT_3D('',#10966,#9003,#9004);
#7540=AXIS2_PLACEMENT_3D('',#10967,#9005,#9006);
#7541=AXIS2_PLACEMENT_3D('',#10968,#9007,#9008);
#7542=AXIS2_PLACEMENT_3D('',#10969,#9009,#9010);
#7543=AXIS2_PLACEMENT_3D('',#10970,#9011,#9012);
#7544=AXIS2_PLACEMENT_3D('',#10976,#9013,#9014);
#7545=AXIS2_PLACEMENT_3D('',#10977,#9015,#9016);
#7546=AXIS2_PLACEMENT_3D('',#10984,#9018,#9019);
#7547=AXIS2_PLACEMENT_3D('',#10985,#9020,#9021);
#7548=AXIS2_PLACEMENT_3D('',#10986,#9022,#9023);
#7549=AXIS2_PLACEMENT_3D('',#10987,#9024,#9025);
#7550=AXIS2_PLACEMENT_3D('',#10989,#9027,#9028);
#7551=AXIS2_PLACEMENT_3D('',#10991,#9030,#9031);
#7552=AXIS2_PLACEMENT_3D('',#10993,#9033,#9034);
#7553=AXIS2_PLACEMENT_3D('',#10995,#9036,#9037);
#7554=AXIS2_PLACEMENT_3D('',#10996,#9038,#9039);
#7555=AXIS2_PLACEMENT_3D('',#10997,#9040,#9041);
#7556=AXIS2_PLACEMENT_3D('',#10998,#9042,#9043);
#7557=AXIS2_PLACEMENT_3D('',#10999,#9044,#9045);
#7558=AXIS2_PLACEMENT_3D('',#11000,#9046,#9047);
#7559=AXIS2_PLACEMENT_3D('',#11005,#9049,#9050);
#7560=AXIS2_PLACEMENT_3D('',#11012,#9054,#9055);
#7561=AXIS2_PLACEMENT_3D('',#11013,#9056,#9057);
#7562=AXIS2_PLACEMENT_3D('',#11018,#9059,#9060);
#7563=AXIS2_PLACEMENT_3D('',#11025,#9064,#9065);
#7564=AXIS2_PLACEMENT_3D('',#11034,#9070,#9071);
#7565=AXIS2_PLACEMENT_3D('',#11035,#9072,#9073);
#7566=AXIS2_PLACEMENT_3D('',#11037,#9075,#9076);
#7567=AXIS2_PLACEMENT_3D('',#11038,#9077,#9078);
#7568=AXIS2_PLACEMENT_3D('',#11044,#9079,#9080);
#7569=AXIS2_PLACEMENT_3D('',#11045,#9081,#9082);
#7570=AXIS2_PLACEMENT_3D('',#11051,#9083,#9084);
#7571=AXIS2_PLACEMENT_3D('',#11052,#9085,#9086);
#7572=AXIS2_PLACEMENT_3D('',#11053,#9087,#9088);
#7573=AXIS2_PLACEMENT_3D('',#11055,#9090,#9091);
#7574=AXIS2_PLACEMENT_3D('',#11056,#9092,#9093);
#7575=AXIS2_PLACEMENT_3D('',#11067,#9094,#9095);
#7576=AXIS2_PLACEMENT_3D('',#11068,#9096,#9097);
#7577=AXIS2_PLACEMENT_3D('',#11070,#9099,#9100);
#7578=AXIS2_PLACEMENT_3D('',#11072,#9102,#9103);
#7579=AXIS2_PLACEMENT_3D('',#11074,#9105,#9106);
#7580=AXIS2_PLACEMENT_3D('',#11076,#9108,#9109);
#7581=AXIS2_PLACEMENT_3D('',#11077,#9110,#9111);
#7582=AXIS2_PLACEMENT_3D('',#11078,#9112,#9113);
#7583=AXIS2_PLACEMENT_3D('',#11079,#9114,#9115);
#7584=AXIS2_PLACEMENT_3D('',#11080,#9116,#9117);
#7585=AXIS2_PLACEMENT_3D('',#11081,#9118,#9119);
#7586=AXIS2_PLACEMENT_3D('',#11082,#9120,#9121);
#7587=AXIS2_PLACEMENT_3D('',#11083,#9122,#9123);
#7588=AXIS2_PLACEMENT_3D('',#11084,#9124,#9125);
#7589=AXIS2_PLACEMENT_3D('',#11086,#9126,#9127);
#7590=AXIS2_PLACEMENT_3D('',#11091,#9129,#9130);
#7591=AXIS2_PLACEMENT_3D('',#11095,#9132,#9133);
#7592=AXIS2_PLACEMENT_3D('',#11099,#9135,#9136);
#7593=AXIS2_PLACEMENT_3D('',#11102,#9138,#9139);
#7594=AXIS2_PLACEMENT_3D('',#11106,#9141,#9142);
#7595=AXIS2_PLACEMENT_3D('',#11107,#9143,#9144);
#7596=AXIS2_PLACEMENT_3D('',#11111,#9146,#9147);
#7597=AXIS2_PLACEMENT_3D('',#11112,#9148,#9149);
#7598=AXIS2_PLACEMENT_3D('',#11121,#9150,#9151);
#7599=AXIS2_PLACEMENT_3D('',#11130,#9152,#9153);
#7600=AXIS2_PLACEMENT_3D('',#11131,#9154,#9155);
#7601=AXIS2_PLACEMENT_3D('',#11133,#9156,#9157);
#7602=AXIS2_PLACEMENT_3D('',#11135,#9158,#9159);
#7603=AXIS2_PLACEMENT_3D('',#11136,#9160,#9161);
#7604=AXIS2_PLACEMENT_3D('',#11138,#9162,#9163);
#7605=AXIS2_PLACEMENT_3D('',#11139,#9164,#9165);
#7606=AXIS2_PLACEMENT_3D('',#11141,#9167,#9168);
#7607=AXIS2_PLACEMENT_3D('',#11143,#9170,#9171);
#7608=AXIS2_PLACEMENT_3D('',#11144,#9172,#9173);
#7609=AXIS2_PLACEMENT_3D('',#11145,#9174,#9175);
#7610=AXIS2_PLACEMENT_3D('',#11147,#9176,#9177);
#7611=AXIS2_PLACEMENT_3D('',#11149,#9178,#9179);
#7612=AXIS2_PLACEMENT_3D('',#11150,#9180,#9181);
#7613=AXIS2_PLACEMENT_3D('',#11152,#9182,#9183);
#7614=AXIS2_PLACEMENT_3D('',#11153,#9184,#9185);
#7615=AXIS2_PLACEMENT_3D('',#11154,#9186,#9187);
#7616=AXIS2_PLACEMENT_3D('',#11155,#9188,#9189);
#7617=AXIS2_PLACEMENT_3D('',#11156,#9190,#9191);
#7618=AXIS2_PLACEMENT_3D('',#11157,#9192,#9193);
#7619=AXIS2_PLACEMENT_3D('',#11158,#9194,#9195);
#7620=AXIS2_PLACEMENT_3D('',#11191,#9212,#9213);
#7621=AXIS2_PLACEMENT_3D('',#11216,#9226,#9227);
#7622=AXIS2_PLACEMENT_3D('',#11225,#9232,#9233);
#7623=AXIS2_PLACEMENT_3D('',#11234,#9238,#9239);
#7624=AXIS2_PLACEMENT_3D('',#11251,#9248,#9249);
#7625=AXIS2_PLACEMENT_3D('',#11257,#9253,#9254);
#7626=AXIS2_PLACEMENT_3D('',#11263,#9258,#9259);
#7627=AXIS2_PLACEMENT_3D('',#11329,#9295,#9296);
#7628=AXIS2_PLACEMENT_3D('',#11345,#9306,#9307);
#7629=AXIS2_PLACEMENT_3D('',#11351,#9311,#9312);
#7630=AXIS2_PLACEMENT_3D('',#11357,#9316,#9317);
#7631=AXIS2_PLACEMENT_3D('',#11374,#9326,#9327);
#7632=AXIS2_PLACEMENT_3D('',#11377,#9330,#9331);
#7633=AXIS2_PLACEMENT_3D('',#11380,#9334,#9335);
#7634=AXIS2_PLACEMENT_3D('',#11383,#9338,#9339);
#7635=AXIS2_PLACEMENT_3D('',#11384,#9340,#9341);
#7636=AXIS2_PLACEMENT_3D('',#11385,#9342,#9343);
#7637=AXIS2_PLACEMENT_3D('',#11391,#9347,#9348);
#7638=AXIS2_PLACEMENT_3D('',#11397,#9352,#9353);
#7639=AXIS2_PLACEMENT_3D('',#11400,#9356,#9357);
#7640=AXIS2_PLACEMENT_3D('',#11401,#9358,#9359);
#7641=AXIS2_PLACEMENT_3D('',#11402,#9360,#9361);
#7642=AXIS2_PLACEMENT_3D('',#11408,#9365,#9366);
#7643=AXIS2_PLACEMENT_3D('',#11411,#9369,#9370);
#7644=AXIS2_PLACEMENT_3D('',#11412,#9371,#9372);
#7645=AXIS2_PLACEMENT_3D('',#11413,#9373,#9374);
#7646=AXIS2_PLACEMENT_3D('',#11419,#9378,#9379);
#7647=AXIS2_PLACEMENT_3D('',#11425,#9383,#9384);
#7648=AXIS2_PLACEMENT_3D('',#11428,#9387,#9388);
#7649=AXIS2_PLACEMENT_3D('',#11429,#9389,#9390);
#7650=AXIS2_PLACEMENT_3D('',#11430,#9391,#9392);
#7651=AXIS2_PLACEMENT_3D('',#11432,#9394,#9395);
#7652=AXIS2_PLACEMENT_3D('',#11435,#9398,#9399);
#7653=AXIS2_PLACEMENT_3D('',#11439,#9403,#9404);
#7654=AXIS2_PLACEMENT_3D('',#11440,#9405,#9406);
#7655=AXIS2_PLACEMENT_3D('',#11441,#9407,#9408);
#7656=AXIS2_PLACEMENT_3D('',#11442,#9409,#9410);
#7657=AXIS2_PLACEMENT_3D('',#11444,#9412,#9413);
#7658=AXIS2_PLACEMENT_3D('',#11446,#9415,#9416);
#7659=AXIS2_PLACEMENT_3D('',#11447,#9417,#9418);
#7660=AXIS2_PLACEMENT_3D('',#11453,#9422,#9423);
#7661=AXIS2_PLACEMENT_3D('',#11459,#9427,#9428);
#7662=AXIS2_PLACEMENT_3D('',#11461,#9430,#9431);
#7663=AXIS2_PLACEMENT_3D('',#11463,#9433,#9434);
#7664=AXIS2_PLACEMENT_3D('',#11469,#9438,#9439);
#7665=AXIS2_PLACEMENT_3D('',#11473,#9442,#9443);
#7666=AXIS2_PLACEMENT_3D('',#11477,#9446,#9447);
#7667=AXIS2_PLACEMENT_3D('',#11479,#9449,#9450);
#7668=AXIS2_PLACEMENT_3D('',#11480,#9451,#9452);
#7669=AXIS2_PLACEMENT_3D('',#11481,#9453,#9454);
#7670=AXIS2_PLACEMENT_3D('',#11487,#9458,#9459);
#7671=AXIS2_PLACEMENT_3D('',#11490,#9462,#9463);
#7672=AXIS2_PLACEMENT_3D('',#11491,#9464,#9465);
#7673=AXIS2_PLACEMENT_3D('',#11492,#9466,#9467);
#7674=AXIS2_PLACEMENT_3D('',#11498,#9471,#9472);
#7675=AXIS2_PLACEMENT_3D('',#11504,#9476,#9477);
#7676=AXIS2_PLACEMENT_3D('',#11507,#9480,#9481);
#7677=AXIS2_PLACEMENT_3D('',#11508,#9482,#9483);
#7678=AXIS2_PLACEMENT_3D('',#11509,#9484,#9485);
#7679=AXIS2_PLACEMENT_3D('',#11513,#9489,#9490);
#7680=AXIS2_PLACEMENT_3D('',#11517,#9494,#9495);
#7681=AXIS2_PLACEMENT_3D('',#11518,#9496,#9497);
#7682=AXIS2_PLACEMENT_3D('',#11519,#9498,#9499);
#7683=AXIS2_PLACEMENT_3D('',#11520,#9500,#9501);
#7684=AXIS2_PLACEMENT_3D('',#11521,#9502,#9503);
#7685=AXIS2_PLACEMENT_3D('',#11523,#9505,#9506);
#7686=AXIS2_PLACEMENT_3D('',#11525,#9508,#9509);
#7687=AXIS2_PLACEMENT_3D('',#11526,#9510,#9511);
#7688=AXIS2_PLACEMENT_3D('',#11532,#9515,#9516);
#7689=AXIS2_PLACEMENT_3D('',#11536,#9519,#9520);
#7690=AXIS2_PLACEMENT_3D('',#11540,#9523,#9524);
#7691=AXIS2_PLACEMENT_3D('',#11542,#9526,#9527);
#7692=AXIS2_PLACEMENT_3D('',#11548,#9531,#9532);
#7693=AXIS2_PLACEMENT_3D('',#11552,#9535,#9536);
#7694=AXIS2_PLACEMENT_3D('',#11556,#9539,#9540);
#7695=AXIS2_PLACEMENT_3D('',#11558,#9542,#9543);
#7696=AXIS2_PLACEMENT_3D('',#11559,#9544,#9545);
#7697=AXIS2_PLACEMENT_3D('',#11560,#9546,#9547);
#7698=DIRECTION('',(0.,0.,1.));
#7699=DIRECTION('',(1.,0.,0.));
#7700=DIRECTION('',(-1.,0.,0.));
#7701=DIRECTION('',(0.,0.,1.));
#7702=DIRECTION('',(0.,1.,2.96533927517403E-16));
#7703=DIRECTION('',(0.,1.11200222819026E-16,1.));
#7704=DIRECTION('',(0.,1.,1.94912750109754E-16));
#7705=DIRECTION('',(0.,2.96533927517403E-16,-1.));
#7706=DIRECTION('',(0.,0.707106781186547,0.707106781186547));
#7707=DIRECTION('',(1.,0.,0.));
#7708=DIRECTION('',(1.,0.,0.));
#7709=DIRECTION('',(0.,0.707106781186548,-0.707106781186548));
#7710=DIRECTION('',(-1.,0.,0.));
#7711=DIRECTION('',(0.,0.707106781186548,-0.707106781186548));
#7712=DIRECTION('',(1.,0.,0.));
#7713=DIRECTION('',(1.,0.,0.));
#7714=DIRECTION('',(-1.,2.64318448669746E-32,-2.74264581182104E-16));
#7715=DIRECTION('',(-2.74264581182104E-16,0.,1.));
#7716=DIRECTION('',(0.,-1.,-9.63735264431559E-17));
#7717=DIRECTION('',(-2.74264581182104E-16,0.,1.));
#7718=DIRECTION('',(0.,-1.,-9.63735264431559E-17));
#7719=DIRECTION('',(8.5877399800832E-17,9.63735264431559E-17,-1.));
#7720=DIRECTION('',(0.,-1.,-9.63735264431559E-17));
#7721=DIRECTION('',(0.,9.63735264431559E-17,-1.));
#7722=DIRECTION('',(0.,1.,9.63735264431559E-17));
#7723=DIRECTION('',(0.,-9.63735264431559E-17,1.));
#7724=DIRECTION('',(0.,1.,9.63735264431559E-17));
#7725=DIRECTION('',(0.,9.63735264431559E-17,-1.));
#7726=DIRECTION('',(0.,-1.,-9.63735264431559E-17));
#7727=DIRECTION('',(2.06514699521049E-16,9.63735264431559E-17,-1.));
#7728=DIRECTION('',(-1.93934345193154E-16,0.707106781186548,0.707106781186547));
#7729=DIRECTION('',(1.,0.,0.));
#7730=DIRECTION('',(0.,0.,-1.));
#7731=DIRECTION('',(0.,-1.,-9.63735264431559E-17));
#7732=DIRECTION('',(0.,0.,-1.));
#7733=DIRECTION('',(0.,-1.,-9.63735264431559E-17));
#7734=DIRECTION('',(0.,-0.707106781186547,-0.707106781186548));
#7735=DIRECTION('',(2.06514699521048E-16,-9.63735264431559E-17,1.));
#7736=DIRECTION('',(0.,-1.,-9.63735264431559E-17));
#7737=DIRECTION('',(0.,-9.63735264431559E-17,1.));
#7738=DIRECTION('',(0.,1.,9.63735264431559E-17));
#7739=DIRECTION('',(0.,-9.63735264431559E-17,1.));
#7740=DIRECTION('',(0.,1.,9.63735264431559E-17));
#7741=DIRECTION('',(0.,-9.63735264431559E-17,1.));
#7742=DIRECTION('',(0.,-1.,-9.63735264431559E-17));
#7743=DIRECTION('',(0.,-9.63735264431559E-17,1.));
#7744=DIRECTION('',(-0.994521895368273,-0.104528463267654,-2.72762131109612E-16));
#7745=DIRECTION('',(0.104528463267654,-0.994521895368273,0.));
#7746=DIRECTION('',(0.104528463267654,-0.994521895368273,-8.09988589988608E-17));
#7747=DIRECTION('',(2.64135315385439E-16,9.63735264431559E-17,-1.));
#7748=DIRECTION('',(-0.0237353576790069,0.2258268434094,0.973878262203031));
#7749=DIRECTION('',(-0.104528463267654,0.994521895368273,0.));
#7750=DIRECTION('',(-2.74264581182104E-16,0.,1.));
#7751=DIRECTION('',(0.,1.,9.63735264431559E-17));
#7752=DIRECTION('',(0.,-9.63735264431559E-17,1.));
#7753=DIRECTION('',(1.,0.,0.));
#7754=DIRECTION('',(-1.,1.36884349440732E-32,-1.42035219102904E-16));
#7755=DIRECTION('',(-1.01292657966644E-17,-9.63735264431559E-17,1.));
#7756=DIRECTION('',(0.994521895368273,-0.104528463267654,0.));
#7757=DIRECTION('',(0.104528463267654,0.994521895368273,0.));
#7758=DIRECTION('',(0.,9.63735264431559E-17,-1.));
#7759=DIRECTION('',(-0.104528463267654,-0.994521895368273,0.));
#7760=DIRECTION('',(-0.0237353576790066,-0.2258268434094,-0.973878262203031));
#7761=DIRECTION('',(-0.104528463267654,-0.994521895368273,-1.10692305364283E-16));
#7762=DIRECTION('',(0.,9.63735264431559E-17,-1.));
#7763=DIRECTION('',(0.,1.,9.63735264431559E-17));
#7764=DIRECTION('',(0.,0.,1.));
#7765=DIRECTION('',(1.,0.,0.));
#7766=DIRECTION('',(0.,9.63735264431559E-17,-1.));
#7767=DIRECTION('',(0.,-9.63735264431559E-17,1.));
#7768=DIRECTION('',(1.,0.,0.));
#7769=DIRECTION('',(0.,9.63735264431559E-17,-1.));
#7770=DIRECTION('',(0.,-9.63735264431559E-17,1.));
#7771=DIRECTION('',(1.,0.,0.));
#7772=DIRECTION('',(0.,0.,1.));
#7773=DIRECTION('',(1.,0.,0.));
#7774=DIRECTION('',(0.,0.,-1.));
#7775=DIRECTION('',(1.,0.,0.));
#7776=DIRECTION('',(0.,0.,-1.));
#7777=DIRECTION('',(1.,0.,0.));
#7778=DIRECTION('',(-1.,0.,0.));
#7779=DIRECTION('',(0.,-1.,0.));
#7780=DIRECTION('',(-1.,0.,0.));
#7781=DIRECTION('',(0.,1.,0.));
#7782=DIRECTION('',(-1.,0.,0.));
#7783=DIRECTION('',(0.,1.,0.));
#7784=DIRECTION('',(1.,0.,0.));
#7785=DIRECTION('',(0.,-1.,0.));
#7786=DIRECTION('',(-1.,0.,0.));
#7787=DIRECTION('',(0.,1.,0.));
#7788=DIRECTION('',(1.,0.,0.));
#7789=DIRECTION('',(0.,-1.,0.));
#7790=DIRECTION('',(0.,9.74563750548768E-17,-1.));
#7791=DIRECTION('',(0.,1.,9.74563750548768E-17));
#7792=DIRECTION('',(-1.,0.,0.));
#7793=DIRECTION('',(0.,1.,9.74563750548768E-17));
#7794=DIRECTION('',(-1.,0.,0.));
#7795=DIRECTION('',(0.,-1.,-9.74563750548768E-17));
#7796=DIRECTION('',(-1.,0.,0.));
#7797=DIRECTION('',(0.,-1.,-9.74563750548768E-17));
#7798=DIRECTION('',(1.,0.,0.));
#7799=DIRECTION('',(0.,1.,9.74563750548768E-17));
#7800=DIRECTION('',(-1.,0.,0.));
#7801=DIRECTION('',(0.,-1.,-9.74563750548768E-17));
#7802=DIRECTION('',(1.,0.,0.));
#7803=DIRECTION('',(0.,1.,9.74563750548768E-17));
#7804=DIRECTION('',(0.,0.,-1.));
#7805=DIRECTION('',(-1.,0.,0.));
#7806=DIRECTION('',(0.,1.,-6.19544098563146E-16));
#7807=DIRECTION('',(1.,0.,0.));
#7808=DIRECTION('',(0.,-9.63735264431559E-17,1.));
#7809=DIRECTION('',(1.,0.,0.));
#7810=DIRECTION('',(0.,-1.,-9.63735264431559E-17));
#7811=DIRECTION('',(-1.,0.,0.));
#7812=DIRECTION('',(0.,-1.,0.));
#7813=DIRECTION('',(-1.,0.,0.));
#7814=DIRECTION('',(0.,1.,0.));
#7815=DIRECTION('',(-1.,0.,0.));
#7816=DIRECTION('',(0.,-1.,-9.63735264431559E-17));
#7817=DIRECTION('',(-1.,0.,0.));
#7818=DIRECTION('',(0.,-1.,0.));
#7819=DIRECTION('',(1.,0.,0.));
#7820=DIRECTION('',(0.,1.,0.));
#7821=DIRECTION('',(-1.,0.,0.));
#7822=DIRECTION('',(0.,-1.,0.));
#7823=DIRECTION('',(1.,0.,0.));
#7824=DIRECTION('',(0.,1.,0.));
#7825=DIRECTION('',(-1.42035219102904E-16,-9.63735264431559E-17,1.));
#7826=DIRECTION('',(1.,0.,1.42035219102904E-16));
#7827=DIRECTION('',(-1.,1.36884349440732E-32,-1.42035219102904E-16));
#7828=DIRECTION('',(0.,-1.,-9.63735264431559E-17));
#7829=DIRECTION('',(-1.,1.36884349440732E-32,-1.42035219102904E-16));
#7830=DIRECTION('',(0.,-1.,-9.63735264431559E-17));
#7831=DIRECTION('',(-1.,1.36884349440732E-32,-1.42035219102904E-16));
#7832=DIRECTION('',(-1.,0.,-1.42035219102904E-16));
#7833=DIRECTION('',(0.,1.,9.63735264431559E-17));
#7834=DIRECTION('',(1.,0.,1.42035219102904E-16));
#7835=DIRECTION('',(0.,-1.,-9.63735264431559E-17));
#7836=DIRECTION('',(-1.,0.,-1.42035219102904E-16));
#7837=DIRECTION('',(0.,1.,9.63735264431559E-17));
#7838=DIRECTION('',(1.,0.,1.42035219102904E-16));
#7839=DIRECTION('',(0.,-1.,-9.63735264431559E-17));
#7840=DIRECTION('',(0.,9.63735264431559E-17,-1.));
#7841=DIRECTION('',(0.,1.,9.63735264431559E-17));
#7842=DIRECTION('',(0.,-1.,-9.63735264431559E-17));
#7843=DIRECTION('',(1.,0.,0.));
#7844=DIRECTION('',(0.,-1.,-9.63735264431559E-17));
#7845=DIRECTION('',(-1.,0.,0.));
#7846=DIRECTION('',(0.,-1.,-9.63735264431559E-17));
#7847=DIRECTION('',(1.,0.,0.));
#7848=DIRECTION('',(0.,9.63735264431559E-17,-1.));
#7849=DIRECTION('',(0.,1.,9.63735264431559E-17));
#7850=DIRECTION('',(0.,0.,-1.));
#7851=DIRECTION('',(-1.,0.,0.));
#7852=DIRECTION('',(0.,0.,-1.));
#7853=DIRECTION('',(1.,0.,0.));
#7854=DIRECTION('',(0.,0.,-1.));
#7855=DIRECTION('',(1.,0.,0.));
#7856=DIRECTION('',(0.,1.,2.96533927517403E-16));
#7857=DIRECTION('',(0.,-2.96533927517403E-16,1.));
#7858=DIRECTION('',(0.892198407730781,-1.33927670184551E-16,0.451643666226661));
#7859=DIRECTION('',(0.,-1.,-2.96533927517403E-16));
#7860=DIRECTION('',(-1.,0.,0.));
#7861=DIRECTION('',(-1.,0.,0.));
#7862=DIRECTION('',(0.,-1.,-2.96533927517403E-16));
#7863=DIRECTION('',(1.,0.,0.));
#7864=DIRECTION('',(0.892198407730781,1.33927670184551E-16,-0.451643666226661));
#7865=DIRECTION('',(0.,-1.,-2.96533927517403E-16));
#7866=DIRECTION('',(-1.,0.,0.));
#7867=DIRECTION('',(0.,-1.,-2.96533927517403E-16));
#7868=DIRECTION('',(-1.,0.,0.));
#7869=DIRECTION('',(-1.,0.,0.));
#7870=DIRECTION('',(0.,1.,2.96533927517403E-16));
#7871=DIRECTION('',(-1.,0.,0.));
#7872=DIRECTION('',(-1.,0.,0.));
#7873=DIRECTION('',(-1.,0.,0.));
#7874=DIRECTION('',(0.267643863786095,-2.85715749975924E-16,0.963517909629941));
#7875=DIRECTION('',(-1.,0.,0.));
#7876=DIRECTION('',(0.267643863786095,2.85715749975924E-16,-0.963517909629941));
#7877=DIRECTION('',(-1.,0.,0.));
#7878=DIRECTION('',(0.267643863786095,-2.85715749975924E-16,0.963517909629941));
#7879=DIRECTION('',(-1.,0.,0.));
#7880=DIRECTION('',(0.267643863786095,2.85715749975924E-16,-0.963517909629941));
#7881=DIRECTION('',(-1.,0.,0.));
#7882=DIRECTION('',(0.,2.96533927517403E-16,-1.));
#7883=DIRECTION('',(-1.,0.,0.));
#7884=DIRECTION('',(0.,1.,2.96533927517403E-16));
#7885=DIRECTION('',(-1.,0.,0.));
#7886=DIRECTION('',(0.,1.39897054514259E-16,-1.));
#7887=DIRECTION('',(0.,1.,1.39897054514259E-16));
#7888=DIRECTION('',(-1.,0.,0.));
#7889=DIRECTION('',(0.,1.,2.47817639425259E-15));
#7890=DIRECTION('',(1.,0.,0.));
#7891=DIRECTION('',(1.,0.,0.));
#7892=DIRECTION('',(1.,0.,0.));
#7893=DIRECTION('',(0.,-1.,-1.39897054514259E-16));
#7894=DIRECTION('',(0.,-1.94912750109754E-16,1.));
#7895=DIRECTION('',(0.,-1.,-1.94912750109754E-16));
#7896=DIRECTION('',(0.,1.,2.96533927517403E-16));
#7897=DIRECTION('',(1.,0.,0.));
#7898=DIRECTION('',(0.,1.,2.96533927517403E-16));
#7899=DIRECTION('',(0.,1.,9.63735264431559E-17));
#7900=DIRECTION('',(0.,-9.63735264431559E-17,1.));
#7901=DIRECTION('',(0.,1.,9.63735264431559E-17));
#7902=DIRECTION('',(1.,0.,0.));
#7903=DIRECTION('',(-1.,3.48294622465863E-32,-3.61400724161835E-16));
#7904=DIRECTION('',(1.,0.,0.));
#7905=DIRECTION('',(0.,-9.63735264431559E-17,1.));
#7906=DIRECTION('',(1.,0.,0.));
#7907=DIRECTION('',(0.,9.63735264431559E-17,-1.));
#7908=DIRECTION('',(-1.,2.61220966849397E-32,-2.71050543121376E-16));
#7909=DIRECTION('',(0.,-9.63735264431559E-17,1.));
#7910=DIRECTION('',(-1.,0.,0.));
#7911=DIRECTION('',(0.,-9.63735264431559E-17,1.));
#7912=DIRECTION('',(-1.,0.,0.));
#7913=DIRECTION('',(0.,9.63735264431559E-17,-1.));
#7914=DIRECTION('',(-1.,0.,0.));
#7915=DIRECTION('',(1.,2.17684139041164E-32,-2.25875452601147E-16));
#7916=DIRECTION('',(0.,9.63735264431559E-17,-1.));
#7917=DIRECTION('',(0.,-1.,-9.63735264431559E-17));
#7918=DIRECTION('',(0.,9.63735264431559E-17,-1.));
#7919=DIRECTION('',(2.06514699521048E-16,-9.63735264431559E-17,1.));
#7920=DIRECTION('',(1.,-1.36884349440732E-32,1.42035219102904E-16));
#7921=DIRECTION('',(0.,-9.63735264431559E-17,1.));
#7922=DIRECTION('',(-1.,0.,0.));
#7923=DIRECTION('',(0.,-1.,-9.63735264431559E-17));
#7924=DIRECTION('',(0.,9.63735264431559E-17,-1.));
#7925=DIRECTION('',(0.,-9.63735264431559E-17,1.));
#7926=DIRECTION('',(1.,0.,0.));
#7927=DIRECTION('',(-6.67201336914158E-16,9.63735264431559E-17,-1.));
#7928=DIRECTION('',(1.,0.,0.));
#7929=DIRECTION('',(0.,-1.,-9.63735264431559E-17));
#7930=DIRECTION('',(0.,9.63735264431559E-17,-1.));
#7931=DIRECTION('',(0.,9.63735264431559E-17,-1.));
#7932=DIRECTION('',(1.,-1.36884349440732E-32,1.42035219102904E-16));
#7933=DIRECTION('',(-1.,0.,0.));
#7934=DIRECTION('',(0.,1.,9.63735264431559E-17));
#7935=DIRECTION('',(0.,-9.63735264431559E-17,1.));
#7936=DIRECTION('',(1.,0.,0.));
#7937=DIRECTION('',(1.47010464065831E-16,9.63735264431559E-17,-1.));
#7938=DIRECTION('',(0.,-9.63735264431559E-17,1.));
#7939=DIRECTION('',(0.,1.,9.63735264431559E-17));
#7940=DIRECTION('',(0.,-9.63735264431559E-17,1.));
#7941=DIRECTION('',(1.,0.,0.));
#7942=DIRECTION('',(0.,-9.63735264431559E-17,1.));
#7943=DIRECTION('',(0.,-1.,-9.63735264431559E-17));
#7944=DIRECTION('',(0.,9.63735264431559E-17,-1.));
#7945=DIRECTION('',(1.47010464065831E-16,9.63735264431559E-17,-1.));
#7946=DIRECTION('',(1.,0.,0.));
#7947=DIRECTION('',(0.,-9.63735264431559E-17,1.));
#7948=DIRECTION('',(0.,-0.976187060183953,0.216930457818656));
#7949=DIRECTION('',(0.,-0.216930457818656,-0.976187060183953));
#7950=DIRECTION('',(0.,0.216930457818656,0.976187060183953));
#7951=DIRECTION('',(0.,-0.216930457818657,-0.976187060183953));
#7952=DIRECTION('',(-1.,0.,0.));
#7953=DIRECTION('',(0.,9.63735264431559E-17,-1.));
#7954=DIRECTION('',(0.,1.,9.63735264431559E-17));
#7955=DIRECTION('',(0.,-9.63735264431559E-17,1.));
#7956=DIRECTION('',(1.,0.,0.));
#7957=DIRECTION('',(1.,0.,0.));
#7958=DIRECTION('',(0.,-1.,-9.63735264431559E-17));
#7959=DIRECTION('',(-1.,0.,0.));
#7960=DIRECTION('',(0.,-1.,-9.63735264431559E-17));
#7961=DIRECTION('',(1.,0.,0.));
#7962=DIRECTION('',(0.,-1.,-9.63735264431559E-17));
#7963=DIRECTION('',(0.,9.63735264431559E-17,-1.));
#7964=DIRECTION('',(0.,1.,9.63735264431559E-17));
#7965=DIRECTION('',(0.,0.,-1.));
#7966=DIRECTION('',(-1.,0.,0.));
#7967=DIRECTION('',(0.,0.,-1.));
#7968=DIRECTION('',(1.,0.,0.));
#7969=DIRECTION('',(0.,0.,-1.));
#7970=DIRECTION('',(1.,0.,0.));
#7971=DIRECTION('',(-1.,0.,0.));
#7972=DIRECTION('',(0.,0.,1.));
#7973=DIRECTION('',(0.,1.,2.96533927517403E-16));
#7974=DIRECTION('',(0.,1.,1.94912750109754E-16));
#7975=DIRECTION('',(0.,2.0289163461717E-16,-1.));
#7976=DIRECTION('',(0.,0.263117405792106,-0.964763821237733));
#7977=DIRECTION('',(0.,0.,-1.));
#7978=DIRECTION('',(0.,0.,1.));
#7979=DIRECTION('',(0.,0.216930457818656,0.976187060183953));
#7980=DIRECTION('',(0.,-9.74563750548768E-17,1.));
#7981=DIRECTION('',(0.,-4.95635278850516E-15,-1.));
#7982=DIRECTION('',(0.,-2.96533927517403E-16,1.));
#7983=DIRECTION('',(0.,-1.94912750109754E-16,1.));
#7984=DIRECTION('',(0.,-1.,-1.94912750109754E-16));
#7985=DIRECTION('',(0.,1.,2.96533927517403E-16));
#7986=DIRECTION('',(0.,1.,9.63735264431559E-17));
#7987=DIRECTION('',(0.,-9.63735264431559E-17,1.));
#7988=DIRECTION('',(0.,1.,9.63735264431559E-17));
#7989=DIRECTION('',(1.,0.,0.));
#7990=DIRECTION('',(-1.,3.48294622465863E-32,-3.61400724161835E-16));
#7991=DIRECTION('',(0.,9.63735264431559E-17,-1.));
#7992=DIRECTION('',(1.,0.,0.));
#7993=DIRECTION('',(1.,0.,0.));
#7994=DIRECTION('',(0.,9.63735264431559E-17,-1.));
#7995=DIRECTION('',(-1.,2.61220966849397E-32,-2.71050543121376E-16));
#7996=DIRECTION('',(-1.,0.,0.));
#7997=DIRECTION('',(0.,-9.63735264431559E-17,1.));
#7998=DIRECTION('',(-1.,0.,0.));
#7999=DIRECTION('',(0.,9.63735264431559E-17,-1.));
#8000=DIRECTION('',(-1.,0.,0.));
#8001=DIRECTION('',(0.,9.63735264431559E-17,-1.));
#8002=DIRECTION('',(1.,2.17684139041164E-32,-2.25875452601147E-16));
#8003=DIRECTION('',(0.,9.63735264431559E-17,-1.));
#8004=DIRECTION('',(-1.,1.32159224334873E-32,-1.37132290591052E-16));
#8005=DIRECTION('',(-1.37132290591052E-16,0.,1.));
#8006=DIRECTION('',(1.33866767608371E-16,-0.216930457818656,-0.976187060183953));
#8007=DIRECTION('',(0.,9.63735264431559E-17,-1.));
#8008=DIRECTION('',(8.5877399800832E-17,9.63735264431559E-17,-1.));
#8009=DIRECTION('',(0.,-1.,-9.63735264431559E-17));
#8010=DIRECTION('',(0.,1.,9.63735264431559E-17));
#8011=DIRECTION('',(0.,-9.63735264431559E-17,1.));
#8012=DIRECTION('',(0.,1.,9.63735264431559E-17));
#8013=DIRECTION('',(0.,-1.,-9.63735264431559E-17));
#8014=DIRECTION('',(2.06514699521049E-16,9.63735264431559E-17,-1.));
#8015=DIRECTION('',(-9.6967172596577E-17,0.707106781186547,0.707106781186548));
#8016=DIRECTION('',(1.37132290591052E-16,9.63735264431559E-17,-1.));
#8017=DIRECTION('',(0.,-1.,-9.63735264431559E-17));
#8018=DIRECTION('',(0.,9.63735264431559E-17,-1.));
#8019=DIRECTION('',(1.,-1.36884349440732E-32,1.42035219102904E-16));
#8020=DIRECTION('',(0.,-9.63735264431559E-17,1.));
#8021=DIRECTION('',(-1.,0.,0.));
#8022=DIRECTION('',(0.,-1.,-9.63735264431559E-17));
#8023=DIRECTION('',(0.,9.63735264431559E-17,-1.));
#8024=DIRECTION('',(0.,-9.63735264431559E-17,1.));
#8025=DIRECTION('',(1.,0.,0.));
#8026=DIRECTION('',(-6.67201336914158E-16,9.63735264431559E-17,-1.));
#8027=DIRECTION('',(1.,0.,0.));
#8028=DIRECTION('',(0.,-1.,-9.63735264431559E-17));
#8029=DIRECTION('',(0.,9.63735264431559E-17,-1.));
#8030=DIRECTION('',(0.,9.63735264431559E-17,-1.));
#8031=DIRECTION('',(1.,-1.36884349440732E-32,1.42035219102904E-16));
#8032=DIRECTION('',(-1.,0.,0.));
#8033=DIRECTION('',(0.,1.,9.63735264431559E-17));
#8034=DIRECTION('',(0.,-9.63735264431559E-17,1.));
#8035=DIRECTION('',(1.,0.,0.));
#8036=DIRECTION('',(1.47010464065831E-16,9.63735264431559E-17,-1.));
#8037=DIRECTION('',(0.,1.,9.63735264431559E-17));
#8038=DIRECTION('',(0.,-9.63735264431559E-17,1.));
#8039=DIRECTION('',(1.,0.,0.));
#8040=DIRECTION('',(0.,-9.63735264431559E-17,1.));
#8041=DIRECTION('',(0.,-1.,-9.63735264431559E-17));
#8042=DIRECTION('',(0.,9.63735264431559E-17,-1.));
#8043=DIRECTION('',(1.47010464065831E-16,9.63735264431559E-17,-1.));
#8044=DIRECTION('',(1.,0.,0.));
#8045=DIRECTION('',(0.,-9.63735264431559E-17,1.));
#8046=DIRECTION('',(0.,-0.976187060183953,0.216930457818656));
#8047=DIRECTION('',(0.,-0.216930457818656,-0.976187060183953));
#8048=DIRECTION('',(-1.,0.,0.));
#8049=DIRECTION('',(0.,-1.,-9.74563750548768E-17));
#8050=DIRECTION('',(0.,9.74563750548768E-17,-1.));
#8051=DIRECTION('',(0.,-9.63735264431559E-17,1.));
#8052=DIRECTION('',(0.,0.,-1.));
#8053=DIRECTION('',(0.,-1.,0.));
#8054=DIRECTION('',(0.,0.,-1.));
#8055=DIRECTION('',(0.,-2.77555756156289E-15,-1.));
#8056=DIRECTION('',(0.,1.,0.));
#8057=DIRECTION('',(0.,0.,1.));
#8058=DIRECTION('',(1.,0.,0.));
#8059=DIRECTION('',(0.,0.,-1.));
#8060=DIRECTION('',(-1.,0.,0.));
#8061=DIRECTION('',(0.,0.,1.));
#8062=DIRECTION('',(-1.,0.,0.));
#8063=DIRECTION('',(0.,0.,-1.));
#8064=DIRECTION('',(0.,0.964763821237733,0.263117405792106));
#8065=DIRECTION('',(0.,-0.263117405792106,0.964763821237733));
#8066=DIRECTION('',(-1.,0.,0.));
#8067=DIRECTION('',(0.,-0.263117405792106,0.964763821237733));
#8068=DIRECTION('',(-1.,0.,0.));
#8069=DIRECTION('',(-1.,0.,0.));
#8070=DIRECTION('',(-1.,0.,0.));
#8071=DIRECTION('',(0.,1.,2.0289163461717E-16));
#8072=DIRECTION('',(0.,-2.0289163461717E-16,1.));
#8073=DIRECTION('',(0.,1.03257349760524E-16,1.));
#8074=DIRECTION('',(-1.,0.,0.));
#8075=DIRECTION('',(0.,1.03257349760524E-16,1.));
#8076=DIRECTION('',(0.,-2.0289163461717E-16,1.));
#8077=DIRECTION('',(-1.,0.,0.));
#8078=DIRECTION('',(0.,2.0289163461717E-16,-1.));
#8079=DIRECTION('',(-1.,0.,0.));
#8080=DIRECTION('',(0.,-2.31841973990611E-16,1.));
#8081=DIRECTION('',(0.,-1.94912750109754E-16,1.));
#8082=DIRECTION('',(0.,-1.,-1.94912750109754E-16));
#8083=DIRECTION('',(0.,1.,2.96533927517403E-16));
#8084=DIRECTION('',(1.,0.,0.));
#8085=DIRECTION('',(0.,1.,-4.95635278850516E-15));
#8086=DIRECTION('',(0.,4.95635278850516E-15,1.));
#8087=DIRECTION('',(0.,5.01830719836147E-15,1.));
#8088=DIRECTION('',(1.,0.,0.));
#8089=DIRECTION('',(0.,0.,-1.));
#8090=DIRECTION('',(0.,-0.707106781186548,-0.707106781186547));
#8091=DIRECTION('',(0.,-1.,-9.63735264431559E-17));
#8092=DIRECTION('',(0.,1.,9.63735264431559E-17));
#8093=DIRECTION('',(0.,-9.63735264431559E-17,1.));
#8094=DIRECTION('',(0.,1.,9.63735264431559E-17));
#8095=DIRECTION('',(0.,-1.,-9.63735264431559E-17));
#8096=DIRECTION('',(-1.,1.4167916846069E-32,-1.47010464065831E-16));
#8097=DIRECTION('',(-1.47010464065831E-16,0.,1.));
#8098=DIRECTION('',(0.,-1.,-9.63735264431559E-17));
#8099=DIRECTION('',(0.,-1.,-9.63735264431559E-17));
#8100=DIRECTION('',(1.,0.,0.));
#8101=DIRECTION('',(0.,0.,-1.));
#8102=DIRECTION('',(0.,-1.,-9.63735264431559E-17));
#8103=DIRECTION('',(0.,-1.,-9.63735264431559E-17));
#8104=DIRECTION('',(0.,9.63735264431559E-17,-1.));
#8105=DIRECTION('',(0.,1.,9.63735264431559E-17));
#8106=DIRECTION('',(0.,9.63735264431559E-17,-1.));
#8107=DIRECTION('',(0.,1.,9.63735264431559E-17));
#8108=DIRECTION('',(0.,-9.63735264431559E-17,1.));
#8109=DIRECTION('',(0.,-1.,-9.63735264431559E-17));
#8110=DIRECTION('',(0.,-1.,-9.63735264431559E-17));
#8111=DIRECTION('',(-1.,0.,0.));
#8112=DIRECTION('',(0.,0.,1.));
#8113=DIRECTION('',(0.,-1.,-9.63735264431559E-17));
#8114=DIRECTION('',(0.,-9.63735264431559E-17,1.));
#8115=DIRECTION('',(0.,-1.,-9.63735264431559E-17));
#8116=DIRECTION('',(-1.,0.,0.));
#8117=DIRECTION('',(0.,-1.,-9.63735264431559E-17));
#8118=DIRECTION('',(1.,0.,0.));
#8119=DIRECTION('',(0.,0.,-1.));
#8120=DIRECTION('',(0.,-1.,-9.63735264431559E-17));
#8121=DIRECTION('',(0.,-9.63735264431559E-17,1.));
#8122=DIRECTION('',(0.,-1.,-9.63735264431559E-17));
#8123=DIRECTION('',(-1.00434066594981E-16,-0.707106781186548,0.707106781186547));
#8124=DIRECTION('',(1.,-1.36884349440732E-32,1.42035219102904E-16));
#8125=DIRECTION('',(0.,-1.,-9.63735264431559E-17));
#8126=DIRECTION('',(0.,9.63735264431559E-17,-1.));
#8127=DIRECTION('',(0.,-1.,-2.96533927517403E-16));
#8128=DIRECTION('',(0.,2.96533927517403E-16,-1.));
#8129=DIRECTION('',(0.,-9.63735264431559E-17,1.));
#8130=DIRECTION('',(0.,-1.,-9.63735264431559E-17));
#8131=DIRECTION('',(0.478852130680573,0.877895572914384,8.46058922105939E-17));
#8132=DIRECTION('',(0.,1.,9.63735264431559E-17));
#8133=DIRECTION('',(1.,0.,0.));
#8134=DIRECTION('',(0.,0.,-1.));
#8135=DIRECTION('',(0.,9.63735264431559E-17,-1.));
#8136=DIRECTION('',(0.,1.,9.63735264431559E-17));
#8137=DIRECTION('',(2.71050543121376E-16,9.63735264431559E-17,-1.));
#8138=DIRECTION('',(-1.,0.,-2.71050543121376E-16));
#8139=DIRECTION('',(-0.478852130680573,-0.877895572914384,-2.14399022306392E-16));
#8140=DIRECTION('',(3.61400724161835E-16,9.63735264431559E-17,-1.));
#8141=DIRECTION('',(-1.,0.,-3.61400724161835E-16));
#8142=DIRECTION('',(0.,1.,9.63735264431559E-17));
#8143=DIRECTION('',(0.478852130680574,-0.877895572914384,8.84516145838029E-17));
#8144=DIRECTION('',(1.,0.,0.));
#8145=DIRECTION('',(0.,0.,-1.));
#8146=DIRECTION('',(0.,1.,9.63735264431559E-17));
#8147=DIRECTION('',(0.,-9.63735264431559E-17,1.));
#8148=DIRECTION('',(2.25875452601147E-16,-9.63735264431559E-17,1.));
#8149=DIRECTION('',(1.,0.,-2.25875452601147E-16));
#8150=DIRECTION('',(-0.478852130680574,0.877895572914384,1.92766833957092E-16));
#8151=DIRECTION('',(0.877895572914384,-0.478852130680573,-4.61486684785058E-17));
#8152=DIRECTION('',(0.,-9.63735264431559E-17,1.));
#8153=DIRECTION('',(-0.877895572914384,-0.478852130680574,-4.61486684785058E-17));
#8154=DIRECTION('',(0.,-9.63735264431559E-17,1.));
#8155=DIRECTION('',(0.,1.,2.96533927517403E-16));
#8156=DIRECTION('',(0.,-2.96533927517403E-16,1.));
#8157=DIRECTION('',(0.,-1.,-3.09772049281573E-16));
#8158=DIRECTION('',(0.,3.09772049281573E-16,-1.));
#8159=DIRECTION('',(0.,1.,3.09772049281573E-16));
#8160=DIRECTION('',(0.,-3.09772049281573E-16,1.));
#8161=DIRECTION('',(0.,0.707106781186547,0.707106781186547));
#8162=DIRECTION('',(1.,0.,0.));
#8163=DIRECTION('',(0.,-0.707106781186548,0.707106781186548));
#8164=DIRECTION('',(1.,0.,0.));
#8165=DIRECTION('',(1.,0.,0.));
#8166=DIRECTION('',(0.,-0.707106781186551,0.707106781186544));
#8167=DIRECTION('',(0.963517909629941,-7.93654861044234E-17,0.267643863786095));
#8168=DIRECTION('',(0.267643863786095,0.,-0.963517909629941));
#8169=DIRECTION('',(0.,1.,2.96533927517403E-16));
#8170=DIRECTION('',(0.267643863786095,2.85715749975924E-16,-0.963517909629941));
#8171=DIRECTION('',(0.,2.96533927517403E-16,-1.));
#8172=DIRECTION('',(0.,1.,2.96533927517403E-16));
#8173=DIRECTION('',(0.,1.,2.96533927517403E-16));
#8174=DIRECTION('',(-1.,0.,0.));
#8175=DIRECTION('',(-0.963517909629941,-7.93654861044234E-17,0.267643863786095));
#8176=DIRECTION('',(0.267643863786095,0.,0.963517909629941));
#8177=DIRECTION('',(0.267643863786095,-2.85715749975924E-16,0.963517909629941));
#8178=DIRECTION('',(0.,1.,2.96533927517403E-16));
#8179=DIRECTION('',(0.,-2.96533927517403E-16,1.));
#8180=DIRECTION('',(0.,1.,2.96533927517403E-16));
#8181=DIRECTION('',(0.,-2.96533927517403E-16,1.));
#8182=DIRECTION('',(0.,1.,2.96533927517403E-16));
#8183=DIRECTION('',(-1.,0.,0.));
#8184=DIRECTION('',(0.,1.,2.96533927517403E-16));
#8185=DIRECTION('',(-1.,0.,0.));
#8186=DIRECTION('',(0.,1.,2.96533927517403E-16));
#8187=DIRECTION('',(0.,1.,2.96533927517403E-16));
#8188=DIRECTION('',(0.,1.,2.96533927517403E-16));
#8189=DIRECTION('',(0.,-2.96533927517403E-16,1.));
#8190=DIRECTION('',(0.,1.,2.96533927517403E-16));
#8191=DIRECTION('',(-1.,0.,0.));
#8192=DIRECTION('',(-1.,0.,0.));
#8193=DIRECTION('',(0.,2.96533927517403E-16,-1.));
#8194=DIRECTION('',(0.,1.,2.96533927517403E-16));
#8195=DIRECTION('',(-1.,0.,0.));
#8196=DIRECTION('',(0.,2.96533927517403E-16,-1.));
#8197=DIRECTION('',(0.,1.,2.96533927517403E-16));
#8198=DIRECTION('',(0.,1.,2.96533927517403E-16));
#8199=DIRECTION('',(0.,1.,2.96533927517403E-16));
#8200=DIRECTION('',(0.,-2.96533927517403E-16,1.));
#8201=DIRECTION('',(1.,0.,0.));
#8202=DIRECTION('',(0.,0.,-1.));
#8203=DIRECTION('',(0.,-1.,0.));
#8204=DIRECTION('',(0.,0.,-1.));
#8205=DIRECTION('',(0.,-1.,0.));
#8206=DIRECTION('',(0.,-1.,0.));
#8207=DIRECTION('',(0.,0.,-1.));
#8208=DIRECTION('',(-1.,0.,0.));
#8209=DIRECTION('',(0.,0.,-1.));
#8210=DIRECTION('',(-1.,0.,0.));
#8211=DIRECTION('',(0.,0.,-1.));
#8212=DIRECTION('',(-1.,0.,0.));
#8213=DIRECTION('',(0.,0.,1.));
#8214=DIRECTION('',(-1.,0.,0.));
#8215=DIRECTION('',(0.,0.,-1.));
#8216=DIRECTION('',(0.,0.,1.));
#8217=DIRECTION('',(-1.,0.,0.));
#8218=DIRECTION('',(0.,-1.,0.));
#8219=DIRECTION('',(0.,0.,-1.));
#8220=DIRECTION('',(-1.,0.,0.));
#8221=DIRECTION('',(0.,0.,-1.));
#8222=DIRECTION('',(-1.,0.,0.));
#8223=DIRECTION('',(0.,0.,1.));
#8224=DIRECTION('',(1.,0.,0.));
#8225=DIRECTION('',(0.,0.,1.));
#8226=DIRECTION('',(-1.,0.,0.));
#8227=DIRECTION('',(-1.,0.,0.));
#8228=DIRECTION('',(0.,1.,0.));
#8229=DIRECTION('',(0.,0.,1.));
#8230=DIRECTION('',(1.,0.,0.));
#8231=DIRECTION('',(0.,1.,0.));
#8232=DIRECTION('',(-1.,0.,0.));
#8233=DIRECTION('',(0.,0.,1.));
#8234=DIRECTION('',(-1.,0.,0.));
#8235=DIRECTION('',(0.,0.,1.));
#8236=DIRECTION('',(1.,0.,0.));
#8237=DIRECTION('',(0.,0.,1.));
#8238=DIRECTION('',(1.,0.,0.));
#8239=DIRECTION('',(1.,0.,0.));
#8240=DIRECTION('',(0.,0.,-1.));
#8241=DIRECTION('',(0.,0.,1.));
#8242=DIRECTION('',(0.,0.,1.));
#8243=DIRECTION('',(0.,-1.,0.));
#8244=DIRECTION('',(0.,0.,-1.));
#8245=DIRECTION('',(0.,0.,1.));
#8246=DIRECTION('',(-1.,0.,0.));
#8247=DIRECTION('',(0.,0.,1.));
#8248=DIRECTION('',(0.,0.,1.));
#8249=DIRECTION('',(0.,1.,0.));
#8250=DIRECTION('',(0.,0.,1.));
#8251=DIRECTION('',(1.,0.,0.));
#8252=DIRECTION('',(0.,0.,-1.));
#8253=DIRECTION('',(0.,0.,1.));
#8254=DIRECTION('',(0.,0.,1.));
#8255=DIRECTION('',(0.,-1.,0.));
#8256=DIRECTION('',(0.,0.,-1.));
#8257=DIRECTION('',(0.,0.,1.));
#8258=DIRECTION('',(-1.,0.,0.));
#8259=DIRECTION('',(0.,0.,1.));
#8260=DIRECTION('',(0.,0.,1.));
#8261=DIRECTION('',(0.,1.,0.));
#8262=DIRECTION('',(0.,0.,1.));
#8263=DIRECTION('',(0.,9.63735264431559E-17,-1.));
#8264=DIRECTION('',(0.,1.,9.63735264431559E-17));
#8265=DIRECTION('',(0.,9.63735264431559E-17,-1.));
#8266=DIRECTION('',(-1.,1.4167916846069E-32,-1.47010464065831E-16));
#8267=DIRECTION('',(-1.47010464065831E-16,0.,1.));
#8268=DIRECTION('',(0.,-1.,-9.63735264431559E-17));
#8269=DIRECTION('',(0.,-1.,-9.63735264431559E-17));
#8270=DIRECTION('',(1.,0.,0.));
#8271=DIRECTION('',(0.,0.,-1.));
#8272=DIRECTION('',(0.,-1.,-9.63735264431559E-17));
#8273=DIRECTION('',(0.,-1.,-9.63735264431559E-17));
#8274=DIRECTION('',(0.,9.63735264431559E-17,-1.));
#8275=DIRECTION('',(0.,1.,9.63735264431559E-17));
#8276=DIRECTION('',(0.,9.63735264431559E-17,-1.));
#8277=DIRECTION('',(0.,1.,9.63735264431559E-17));
#8278=DIRECTION('',(0.,-9.63735264431559E-17,1.));
#8279=DIRECTION('',(0.,-1.,-9.63735264431559E-17));
#8280=DIRECTION('',(0.,-1.,-9.63735264431559E-17));
#8281=DIRECTION('',(-1.,0.,0.));
#8282=DIRECTION('',(0.,0.,1.));
#8283=DIRECTION('',(0.,-1.,-9.63735264431559E-17));
#8284=DIRECTION('',(0.,-9.63735264431559E-17,1.));
#8285=DIRECTION('',(0.,-1.,-9.63735264431559E-17));
#8286=DIRECTION('',(-1.,0.,0.));
#8287=DIRECTION('',(0.,-1.,-9.63735264431559E-17));
#8288=DIRECTION('',(1.,0.,0.));
#8289=DIRECTION('',(0.,0.,-1.));
#8290=DIRECTION('',(0.,-1.,-9.63735264431559E-17));
#8291=DIRECTION('',(0.,-9.63735264431559E-17,1.));
#8292=DIRECTION('',(0.,-1.,-9.63735264431559E-17));
#8293=DIRECTION('',(-1.00434066594981E-16,-0.707106781186547,0.707106781186548));
#8294=DIRECTION('',(1.,-1.36884349440732E-32,1.42035219102904E-16));
#8295=DIRECTION('',(0.,-1.,-9.63735264431559E-17));
#8296=DIRECTION('',(0.,9.63735264431559E-17,-1.));
#8297=DIRECTION('',(0.,-1.,-2.96533927517403E-16));
#8298=DIRECTION('',(0.,2.96533927517403E-16,-1.));
#8299=DIRECTION('',(0.,-9.63735264431559E-17,1.));
#8300=DIRECTION('',(0.,-1.,-9.63735264431559E-17));
#8301=DIRECTION('',(0.478852130680574,0.877895572914384,8.46058922105939E-17));
#8302=DIRECTION('',(0.,1.,9.63735264431559E-17));
#8303=DIRECTION('',(1.,0.,0.));
#8304=DIRECTION('',(0.,0.,-1.));
#8305=DIRECTION('',(0.,9.63735264431559E-17,-1.));
#8306=DIRECTION('',(0.,1.,9.63735264431559E-17));
#8307=DIRECTION('',(2.71050543121376E-16,9.63735264431559E-17,-1.));
#8308=DIRECTION('',(-1.,0.,-2.71050543121376E-16));
#8309=DIRECTION('',(-0.478852130680574,-0.877895572914384,-2.14399022306392E-16));
#8310=DIRECTION('',(3.61400724161835E-16,9.63735264431559E-17,-1.));
#8311=DIRECTION('',(-1.,0.,-3.61400724161835E-16));
#8312=DIRECTION('',(0.,1.,9.63735264431559E-17));
#8313=DIRECTION('',(0.478852130680573,-0.877895572914384,8.84516145838029E-17));
#8314=DIRECTION('',(1.,0.,0.));
#8315=DIRECTION('',(0.,0.,-1.));
#8316=DIRECTION('',(0.,1.,9.63735264431559E-17));
#8317=DIRECTION('',(0.,-9.63735264431559E-17,1.));
#8318=DIRECTION('',(2.25875452601147E-16,-9.63735264431559E-17,1.));
#8319=DIRECTION('',(1.,0.,-2.25875452601147E-16));
#8320=DIRECTION('',(-0.478852130680573,0.877895572914384,1.92766833957092E-16));
#8321=DIRECTION('',(0.877895572914384,-0.478852130680574,-4.61486684785058E-17));
#8322=DIRECTION('',(0.,-9.63735264431559E-17,1.));
#8323=DIRECTION('',(-0.877895572914384,-0.478852130680573,-4.61486684785058E-17));
#8324=DIRECTION('',(0.,-9.63735264431559E-17,1.));
#8325=DIRECTION('',(0.,1.,2.96533927517403E-16));
#8326=DIRECTION('',(0.,-2.96533927517403E-16,1.));
#8327=DIRECTION('',(0.,-1.,-3.09772049281573E-16));
#8328=DIRECTION('',(0.,3.09772049281573E-16,-1.));
#8329=DIRECTION('',(0.,1.,3.09772049281573E-16));
#8330=DIRECTION('',(0.,-3.09772049281573E-16,1.));
#8331=DIRECTION('',(0.963517909629941,-7.93654861044234E-17,0.267643863786095));
#8332=DIRECTION('',(0.267643863786095,0.,-0.963517909629941));
#8333=DIRECTION('',(0.,1.,2.96533927517403E-16));
#8334=DIRECTION('',(0.267643863786095,2.85715749975924E-16,-0.963517909629941));
#8335=DIRECTION('',(0.,2.96533927517403E-16,-1.));
#8336=DIRECTION('',(0.,1.,2.96533927517403E-16));
#8337=DIRECTION('',(0.,1.,2.96533927517403E-16));
#8338=DIRECTION('',(-1.,0.,0.));
#8339=DIRECTION('',(-0.963517909629941,-7.93654861044234E-17,0.267643863786095));
#8340=DIRECTION('',(0.267643863786095,0.,0.963517909629941));
#8341=DIRECTION('',(0.267643863786095,-2.85715749975924E-16,0.963517909629941));
#8342=DIRECTION('',(0.,1.,2.96533927517403E-16));
#8343=DIRECTION('',(0.,-2.96533927517403E-16,1.));
#8344=DIRECTION('',(0.,2.96533927517403E-16,-1.));
#8345=DIRECTION('',(-1.,0.,0.));
#8346=DIRECTION('',(0.,-2.96533927517403E-16,1.));
#8347=DIRECTION('',(0.,1.,2.96533927517403E-16));
#8348=DIRECTION('',(0.,-2.96533927517403E-16,1.));
#8349=DIRECTION('',(0.,1.,2.96533927517403E-16));
#8350=DIRECTION('',(-1.,0.,0.));
#8351=DIRECTION('',(0.,1.,2.96533927517403E-16));
#8352=DIRECTION('',(0.,1.,2.96533927517403E-16));
#8353=DIRECTION('',(0.,-2.96533927517403E-16,1.));
#8354=DIRECTION('',(0.,1.11200222819026E-16,1.));
#8355=DIRECTION('',(-1.,0.,0.));
#8356=DIRECTION('',(0.,2.96533927517403E-16,-1.));
#8357=DIRECTION('',(0.,1.,2.96533927517403E-16));
#8358=DIRECTION('',(0.,0.,-1.));
#8359=DIRECTION('',(-1.,0.,0.));
#8360=DIRECTION('',(0.,0.,-1.));
#8361=DIRECTION('',(0.,-1.,0.));
#8362=DIRECTION('',(0.,0.,-1.));
#8363=DIRECTION('',(0.,0.,-1.));
#8364=DIRECTION('',(-1.,0.,0.));
#8365=DIRECTION('',(0.,0.,1.));
#8366=DIRECTION('',(0.,0.,1.));
#8367=DIRECTION('',(1.,0.,0.));
#8368=DIRECTION('',(0.,0.,1.));
#8369=DIRECTION('',(1.,0.,0.));
#8370=DIRECTION('',(1.,0.,0.));
#8371=DIRECTION('',(0.,0.,-1.));
#8372=DIRECTION('',(0.,0.,1.));
#8373=DIRECTION('',(0.,0.,1.));
#8374=DIRECTION('',(0.,-1.,0.));
#8375=DIRECTION('',(0.,0.,-1.));
#8376=DIRECTION('',(0.,0.,1.));
#8377=DIRECTION('',(-1.,0.,0.));
#8378=DIRECTION('',(0.,0.,1.));
#8379=DIRECTION('',(0.,0.,1.));
#8380=DIRECTION('',(0.,1.,0.));
#8381=DIRECTION('',(0.,0.,1.));
#8382=DIRECTION('',(1.,0.,0.));
#8383=DIRECTION('',(0.,0.,-1.));
#8384=DIRECTION('',(0.,0.,1.));
#8385=DIRECTION('',(0.,0.,1.));
#8386=DIRECTION('',(0.,-1.,0.));
#8387=DIRECTION('',(0.,0.,-1.));
#8388=DIRECTION('',(0.,0.,1.));
#8389=DIRECTION('',(-1.,0.,0.));
#8390=DIRECTION('',(0.,0.,1.));
#8391=DIRECTION('',(0.,0.,1.));
#8392=DIRECTION('',(0.,1.,0.));
#8393=DIRECTION('',(0.,0.,1.));
#8394=DIRECTION('',(0.,-1.,0.));
#8395=DIRECTION('',(0.,0.,-1.));
#8396=DIRECTION('',(1.,0.,0.));
#8397=DIRECTION('',(1.,0.,0.));
#8398=DIRECTION('',(0.,0.,-1.));
#8399=DIRECTION('',(0.,0.,1.));
#8400=DIRECTION('',(1.,0.,0.));
#8401=DIRECTION('',(0.,-1.,0.));
#8402=DIRECTION('',(-1.,0.,0.));
#8403=DIRECTION('',(0.,0.,1.));
#8404=DIRECTION('',(0.,0.,1.));
#8405=DIRECTION('',(1.,0.,0.));
#8406=DIRECTION('',(1.,0.,0.));
#8407=DIRECTION('',(0.,-0.974152703703863,0.225890482018288));
#8408=DIRECTION('',(0.,-0.225890482018288,-0.974152703703863));
#8409=DIRECTION('',(1.,0.,0.));
#8410=DIRECTION('',(0.,0.,-1.));
#8411=DIRECTION('',(0.,-1.,0.));
#8412=DIRECTION('',(-1.,0.,0.));
#8413=DIRECTION('',(0.,0.,1.));
#8414=DIRECTION('',(0.,-1.,0.));
#8415=DIRECTION('',(0.,0.,1.));
#8416=DIRECTION('',(1.,0.,0.));
#8417=DIRECTION('',(0.,0.31430281254168,0.949322780738137));
#8418=DIRECTION('',(0.,-0.949322780738137,0.31430281254168));
#8419=DIRECTION('',(0.,0.949322780738137,-0.31430281254168));
#8420=DIRECTION('',(-1.,0.,0.));
#8421=DIRECTION('',(0.,0.949322780738137,-0.31430281254168));
#8422=DIRECTION('',(0.,0.503267279507729,0.864130803395464));
#8423=DIRECTION('',(0.,-0.864130803395464,0.503267279507729));
#8424=DIRECTION('',(0.,0.864130803395464,-0.503267279507729));
#8425=DIRECTION('',(-1.,0.,0.));
#8426=DIRECTION('',(0.,0.864130803395464,-0.503267279507729));
#8427=DIRECTION('',(-1.,0.,0.));
#8428=DIRECTION('',(0.,1.,0.));
#8429=DIRECTION('',(0.,0.,1.));
#8430=DIRECTION('',(0.,0.,-1.));
#8431=DIRECTION('',(-1.,0.,0.));
#8432=DIRECTION('',(0.,0.,-1.));
#8433=DIRECTION('',(-1.,0.,0.));
#8434=DIRECTION('',(0.,0.,-1.));
#8435=DIRECTION('',(-1.,0.,0.));
#8436=DIRECTION('',(0.,-1.,0.));
#8437=DIRECTION('',(-1.,0.,0.));
#8438=DIRECTION('',(0.,-1.,0.));
#8439=DIRECTION('',(-1.,0.,0.));
#8440=DIRECTION('',(0.,-0.831377980658136,-0.555707344990868));
#8441=DIRECTION('',(0.,0.555707344990868,-0.831377980658136));
#8442=DIRECTION('',(0.,-0.555707344990868,0.831377980658136));
#8443=DIRECTION('',(-1.,0.,0.));
#8444=DIRECTION('',(0.,-0.555707344990868,0.831377980658136));
#8445=DIRECTION('',(-1.,0.,0.));
#8446=DIRECTION('',(0.,-0.122706225005625,-0.992443037330037));
#8447=DIRECTION('',(0.,0.992443037330037,-0.122706225005625));
#8448=DIRECTION('',(0.,-0.992443037330037,0.122706225005625));
#8449=DIRECTION('',(-1.,0.,0.));
#8450=DIRECTION('',(0.,-0.992443037330037,0.122706225005625));
#8451=DIRECTION('',(-1.,0.,0.));
#8452=DIRECTION('',(1.,0.,0.));
#8453=DIRECTION('',(0.,0.,-1.));
#8454=DIRECTION('',(1.,0.,0.));
#8455=DIRECTION('',(0.,0.,-1.));
#8456=DIRECTION('',(1.,0.,0.));
#8457=DIRECTION('',(0.,0.,-1.));
#8458=DIRECTION('',(1.,0.,0.));
#8459=DIRECTION('',(0.,0.,-1.));
#8460=DIRECTION('',(1.,0.,0.));
#8461=DIRECTION('',(0.,0.,-1.));
#8462=DIRECTION('',(1.,0.,0.));
#8463=DIRECTION('',(0.,0.,-1.));
#8464=DIRECTION('',(1.,0.,0.));
#8465=DIRECTION('',(0.,0.,-1.));
#8466=DIRECTION('',(1.,0.,0.));
#8467=DIRECTION('',(0.,0.,-1.));
#8468=DIRECTION('',(1.,0.,0.));
#8469=DIRECTION('',(0.,0.,-1.));
#8470=DIRECTION('',(1.,0.,0.));
#8471=DIRECTION('',(0.,0.,-1.));
#8472=DIRECTION('',(1.,0.,0.));
#8473=DIRECTION('',(0.,0.,-1.));
#8474=DIRECTION('',(1.,0.,0.));
#8475=DIRECTION('',(0.,0.,-1.));
#8476=DIRECTION('',(1.,0.,0.));
#8477=DIRECTION('',(0.,0.,-1.));
#8478=DIRECTION('',(1.,0.,0.));
#8479=DIRECTION('',(0.,0.,-1.));
#8480=DIRECTION('',(-1.,0.,0.));
#8481=DIRECTION('',(0.,0.,1.));
#8482=DIRECTION('',(1.,0.,0.));
#8483=DIRECTION('',(0.,0.,-1.));
#8484=DIRECTION('',(1.,0.,0.));
#8485=DIRECTION('',(0.,0.,-1.));
#8486=DIRECTION('',(-1.,0.,0.));
#8487=DIRECTION('',(0.,0.,1.));
#8488=DIRECTION('',(-1.,0.,0.));
#8489=DIRECTION('',(0.,0.,1.));
#8490=DIRECTION('',(-1.,0.,0.));
#8491=DIRECTION('',(0.,0.,1.));
#8492=DIRECTION('',(-0.451643666226661,-2.64567097969182E-16,0.892198407730781));
#8493=DIRECTION('',(0.892198407730781,0.,0.451643666226661));
#8494=DIRECTION('',(0.,1.,2.96533927517403E-16));
#8495=DIRECTION('',(0.892198407730781,-1.33927670184551E-16,0.451643666226661));
#8496=DIRECTION('',(0.,1.,2.96533927517403E-16));
#8497=DIRECTION('',(0.451643666226661,-2.64567097969182E-16,0.892198407730781));
#8498=DIRECTION('',(0.892198407730781,0.,-0.451643666226661));
#8499=DIRECTION('',(0.,1.,2.96533927517403E-16));
#8500=DIRECTION('',(0.892198407730781,1.33927670184551E-16,-0.451643666226661));
#8501=DIRECTION('',(0.,1.,2.96533927517403E-16));
#8502=DIRECTION('',(0.,-2.96533927517403E-16,1.));
#8503=DIRECTION('',(0.,1.,2.96533927517403E-16));
#8504=DIRECTION('',(0.,-1.,-2.96533927517403E-16));
#8505=DIRECTION('',(1.,0.,0.));
#8506=DIRECTION('',(0.,2.96533927517403E-16,-1.));
#8507=DIRECTION('',(0.,1.,2.96533927517403E-16));
#8508=DIRECTION('',(0.,1.,2.96533927517403E-16));
#8509=DIRECTION('',(-1.,0.,0.));
#8510=DIRECTION('',(0.,1.,2.96533927517403E-16));
#8511=DIRECTION('',(0.,-2.96533927517403E-16,1.));
#8512=DIRECTION('',(0.,-1.,-2.96533927517403E-16));
#8513=DIRECTION('',(-1.,0.,0.));
#8514=DIRECTION('',(0.,-1.,-2.96533927517403E-16));
#8515=DIRECTION('',(0.,2.96533927517403E-16,-1.));
#8516=DIRECTION('',(1.,0.,0.));
#8517=DIRECTION('',(0.,0.,-1.));
#8518=DIRECTION('',(0.,0.,1.));
#8519=DIRECTION('',(1.,0.,0.));
#8520=DIRECTION('',(0.,8.85062997947351E-17,-1.));
#8521=DIRECTION('',(0.,1.,8.85062997947351E-17));
#8522=DIRECTION('',(0.,-1.,-8.85062997947351E-17));
#8523=DIRECTION('',(-1.,0.,0.));
#8524=DIRECTION('',(0.,-1.,-8.85062997947351E-17));
#8525=DIRECTION('',(-1.,0.,0.));
#8526=DIRECTION('',(0.,8.85062997947351E-17,-1.));
#8527=DIRECTION('',(0.,1.,8.85062997947351E-17));
#8528=DIRECTION('',(1.,0.,0.));
#8529=DIRECTION('',(0.,0.,-1.));
#8530=DIRECTION('',(0.,-1.,0.));
#8531=DIRECTION('',(0.,-8.85062997947351E-17,1.));
#8532=DIRECTION('',(0.,1.,8.85062997947351E-17));
#8533=DIRECTION('',(0.,-8.85062997947351E-17,1.));
#8534=DIRECTION('',(0.,-1.,0.));
#8535=DIRECTION('',(0.,0.,1.));
#8536=DIRECTION('',(0.,-1.,0.));
#8537=DIRECTION('',(0.,0.,1.));
#8538=DIRECTION('',(8.67361737988404E-17,0.,-1.));
#8539=DIRECTION('',(-1.,0.,-8.67361737988404E-17));
#8540=DIRECTION('',(8.67361737988404E-17,0.,-1.));
#8541=DIRECTION('',(-1.,0.,-8.67361737988404E-17));
#8542=DIRECTION('',(0.,-1.,0.));
#8543=DIRECTION('',(1.,0.,8.67361737988404E-17));
#8544=DIRECTION('',(8.67361737988404E-17,0.,-1.));
#8545=DIRECTION('',(-1.,0.,-8.67361737988404E-17));
#8546=DIRECTION('',(0.,-1.,0.));
#8547=DIRECTION('',(8.67361737988404E-17,0.,-1.));
#8548=DIRECTION('',(-1.,0.,-8.67361737988404E-17));
#8549=DIRECTION('',(1.,0.,8.67361737988404E-17));
#8550=DIRECTION('',(-1.,0.,-2.34422091348217E-16));
#8551=DIRECTION('',(-2.34422091348217E-16,0.,1.));
#8552=DIRECTION('',(0.,-8.85062997947351E-17,1.));
#8553=DIRECTION('',(2.07478318953741E-32,-1.,-8.85062997947351E-17));
#8554=DIRECTION('',(0.,-8.85062997947351E-17,1.));
#8555=DIRECTION('',(2.34422091348217E-16,0.,-1.));
#8556=DIRECTION('',(0.,-1.,0.));
#8557=DIRECTION('',(2.34422091348217E-16,0.,-1.));
#8558=DIRECTION('',(0.,1.,0.));
#8559=DIRECTION('',(0.,0.,1.));
#8560=DIRECTION('',(0.,0.,-1.));
#8561=DIRECTION('',(-1.,0.,0.));
#8562=DIRECTION('',(0.,0.,-1.));
#8563=DIRECTION('',(-1.,0.,-8.67361737988404E-17));
#8564=DIRECTION('',(0.,-1.,0.));
#8565=DIRECTION('',(0.,0.,-1.));
#8566=DIRECTION('',(0.,0.,1.));
#8567=DIRECTION('',(0.,0.,1.));
#8568=DIRECTION('',(-1.,0.,0.));
#8569=DIRECTION('',(-1.,0.,-8.67361737988404E-17));
#8570=DIRECTION('',(0.,8.85062997947351E-17,1.));
#8571=DIRECTION('',(0.,-1.,8.85062997947351E-17));
#8572=DIRECTION('',(0.,1.,-8.85062997947351E-17));
#8573=DIRECTION('',(0.,1.,-8.85062997947351E-17));
#8574=DIRECTION('',(1.,0.,0.));
#8575=DIRECTION('',(0.,0.,-1.));
#8576=DIRECTION('',(1.,0.,0.));
#8577=DIRECTION('',(0.,0.,-1.));
#8578=DIRECTION('',(-8.67361737988404E-17,0.,1.));
#8579=DIRECTION('',(1.,0.,8.67361737988404E-17));
#8580=DIRECTION('',(0.,8.85062997947351E-17,-1.));
#8581=DIRECTION('',(0.,1.,8.85062997947351E-17));
#8582=DIRECTION('',(0.,8.85062997947351E-17,-1.));
#8583=DIRECTION('',(0.,1.,8.85062997947351E-17));
#8584=DIRECTION('',(0.,-8.85062997947351E-17,1.));
#8585=DIRECTION('',(0.,-1.,-8.85062997947351E-17));
#8586=DIRECTION('',(0.,8.85062997947351E-17,-1.));
#8587=DIRECTION('',(0.,1.,8.85062997947351E-17));
#8588=DIRECTION('',(0.,8.85062997947351E-17,-1.));
#8589=DIRECTION('',(0.,1.,8.85062997947351E-17));
#8590=DIRECTION('',(0.,0.,1.));
#8591=DIRECTION('',(1.,-1.66533453693774E-16,0.));
#8592=DIRECTION('',(0.971669873119786,0.236342246903465,0.));
#8593=DIRECTION('',(-0.236342246903465,0.971669873119786,0.));
#8594=DIRECTION('',(0.,0.,-1.));
#8595=DIRECTION('',(0.171013278137409,-0.7030839913164,-0.690237176523619));
#8596=DIRECTION('',(-0.236342246903465,0.971669873119786,1.52541918953438E-16));
#8597=DIRECTION('',(0.,0.,1.));
#8598=DIRECTION('',(0.236342246903465,-0.971669873119786,1.30893130192124E-16));
#8599=DIRECTION('',(-0.171013278137409,0.7030839913164,-0.690237176523619));
#8600=DIRECTION('',(0.,0.,-1.));
#8601=DIRECTION('',(-1.,0.,0.));
#8602=DIRECTION('',(5.75482234726532E-17,-1.42991818884437E-16,1.));
#8603=DIRECTION('',(0.236342246903465,-0.971669873119786,-1.52541918953438E-16));
#8604=DIRECTION('',(0.,0.,-1.));
#8605=DIRECTION('',(-3.40510950789586E-17,-1.42991818884437E-16,-1.));
#8606=DIRECTION('',(0.236342246903465,-0.971669873119786,1.30893130192124E-16));
#8607=DIRECTION('',(1.,-3.26730683226474E-17,0.));
#8608=DIRECTION('',(3.26730683226474E-17,1.,0.));
#8609=DIRECTION('',(-4.71844785465692E-16,1.,1.42991818884437E-16));
#8610=DIRECTION('',(0.,0.,1.));
#8611=DIRECTION('',(4.71844785465692E-16,-1.,1.42991818884437E-16));
#8612=DIRECTION('',(0.,0.,-1.));
#8613=DIRECTION('',(-1.,0.,0.));
#8614=DIRECTION('',(5.75482234726532E-17,-1.42991818884437E-16,1.));
#8615=DIRECTION('',(-0.236342246903465,0.971669873119786,1.52541918953438E-16));
#8616=DIRECTION('',(-4.51463748073163E-17,-1.22464679914735E-16,-1.));
#8617=DIRECTION('',(-3.40510950789586E-17,-1.42991818884437E-16,-1.));
#8618=DIRECTION('',(-0.236342246903465,0.971669873119786,-1.30893130192124E-16));
#8619=DIRECTION('',(0.971669873119786,0.236342246903465,0.));
#8620=DIRECTION('',(-0.236342246903465,0.971669873119786,0.));
#8621=DIRECTION('',(0.236342246903465,-0.971669873119786,-1.52541918953438E-16));
#8622=DIRECTION('',(-0.171013278137409,0.7030839913164,0.690237176523619));
#8623=DIRECTION('',(0.,0.,-1.));
#8624=DIRECTION('',(0.171013278137409,-0.7030839913164,0.690237176523619));
#8625=DIRECTION('',(-0.236342246903465,0.971669873119786,-1.30893130192124E-16));
#8626=DIRECTION('',(0.,0.,-1.));
#8627=DIRECTION('',(0.,0.,-1.));
#8628=DIRECTION('',(-1.,0.,0.));
#8629=DIRECTION('',(-5.75482234726532E-17,1.42991818884437E-16,-1.));
#8630=DIRECTION('',(0.236342246903465,-0.971669873119786,-1.52541918953438E-16));
#8631=DIRECTION('',(3.40510950789586E-17,1.42991818884437E-16,1.));
#8632=DIRECTION('',(0.236342246903465,-0.971669873119786,1.30893130192124E-16));
#8633=DIRECTION('',(0.,0.,-1.));
#8634=DIRECTION('',(1.,-3.26730683226474E-17,0.));
#8635=DIRECTION('',(3.26730683226474E-17,1.,0.));
#8636=DIRECTION('',(2.77555756156289E-17,-1.,-1.42991818884437E-16));
#8637=DIRECTION('',(-2.77555756156289E-17,1.,-1.42991818884437E-16));
#8638=DIRECTION('',(0.,0.,-1.));
#8639=DIRECTION('',(0.,0.,-1.));
#8640=DIRECTION('',(-1.,0.,0.));
#8641=DIRECTION('',(-5.75482234726532E-17,1.42991818884437E-16,-1.));
#8642=DIRECTION('',(-0.236342246903465,0.971669873119786,1.52541918953438E-16));
#8643=DIRECTION('',(3.40510950789586E-17,1.42991818884437E-16,1.));
#8644=DIRECTION('',(-0.236342246903465,0.971669873119786,-1.30893130192124E-16));
#8645=DIRECTION('',(-4.51463748073163E-17,-1.22464679914735E-16,-1.));
#8646=DIRECTION('',(-1.,-1.55277583653624E-16,0.));
#8647=DIRECTION('',(1.55277583653624E-16,-1.,0.));
#8648=DIRECTION('',(0.,0.783129056242359,-0.621859213382701));
#8649=DIRECTION('',(-1.88682272025442E-16,-0.621859213382701,-0.783129056242359));
#8650=DIRECTION('',(-1.,0.,2.4093381610789E-16));
#8651=DIRECTION('',(0.,1.,0.));
#8652=DIRECTION('',(-3.61670144081928E-17,-1.34292675616122E-16,-1.));
#8653=DIRECTION('',(-1.0019762797242E-14,1.,-1.42991818884437E-16));
#8654=DIRECTION('',(-3.61670144081928E-17,-1.34292675616122E-16,-1.));
#8655=DIRECTION('',(1.,0.,0.));
#8656=DIRECTION('',(0.,0.,-1.));
#8657=DIRECTION('',(0.,-0.621859213382701,-0.783129056242359));
#8658=DIRECTION('',(0.,0.,-1.));
#8659=DIRECTION('',(-1.,0.,0.));
#8660=DIRECTION('',(4.51463748073163E-17,1.22464679914735E-16,1.));
#8661=DIRECTION('',(-1.17485641968473E-17,-1.42991818884437E-16,1.));
#8662=DIRECTION('',(0.236342246903465,0.971669873119786,1.41717524572781E-16));
#8663=DIRECTION('',(0.,0.,-1.));
#8664=DIRECTION('',(-1.17485641968473E-17,-1.42991818884437E-16,-1.));
#8665=DIRECTION('',(0.236342246903465,0.971669873119786,-1.41717524572781E-16));
#8666=DIRECTION('',(-1.,-9.03501810404587E-17,0.));
#8667=DIRECTION('',(9.03501810404587E-17,-1.,0.));
#8668=DIRECTION('',(-4.44089209850063E-16,-1.,-1.42991818884437E-16));
#8669=DIRECTION('',(0.,0.,1.));
#8670=DIRECTION('',(4.16333634234434E-16,1.,-1.42991818884437E-16));
#8671=DIRECTION('',(0.,0.,-1.));
#8672=DIRECTION('',(-1.,0.,0.));
#8673=DIRECTION('',(-1.17485641968473E-17,-1.42991818884437E-16,1.));
#8674=DIRECTION('',(-0.236342246903465,-0.971669873119786,-1.41717524572781E-16));
#8675=DIRECTION('',(0.,0.,-1.));
#8676=DIRECTION('',(-1.17485641968473E-17,-1.42991818884437E-16,-1.));
#8677=DIRECTION('',(-0.236342246903465,-0.971669873119786,1.41717524572781E-16));
#8678=DIRECTION('',(-0.971669873119786,0.236342246903465,0.));
#8679=DIRECTION('',(-0.236342246903465,-0.971669873119786,0.));
#8680=DIRECTION('',(-0.236342246903465,-0.971669873119786,-1.41717524572781E-16));
#8681=DIRECTION('',(0.171013278137409,0.7030839913164,0.690237176523619));
#8682=DIRECTION('',(0.,0.,1.));
#8683=DIRECTION('',(-0.171013278137409,-0.703083991316401,0.690237176523619));
#8684=DIRECTION('',(0.236342246903465,0.971669873119786,-1.41717524572781E-16));
#8685=DIRECTION('',(0.,0.,-1.));
#8686=DIRECTION('',(-1.,0.,0.));
#8687=DIRECTION('',(1.17485641968473E-17,1.42991818884437E-16,-1.));
#8688=DIRECTION('',(0.236342246903465,0.971669873119786,1.41717524572781E-16));
#8689=DIRECTION('',(4.51463748073163E-17,1.22464679914735E-16,1.));
#8690=DIRECTION('',(1.17485641968473E-17,1.42991818884437E-16,1.));
#8691=DIRECTION('',(0.236342246903465,0.971669873119786,-1.41717524572781E-16));
#8692=DIRECTION('',(0.,0.,-1.));
#8693=DIRECTION('',(-1.,-9.03501810404587E-17,0.));
#8694=DIRECTION('',(9.03501810404587E-17,-1.,0.));
#8695=DIRECTION('',(-2.77555756156289E-17,1.,1.42991818884437E-16));
#8696=DIRECTION('',(2.77555756156289E-17,-1.,1.42991818884437E-16));
#8697=DIRECTION('',(0.,0.,-1.));
#8698=DIRECTION('',(0.,0.,-1.));
#8699=DIRECTION('',(-1.,0.,0.));
#8700=DIRECTION('',(1.17485641968473E-17,1.42991818884437E-16,-1.));
#8701=DIRECTION('',(-0.236342246903465,-0.971669873119786,-1.41717524572781E-16));
#8702=DIRECTION('',(1.17485641968473E-17,1.42991818884437E-16,1.));
#8703=DIRECTION('',(-0.236342246903465,-0.971669873119786,1.41717524572781E-16));
#8704=DIRECTION('',(0.,0.,-1.));
#8705=DIRECTION('',(-0.971669873119786,0.236342246903465,0.));
#8706=DIRECTION('',(-0.236342246903465,-0.971669873119786,0.));
#8707=DIRECTION('',(0.236342246903465,0.971669873119786,1.41717524572781E-16));
#8708=DIRECTION('',(-0.236342246903465,-0.971669873119786,1.41717524572781E-16));
#8709=DIRECTION('',(0.171013278137409,0.703083991316401,-0.690237176523619));
#8710=DIRECTION('',(0.,0.,-1.));
#8711=DIRECTION('',(-0.171013278137409,-0.7030839913164,-0.690237176523619));
#8712=DIRECTION('',(1.,4.70226218481283E-17,0.));
#8713=DIRECTION('',(-4.70226218481283E-17,1.,0.));
#8714=DIRECTION('',(-9.6326448676131E-18,-1.34292675616122E-16,1.));
#8715=DIRECTION('',(-1.,-4.51678559602326E-49,-7.37647066757211E-33));
#8716=DIRECTION('',(-7.37647066757211E-33,0.,1.));
#8717=DIRECTION('',(4.70226218481283E-17,-1.,6.12323399573677E-17));
#8718=DIRECTION('',(1.,-6.12323399573677E-17,-9.9579925010296E-17));
#8719=DIRECTION('',(-6.12323399573677E-17,-1.,6.12323399573676E-17));
#8720=DIRECTION('',(-6.12323399573675E-17,-1.,1.58827765331723E-15));
#8721=DIRECTION('',(-1.,6.12323399573677E-17,9.9579925010296E-17));
#8722=DIRECTION('',(6.12323399573677E-17,1.,-6.12323399573676E-17));
#8723=DIRECTION('',(4.70226218481283E-17,-1.,6.12323399573677E-17));
#8724=DIRECTION('',(1.,4.51678559602326E-49,7.37647066757211E-33));
#8725=DIRECTION('',(7.37647066757211E-33,-6.12323399573677E-17,-1.));
#8726=DIRECTION('',(-9.6326448676131E-18,-1.34292675616122E-16,1.));
#8727=DIRECTION('',(9.96425164601078E-15,1.,1.42991818884437E-16));
#8728=DIRECTION('',(-1.,-1.55277583653624E-16,0.));
#8729=DIRECTION('',(1.55277583653624E-16,-1.,0.));
#8730=DIRECTION('',(-1.,-4.51678559602326E-49,-7.37647066757211E-33));
#8731=DIRECTION('',(-7.37647066757211E-33,0.,1.));
#8732=DIRECTION('',(-4.51463748073163E-17,-1.22464679914735E-16,-1.));
#8733=DIRECTION('',(1.0019762797242E-14,-1.,-1.42991818884438E-16));
#8734=DIRECTION('',(-4.51463748073163E-17,-1.22464679914735E-16,-1.));
#8735=DIRECTION('',(-1.,-4.51678559602326E-49,-7.37647066757211E-33));
#8736=DIRECTION('',(7.37647066757211E-33,-6.12323399573677E-17,-1.));
#8737=DIRECTION('',(-1.55277583653624E-16,1.,-6.12323399573677E-17));
#8738=DIRECTION('',(1.,-6.12323399573677E-17,-9.9579925010296E-17));
#8739=DIRECTION('',(6.12323399573677E-17,1.,-6.12323399573676E-17));
#8740=DIRECTION('',(-6.12323399573675E-17,-1.,1.51596464942229E-15));
#8741=DIRECTION('',(1.,-6.12323399573677E-17,-9.9579925010296E-17));
#8742=DIRECTION('',(-6.12323399573677E-17,-1.,6.12323399573676E-17));
#8743=DIRECTION('',(-1.55277583653624E-16,1.,-6.12323399573677E-17));
#8744=DIRECTION('',(1.,4.70226218481283E-17,0.));
#8745=DIRECTION('',(-4.70226218481283E-17,1.,0.));
#8746=DIRECTION('',(1.,0.,0.));
#8747=DIRECTION('',(0.,0.,-1.));
#8748=DIRECTION('',(4.51463748073163E-17,1.22464679914735E-16,1.));
#8749=DIRECTION('',(-9.96425164601078E-15,-1.,1.42991818884437E-16));
#8750=DIRECTION('',(4.51463748073163E-17,1.22464679914735E-16,1.));
#8751=DIRECTION('',(-1.,0.,2.4093381610789E-16));
#8752=DIRECTION('',(0.,1.,0.));
#8753=DIRECTION('',(-1.88682272025442E-16,-0.621859213382701,-0.783129056242359));
#8754=DIRECTION('',(0.,0.783129056242359,-0.621859213382701));
#8755=DIRECTION('',(0.,-0.621859213382701,-0.783129056242359));
#8756=DIRECTION('',(-7.37647066757211E-33,6.12323399573677E-17,1.));
#8757=DIRECTION('',(0.,-1.,6.12323399573677E-17));
#8758=DIRECTION('',(-1.,0.,0.));
#8759=DIRECTION('',(1.,0.,0.));
#8760=DIRECTION('',(0.,0.,-1.));
#8761=DIRECTION('',(0.550060740401084,0.835124650498003,0.));
#8762=DIRECTION('',(1.,-6.12323399573677E-17,-5.28682266040552E-17));
#8763=DIRECTION('',(1.,-6.12323399573677E-17,-5.28682266040552E-17));
#8764=DIRECTION('',(-6.12323399573677E-17,-1.,-4.56563663433545E-32));
#8765=DIRECTION('',(0.,0.,-1.));
#8766=DIRECTION('',(0.550060740401084,0.835124650498003,0.));
#8767=DIRECTION('',(0.550060740401084,0.835124650498003,0.));
#8768=DIRECTION('',(-0.835124650498003,0.550060740401084,0.));
#8769=DIRECTION('',(0.550060740401084,0.835124650498003,0.));
#8770=DIRECTION('',(0.,0.,1.));
#8771=DIRECTION('',(-1.,0.,0.));
#8772=DIRECTION('',(0.,0.,-1.));
#8773=DIRECTION('',(1.,0.,0.));
#8774=DIRECTION('',(0.,0.,1.));
#8775=DIRECTION('',(-1.,0.,0.));
#8776=DIRECTION('',(0.,0.,-1.));
#8777=DIRECTION('',(1.,0.,0.));
#8778=DIRECTION('',(0.,0.,1.));
#8779=DIRECTION('',(-1.,0.,0.));
#8780=DIRECTION('',(0.,0.,-1.));
#8781=DIRECTION('',(1.,0.,0.));
#8782=DIRECTION('',(0.,1.,0.));
#8783=DIRECTION('',(0.,0.,-1.));
#8784=DIRECTION('',(-1.,0.,0.));
#8785=DIRECTION('',(1.,-6.12323399573677E-17,-5.28682266040552E-17));
#8786=DIRECTION('',(1.,-6.12323399573677E-17,-5.28682266040552E-17));
#8787=DIRECTION('',(0.,0.,-1.));
#8788=DIRECTION('',(1.,0.,0.));
#8789=DIRECTION('',(0.,1.,0.));
#8790=DIRECTION('',(0.,0.,1.));
#8791=DIRECTION('',(1.,0.,0.));
#8792=DIRECTION('',(0.,0.,1.));
#8793=DIRECTION('',(1.,0.,0.));
#8794=DIRECTION('',(0.,0.,1.));
#8795=DIRECTION('',(1.,0.,0.));
#8796=DIRECTION('',(0.,0.,1.));
#8797=DIRECTION('',(1.,0.,0.));
#8798=DIRECTION('',(0.,0.,1.));
#8799=DIRECTION('',(1.,0.,0.));
#8800=DIRECTION('',(0.,0.,1.));
#8801=DIRECTION('',(1.,0.,0.));
#8802=DIRECTION('',(0.,0.,-1.));
#8803=DIRECTION('',(0.,1.,0.));
#8804=DIRECTION('',(-1.,6.12323399573677E-17,1.0573645320811E-16));
#8805=DIRECTION('',(6.12323399573676E-17,1.,0.));
#8806=DIRECTION('',(-1.,6.12323399573677E-17,1.0573645320811E-16));
#8807=DIRECTION('',(-6.12323399573677E-17,-1.,-4.56563663433545E-32));
#8808=DIRECTION('',(0.,0.,-1.));
#8809=DIRECTION('',(0.,1.,0.));
#8810=DIRECTION('',(0.550060740401084,0.835124650498003,0.));
#8811=DIRECTION('',(-0.835124650498003,0.550060740401084,0.));
#8812=DIRECTION('',(0.550060740401084,0.835124650498003,0.));
#8813=DIRECTION('',(0.,0.,1.));
#8814=DIRECTION('',(1.,0.,0.));
#8815=DIRECTION('',(0.,0.,1.));
#8816=DIRECTION('',(1.,0.,0.));
#8817=DIRECTION('',(0.,0.,1.));
#8818=DIRECTION('',(1.,0.,0.));
#8819=DIRECTION('',(0.,0.,1.));
#8820=DIRECTION('',(1.,0.,0.));
#8821=DIRECTION('',(0.,0.,1.));
#8822=DIRECTION('',(1.,0.,0.));
#8823=DIRECTION('',(0.,0.,1.));
#8824=DIRECTION('',(1.,0.,0.));
#8825=DIRECTION('',(0.,1.,0.));
#8826=DIRECTION('',(0.,0.,-1.));
#8827=DIRECTION('',(1.,0.,0.));
#8828=DIRECTION('',(-1.,6.12323399573677E-17,1.0573645320811E-16));
#8829=DIRECTION('',(6.12323399573676E-17,1.,0.));
#8830=DIRECTION('',(-1.,6.12323399573677E-17,1.0573645320811E-16));
#8831=DIRECTION('',(0.,0.,-1.));
#8832=DIRECTION('',(-1.,0.,0.));
#8833=DIRECTION('',(0.,1.,0.));
#8834=DIRECTION('',(0.,0.,-1.));
#8835=DIRECTION('',(1.,0.,0.));
#8836=DIRECTION('',(0.,0.,1.));
#8837=DIRECTION('',(-1.,0.,0.));
#8838=DIRECTION('',(0.,0.,-1.));
#8839=DIRECTION('',(1.,0.,0.));
#8840=DIRECTION('',(0.,0.,1.));
#8841=DIRECTION('',(-1.,0.,0.));
#8842=DIRECTION('',(0.,0.,-1.));
#8843=DIRECTION('',(1.,0.,0.));
#8844=DIRECTION('',(0.,0.,1.));
#8845=DIRECTION('',(-1.,0.,0.));
#8846=DIRECTION('',(1.,0.,0.));
#8847=DIRECTION('',(0.,0.,-1.));
#8848=DIRECTION('',(0.,0.,-1.));
#8849=DIRECTION('',(0.,0.,1.));
#8850=DIRECTION('',(0.550060740401084,0.835124650498003,0.));
#8851=DIRECTION('',(0.,0.,1.));
#8852=DIRECTION('',(0.,0.,1.));
#8853=DIRECTION('',(-0.835124650498003,0.550060740401084,0.));
#8854=DIRECTION('',(0.,0.,1.));
#8855=DIRECTION('',(0.835124650498003,-0.550060740401084,0.));
#8856=DIRECTION('',(0.835124650498003,-0.550060740401084,0.));
#8857=DIRECTION('',(0.550060740401084,0.835124650498003,0.));
#8858=DIRECTION('',(0.835124650498003,-0.550060740401084,0.));
#8859=DIRECTION('',(0.550060740401084,0.835124650498003,0.));
#8860=DIRECTION('',(0.835124650498003,-0.550060740401084,0.));
#8861=DIRECTION('',(0.550060740401084,0.835124650498003,0.));
#8862=DIRECTION('',(0.,0.,1.));
#8863=DIRECTION('',(0.,0.,1.));
#8864=DIRECTION('',(1.,0.,0.));
#8865=DIRECTION('',(0.,0.,1.));
#8866=DIRECTION('',(0.,0.,1.));
#8867=DIRECTION('',(1.,0.,0.));
#8868=DIRECTION('',(0.,0.,1.));
#8869=DIRECTION('',(0.,0.,1.));
#8870=DIRECTION('',(1.,0.,0.));
#8871=DIRECTION('',(0.,0.,1.));
#8872=DIRECTION('',(0.,0.,1.));
#8873=DIRECTION('',(1.,0.,0.));
#8874=DIRECTION('',(0.,0.,1.));
#8875=DIRECTION('',(0.,0.,1.));
#8876=DIRECTION('',(1.,0.,0.));
#8877=DIRECTION('',(0.,0.,1.));
#8878=DIRECTION('',(0.,0.,1.));
#8879=DIRECTION('',(1.,0.,0.));
#8880=DIRECTION('',(0.,0.,1.));
#8881=DIRECTION('',(1.,0.,0.));
#8882=DIRECTION('',(0.,0.,-1.));
#8883=DIRECTION('',(0.,0.,-1.));
#8884=DIRECTION('',(0.835124650498003,-0.550060740401084,0.));
#8885=DIRECTION('',(0.550060740401084,0.835124650498003,0.));
#8886=DIRECTION('',(0.835124650498003,-0.550060740401084,0.));
#8887=DIRECTION('',(0.550060740401084,0.835124650498003,0.));
#8888=DIRECTION('',(0.,0.,1.));
#8889=DIRECTION('',(0.835124650498003,-0.550060740401084,0.));
#8890=DIRECTION('',(0.550060740401084,0.835124650498003,0.));
#8891=DIRECTION('',(0.,0.,1.));
#8892=DIRECTION('',(1.,0.,0.));
#8893=DIRECTION('',(0.,0.,1.));
#8894=DIRECTION('',(0.,0.,1.));
#8895=DIRECTION('',(1.,0.,0.));
#8896=DIRECTION('',(0.,0.,1.));
#8897=DIRECTION('',(0.,0.,1.));
#8898=DIRECTION('',(1.,0.,0.));
#8899=DIRECTION('',(0.,0.,1.));
#8900=DIRECTION('',(0.,0.,1.));
#8901=DIRECTION('',(1.,0.,0.));
#8902=DIRECTION('',(0.,0.,1.));
#8903=DIRECTION('',(0.,0.,1.));
#8904=DIRECTION('',(1.,0.,0.));
#8905=DIRECTION('',(0.,0.,1.));
#8906=DIRECTION('',(0.,0.,1.));
#8907=DIRECTION('',(1.,0.,0.));
#8908=DIRECTION('',(6.12323399573677E-17,1.,0.));
#8909=DIRECTION('',(-1.,6.12323399573677E-17,0.));
#8910=DIRECTION('',(1.,-6.12323399573677E-17,-9.9579925010296E-17));
#8911=DIRECTION('',(0.,0.,-1.));
#8912=DIRECTION('',(3.09772049281573E-16,-1.89680674308997E-32,1.));
#8913=DIRECTION('',(1.,-6.12323399573676E-17,0.));
#8914=DIRECTION('',(-1.54886024640786E-16,9.48403371544985E-33,-1.));
#8915=DIRECTION('',(0.,0.,1.));
#8916=DIRECTION('',(6.12323399573677E-17,1.,0.));
#8917=DIRECTION('',(-1.,6.12323399573677E-17,0.));
#8918=DIRECTION('',(-1.54886024640786E-16,9.48403371544985E-33,-1.));
#8919=DIRECTION('',(1.,-6.12323399573676E-17,0.));
#8920=DIRECTION('',(3.09772049281573E-16,-1.89680674308997E-32,1.));
#8921=DIRECTION('',(0.,0.,-1.));
#8922=DIRECTION('',(-1.,6.12323399573677E-17,9.9579925010296E-17));
#8923=DIRECTION('',(0.,0.,1.));
#8924=DIRECTION('',(-1.,6.12323399573677E-17,0.));
#8925=DIRECTION('',(-6.12323399573677E-17,-1.,0.));
#8926=DIRECTION('',(0.,0.,-1.));
#8927=DIRECTION('',(1.,0.,0.));
#8928=DIRECTION('',(0.,0.,-1.));
#8929=DIRECTION('',(1.,0.,0.));
#8930=DIRECTION('',(-1.,6.12323399573676E-17,3.09772049281573E-16));
#8931=DIRECTION('',(3.09772049281573E-16,0.,1.));
#8932=DIRECTION('',(6.12323399573676E-17,1.,0.));
#8933=DIRECTION('',(0.,0.,1.));
#8934=DIRECTION('',(1.,0.,0.));
#8935=DIRECTION('',(6.12323399573676E-17,1.,0.));
#8936=DIRECTION('',(1.,-6.12323399573676E-17,-1.54886024640786E-16));
#8937=DIRECTION('',(-1.54886024640786E-16,0.,-1.));
#8938=DIRECTION('',(-7.37647066757211E-33,6.12323399573677E-17,1.));
#8939=DIRECTION('',(0.,-1.,6.12323399573677E-17));
#8940=DIRECTION('',(-1.,0.,0.));
#8941=DIRECTION('',(1.,0.,0.));
#8942=DIRECTION('',(1.,-6.12323399573677E-17,-9.9579925010296E-17));
#8943=DIRECTION('',(6.12323399573677E-17,1.,-6.12323399573676E-17));
#8944=DIRECTION('',(1.,-6.12323399573677E-17,-9.9579925010296E-17));
#8945=DIRECTION('',(6.12323399573677E-17,1.,-6.12323399573676E-17));
#8946=DIRECTION('',(0.,1.,-1.22464679914735E-16));
#8947=DIRECTION('',(0.,1.22464679914735E-16,1.));
#8948=DIRECTION('',(1.,0.,0.));
#8949=DIRECTION('',(-1.,2.95058826702884E-32,2.4093381610789E-16));
#8950=DIRECTION('',(0.,1.,-1.22464679914735E-16));
#8951=DIRECTION('',(0.,1.22464679914735E-16,1.));
#8952=DIRECTION('',(1.,0.,0.));
#8953=DIRECTION('',(-1.,2.95058826702884E-32,2.4093381610789E-16));
#8954=DIRECTION('',(-1.,-4.51678559602326E-49,-7.37647066757211E-33));
#8955=DIRECTION('',(7.37647066757211E-33,-6.12323399573677E-17,-1.));
#8956=DIRECTION('',(-1.,-4.51678559602326E-49,-7.37647066757211E-33));
#8957=DIRECTION('',(7.37647066757211E-33,-6.12323399573677E-17,-1.));
#8958=DIRECTION('',(0.,-0.621859213382701,-0.783129056242359));
#8959=DIRECTION('',(1.,0.,0.));
#8960=DIRECTION('',(1.,0.,0.));
#8961=DIRECTION('',(1.,0.,0.));
#8962=DIRECTION('',(1.,0.,0.));
#8963=DIRECTION('',(0.,0.,-1.));
#8964=DIRECTION('',(1.,0.,0.));
#8965=DIRECTION('',(0.,-0.783129056242359,0.621859213382701));
#8966=DIRECTION('',(0.,-0.621859213382701,-0.783129056242359));
#8967=DIRECTION('',(1.,0.,0.));
#8968=DIRECTION('',(0.,0.,-1.));
#8969=DIRECTION('',(1.,0.,0.));
#8970=DIRECTION('',(0.,-0.783129056242359,0.621859213382701));
#8971=DIRECTION('',(0.,-0.621859213382701,-0.783129056242359));
#8972=DIRECTION('',(-4.33186914304781E-17,6.64512739485169E-17,1.));
#8973=DIRECTION('',(-0.546098872794208,0.837720729797762,-7.93238982692468E-17));
#8974=DIRECTION('',(0.,0.,-1.));
#8975=DIRECTION('',(-1.,0.,0.));
#8976=DIRECTION('',(-0.997811421713834,-0.0661238738839277,-3.88298694250302E-17));
#8977=DIRECTION('',(0.,9.4690146068603E-17,1.));
#8978=DIRECTION('',(-1.,0.,0.));
#8979=DIRECTION('',(-0.546098872794208,0.837720729797762,-7.93238982692468E-17));
#8980=DIRECTION('',(-0.837720729797762,-0.546098872794208,0.));
#8981=DIRECTION('',(0.546098872794208,-0.837720729797762,0.));
#8982=DIRECTION('',(-0.546098872794208,0.837720729797762,0.));
#8983=DIRECTION('',(0.,0.,-1.));
#8984=DIRECTION('',(0.,0.,1.));
#8985=DIRECTION('',(-0.837720729797762,-0.546098872794208,0.));
#8986=DIRECTION('',(0.,0.,-1.));
#8987=DIRECTION('',(0.837720729797762,0.546098872794208,-5.1710182032783E-17));
#8988=DIRECTION('',(0.,9.4690146068603E-17,1.));
#8989=DIRECTION('',(0.,-1.,9.4690146068603E-17));
#8990=DIRECTION('',(0.,9.4690146068603E-17,1.));
#8991=DIRECTION('',(-1.,0.,0.));
#8992=DIRECTION('',(0.997811421713834,0.0661238738839276,-6.26127927669099E-18));
#8993=DIRECTION('',(0.,0.,-1.));
#8994=DIRECTION('',(-1.,0.,0.));
#8995=DIRECTION('',(0.546098872794208,-0.837720729797762,0.));
#8996=DIRECTION('',(-0.837720729797762,-0.546098872794208,5.1710182032783E-17));
#8997=DIRECTION('',(-0.546098872794208,0.837720729797762,-7.93238982692468E-17));
#8998=DIRECTION('',(0.,0.,-1.));
#8999=DIRECTION('',(-1.,0.,0.));
#9000=DIRECTION('',(-0.0467566396216493,0.705559222639242,-0.707106781186548));
#9001=DIRECTION('',(0.0467566396216493,-0.705559222639242,-0.707106781186547));
#9002=DIRECTION('',(0.,0.,-1.));
#9003=DIRECTION('',(-0.0467566396216492,0.705559222639241,0.707106781186548));
#9004=DIRECTION('',(-0.0467566396216493,0.705559222639242,-0.707106781186547));
#9005=DIRECTION('',(-0.837720729797762,-0.546098872794208,0.));
#9006=DIRECTION('',(0.546098872794208,-0.837720729797762,0.));
#9007=DIRECTION('',(-0.837720729797762,-0.546098872794208,0.));
#9008=DIRECTION('',(0.546098872794208,-0.837720729797762,0.));
#9009=DIRECTION('',(-0.837720729797762,-0.546098872794208,0.));
#9010=DIRECTION('',(0.546098872794208,-0.837720729797762,0.));
#9011=DIRECTION('',(0.,0.,-1.));
#9012=DIRECTION('',(-1.,0.,0.));
#9013=DIRECTION('',(-0.0467566396216493,0.705559222639242,-0.707106781186548));
#9014=DIRECTION('',(0.0467566396216493,-0.705559222639242,-0.707106781186547));
#9015=DIRECTION('',(-0.0467566396216492,0.705559222639241,0.707106781186548));
#9016=DIRECTION('',(-0.0467566396216493,0.705559222639242,-0.707106781186547));
#9017=DIRECTION('',(0.,0.,-1.));
#9018=DIRECTION('',(-0.837720729797762,-0.546098872794208,0.));
#9019=DIRECTION('',(0.546098872794208,-0.837720729797762,0.));
#9020=DIRECTION('',(-0.837720729797762,-0.546098872794208,0.));
#9021=DIRECTION('',(0.546098872794208,-0.837720729797762,0.));
#9022=DIRECTION('',(-0.837720729797762,-0.546098872794208,0.));
#9023=DIRECTION('',(0.546098872794208,-0.837720729797762,0.));
#9024=DIRECTION('',(-1.17485641968473E-17,-1.42991818884437E-16,-1.));
#9025=DIRECTION('',(0.,1.,-1.42991818884437E-16));
#9026=DIRECTION('',(0.997811421713834,0.0661238738839277,-2.11780245427004E-17));
#9027=DIRECTION('',(-1.17485641968473E-17,-1.42991818884437E-16,1.));
#9028=DIRECTION('',(0.,-1.,-1.42991818884437E-16));
#9029=DIRECTION('',(-0.997811421713834,-0.0661238738839277,-2.11780245427004E-17));
#9030=DIRECTION('',(-0.0467566396216493,0.705559222639242,-0.707106781186548));
#9031=DIRECTION('',(-0.997811421713834,-0.0661238738839277,-2.11780245427004E-17));
#9032=DIRECTION('',(-0.997811421713834,-0.0661238738839277,-4.2300843922875E-17));
#9033=DIRECTION('',(-0.0467566396216492,0.705559222639241,0.707106781186548));
#9034=DIRECTION('',(0.997811421713834,0.0661238738839277,-2.11780245427004E-17));
#9035=DIRECTION('',(-0.997811421713834,-0.0661238738839276,1.32825248187272E-17));
#9036=DIRECTION('',(0.997811421713834,0.0661238738839277,3.88298694250302E-17));
#9037=DIRECTION('',(-0.0661238738839277,0.997811421713834,0.));
#9038=DIRECTION('',(0.997811421713834,0.0661238738839276,-6.26127927669099E-18));
#9039=DIRECTION('',(-0.0661238738839276,0.997811421713834,0.));
#9040=DIRECTION('',(-0.837720729797762,-0.546098872794208,0.));
#9041=DIRECTION('',(0.546098872794208,-0.837720729797762,0.));
#9042=DIRECTION('',(0.837720729797762,0.546098872794208,-5.1710182032783E-17));
#9043=DIRECTION('',(-0.546098872794208,0.837720729797762,0.));
#9044=DIRECTION('',(4.57996592758059E-17,9.4690146068603E-17,1.));
#9045=DIRECTION('',(0.,-1.,9.4690146068603E-17));
#9046=DIRECTION('',(4.57996592758059E-17,9.4690146068603E-17,1.));
#9047=DIRECTION('',(1.,5.76771127178113E-17,-4.57996592758059E-17));
#9048=DIRECTION('',(-0.997811421713834,0.0661238738839276,3.94381438593101E-17));
#9049=DIRECTION('',(0.,0.,-1.));
#9050=DIRECTION('',(-1.,0.,0.));
#9051=DIRECTION('',(0.546098872794208,0.837720729797762,0.));
#9052=DIRECTION('',(-0.837720729797762,0.546098872794208,-1.3342858039766E-17));
#9053=DIRECTION('',(-0.546098872794208,-0.837720729797762,1.04335040574123E-16));
#9054=DIRECTION('',(5.69772480504667E-17,8.74036263332337E-17,1.));
#9055=DIRECTION('',(-0.546098872794208,-0.837720729797762,1.04335040574123E-16));
#9056=DIRECTION('',(0.,0.,-1.));
#9057=DIRECTION('',(-1.,0.,0.));
#9058=DIRECTION('',(0.997811421713834,-0.0661238738839276,-5.10730825179212E-17));
#9059=DIRECTION('',(4.57996592758059E-17,9.4690146068603E-17,1.));
#9060=DIRECTION('',(1.,5.76771127178113E-17,-4.57996592758059E-17));
#9061=DIRECTION('',(-0.546098872794208,-0.837720729797762,1.04335040574123E-16));
#9062=DIRECTION('',(-0.837720729797762,0.546098872794208,-6.16297582203915E-33));
#9063=DIRECTION('',(0.546098872794208,0.837720729797762,0.));
#9064=DIRECTION('',(-0.546098872794208,-0.837720729797762,0.));
#9065=DIRECTION('',(0.,0.,-1.));
#9066=DIRECTION('',(0.,0.,-1.));
#9067=DIRECTION('',(0.837720729797762,-0.546098872794208,1.3342858039766E-17));
#9068=DIRECTION('',(0.,0.,1.));
#9069=DIRECTION('',(-0.837720729797762,0.546098872794208,-6.16297582203915E-33));
#9070=DIRECTION('',(0.837720729797762,-0.546098872794208,0.));
#9071=DIRECTION('',(0.546098872794208,0.837720729797762,0.));
#9072=DIRECTION('',(0.837720729797762,-0.546098872794208,0.));
#9073=DIRECTION('',(0.546098872794208,0.837720729797762,0.));
#9074=DIRECTION('',(0.,0.,1.));
#9075=DIRECTION('',(0.837720729797762,-0.546098872794208,0.));
#9076=DIRECTION('',(0.546098872794208,0.837720729797762,0.));
#9077=DIRECTION('',(0.,0.,-1.));
#9078=DIRECTION('',(-1.,0.,0.));
#9079=DIRECTION('',(0.0467566396216492,0.705559222639242,-0.707106781186547));
#9080=DIRECTION('',(-0.0467566396216492,-0.705559222639242,-0.707106781186548));
#9081=DIRECTION('',(0.0467566396216493,0.705559222639242,0.707106781186548));
#9082=DIRECTION('',(0.0467566396216493,0.705559222639242,-0.707106781186547));
#9083=DIRECTION('',(0.837720729797762,-0.546098872794208,0.));
#9084=DIRECTION('',(0.546098872794208,0.837720729797762,0.));
#9085=DIRECTION('',(0.837720729797762,-0.546098872794208,0.));
#9086=DIRECTION('',(0.546098872794208,0.837720729797762,0.));
#9087=DIRECTION('',(0.837720729797762,-0.546098872794208,0.));
#9088=DIRECTION('',(0.546098872794208,0.837720729797762,0.));
#9089=DIRECTION('',(0.,0.,-1.));
#9090=DIRECTION('',(0.,0.,-1.));
#9091=DIRECTION('',(-1.,0.,0.));
#9092=DIRECTION('',(0.0467566396216492,0.705559222639242,-0.707106781186547));
#9093=DIRECTION('',(-0.0467566396216492,-0.705559222639242,-0.707106781186548));
#9094=DIRECTION('',(0.0467566396216493,0.705559222639242,0.707106781186548));
#9095=DIRECTION('',(0.0467566396216493,0.705559222639242,-0.707106781186547));
#9096=DIRECTION('',(-3.40510950789586E-17,-1.42991818884437E-16,-1.));
#9097=DIRECTION('',(0.,1.,-1.42991818884437E-16));
#9098=DIRECTION('',(0.997811421713834,-0.0661238738839276,-2.45213985933007E-17));
#9099=DIRECTION('',(5.75482234726532E-17,-1.42991818884437E-16,1.));
#9100=DIRECTION('',(0.,-1.,-1.42991818884437E-16));
#9101=DIRECTION('',(-0.997811421713834,0.0661238738839276,6.68774476787015E-17));
#9102=DIRECTION('',(0.0467566396216492,0.705559222639242,-0.707106781186547));
#9103=DIRECTION('',(-0.997811421713834,0.0661238738839276,6.68774476787015E-17));
#9104=DIRECTION('',(-0.997811421713834,0.0661238738839276,4.64888368655452E-17));
#9105=DIRECTION('',(0.0467566396216493,0.705559222639242,0.707106781186548));
#9106=DIRECTION('',(0.997811421713834,-0.0661238738839276,-2.45213985933007E-17));
#9107=DIRECTION('',(-0.997811421713834,0.0661238738839276,5.38486452656254E-17));
#9108=DIRECTION('',(0.997811421713834,-0.0661238738839276,-3.94381438593101E-17));
#9109=DIRECTION('',(0.0661238738839276,0.997811421713834,0.));
#9110=DIRECTION('',(0.997811421713834,-0.0661238738839276,-5.10730825179212E-17));
#9111=DIRECTION('',(0.0661238738839276,0.997811421713834,0.));
#9112=DIRECTION('',(-0.837720729797762,0.546098872794208,-1.3342858039766E-17));
#9113=DIRECTION('',(-0.546098872794208,-0.837720729797762,0.));
#9114=DIRECTION('',(0.837720729797762,-0.546098872794208,6.16297582203915E-33));
#9115=DIRECTION('',(0.546098872794208,0.837720729797762,0.));
#9116=DIRECTION('',(0.835124650498003,-0.550060740401084,0.));
#9117=DIRECTION('',(0.550060740401084,0.835124650498003,0.));
#9118=DIRECTION('',(-0.835124650498003,0.550060740401084,0.));
#9119=DIRECTION('',(-0.550060740401084,-0.835124650498003,0.));
#9120=DIRECTION('',(1.,-8.39606162372775E-16,-8.44616642319479E-17));
#9121=DIRECTION('',(-8.44616642319479E-17,4.72126925705023E-17,-1.));
#9122=DIRECTION('',(0.,0.,-1.));
#9123=DIRECTION('',(-1.,0.,0.));
#9124=DIRECTION('',(0.,0.,-1.));
#9125=DIRECTION('',(-1.,0.,0.));
#9126=DIRECTION('',(0.,0.,-1.));
#9127=DIRECTION('',(-1.,0.,0.));
#9128=DIRECTION('',(0.,0.,-1.));
#9129=DIRECTION('',(0.,0.,-1.));
#9130=DIRECTION('',(-1.,0.,0.));
#9131=DIRECTION('',(0.,0.,-1.));
#9132=DIRECTION('',(0.,0.,-1.));
#9133=DIRECTION('',(-1.,0.,0.));
#9134=DIRECTION('',(0.,0.,-1.));
#9135=DIRECTION('',(0.,0.,-1.));
#9136=DIRECTION('',(-1.,0.,0.));
#9137=DIRECTION('',(0.,0.,-1.));
#9138=DIRECTION('',(0.,0.,-1.));
#9139=DIRECTION('',(-1.,0.,0.));
#9140=DIRECTION('',(-1.21972744404619E-16,1.,0.));
#9141=DIRECTION('',(0.,0.,-1.));
#9142=DIRECTION('',(-1.,0.,0.));
#9143=DIRECTION('',(0.,0.,-1.));
#9144=DIRECTION('',(-1.,0.,0.));
#9145=DIRECTION('',(1.21972744404619E-16,-1.,0.));
#9146=DIRECTION('',(0.,0.,-1.));
#9147=DIRECTION('',(-1.,0.,0.));
#9148=DIRECTION('',(0.,0.,-1.));
#9149=DIRECTION('',(-1.,0.,0.));
#9150=DIRECTION('',(0.,0.,-1.));
#9151=DIRECTION('',(-1.,0.,0.));
#9152=DIRECTION('',(0.,0.,-1.));
#9153=DIRECTION('',(-1.,0.,0.));
#9154=DIRECTION('',(0.,0.,1.));
#9155=DIRECTION('',(1.,0.,0.));
#9156=DIRECTION('',(0.,0.,-1.));
#9157=DIRECTION('',(-1.,0.,0.));
#9158=DIRECTION('',(0.,0.,-1.));
#9159=DIRECTION('',(-1.,0.,0.));
#9160=DIRECTION('',(0.,0.,-1.));
#9161=DIRECTION('',(-1.,0.,0.));
#9162=DIRECTION('',(0.,0.,-1.));
#9163=DIRECTION('',(-1.,0.,0.));
#9164=DIRECTION('',(1.,1.21972744404619E-16,0.));
#9165=DIRECTION('',(-1.21972744404619E-16,1.,0.));
#9166=DIRECTION('',(-1.21972744404619E-16,1.,0.));
#9167=DIRECTION('',(-1.,-1.21972744404619E-16,0.));
#9168=DIRECTION('',(1.21972744404619E-16,-1.,0.));
#9169=DIRECTION('',(1.21972744404619E-16,-1.,0.));
#9170=DIRECTION('',(0.,0.,-1.));
#9171=DIRECTION('',(-1.,0.,0.));
#9172=DIRECTION('',(0.,0.,-1.));
#9173=DIRECTION('',(-1.,0.,0.));
#9174=DIRECTION('',(0.,0.,1.));
#9175=DIRECTION('',(0.,1.,0.));
#9176=DIRECTION('',(0.,0.,1.));
#9177=DIRECTION('',(0.,1.,0.));
#9178=DIRECTION('',(0.,0.,1.));
#9179=DIRECTION('',(1.,0.,0.));
#9180=DIRECTION('',(0.,0.,1.));
#9181=DIRECTION('',(1.,0.,0.));
#9182=DIRECTION('',(0.,0.,-1.));
#9183=DIRECTION('',(-1.,0.,0.));
#9184=DIRECTION('',(0.,0.,1.));
#9185=DIRECTION('',(1.,0.,0.));
#9186=DIRECTION('',(-9.5896396266644E-17,2.80577028157429E-17,1.));
#9187=DIRECTION('',(1.,-1.11022302462516E-16,9.5896396266644E-17));
#9188=DIRECTION('',(-9.5896396266644E-17,2.80577028157429E-17,1.));
#9189=DIRECTION('',(1.,-1.11022302462516E-16,9.5896396266644E-17));
#9190=DIRECTION('',(0.,0.,1.));
#9191=DIRECTION('',(1.,-1.66533453693774E-16,0.));
#9192=DIRECTION('',(1.,-8.39606162372775E-16,-8.44616642319479E-17));
#9193=DIRECTION('',(-8.44616642319479E-17,4.72126925705023E-17,-1.));
#9194=DIRECTION('',(0.,0.,-1.));
#9195=DIRECTION('',(-1.,0.,0.));
#9196=DIRECTION('',(1.,1.35525271560688E-16,0.));
#9197=DIRECTION('',(0.,1.,0.));
#9198=DIRECTION('',(-1.,1.18584612615602E-16,0.));
#9199=DIRECTION('',(0.,-1.,0.));
#9200=DIRECTION('',(0.,1.,0.));
#9201=DIRECTION('',(-1.,0.,0.));
#9202=DIRECTION('',(0.,-1.,0.));
#9203=DIRECTION('',(-1.,0.,0.));
#9204=DIRECTION('',(0.,-1.,0.));
#9205=DIRECTION('',(-1.,0.,0.));
#9206=DIRECTION('',(0.,1.,0.));
#9207=DIRECTION('',(-1.,0.,0.));
#9208=DIRECTION('',(0.,-1.,0.));
#9209=DIRECTION('',(1.,-1.35525271560688E-16,0.));
#9210=DIRECTION('',(0.,1.,0.));
#9211=DIRECTION('',(-1.,-1.18584612615602E-16,0.));
#9212=DIRECTION('',(0.,0.,1.));
#9213=DIRECTION('',(1.,0.,0.));
#9214=DIRECTION('',(1.,0.,0.));
#9215=DIRECTION('',(0.,-1.,0.));
#9216=DIRECTION('',(-1.,0.,0.));
#9217=DIRECTION('',(0.,1.,0.));
#9218=DIRECTION('',(0.,1.,0.));
#9219=DIRECTION('',(-1.,0.,0.));
#9220=DIRECTION('',(0.,1.,0.));
#9221=DIRECTION('',(-1.,0.,0.));
#9222=DIRECTION('',(0.,1.,0.));
#9223=DIRECTION('',(1.,0.,0.));
#9224=DIRECTION('',(0.,-1.,0.));
#9225=DIRECTION('',(-1.,0.,0.));
#9226=DIRECTION('',(0.993372765600396,-0.114937150492867,0.));
#9227=DIRECTION('',(0.114937150492867,0.993372765600396,0.));
#9228=DIRECTION('',(0.107811485731811,0.931787444578622,0.346624929383247));
#9229=DIRECTION('',(0.,0.,1.));
#9230=DIRECTION('',(-0.0840070923639859,-0.726052084237462,0.682488959183214));
#9231=DIRECTION('',(2.61346815488456E-17,2.25875452601147E-16,-1.));
#9232=DIRECTION('',(-0.962217993529285,-0.272280247040574,-3.267111221445E-17));
#9233=DIRECTION('',(0.272280247040574,-0.962217993529285,0.));
#9234=DIRECTION('',(-0.20193337014848,0.713617401051947,-0.67080035698883));
#9235=DIRECTION('',(0.,-1.1999075426717E-16,1.));
#9236=DIRECTION('',(0.25635251577166,-0.905930584546714,-0.337006177451378));
#9237=DIRECTION('',(2.99623495029916E-17,-2.25875452601147E-16,1.));
#9238=DIRECTION('',(0.,0.681418527918843,0.73189397443135));
#9239=DIRECTION('',(0.,-0.73189397443135,0.681418527918843));
#9240=DIRECTION('',(1.,0.,0.));
#9241=DIRECTION('',(0.,-0.73189397443135,0.681418527918843));
#9242=DIRECTION('',(1.,0.,0.));
#9243=DIRECTION('',(0.,-0.73189397443135,0.681418527918843));
#9244=DIRECTION('',(1.,0.,0.));
#9245=DIRECTION('',(0.,-0.73189397443135,0.681418527918843));
#9246=DIRECTION('',(1.,0.,0.));
#9247=DIRECTION('',(0.,0.73189397443135,-0.681418527918843));
#9248=DIRECTION('',(0.,-2.16840434497101E-16,1.));
#9249=DIRECTION('',(0.,-1.,-2.16840434497101E-16));
#9250=DIRECTION('',(0.,1.,1.04548066632531E-16));
#9251=DIRECTION('',(1.,0.,0.));
#9252=DIRECTION('',(0.,-1.,-2.16840434497101E-16));
#9253=DIRECTION('',(0.,-2.16840434497101E-16,1.));
#9254=DIRECTION('',(0.,-1.,-2.16840434497101E-16));
#9255=DIRECTION('',(1.,0.,0.));
#9256=DIRECTION('',(0.,1.,1.04548066632531E-16));
#9257=DIRECTION('',(0.,-1.,-2.16840434497101E-16));
#9258=DIRECTION('',(0.,1.,0.));
#9259=DIRECTION('',(0.,0.,1.));
#9260=DIRECTION('',(-1.,0.,0.));
#9261=DIRECTION('',(0.,0.,-1.));
#9262=DIRECTION('',(-1.,0.,0.));
#9263=DIRECTION('',(0.,0.,-1.));
#9264=DIRECTION('',(0.,0.,1.));
#9265=DIRECTION('',(-1.,0.,0.));
#9266=DIRECTION('',(0.,0.,1.));
#9267=DIRECTION('',(-1.,0.,0.));
#9268=DIRECTION('',(0.,3.85151748662701E-17,1.));
#9269=DIRECTION('',(-1.,0.,0.));
#9270=DIRECTION('',(0.,3.85151748662701E-17,1.));
#9271=DIRECTION('',(-1.,0.,0.));
#9272=DIRECTION('',(0.,-1.1999075426717E-16,1.));
#9273=DIRECTION('',(1.,0.,0.));
#9274=DIRECTION('',(0.,1.1999075426717E-16,-1.));
#9275=DIRECTION('',(-1.,0.,0.));
#9276=DIRECTION('',(0.,1.81304711117977E-17,1.));
#9277=DIRECTION('',(-1.,0.,0.));
#9278=DIRECTION('',(0.,1.81304711117977E-17,1.));
#9279=DIRECTION('',(0.,0.,-1.));
#9280=DIRECTION('',(0.,0.,-1.));
#9281=DIRECTION('',(0.,-3.85151748662701E-17,-1.));
#9282=DIRECTION('',(0.,-1.1999075426717E-16,1.));
#9283=DIRECTION('',(1.,0.,0.));
#9284=DIRECTION('',(0.,1.1999075426717E-16,-1.));
#9285=DIRECTION('',(0.,-3.85151748662701E-17,-1.));
#9286=DIRECTION('',(1.,0.,0.));
#9287=DIRECTION('',(0.,0.,-1.));
#9288=DIRECTION('',(1.,0.,0.));
#9289=DIRECTION('',(0.,0.,-1.));
#9290=DIRECTION('',(1.,0.,0.));
#9291=DIRECTION('',(1.,0.,0.));
#9292=DIRECTION('',(0.,0.,1.));
#9293=DIRECTION('',(1.,0.,0.));
#9294=DIRECTION('',(0.,0.,1.));
#9295=DIRECTION('',(0.,-1.,-2.25875452601147E-16));
#9296=DIRECTION('',(0.,2.25875452601147E-16,-1.));
#9297=DIRECTION('',(-1.,0.,0.));
#9298=DIRECTION('',(2.61346815488456E-17,-2.25875452601147E-16,1.));
#9299=DIRECTION('',(-1.,0.,0.));
#9300=DIRECTION('',(2.99623495029916E-17,2.25875452601147E-16,-1.));
#9301=DIRECTION('',(0.,-2.25875452601147E-16,1.));
#9302=DIRECTION('',(0.,-2.25875452601147E-16,1.));
#9303=DIRECTION('',(-1.,0.,0.));
#9304=DIRECTION('',(1.,0.,0.));
#9305=DIRECTION('',(1.,0.,0.));
#9306=DIRECTION('',(-1.,0.,0.));
#9307=DIRECTION('',(0.,0.,1.));
#9308=DIRECTION('',(0.,-1.,-1.73472347597681E-15));
#9309=DIRECTION('',(0.,0.,1.));
#9310=DIRECTION('',(0.,1.,0.));
#9311=DIRECTION('',(-1.,0.,0.));
#9312=DIRECTION('',(0.,0.,1.));
#9313=DIRECTION('',(0.,1.,0.));
#9314=DIRECTION('',(0.,-1.1999075426717E-16,1.));
#9315=DIRECTION('',(0.,-1.,-1.73472347597681E-15));
#9316=DIRECTION('',(0.,0.681418527918843,0.73189397443135));
#9317=DIRECTION('',(0.,-0.73189397443135,0.681418527918843));
#9318=DIRECTION('',(-1.,0.,0.));
#9319=DIRECTION('',(0.,0.73189397443135,-0.681418527918843));
#9320=DIRECTION('',(1.,0.,0.));
#9321=DIRECTION('',(0.,-0.73189397443135,0.681418527918843));
#9322=DIRECTION('',(-1.,0.,0.));
#9323=DIRECTION('',(0.,0.73189397443135,-0.681418527918843));
#9324=DIRECTION('',(-1.,0.,0.));
#9325=DIRECTION('',(0.,0.73189397443135,-0.681418527918843));
#9326=DIRECTION('',(0.,-2.16840434497101E-16,1.));
#9327=DIRECTION('',(0.,-1.,-2.16840434497101E-16));
#9328=DIRECTION('',(0.,1.,1.04548066632531E-16));
#9329=DIRECTION('',(0.,1.,2.16840434497101E-16));
#9330=DIRECTION('',(0.,-2.16840434497101E-16,1.));
#9331=DIRECTION('',(0.,-1.,-2.16840434497101E-16));
#9332=DIRECTION('',(0.,1.,1.04548066632531E-16));
#9333=DIRECTION('',(0.,1.,2.16840434497101E-16));
#9334=DIRECTION('',(0.,-0.97600037380915,0.217768846083178));
#9335=DIRECTION('',(0.,-0.217768846083178,-0.97600037380915));
#9336=DIRECTION('',(0.,0.217768846083178,0.97600037380915));
#9337=DIRECTION('',(0.,0.217768846083178,0.97600037380915));
#9338=DIRECTION('',(-1.,0.,0.));
#9339=DIRECTION('',(0.,0.,1.));
#9340=DIRECTION('',(-1.,0.,0.));
#9341=DIRECTION('',(0.,0.,1.));
#9342=DIRECTION('',(0.,0.,-1.));
#9343=DIRECTION('',(-1.,0.,0.));
#9344=DIRECTION('',(0.,-1.,0.));
#9345=DIRECTION('',(0.,-1.,0.));
#9346=DIRECTION('',(-1.,0.,0.));
#9347=DIRECTION('',(0.,0.976000373809151,-0.217768846083178));
#9348=DIRECTION('',(0.,0.217768846083178,0.976000373809151));
#9349=DIRECTION('',(0.,-0.217768846083178,-0.976000373809151));
#9350=DIRECTION('',(0.,-0.217768846083178,-0.976000373809151));
#9351=DIRECTION('',(-1.,0.,0.));
#9352=DIRECTION('',(0.,1.,1.27054942088145E-16));
#9353=DIRECTION('',(0.,-1.27054942088145E-16,1.));
#9354=DIRECTION('',(0.,1.27054942088145E-16,-1.));
#9355=DIRECTION('',(0.,1.27054942088145E-16,-1.));
#9356=DIRECTION('',(1.,0.,0.));
#9357=DIRECTION('',(0.,0.,-1.));
#9358=DIRECTION('',(1.,0.,0.));
#9359=DIRECTION('',(0.,0.,-1.));
#9360=DIRECTION('',(0.,0.976000373809151,-0.217768846083178));
#9361=DIRECTION('',(0.,0.217768846083178,0.976000373809151));
#9362=DIRECTION('',(0.,-0.217768846083178,-0.976000373809151));
#9363=DIRECTION('',(-1.,0.,0.));
#9364=DIRECTION('',(0.,-0.217768846083178,-0.976000373809151));
#9365=DIRECTION('',(0.,0.,-1.));
#9366=DIRECTION('',(-1.,0.,0.));
#9367=DIRECTION('',(0.,-1.,0.));
#9368=DIRECTION('',(0.,-1.,0.));
#9369=DIRECTION('',(1.,0.,0.));
#9370=DIRECTION('',(0.,0.,-1.));
#9371=DIRECTION('',(1.,0.,0.));
#9372=DIRECTION('',(0.,0.,-1.));
#9373=DIRECTION('',(0.,0.,1.));
#9374=DIRECTION('',(1.,0.,0.));
#9375=DIRECTION('',(0.,1.,0.));
#9376=DIRECTION('',(-1.,0.,0.));
#9377=DIRECTION('',(0.,1.,0.));
#9378=DIRECTION('',(0.,1.0842021724855E-16,-1.));
#9379=DIRECTION('',(0.,1.,1.0842021724855E-16));
#9380=DIRECTION('',(0.,-1.,-1.0842021724855E-16));
#9381=DIRECTION('',(0.,-1.,-1.0842021724855E-16));
#9382=DIRECTION('',(-1.,0.,0.));
#9383=DIRECTION('',(0.,1.,0.));
#9384=DIRECTION('',(0.,0.,1.));
#9385=DIRECTION('',(0.,0.,-1.));
#9386=DIRECTION('',(0.,0.,-1.));
#9387=DIRECTION('',(1.,0.,0.));
#9388=DIRECTION('',(0.,0.,-1.));
#9389=DIRECTION('',(1.,0.,0.));
#9390=DIRECTION('',(0.,0.,-1.));
#9391=DIRECTION('',(0.,1.73472347597681E-15,-1.));
#9392=DIRECTION('',(0.,1.,1.73472347597681E-15));
#9393=DIRECTION('',(-1.,0.,0.));
#9394=DIRECTION('',(0.,0.348657127931214,-0.937250343901114));
#9395=DIRECTION('',(0.,0.937250343901114,0.348657127931214));
#9396=DIRECTION('',(0.25635251577166,0.905930584546714,0.337006177451378));
#9397=DIRECTION('',(0.107811485731811,-0.931787444578622,-0.346624929383247));
#9398=DIRECTION('',(0.,0.684910008767887,0.728627668902007));
#9399=DIRECTION('',(0.,-0.728627668902007,0.684910008767887));
#9400=DIRECTION('',(-0.20193337014848,-0.713617401051947,0.67080035698883));
#9401=DIRECTION('',(-1.,0.,0.));
#9402=DIRECTION('',(-0.0840070923639859,0.726052084237462,-0.682488959183214));
#9403=DIRECTION('',(0.,0.,1.));
#9404=DIRECTION('',(1.,0.,0.));
#9405=DIRECTION('',(-0.993372765600396,-0.114937150492867,0.));
#9406=DIRECTION('',(0.114937150492867,-0.993372765600396,0.));
#9407=DIRECTION('',(0.962217993529285,-0.272280247040574,-3.267111221445E-17));
#9408=DIRECTION('',(0.272280247040574,0.962217993529285,0.));
#9409=DIRECTION('',(-1.,0.,0.));
#9410=DIRECTION('',(0.,0.,1.));
#9411=DIRECTION('',(0.,1.,1.04548066632531E-16));
#9412=DIRECTION('',(0.,1.04548066632531E-16,-1.));
#9413=DIRECTION('',(0.,1.,1.04548066632531E-16));
#9414=DIRECTION('',(0.,1.,1.04548066632531E-16));
#9415=DIRECTION('',(1.,0.,0.));
#9416=DIRECTION('',(0.,0.,-1.));
#9417=DIRECTION('',(1.,0.,0.));
#9418=DIRECTION('',(0.,0.,-1.));
#9419=DIRECTION('',(0.,0.707106781186547,0.707106781186548));
#9420=DIRECTION('',(0.,-1.,0.));
#9421=DIRECTION('',(0.,0.,-1.));
#9422=DIRECTION('',(-1.,0.,0.));
#9423=DIRECTION('',(0.,0.,1.));
#9424=DIRECTION('',(0.,1.,0.));
#9425=DIRECTION('',(0.,-0.707106781186547,-0.707106781186548));
#9426=DIRECTION('',(0.,0.,-1.));
#9427=DIRECTION('',(0.,-1.,0.));
#9428=DIRECTION('',(0.,0.,-1.));
#9429=DIRECTION('',(-1.,0.,0.));
#9430=DIRECTION('',(0.,0.,1.));
#9431=DIRECTION('',(1.,0.,0.));
#9432=DIRECTION('',(1.,0.,0.));
#9433=DIRECTION('',(1.,0.,0.));
#9434=DIRECTION('',(0.,0.,-1.));
#9435=DIRECTION('',(0.,1.,0.));
#9436=DIRECTION('',(0.,-0.707106781186547,0.707106781186548));
#9437=DIRECTION('',(0.,0.,1.));
#9438=DIRECTION('',(1.35525271560688E-16,-1.,0.));
#9439=DIRECTION('',(1.,1.35525271560688E-16,0.));
#9440=DIRECTION('',(0.,0.,1.));
#9441=DIRECTION('',(1.,1.35525271560688E-16,0.));
#9442=DIRECTION('',(-1.,0.,0.));
#9443=DIRECTION('',(0.,0.,1.));
#9444=DIRECTION('',(0.,0.707106781186547,-0.707106781186548));
#9445=DIRECTION('',(0.,-1.,0.));
#9446=DIRECTION('',(0.,0.,-1.));
#9447=DIRECTION('',(-1.,0.,0.));
#9448=DIRECTION('',(-1.,1.18584612615602E-16,0.));
#9449=DIRECTION('',(-8.3851983724872E-17,-0.707106781186548,-0.707106781186547));
#9450=DIRECTION('',(1.,-1.18584612615602E-16,0.));
#9451=DIRECTION('',(0.,-0.707106781186548,0.707106781186547));
#9452=DIRECTION('',(-1.,0.,0.));
#9453=DIRECTION('',(0.,0.976000373809151,-0.217768846083178));
#9454=DIRECTION('',(0.,0.217768846083178,0.976000373809151));
#9455=DIRECTION('',(0.,0.217768846083178,0.976000373809151));
#9456=DIRECTION('',(0.,0.217768846083178,0.976000373809151));
#9457=DIRECTION('',(1.,0.,0.));
#9458=DIRECTION('',(0.,0.,-1.));
#9459=DIRECTION('',(-1.,0.,0.));
#9460=DIRECTION('',(0.,1.,0.));
#9461=DIRECTION('',(0.,1.,0.));
#9462=DIRECTION('',(-1.,0.,0.));
#9463=DIRECTION('',(0.,0.,1.));
#9464=DIRECTION('',(-1.,0.,0.));
#9465=DIRECTION('',(0.,0.,1.));
#9466=DIRECTION('',(0.,0.,1.));
#9467=DIRECTION('',(1.,0.,0.));
#9468=DIRECTION('',(0.,-1.,0.));
#9469=DIRECTION('',(0.,-1.,0.));
#9470=DIRECTION('',(1.,0.,0.));
#9471=DIRECTION('',(0.,1.,0.));
#9472=DIRECTION('',(0.,0.,1.));
#9473=DIRECTION('',(0.,0.,1.));
#9474=DIRECTION('',(0.,0.,1.));
#9475=DIRECTION('',(1.,0.,0.));
#9476=DIRECTION('',(0.,1.0842021724855E-16,-1.));
#9477=DIRECTION('',(0.,1.,1.0842021724855E-16));
#9478=DIRECTION('',(0.,1.,1.0842021724855E-16));
#9479=DIRECTION('',(0.,1.,1.0842021724855E-16));
#9480=DIRECTION('',(-1.,0.,0.));
#9481=DIRECTION('',(0.,0.,1.));
#9482=DIRECTION('',(-1.,0.,0.));
#9483=DIRECTION('',(0.,0.,1.));
#9484=DIRECTION('',(0.,1.73472347597681E-15,-1.));
#9485=DIRECTION('',(0.,1.,1.73472347597681E-15));
#9486=DIRECTION('',(0.,1.,1.73472347597681E-15));
#9487=DIRECTION('',(0.,1.,1.73472347597681E-15));
#9488=DIRECTION('',(1.,0.,0.));
#9489=DIRECTION('',(0.,0.,1.));
#9490=DIRECTION('',(1.,0.,0.));
#9491=DIRECTION('',(0.,-1.,0.));
#9492=DIRECTION('',(1.,0.,0.));
#9493=DIRECTION('',(0.,-1.,0.));
#9494=DIRECTION('',(0.,0.684910008767887,0.728627668902007));
#9495=DIRECTION('',(0.,-0.728627668902007,0.684910008767887));
#9496=DIRECTION('',(0.,0.348657127931214,-0.937250343901114));
#9497=DIRECTION('',(0.,0.937250343901114,0.348657127931214));
#9498=DIRECTION('',(1.,0.,0.));
#9499=DIRECTION('',(0.,0.,-1.));
#9500=DIRECTION('',(1.,0.,0.));
#9501=DIRECTION('',(0.,0.,-1.));
#9502=DIRECTION('',(1.,0.,0.));
#9503=DIRECTION('',(0.,0.,-1.));
#9504=DIRECTION('',(0.,1.,1.04548066632531E-16));
#9505=DIRECTION('',(-1.,0.,0.));
#9506=DIRECTION('',(0.,0.,1.));
#9507=DIRECTION('',(0.,1.,1.04548066632531E-16));
#9508=DIRECTION('',(0.,1.04548066632531E-16,-1.));
#9509=DIRECTION('',(0.,1.,1.04548066632531E-16));
#9510=DIRECTION('',(-1.,0.,0.));
#9511=DIRECTION('',(0.,0.,1.));
#9512=DIRECTION('',(0.,1.,0.));
#9513=DIRECTION('',(0.,-0.707106781186547,-0.707106781186548));
#9514=DIRECTION('',(0.,0.,-1.));
#9515=DIRECTION('',(0.,-1.,0.));
#9516=DIRECTION('',(0.,0.,-1.));
#9517=DIRECTION('',(0.,0.,-1.));
#9518=DIRECTION('',(-1.,0.,0.));
#9519=DIRECTION('',(1.,0.,0.));
#9520=DIRECTION('',(0.,0.,-1.));
#9521=DIRECTION('',(0.,0.707106781186547,0.707106781186548));
#9522=DIRECTION('',(0.,-1.,0.));
#9523=DIRECTION('',(0.,0.,1.));
#9524=DIRECTION('',(1.,0.,0.));
#9525=DIRECTION('',(1.,0.,0.));
#9526=DIRECTION('',(-1.35525271560688E-16,-1.,0.));
#9527=DIRECTION('',(1.,-1.35525271560688E-16,0.));
#9528=DIRECTION('',(0.,0.,1.));
#9529=DIRECTION('',(1.,-1.35525271560688E-16,0.));
#9530=DIRECTION('',(0.,0.,1.));
#9531=DIRECTION('',(-1.,0.,0.));
#9532=DIRECTION('',(0.,0.,1.));
#9533=DIRECTION('',(0.,0.707106781186547,-0.707106781186548));
#9534=DIRECTION('',(0.,-1.,0.));
#9535=DIRECTION('',(1.,0.,0.));
#9536=DIRECTION('',(0.,0.,-1.));
#9537=DIRECTION('',(0.,1.,0.));
#9538=DIRECTION('',(0.,-0.707106781186547,0.707106781186548));
#9539=DIRECTION('',(0.,0.,-1.));
#9540=DIRECTION('',(-1.,0.,0.));
#9541=DIRECTION('',(-1.,-1.18584612615602E-16,0.));
#9542=DIRECTION('',(8.3851983724872E-17,-0.707106781186548,-0.707106781186547));
#9543=DIRECTION('',(1.,1.18584612615602E-16,0.));
#9544=DIRECTION('',(0.,-0.707106781186548,0.707106781186547));
#9545=DIRECTION('',(-1.,0.,0.));
#9546=DIRECTION('',(3.21648474744109E-17,1.38777878078145E-16,1.));
#9547=DIRECTION('',(1.,9.03899971383506E-18,-3.21648474744109E-17));
#9548=CARTESIAN_POINT('',(0.,0.,0.));
#9549=CARTESIAN_POINT('',(-5.08,0.,0.));
#9550=CARTESIAN_POINT('',(-5.08,5.15000000000001,-2.625));
#9551=CARTESIAN_POINT('',(-5.08,5.15,-2.625));
#9552=CARTESIAN_POINT('',(-5.08,13.75,-2.625));
#9553=CARTESIAN_POINT('',(-5.08,5.15,2.275));
#9554=CARTESIAN_POINT('',(-5.08,5.15,2.275));
#9555=CARTESIAN_POINT('',(-5.08,4.85,2.275));
#9556=CARTESIAN_POINT('',(-5.08,13.75,2.275));
#9557=CARTESIAN_POINT('',(-5.08,13.75,2.275));
#9558=CARTESIAN_POINT('',(5.08,4.85,2.575));
#9559=CARTESIAN_POINT('',(5.08,5.15,2.275));
#9560=CARTESIAN_POINT('',(0.0199999999999992,5.15,2.275));
#9561=CARTESIAN_POINT('',(1.215,5.15,2.275));
#9562=CARTESIAN_POINT('',(0.0199999999999992,4.85,2.575));
#9563=CARTESIAN_POINT('',(0.0199999999999992,4.85,2.575));
#9564=CARTESIAN_POINT('',(-5.08,4.85,2.575));
#9565=CARTESIAN_POINT('',(5.08,4.85,2.575));
#9566=CARTESIAN_POINT('',(5.08,3.7125,3.7125));
#9567=CARTESIAN_POINT('',(5.08,5.15,2.275));
#9568=CARTESIAN_POINT('',(5.08,5.15,2.275));
#9569=CARTESIAN_POINT('',(3.865,5.15,2.275));
#9570=CARTESIAN_POINT('',(1.215,5.15,2.275));
#9571=CARTESIAN_POINT('',(-0.500000000000001,-1.25,9.4));
#9572=CARTESIAN_POINT('',(-0.499999999999998,-1.25,-3.25));
#9573=CARTESIAN_POINT('',(-0.499999999999998,4.45,-3.25));
#9574=CARTESIAN_POINT('',(-0.499999999999998,-0.550000000000005,-3.25));
#9575=CARTESIAN_POINT('',(-0.500000000000001,-0.550000000000004,9.4));
#9576=CARTESIAN_POINT('',(-0.5,-0.550000000000002,6.85));
#9577=CARTESIAN_POINT('',(-0.5,3.75,6.85));
#9578=CARTESIAN_POINT('',(-0.5,3.75,6.85));
#9579=CARTESIAN_POINT('',(-0.5,3.75,6.85));
#9580=CARTESIAN_POINT('',(-0.5,3.75,0.95));
#9581=CARTESIAN_POINT('',(-0.5,4.95,0.95));
#9582=CARTESIAN_POINT('',(-0.5,11.55,0.950000000000001));
#9583=CARTESIAN_POINT('',(-0.5,11.55,0.950000000000001));
#9584=CARTESIAN_POINT('',(-0.5,11.55,-0.399999999999999));
#9585=CARTESIAN_POINT('',(-0.5,5.65,-0.4));
#9586=CARTESIAN_POINT('',(-0.5,5.65,-0.4));
#9587=CARTESIAN_POINT('',(-0.5,5.65,-0.9));
#9588=CARTESIAN_POINT('',(-0.499999999999999,5.65,-0.9));
#9589=CARTESIAN_POINT('',(-0.500000000000001,5.65,-0.9));
#9590=CARTESIAN_POINT('',(-0.5,11.55,-0.9));
#9591=CARTESIAN_POINT('',(-0.5,11.55,0.950000000000001));
#9592=CARTESIAN_POINT('',(-0.5,11.55,-2.15));
#9593=CARTESIAN_POINT('',(-0.5,11.55,-2.15));
#9594=CARTESIAN_POINT('',(-0.5,4.95,-2.15));
#9595=CARTESIAN_POINT('',(-0.5,4.95,0.95));
#9596=CARTESIAN_POINT('',(-0.5,4.95,-2.75));
#9597=CARTESIAN_POINT('',(-0.499999999999999,7.92499999999999,0.224999999999989));
#9598=CARTESIAN_POINT('',(0.499999999999998,-1.25,-3.25));
#9599=CARTESIAN_POINT('',(0.499999999999998,3.75,6.85));
#9600=CARTESIAN_POINT('',(0.499999999999998,3.75,6.85));
#9601=CARTESIAN_POINT('',(0.499999999999997,-0.550000000000001,6.85));
#9602=CARTESIAN_POINT('',(0.499999999999998,-0.550000000000004,-3.25));
#9603=CARTESIAN_POINT('',(0.499999999999998,-0.550000000000004,-3.25));
#9604=CARTESIAN_POINT('',(0.499999999999998,-1.25,-3.25));
#9605=CARTESIAN_POINT('',(0.499999999999998,4.45,-3.25));
#9606=CARTESIAN_POINT('',(0.499999999999998,1.6,-6.1));
#9607=CARTESIAN_POINT('',(0.499999999999998,4.95,-2.75));
#9608=CARTESIAN_POINT('',(0.499999999999998,4.95,-3.25));
#9609=CARTESIAN_POINT('',(0.499999999999998,4.95,-2.15));
#9610=CARTESIAN_POINT('',(0.499999999999997,11.55,-2.15));
#9611=CARTESIAN_POINT('',(0.499999999999997,11.55,-2.15));
#9612=CARTESIAN_POINT('',(0.499999999999997,11.55,-2.15));
#9613=CARTESIAN_POINT('',(0.499999999999997,11.55,-0.9));
#9614=CARTESIAN_POINT('',(0.499999999999997,5.65,-0.9));
#9615=CARTESIAN_POINT('',(0.499999999999997,5.65,-0.9));
#9616=CARTESIAN_POINT('',(0.499999999999997,5.65,-0.9));
#9617=CARTESIAN_POINT('',(0.499999999999998,5.65,-0.400000000000001));
#9618=CARTESIAN_POINT('',(0.499999999999997,5.65,-0.400000000000001));
#9619=CARTESIAN_POINT('',(0.499999999999997,11.55,-0.4));
#9620=CARTESIAN_POINT('',(0.499999999999997,11.55,-2.15));
#9621=CARTESIAN_POINT('',(0.499999999999997,11.55,0.950000000000001));
#9622=CARTESIAN_POINT('',(0.499999999999999,4.95,0.950000000000001));
#9623=CARTESIAN_POINT('',(0.499999999999999,3.75,0.950000000000001));
#9624=CARTESIAN_POINT('',(0.499999999999998,3.75,-3.25));
#9625=CARTESIAN_POINT('',(-0.500000000000001,-0.550000000000004,8.6));
#9626=CARTESIAN_POINT('',(-0.122231785096337,-4.14422447581451,-3.25));
#9627=CARTESIAN_POINT('',(-0.174176870676401,-3.65,-3.25));
#9628=CARTESIAN_POINT('',(-0.174176870676404,-3.65,8.6));
#9629=CARTESIAN_POINT('',(-0.174176870676403,-3.65,4.45));
#9630=CARTESIAN_POINT('',(-0.286905377427706,-2.57745990238783,9.07532917095247));
#9631=CARTESIAN_POINT('',(-0.258260258888946,-2.85,7.9));
#9632=CARTESIAN_POINT('',(-0.500000000000001,-0.550000000000004,7.9));
#9633=CARTESIAN_POINT('',(-0.500000000000001,-0.550000000000003,7.9));
#9634=CARTESIAN_POINT('',(-0.500000000000001,-0.550000000000004,9.4));
#9635=CARTESIAN_POINT('',(0.,-3.65,-3.51763371517519E-16));
#9636=CARTESIAN_POINT('',(-0.600000000000002,-3.65,4.45));
#9637=CARTESIAN_POINT('',(0.174176870676401,-3.65,4.45));
#9638=CARTESIAN_POINT('',(4.58,-3.65,-3.25));
#9639=CARTESIAN_POINT('',(0.174176870676401,-3.65,-3.25));
#9640=CARTESIAN_POINT('',(0.174176870676401,-3.65,8.6));
#9641=CARTESIAN_POINT('',(0.499999999999998,-0.550000000000004,8.6));
#9642=CARTESIAN_POINT('',(0.499999999999995,-0.549999999999997,9.4));
#9643=CARTESIAN_POINT('',(0.499999999999998,-0.550000000000003,7.9));
#9644=CARTESIAN_POINT('',(0.499999999999998,-0.550000000000004,7.9));
#9645=CARTESIAN_POINT('',(0.258260258888943,-2.85,7.9));
#9646=CARTESIAN_POINT('',(0.286905377427702,-2.57745990238783,9.07532917095247));
#9647=CARTESIAN_POINT('',(0.499999999999998,-0.550000000000003,-3.25));
#9648=CARTESIAN_POINT('',(-2.54,2.07257142857142,9.4));
#9649=CARTESIAN_POINT('',(-2.54,2.07257142857142,7.9));
#9650=CARTESIAN_POINT('',(-0.600000000000002,-0.624812655677458,7.9));
#9651=CARTESIAN_POINT('',(-0.600000000000002,-0.624812655677458,9.4));
#9652=CARTESIAN_POINT('',(-0.600000000000002,-0.624812655677458,9.4));
#9653=CARTESIAN_POINT('',(-2.54,2.07257142857142,9.4));
#9654=CARTESIAN_POINT('',(-4.58000000000001,-0.549999999999996,9.4));
#9655=CARTESIAN_POINT('',(-4.58000000000001,-0.549999999999996,9.4));
#9656=CARTESIAN_POINT('',(-4.58000000000001,-0.549999999999996,6.85));
#9657=CARTESIAN_POINT('',(-2.54,2.07257142857142,6.85));
#9658=CARTESIAN_POINT('',(5.08,-3.85,10.65));
#9659=CARTESIAN_POINT('',(-2.54,1.04999999999999,10.65));
#9660=CARTESIAN_POINT('',(-0.640000000000001,1.04999999999999,10.65));
#9661=CARTESIAN_POINT('',(2.54,1.04999999999999,10.65));
#9662=CARTESIAN_POINT('',(4.44,1.04999999999999,10.65));
#9663=CARTESIAN_POINT('',(5.08,4.55,10.65));
#9664=CARTESIAN_POINT('',(5.08,4.55,10.65));
#9665=CARTESIAN_POINT('',(-5.18,4.55,10.65));
#9666=CARTESIAN_POINT('',(-5.18,-3.85,10.65));
#9667=CARTESIAN_POINT('',(-5.18,-3.85,10.65));
#9668=CARTESIAN_POINT('',(5.08,-3.85,10.65));
#9669=CARTESIAN_POINT('',(5.08,-3.85,10.65));
#9670=CARTESIAN_POINT('',(5.08,-3.85,10.65));
#9671=CARTESIAN_POINT('',(3.54,-3.05,10.65));
#9672=CARTESIAN_POINT('',(3.54,-3.05,10.65));
#9673=CARTESIAN_POINT('',(1.54,-3.05,10.65));
#9674=CARTESIAN_POINT('',(1.54,-3.05,10.65));
#9675=CARTESIAN_POINT('',(1.54,-2.05,10.65));
#9676=CARTESIAN_POINT('',(1.54,-2.05,10.65));
#9677=CARTESIAN_POINT('',(3.54,-2.05,10.65));
#9678=CARTESIAN_POINT('',(3.54,-2.05,10.65));
#9679=CARTESIAN_POINT('',(-1.54,-3.05,10.65));
#9680=CARTESIAN_POINT('',(-1.54,-3.05,10.65));
#9681=CARTESIAN_POINT('',(-3.54,-3.05,10.65));
#9682=CARTESIAN_POINT('',(-3.54,-3.05,10.65));
#9683=CARTESIAN_POINT('',(-3.54,-2.05,10.65));
#9684=CARTESIAN_POINT('',(-3.54,-2.05,10.65));
#9685=CARTESIAN_POINT('',(-1.54,-2.05,10.65));
#9686=CARTESIAN_POINT('',(-1.54,-2.05,10.65));
#9687=CARTESIAN_POINT('',(5.08,4.45,-4.45));
#9688=CARTESIAN_POINT('',(5.08,-4.45,-4.45));
#9689=CARTESIAN_POINT('',(5.08,-4.45,-4.45));
#9690=CARTESIAN_POINT('',(-5.18,-4.45,-4.45));
#9691=CARTESIAN_POINT('',(-5.18,4.45,-4.45));
#9692=CARTESIAN_POINT('',(-5.18,4.45,-4.45));
#9693=CARTESIAN_POINT('',(5.08,4.45,-4.45));
#9694=CARTESIAN_POINT('',(5.08,4.45,-4.45));
#9695=CARTESIAN_POINT('',(5.08,4.45,-4.45));
#9696=CARTESIAN_POINT('',(5.08,-2.05,-4.45));
#9697=CARTESIAN_POINT('',(3.54,-2.05,-4.45));
#9698=CARTESIAN_POINT('',(1.54,-2.05,-4.45));
#9699=CARTESIAN_POINT('',(1.54,4.45,-4.45));
#9700=CARTESIAN_POINT('',(1.54,-3.05,-4.45));
#9701=CARTESIAN_POINT('',(5.08,-3.05,-4.45));
#9702=CARTESIAN_POINT('',(3.54,-3.05,-4.45));
#9703=CARTESIAN_POINT('',(3.54,4.45,-4.45));
#9704=CARTESIAN_POINT('',(5.08,-2.05,-4.45));
#9705=CARTESIAN_POINT('',(-1.54,-2.05,-4.45));
#9706=CARTESIAN_POINT('',(-3.54,-2.05,-4.45));
#9707=CARTESIAN_POINT('',(-3.54,4.45,-4.45));
#9708=CARTESIAN_POINT('',(-3.54,-3.05,-4.45));
#9709=CARTESIAN_POINT('',(5.08,-3.05,-4.45));
#9710=CARTESIAN_POINT('',(-1.54,-3.05,-4.45));
#9711=CARTESIAN_POINT('',(-1.54,4.45,-4.45));
#9712=CARTESIAN_POINT('',(5.08,-3.35,9.4));
#9713=CARTESIAN_POINT('',(-0.600000000000002,-3.35,9.4));
#9714=CARTESIAN_POINT('',(-0.600000000000002,-0.550000000000003,9.4));
#9715=CARTESIAN_POINT('',(-0.600000000000002,-0.550000000000003,9.4));
#9716=CARTESIAN_POINT('',(0.499999999999998,-0.550000000000003,9.4));
#9717=CARTESIAN_POINT('',(2.54,2.07257142857142,9.4));
#9718=CARTESIAN_POINT('',(4.58,-0.550000000000002,9.4));
#9719=CARTESIAN_POINT('',(4.58,-1.25,9.4));
#9720=CARTESIAN_POINT('',(4.58,-3.35,9.4));
#9721=CARTESIAN_POINT('',(5.08,-3.35,9.4));
#9722=CARTESIAN_POINT('',(5.08,-3.35,9.4));
#9723=CARTESIAN_POINT('',(5.08,-3.35,9.4));
#9724=CARTESIAN_POINT('',(5.08,-3.85,9.4));
#9725=CARTESIAN_POINT('',(5.08,-3.85,9.4));
#9726=CARTESIAN_POINT('',(-5.18,-3.85,9.4));
#9727=CARTESIAN_POINT('',(-5.18,-3.35,9.4));
#9728=CARTESIAN_POINT('',(-5.18,-3.35,9.4));
#9729=CARTESIAN_POINT('',(5.08,-3.35,9.4));
#9730=CARTESIAN_POINT('',(-4.58,-3.35,9.4));
#9731=CARTESIAN_POINT('',(-4.58,-1.25,9.4));
#9732=CARTESIAN_POINT('',(5.08,-2.05,9.4));
#9733=CARTESIAN_POINT('',(-1.54,-2.05,9.4));
#9734=CARTESIAN_POINT('',(-3.54,-2.05,9.4));
#9735=CARTESIAN_POINT('',(-3.54,-3.35,9.4));
#9736=CARTESIAN_POINT('',(-3.54,-3.05,9.4));
#9737=CARTESIAN_POINT('',(5.08,-3.05,9.4));
#9738=CARTESIAN_POINT('',(-1.54,-3.05,9.4));
#9739=CARTESIAN_POINT('',(-1.54,-3.35,9.4));
#9740=CARTESIAN_POINT('',(5.08,-2.05,9.4));
#9741=CARTESIAN_POINT('',(3.54,-2.05,9.4));
#9742=CARTESIAN_POINT('',(1.54,-2.05,9.4));
#9743=CARTESIAN_POINT('',(1.54,-3.35,9.4));
#9744=CARTESIAN_POINT('',(1.54,-3.05,9.4));
#9745=CARTESIAN_POINT('',(5.08,-3.05,9.4));
#9746=CARTESIAN_POINT('',(3.54,-3.05,9.4));
#9747=CARTESIAN_POINT('',(3.54,-3.35,9.4));
#9748=CARTESIAN_POINT('',(4.58,-3.65,-3.25));
#9749=CARTESIAN_POINT('',(-4.58,4.45,-3.25));
#9750=CARTESIAN_POINT('',(-4.58,4.45,-3.25));
#9751=CARTESIAN_POINT('',(-4.58,-3.65,-3.25));
#9752=CARTESIAN_POINT('',(-4.58,-4.45,-3.25));
#9753=CARTESIAN_POINT('',(4.58,-4.45,-3.25));
#9754=CARTESIAN_POINT('',(4.58,-4.45,-3.25));
#9755=CARTESIAN_POINT('',(4.58,-3.65,-3.25));
#9756=CARTESIAN_POINT('',(4.58,4.45,-3.25));
#9757=CARTESIAN_POINT('',(0.499999999999998,4.45,-3.25));
#9758=CARTESIAN_POINT('',(4.58,-3.05,-3.25));
#9759=CARTESIAN_POINT('',(3.54,-3.05,-3.25));
#9760=CARTESIAN_POINT('',(1.54,-3.05,-3.25));
#9761=CARTESIAN_POINT('',(1.54,-3.65,-3.25));
#9762=CARTESIAN_POINT('',(1.54,-2.05,-3.25));
#9763=CARTESIAN_POINT('',(4.58,-2.05,-3.25));
#9764=CARTESIAN_POINT('',(3.54,-2.05,-3.25));
#9765=CARTESIAN_POINT('',(3.54,-3.65,-3.25));
#9766=CARTESIAN_POINT('',(4.58,-3.05,-3.25));
#9767=CARTESIAN_POINT('',(-1.54,-3.05,-3.25));
#9768=CARTESIAN_POINT('',(-3.54,-3.05,-3.25));
#9769=CARTESIAN_POINT('',(-3.54,-3.65,-3.25));
#9770=CARTESIAN_POINT('',(-3.54,-2.05,-3.25));
#9771=CARTESIAN_POINT('',(4.58,-2.05,-3.25));
#9772=CARTESIAN_POINT('',(-1.54,-2.05,-3.25));
#9773=CARTESIAN_POINT('',(-1.54,-3.65,-3.25));
#9774=CARTESIAN_POINT('',(-4.58,3.75,6.85));
#9775=CARTESIAN_POINT('',(-4.58,3.75,6.85));
#9776=CARTESIAN_POINT('',(-4.58,3.75,6.85));
#9777=CARTESIAN_POINT('',(-4.58,3.75,6.85));
#9778=CARTESIAN_POINT('',(-3.88,3.75,6.85));
#9779=CARTESIAN_POINT('',(-3.88,4.45,6.85));
#9780=CARTESIAN_POINT('',(-3.88,4.45,6.85));
#9781=CARTESIAN_POINT('',(-1.2,4.45,6.85));
#9782=CARTESIAN_POINT('',(-1.2,4.45,6.85));
#9783=CARTESIAN_POINT('',(-1.2,4.45,6.85));
#9784=CARTESIAN_POINT('',(-1.2,3.75,6.85));
#9785=CARTESIAN_POINT('',(-4.58,3.75,6.85));
#9786=CARTESIAN_POINT('',(-2.54,1.04999999999999,6.85));
#9787=CARTESIAN_POINT('',(-2.54,2.29999999999999,6.85));
#9788=CARTESIAN_POINT('',(-2.54,1.04999999999999,7.65));
#9789=CARTESIAN_POINT('',(-2.54,1.04999999999999,7.65));
#9790=CARTESIAN_POINT('',(-0.640000000000001,1.04999999999999,7.65));
#9791=CARTESIAN_POINT('',(-2.54,1.04999999999999,7.65));
#9792=CARTESIAN_POINT('',(-1.29,1.04999999999999,7.65));
#9793=CARTESIAN_POINT('',(5.08,13.75,2.275));
#9794=CARTESIAN_POINT('',(0.,13.75,1.32739511542808));
#9795=CARTESIAN_POINT('',(-1.19,13.75,0.725000000000005));
#9796=CARTESIAN_POINT('',(0.,13.75,1.32739511542808));
#9797=CARTESIAN_POINT('',(-2.54,13.75,-0.649999999999999));
#9798=CARTESIAN_POINT('',(-1.19,13.75,-2.025));
#9799=CARTESIAN_POINT('',(1.19,13.75,-2.025));
#9800=CARTESIAN_POINT('',(1.19,13.75,-2.025));
#9801=CARTESIAN_POINT('',(2.54,13.75,-0.649999999999999));
#9802=CARTESIAN_POINT('',(1.19,13.75,0.725000000000005));
#9803=CARTESIAN_POINT('',(0.,13.75,1.32739511542808));
#9804=CARTESIAN_POINT('',(2.54,13.75,-0.65));
#9805=CARTESIAN_POINT('',(1.04,13.75,-0.65));
#9806=CARTESIAN_POINT('',(-2.54,13.75,-0.65));
#9807=CARTESIAN_POINT('',(-4.04,13.75,-0.65));
#9808=CARTESIAN_POINT('',(0.30672885658727,13.75,-2.625));
#9809=CARTESIAN_POINT('',(0.30672885658727,13.75,-2.625));
#9810=CARTESIAN_POINT('',(-0.306728856587271,13.75,-2.625));
#9811=CARTESIAN_POINT('',(-2.54,13.75,-0.474999999999997));
#9812=CARTESIAN_POINT('',(-4.77327114341273,13.75,-2.625));
#9813=CARTESIAN_POINT('',(-4.77327114341273,13.75,-2.625));
#9814=CARTESIAN_POINT('',(5.08,13.75,2.275));
#9815=CARTESIAN_POINT('',(-3.865,13.75,2.275));
#9816=CARTESIAN_POINT('',(-4.115,13.75,1.375));
#9817=CARTESIAN_POINT('',(-4.115,13.75,1.375));
#9818=CARTESIAN_POINT('',(-0.965000000000001,13.75,1.375));
#9819=CARTESIAN_POINT('',(-0.965000000000001,13.75,1.375));
#9820=CARTESIAN_POINT('',(-1.215,13.75,2.275));
#9821=CARTESIAN_POINT('',(-1.215,13.75,2.275));
#9822=CARTESIAN_POINT('',(5.08,13.75,2.275));
#9823=CARTESIAN_POINT('',(1.215,13.75,2.275));
#9824=CARTESIAN_POINT('',(0.965000000000001,13.75,1.375));
#9825=CARTESIAN_POINT('',(0.965000000000001,13.75,1.375));
#9826=CARTESIAN_POINT('',(4.115,13.75,1.375));
#9827=CARTESIAN_POINT('',(4.115,13.75,1.375));
#9828=CARTESIAN_POINT('',(3.865,13.75,2.275));
#9829=CARTESIAN_POINT('',(3.865,13.75,2.275));
#9830=CARTESIAN_POINT('',(5.08,13.75,2.275));
#9831=CARTESIAN_POINT('',(5.08,13.75,2.275));
#9832=CARTESIAN_POINT('',(5.08,13.75,2.275));
#9833=CARTESIAN_POINT('',(5.08,13.75,-2.625));
#9834=CARTESIAN_POINT('',(5.08,13.75,-2.625));
#9835=CARTESIAN_POINT('',(4.77327114341273,13.75,-2.625));
#9836=CARTESIAN_POINT('',(2.54,13.75,-0.474999999999997));
#9837=CARTESIAN_POINT('',(5.08,13.75,-3.575));
#9838=CARTESIAN_POINT('',(5.08,4.45,-3.575));
#9839=CARTESIAN_POINT('',(5.08,4.45,-3.575));
#9840=CARTESIAN_POINT('',(-5.18,4.45,-3.575));
#9841=CARTESIAN_POINT('',(-5.18,5.15,-3.575));
#9842=CARTESIAN_POINT('',(-5.18,5.15,-3.575));
#9843=CARTESIAN_POINT('',(5.08,5.15000000000001,-3.575));
#9844=CARTESIAN_POINT('',(-2.54,5.15000000000001,-3.575));
#9845=CARTESIAN_POINT('',(5.08,5.15000000000001,-3.575));
#9846=CARTESIAN_POINT('',(2.54,5.15000000000001,-3.575));
#9847=CARTESIAN_POINT('',(5.08,5.15000000000001,-3.575));
#9848=CARTESIAN_POINT('',(5.08,5.15000000000001,-3.575));
#9849=CARTESIAN_POINT('',(5.08,13.75,-3.575));
#9850=CARTESIAN_POINT('',(5.08,4.85,2.275));
#9851=CARTESIAN_POINT('',(-1.215,5.15,2.275));
#9852=CARTESIAN_POINT('',(-1.215,5.15,2.275));
#9853=CARTESIAN_POINT('',(5.08,5.15,2.275));
#9854=CARTESIAN_POINT('',(1.215,5.15000000000001,2.275));
#9855=CARTESIAN_POINT('',(0.,11.55,1.11311423041845E-15));
#9856=CARTESIAN_POINT('',(-2.54,11.55,-0.65));
#9857=CARTESIAN_POINT('',(-1.74,11.55,-0.65));
#9858=CARTESIAN_POINT('',(-0.5,11.55,-0.4));
#9859=CARTESIAN_POINT('',(-1.7,11.55,-0.4));
#9860=CARTESIAN_POINT('',(-4.58,11.55,0.950000000000001));
#9861=CARTESIAN_POINT('',(-4.58,11.55,0.950000000000001));
#9862=CARTESIAN_POINT('',(-4.58,11.55,-2.15));
#9863=CARTESIAN_POINT('',(-4.58,11.55,-0.4));
#9864=CARTESIAN_POINT('',(-4.58,11.55,-0.4));
#9865=CARTESIAN_POINT('',(-3.38,11.55,-0.4));
#9866=CARTESIAN_POINT('',(-3.38,11.55,-0.4));
#9867=CARTESIAN_POINT('',(-3.38,11.55,-0.9));
#9868=CARTESIAN_POINT('',(-3.38,11.55,-0.9));
#9869=CARTESIAN_POINT('',(-4.58,11.55,-0.9));
#9870=CARTESIAN_POINT('',(-4.58,11.55,-2.15));
#9871=CARTESIAN_POINT('',(-4.58,11.55,-2.15));
#9872=CARTESIAN_POINT('',(-3.58,11.55,-2.15));
#9873=CARTESIAN_POINT('',(-3.58,11.55,-2.15));
#9874=CARTESIAN_POINT('',(-3.58,11.55,-2.75));
#9875=CARTESIAN_POINT('',(-3.58,11.55,-2.75));
#9876=CARTESIAN_POINT('',(-1.5,11.55,-2.75));
#9877=CARTESIAN_POINT('',(-1.5,11.55,-2.75));
#9878=CARTESIAN_POINT('',(-1.5,11.55,-2.15));
#9879=CARTESIAN_POINT('',(-1.5,11.55,-2.15));
#9880=CARTESIAN_POINT('',(-0.5,11.55,-2.15));
#9881=CARTESIAN_POINT('',(-1.7,11.55,-0.899999999999999));
#9882=CARTESIAN_POINT('',(-1.7,11.55,-0.899999999999999));
#9883=CARTESIAN_POINT('',(-1.7,11.55,-0.4));
#9884=CARTESIAN_POINT('',(0.,4.95,4.77048955893622E-16));
#9885=CARTESIAN_POINT('',(-4.58,4.95,-3.25));
#9886=CARTESIAN_POINT('',(-4.58,4.95,-2.75));
#9887=CARTESIAN_POINT('',(-4.58,4.95,-2.15));
#9888=CARTESIAN_POINT('',(-0.5,4.95,-2.75));
#9889=CARTESIAN_POINT('',(-3.58,4.95,-2.75));
#9890=CARTESIAN_POINT('',(-3.58,4.95,-2.75));
#9891=CARTESIAN_POINT('',(-3.58,4.95,-2.15));
#9892=CARTESIAN_POINT('',(-3.58,4.95,-2.15));
#9893=CARTESIAN_POINT('',(0.,4.95,4.77048955893622E-16));
#9894=CARTESIAN_POINT('',(-3.88,4.95,0.950000000000001));
#9895=CARTESIAN_POINT('',(-3.88,4.95,0.95));
#9896=CARTESIAN_POINT('',(-3.88,4.95,2.25));
#9897=CARTESIAN_POINT('',(0.,4.95,0.95));
#9898=CARTESIAN_POINT('',(-1.2,4.95,0.95));
#9899=CARTESIAN_POINT('',(-1.2,4.95,2.25));
#9900=CARTESIAN_POINT('',(-1.2,4.95,2.25));
#9901=CARTESIAN_POINT('',(-3.88,4.95,2.25));
#9902=CARTESIAN_POINT('',(0.,4.95,4.77048955893622E-16));
#9903=CARTESIAN_POINT('',(-1.5,4.95,-2.15));
#9904=CARTESIAN_POINT('',(-1.5,4.95,-2.15));
#9905=CARTESIAN_POINT('',(-1.5,4.95,-2.75));
#9906=CARTESIAN_POINT('',(-0.5,4.95,-2.75));
#9907=CARTESIAN_POINT('',(-0.5,4.95,-2.15));
#9908=CARTESIAN_POINT('',(0.,3.75,3.61400724161835E-16));
#9909=CARTESIAN_POINT('',(-4.58,3.75,0.950000000000001));
#9910=CARTESIAN_POINT('',(-4.58,3.75,0.950000000000001));
#9911=CARTESIAN_POINT('',(-3.88,3.75,0.950000000000001));
#9912=CARTESIAN_POINT('',(-3.88,3.75,6.85));
#9913=CARTESIAN_POINT('',(-4.58,3.75,-3.25));
#9914=CARTESIAN_POINT('',(0.,3.75,3.61400724161835E-16));
#9915=CARTESIAN_POINT('',(-1.2,3.75,0.95));
#9916=CARTESIAN_POINT('',(-1.2,3.75,0.95));
#9917=CARTESIAN_POINT('',(-1.2,3.75,0.95));
#9918=CARTESIAN_POINT('',(0.,4.45,4.28862192672044E-16));
#9919=CARTESIAN_POINT('',(-3.88,4.45,6.85));
#9920=CARTESIAN_POINT('',(-3.88,4.45,2.25));
#9921=CARTESIAN_POINT('',(0.,4.45,2.25));
#9922=CARTESIAN_POINT('',(-1.2,4.45,2.25));
#9923=CARTESIAN_POINT('',(-1.2,4.45,0.95));
#9924=CARTESIAN_POINT('',(5.08,-4.45,4.45));
#9925=CARTESIAN_POINT('',(-4.58,-4.45,4.45));
#9926=CARTESIAN_POINT('',(-4.58,-4.45,4.44999999999998));
#9927=CARTESIAN_POINT('',(-5.18,-3.35,9.4));
#9928=CARTESIAN_POINT('',(-5.18,-4.45,4.45000000000002));
#9929=CARTESIAN_POINT('',(5.08,-4.45,4.45));
#9930=CARTESIAN_POINT('',(0.499999999999998,3.75,6.85));
#9931=CARTESIAN_POINT('',(2.54,2.07257142857142,6.85));
#9932=CARTESIAN_POINT('',(4.58,-0.550000000000001,6.85));
#9933=CARTESIAN_POINT('',(0.499999999999998,3.75,6.85));
#9934=CARTESIAN_POINT('',(1.2,3.75,6.85));
#9935=CARTESIAN_POINT('',(1.2,4.45,6.85));
#9936=CARTESIAN_POINT('',(1.2,4.45,6.85));
#9937=CARTESIAN_POINT('',(3.88,4.45,6.85));
#9938=CARTESIAN_POINT('',(3.88,4.45,6.85));
#9939=CARTESIAN_POINT('',(3.88,4.45,6.85));
#9940=CARTESIAN_POINT('',(3.88,3.75,6.85));
#9941=CARTESIAN_POINT('',(0.499999999999998,3.75,6.85));
#9942=CARTESIAN_POINT('',(4.58,3.75,6.85));
#9943=CARTESIAN_POINT('',(4.58,3.75,6.85));
#9944=CARTESIAN_POINT('',(2.54,1.04999999999999,6.85));
#9945=CARTESIAN_POINT('',(2.54,2.29999999999999,6.85));
#9946=CARTESIAN_POINT('',(2.54,1.04999999999999,7.65));
#9947=CARTESIAN_POINT('',(2.54,1.04999999999999,7.65));
#9948=CARTESIAN_POINT('',(4.44,1.04999999999999,7.65));
#9949=CARTESIAN_POINT('',(2.54,1.04999999999999,7.65));
#9950=CARTESIAN_POINT('',(3.79,1.04999999999999,7.65));
#9951=CARTESIAN_POINT('',(5.08,0.,0.));
#9952=CARTESIAN_POINT('',(5.08,5.15000000000001,-2.625));
#9953=CARTESIAN_POINT('',(5.08,5.15000000000001,-2.625));
#9954=CARTESIAN_POINT('',(5.08,4.85,2.275));
#9955=CARTESIAN_POINT('',(5.08,4.85,6.55));
#9956=CARTESIAN_POINT('',(5.08,4.85,6.55));
#9957=CARTESIAN_POINT('',(5.08,4.55,7.65));
#9958=CARTESIAN_POINT('',(5.08,4.55,7.65));
#9959=CARTESIAN_POINT('',(5.08,4.55,10.65));
#9960=CARTESIAN_POINT('',(5.08,-3.85,9.4));
#9961=CARTESIAN_POINT('',(5.08,-4.45,4.45));
#9962=CARTESIAN_POINT('',(5.08,-4.45,4.45));
#9963=CARTESIAN_POINT('',(5.08,-4.45,-4.45));
#9964=CARTESIAN_POINT('',(5.08,4.45,-3.575));
#9965=CARTESIAN_POINT('',(5.08,5.15000000000001,-4.45));
#9966=CARTESIAN_POINT('',(5.08,4.85,2.275));
#9967=CARTESIAN_POINT('',(3.865,5.15,2.275));
#9968=CARTESIAN_POINT('',(0.,11.55,1.11311423041845E-15));
#9969=CARTESIAN_POINT('',(2.54,11.55,-0.65));
#9970=CARTESIAN_POINT('',(3.34,11.55,-0.65));
#9971=CARTESIAN_POINT('',(4.58,11.55,-0.4));
#9972=CARTESIAN_POINT('',(4.58,11.55,-0.399999999999999));
#9973=CARTESIAN_POINT('',(3.38,11.55,-0.4));
#9974=CARTESIAN_POINT('',(4.58,11.55,0.950000000000001));
#9975=CARTESIAN_POINT('',(4.58,11.55,0.950000000000001));
#9976=CARTESIAN_POINT('',(0.499999999999997,11.55,0.950000000000001));
#9977=CARTESIAN_POINT('',(0.499999999999997,11.55,-0.4));
#9978=CARTESIAN_POINT('',(1.7,11.55,-0.4));
#9979=CARTESIAN_POINT('',(1.7,11.55,-0.4));
#9980=CARTESIAN_POINT('',(1.7,11.55,-0.9));
#9981=CARTESIAN_POINT('',(1.7,11.55,-0.9));
#9982=CARTESIAN_POINT('',(1.5,11.55,-2.15));
#9983=CARTESIAN_POINT('',(1.5,11.55,-2.15));
#9984=CARTESIAN_POINT('',(1.5,11.55,-2.75));
#9985=CARTESIAN_POINT('',(1.5,11.55,-2.75));
#9986=CARTESIAN_POINT('',(3.58,11.55,-2.75));
#9987=CARTESIAN_POINT('',(3.58,11.55,-2.75));
#9988=CARTESIAN_POINT('',(3.58,11.55,-2.15));
#9989=CARTESIAN_POINT('',(3.58,11.55,-2.15));
#9990=CARTESIAN_POINT('',(4.58,11.55,-2.15));
#9991=CARTESIAN_POINT('',(4.58,11.55,-2.15));
#9992=CARTESIAN_POINT('',(4.58,11.55,0.950000000000001));
#9993=CARTESIAN_POINT('',(4.58,11.55,-0.9));
#9994=CARTESIAN_POINT('',(3.38,11.55,-0.899999999999999));
#9995=CARTESIAN_POINT('',(3.38,11.55,-0.899999999999999));
#9996=CARTESIAN_POINT('',(3.38,11.55,-0.4));
#9997=CARTESIAN_POINT('',(4.58,-3.65,9.4));
#9998=CARTESIAN_POINT('',(4.58,-4.45,4.45));
#9999=CARTESIAN_POINT('',(4.58,-4.45,4.44999999999998));
#10000=CARTESIAN_POINT('',(4.58,-0.550000000000002,9.4));
#10001=CARTESIAN_POINT('',(4.58,3.75,6.85));
#10002=CARTESIAN_POINT('',(4.58,3.75,0.95));
#10003=CARTESIAN_POINT('',(4.58,4.95,0.95));
#10004=CARTESIAN_POINT('',(4.58,5.65,-0.4));
#10005=CARTESIAN_POINT('',(4.58,5.65,-0.4));
#10006=CARTESIAN_POINT('',(4.58,5.65,-0.9));
#10007=CARTESIAN_POINT('',(4.58,5.65,-0.9));
#10008=CARTESIAN_POINT('',(4.58,5.65,-0.9));
#10009=CARTESIAN_POINT('',(4.58,11.55,-2.15));
#10010=CARTESIAN_POINT('',(4.58,4.95,-2.15));
#10011=CARTESIAN_POINT('',(4.58,4.95,0.95));
#10012=CARTESIAN_POINT('',(4.58,4.95,-2.75));
#10013=CARTESIAN_POINT('',(4.58,6.725,-0.975));
#10014=CARTESIAN_POINT('',(4.58,-4.45,9.4));
#10015=CARTESIAN_POINT('',(0.,4.95,4.77048955893622E-16));
#10016=CARTESIAN_POINT('',(4.58,4.95,-2.75));
#10017=CARTESIAN_POINT('',(1.5,4.95,-2.75));
#10018=CARTESIAN_POINT('',(1.5,4.95,-2.75));
#10019=CARTESIAN_POINT('',(1.5,4.95,-2.15));
#10020=CARTESIAN_POINT('',(1.5,4.95,-2.15));
#10021=CARTESIAN_POINT('',(0.,4.95,4.77048955893622E-16));
#10022=CARTESIAN_POINT('',(1.2,4.95,0.950000000000001));
#10023=CARTESIAN_POINT('',(1.2,4.95,0.95));
#10024=CARTESIAN_POINT('',(1.2,4.95,2.25));
#10025=CARTESIAN_POINT('',(0.,4.95,0.95));
#10026=CARTESIAN_POINT('',(3.88,4.95,0.95));
#10027=CARTESIAN_POINT('',(3.88,4.95,2.25));
#10028=CARTESIAN_POINT('',(3.88,4.95,2.25));
#10029=CARTESIAN_POINT('',(1.2,4.95,2.25));
#10030=CARTESIAN_POINT('',(0.,4.95,4.77048955893622E-16));
#10031=CARTESIAN_POINT('',(3.58,4.95,-2.15));
#10032=CARTESIAN_POINT('',(3.58,4.95,-2.15));
#10033=CARTESIAN_POINT('',(3.58,4.95,-2.75));
#10034=CARTESIAN_POINT('',(4.58,4.95,-2.75));
#10035=CARTESIAN_POINT('',(4.58,4.95,-2.15));
#10036=CARTESIAN_POINT('',(0.,3.75,3.61400724161834E-16));
#10037=CARTESIAN_POINT('',(0.499999999999999,3.75,0.950000000000001));
#10038=CARTESIAN_POINT('',(1.2,3.75,0.950000000000001));
#10039=CARTESIAN_POINT('',(1.2,3.75,6.85));
#10040=CARTESIAN_POINT('',(0.,3.75,3.61400724161834E-16));
#10041=CARTESIAN_POINT('',(3.88,3.75,0.95));
#10042=CARTESIAN_POINT('',(3.88,3.75,0.95));
#10043=CARTESIAN_POINT('',(3.88,3.75,0.95));
#10044=CARTESIAN_POINT('',(0.,4.45,4.28862192672044E-16));
#10045=CARTESIAN_POINT('',(1.2,4.45,6.85));
#10046=CARTESIAN_POINT('',(1.2,4.45,2.25));
#10047=CARTESIAN_POINT('',(0.,4.45,2.25));
#10048=CARTESIAN_POINT('',(3.88,4.45,2.25));
#10049=CARTESIAN_POINT('',(3.88,4.45,0.95));
#10050=CARTESIAN_POINT('',(5.08,-4.45,4.45));
#10051=CARTESIAN_POINT('',(5.08,-4.45,4.45));
#10052=CARTESIAN_POINT('',(5.08,-4.45,-4.45));
#10053=CARTESIAN_POINT('',(-4.58,-4.45,-3.25));
#10054=CARTESIAN_POINT('',(-5.18,-4.45,-4.45));
#10055=CARTESIAN_POINT('',(5.08,-3.85,9.4));
#10056=CARTESIAN_POINT('',(-5.18,-3.85,9.4));
#10057=CARTESIAN_POINT('',(5.08,4.55,10.65));
#10058=CARTESIAN_POINT('',(0.550000000000002,4.55,9.3));
#10059=CARTESIAN_POINT('',(-4.53,4.55,9.3));
#10060=CARTESIAN_POINT('',(4.53,4.55,9.3));
#10061=CARTESIAN_POINT('',(-4.53,4.55,9.3));
#10062=CARTESIAN_POINT('',(-4.53,4.55,7.65));
#10063=CARTESIAN_POINT('',(5.08,4.55,7.65));
#10064=CARTESIAN_POINT('',(-5.18,4.55,7.65));
#10065=CARTESIAN_POINT('',(-5.18,4.55,10.65));
#10066=CARTESIAN_POINT('',(5.08,4.55,7.65));
#10067=CARTESIAN_POINT('',(4.53,4.55,7.65));
#10068=CARTESIAN_POINT('',(4.53,4.55,9.3));
#10069=CARTESIAN_POINT('',(5.08,4.55,7.65));
#10070=CARTESIAN_POINT('',(5.08,4.85,6.55));
#10071=CARTESIAN_POINT('',(-1.58,4.85,6.55));
#10072=CARTESIAN_POINT('',(-5.18,4.85,6.55));
#10073=CARTESIAN_POINT('',(-5.18,4.55,7.65));
#10074=CARTESIAN_POINT('',(5.08,4.55,7.65));
#10075=CARTESIAN_POINT('',(5.08,4.85,6.55));
#10076=CARTESIAN_POINT('',(0.0200000000000003,4.85,6.55));
#10077=CARTESIAN_POINT('',(0.0200000000000003,4.85,6.55));
#10078=CARTESIAN_POINT('',(5.08,4.85,6.55));
#10079=CARTESIAN_POINT('',(-1.58,4.85,6.55));
#10080=CARTESIAN_POINT('',(-1.58,4.85,4.22374898452086));
#10081=CARTESIAN_POINT('',(0.0200000000000003,4.85,4.22374898452086));
#10082=CARTESIAN_POINT('',(0.0200000000000003,4.85,4.22374898452086));
#10083=CARTESIAN_POINT('',(0.0200000000000003,4.85,6.55));
#10084=CARTESIAN_POINT('',(0.0199999999999992,4.85,2.275));
#10085=CARTESIAN_POINT('',(0.0199999999999992,4.85,3.275));
#10086=CARTESIAN_POINT('',(0.0199999999999992,4.85,3.275));
#10087=CARTESIAN_POINT('',(-1.58,4.85,3.275));
#10088=CARTESIAN_POINT('',(-1.58,4.85,3.275));
#10089=CARTESIAN_POINT('',(-1.58,4.85,2.575));
#10090=CARTESIAN_POINT('',(-5.08,4.85,2.575));
#10091=CARTESIAN_POINT('',(-5.18,4.85,2.575));
#10092=CARTESIAN_POINT('',(-5.18,4.85,6.55));
#10093=CARTESIAN_POINT('',(5.08,4.85,2.275));
#10094=CARTESIAN_POINT('',(-3.865,5.15000000000001,2.275));
#10095=CARTESIAN_POINT('',(-3.865,5.15,2.275));
#10096=CARTESIAN_POINT('',(5.08,5.15,2.275));
#10097=CARTESIAN_POINT('',(5.08,4.45,-3.575));
#10098=CARTESIAN_POINT('',(-5.18,4.45,-3.575));
#10099=CARTESIAN_POINT('',(-4.58,-3.65,-3.25));
#10100=CARTESIAN_POINT('',(-4.58,0.399999999999989,-7.3));
#10101=CARTESIAN_POINT('',(-4.58,11.55,-2.15));
#10102=CARTESIAN_POINT('',(-4.58,5.65,-0.9));
#10103=CARTESIAN_POINT('',(-4.58,5.65,-0.9));
#10104=CARTESIAN_POINT('',(-4.58,5.65,-0.9));
#10105=CARTESIAN_POINT('',(-4.58,5.65,-0.400000000000001));
#10106=CARTESIAN_POINT('',(-4.58,5.65,-0.400000000000001));
#10107=CARTESIAN_POINT('',(-4.58,4.95,0.950000000000001));
#10108=CARTESIAN_POINT('',(1.2,4.45,6.85));
#10109=CARTESIAN_POINT('',(1.2,4.45,0.95));
#10110=CARTESIAN_POINT('',(1.2,4.95,2.25));
#10111=CARTESIAN_POINT('',(3.88,4.45,0.95));
#10112=CARTESIAN_POINT('',(3.88,4.95,2.25));
#10113=CARTESIAN_POINT('',(3.88,4.45,0.95));
#10114=CARTESIAN_POINT('',(0.499999999999999,4.95,0.950000000000001));
#10115=CARTESIAN_POINT('',(1.2,4.95,2.25));
#10116=CARTESIAN_POINT('',(4.58,11.55,-2.15));
#10117=CARTESIAN_POINT('',(3.58,11.55,-2.15));
#10118=CARTESIAN_POINT('',(3.58,11.55,-2.15));
#10119=CARTESIAN_POINT('',(3.58,11.55,-2.75));
#10120=CARTESIAN_POINT('',(3.58,11.55,-2.75));
#10121=CARTESIAN_POINT('',(3.58,4.95,-2.75));
#10122=CARTESIAN_POINT('',(1.5,11.55,-2.75));
#10123=CARTESIAN_POINT('',(1.5,11.55,-2.75));
#10124=CARTESIAN_POINT('',(1.5,11.55,-2.15));
#10125=CARTESIAN_POINT('',(1.5,11.55,-2.15));
#10126=CARTESIAN_POINT('',(4.58,4.45,-3.25));
#10127=CARTESIAN_POINT('',(2.54,37.2886013606023,-0.649999999999997));
#10128=CARTESIAN_POINT('',(2.54,11.75,-0.65));
#10129=CARTESIAN_POINT('',(2.54,11.75,-1.45));
#10130=CARTESIAN_POINT('',(0.499999999999997,5.65,-0.400000000000001));
#10131=CARTESIAN_POINT('',(0.499999999999997,5.65,-0.400000000000001));
#10132=CARTESIAN_POINT('',(1.7,7.85,-0.400000000000001));
#10133=CARTESIAN_POINT('',(1.7,5.65,-0.400000000000001));
#10134=CARTESIAN_POINT('',(1.7,5.65,-0.400000000000001));
#10135=CARTESIAN_POINT('',(1.7,7.85,-0.9));
#10136=CARTESIAN_POINT('',(1.7,7.85,-0.9));
#10137=CARTESIAN_POINT('',(1.7,5.65,-0.9));
#10138=CARTESIAN_POINT('',(1.7,5.65,-0.9));
#10139=CARTESIAN_POINT('',(0.775159235668787,6.15445859872611,-0.9));
#10140=CARTESIAN_POINT('',(4.58,5.65,-0.4));
#10141=CARTESIAN_POINT('',(3.38,5.65,-0.400000000000001));
#10142=CARTESIAN_POINT('',(3.38,7.85,-0.400000000000001));
#10143=CARTESIAN_POINT('',(4.58,5.65,-0.4));
#10144=CARTESIAN_POINT('',(3.38,5.65,-0.400000000000001));
#10145=CARTESIAN_POINT('',(3.38,5.65,-0.9));
#10146=CARTESIAN_POINT('',(3.38,7.85,-0.899999999999999));
#10147=CARTESIAN_POINT('',(3.38,7.85,-0.400000000000001));
#10148=CARTESIAN_POINT('',(3.38,5.65,-0.9));
#10149=CARTESIAN_POINT('',(4.58,5.65,-0.9));
#10150=CARTESIAN_POINT('',(1.7,7.85,-0.400000000000001));
#10151=CARTESIAN_POINT('',(4.58,5.65,5.44510424403831E-16));
#10152=CARTESIAN_POINT('',(2.54,11.75,-0.65));
#10153=CARTESIAN_POINT('',(2.54,12.45,-0.65));
#10154=CARTESIAN_POINT('',(2.54,12.45,-2.15));
#10155=CARTESIAN_POINT('',(2.54,12.45,-0.65));
#10156=CARTESIAN_POINT('',(5.08,4.85,2.575));
#10157=CARTESIAN_POINT('',(-1.58,4.85,2.575));
#10158=CARTESIAN_POINT('',(-1.58,5.15,2.275));
#10159=CARTESIAN_POINT('',(-3.865,5.15,2.275));
#10160=CARTESIAN_POINT('',(-5.18,5.15,2.275));
#10161=CARTESIAN_POINT('',(-5.18,5.15,2.275));
#10162=CARTESIAN_POINT('',(-5.18,5.15,2.275));
#10163=CARTESIAN_POINT('',(3.865,5.15,2.275));
#10164=CARTESIAN_POINT('',(4.115,5.15,1.375));
#10165=CARTESIAN_POINT('',(4.115,5.15,1.375));
#10166=CARTESIAN_POINT('',(3.865,5.15,2.275));
#10167=CARTESIAN_POINT('',(4.115,5.15000000000001,1.375));
#10168=CARTESIAN_POINT('',(0.965000000000001,5.15000000000001,1.375));
#10169=CARTESIAN_POINT('',(0.965000000000001,5.15000000000001,1.375));
#10170=CARTESIAN_POINT('',(4.115,5.15000000000001,1.375));
#10171=CARTESIAN_POINT('',(0.965000000000001,5.15000000000001,1.375));
#10172=CARTESIAN_POINT('',(0.965000000000001,5.15000000000001,1.375));
#10173=CARTESIAN_POINT('',(0.,5.15,1.52714972671463E-15));
#10174=CARTESIAN_POINT('',(2.54,5.15000000000001,-0.475));
#10175=CARTESIAN_POINT('',(2.54,5.15000000000001,-0.475));
#10176=CARTESIAN_POINT('',(4.77327114341273,5.15000000000001,-2.625));
#10177=CARTESIAN_POINT('',(2.54,5.15000000000001,-0.475));
#10178=CARTESIAN_POINT('',(0.30672885658727,5.15000000000001,-2.625));
#10179=CARTESIAN_POINT('',(0.30672885658727,5.15000000000001,-2.625));
#10180=CARTESIAN_POINT('',(4.77327114341273,5.15000000000001,-2.625));
#10181=CARTESIAN_POINT('',(2.54,5.15000000000001,-0.475));
#10182=CARTESIAN_POINT('',(-2.54,5.15000000000001,-0.475));
#10183=CARTESIAN_POINT('',(-0.306728856587271,5.15000000000001,-2.625));
#10184=CARTESIAN_POINT('',(0.30672885658727,5.15000000000001,-2.625));
#10185=CARTESIAN_POINT('',(5.08,5.15000000000001,-2.625));
#10186=CARTESIAN_POINT('',(5.08,5.15000000000001,-2.625));
#10187=CARTESIAN_POINT('',(0.30672885658727,5.15000000000001,-2.625));
#10188=CARTESIAN_POINT('',(-0.306728856587271,5.15000000000001,-2.625));
#10189=CARTESIAN_POINT('',(2.54,5.15000000000001,-0.475));
#10190=CARTESIAN_POINT('',(4.53,4.55,9.3));
#10191=CARTESIAN_POINT('',(4.53,4.55,7.65));
#10192=CARTESIAN_POINT('',(4.53,3.45,7.65));
#10193=CARTESIAN_POINT('',(4.53,3.45,9.3));
#10194=CARTESIAN_POINT('',(4.53,3.45,9.3));
#10195=CARTESIAN_POINT('',(4.53,4.55,9.3));
#10196=CARTESIAN_POINT('',(4.53,3.45,9.3));
#10197=CARTESIAN_POINT('',(4.53,3.45,7.65));
#10198=CARTESIAN_POINT('',(4.13,3.45,7.65));
#10199=CARTESIAN_POINT('',(4.13,3.45,9.3));
#10200=CARTESIAN_POINT('',(4.13,3.45,9.3));
#10201=CARTESIAN_POINT('',(4.53,3.45,9.3));
#10202=CARTESIAN_POINT('',(2.54,2.23678114093128,9.3));
#10203=CARTESIAN_POINT('',(2.54,2.23678114093128,7.65));
#10204=CARTESIAN_POINT('',(0.950000000000003,3.45000000000001,7.65));
#10205=CARTESIAN_POINT('',(0.950000000000003,3.45000000000001,9.3));
#10206=CARTESIAN_POINT('',(0.950000000000003,3.45000000000001,9.3));
#10207=CARTESIAN_POINT('',(2.54,2.23678114093128,9.3));
#10208=CARTESIAN_POINT('',(0.950000000000002,3.45,9.3));
#10209=CARTESIAN_POINT('',(0.950000000000002,3.45,7.65));
#10210=CARTESIAN_POINT('',(-0.950000000000002,3.45,7.65));
#10211=CARTESIAN_POINT('',(-0.950000000000002,3.45,9.3));
#10212=CARTESIAN_POINT('',(-0.950000000000002,3.45,9.3));
#10213=CARTESIAN_POINT('',(0.950000000000002,3.45,9.3));
#10214=CARTESIAN_POINT('',(2.54,2.23678114093128,9.3));
#10215=CARTESIAN_POINT('',(-2.54,2.23678114093129,9.3));
#10216=CARTESIAN_POINT('',(-4.13,3.45000000000001,9.3));
#10217=CARTESIAN_POINT('',(-4.13,3.45,9.3));
#10218=CARTESIAN_POINT('',(-4.53,3.45,9.3));
#10219=CARTESIAN_POINT('',(-4.53,3.45,9.3));
#10220=CARTESIAN_POINT('',(2.54,2.23678114093128,7.65));
#10221=CARTESIAN_POINT('',(-4.53,3.45,7.65));
#10222=CARTESIAN_POINT('',(-4.53,3.45,7.65));
#10223=CARTESIAN_POINT('',(-4.13,3.45,7.65));
#10224=CARTESIAN_POINT('',(-4.13,3.45000000000001,7.65));
#10225=CARTESIAN_POINT('',(-2.54,2.23678114093129,7.65));
#10226=CARTESIAN_POINT('',(2.54,1.04999999999999,7.65));
#10227=CARTESIAN_POINT('',(2.54,1.04999999999999,-18.0886013606023));
#10228=CARTESIAN_POINT('',(1.54,-3.05,-15.0886013606023));
#10229=CARTESIAN_POINT('',(1.54,-2.05,-15.0886013606023));
#10230=CARTESIAN_POINT('',(1.54,-3.05,-15.0886013606023));
#10231=CARTESIAN_POINT('',(1.54,-2.05,-15.0886013606023));
#10232=CARTESIAN_POINT('',(3.54,-2.05,-15.0886013606023));
#10233=CARTESIAN_POINT('',(3.54,-2.05,-15.0886013606023));
#10234=CARTESIAN_POINT('',(3.54,-3.05,-15.0886013606023));
#10235=CARTESIAN_POINT('',(3.54,-3.05,-15.0886013606023));
#10236=CARTESIAN_POINT('',(1.54,-3.05,-15.0886013606023));
#10237=CARTESIAN_POINT('',(1.54,-2.05,-15.0886013606023));
#10238=CARTESIAN_POINT('',(1.54,-3.05,-15.0886013606023));
#10239=CARTESIAN_POINT('',(1.54,-2.05,-15.0886013606023));
#10240=CARTESIAN_POINT('',(3.54,-2.05,-15.0886013606023));
#10241=CARTESIAN_POINT('',(3.54,-2.05,-15.0886013606023));
#10242=CARTESIAN_POINT('',(3.54,-3.05,-15.0886013606023));
#10243=CARTESIAN_POINT('',(3.54,-3.05,-15.0886013606023));
#10244=CARTESIAN_POINT('',(2.54,2.07257142857142,9.4));
#10245=CARTESIAN_POINT('',(0.499999999999995,-0.549999999999997,9.4));
#10246=CARTESIAN_POINT('',(-3.88,4.45,6.85));
#10247=CARTESIAN_POINT('',(-3.88,4.45,0.95));
#10248=CARTESIAN_POINT('',(-3.88,4.95,2.25));
#10249=CARTESIAN_POINT('',(-1.2,4.45,0.95));
#10250=CARTESIAN_POINT('',(-1.2,4.95,2.25));
#10251=CARTESIAN_POINT('',(-1.2,4.45,0.95));
#10252=CARTESIAN_POINT('',(-4.58,4.95,0.950000000000001));
#10253=CARTESIAN_POINT('',(-3.88,4.95,2.25));
#10254=CARTESIAN_POINT('',(-0.5,11.55,-2.15));
#10255=CARTESIAN_POINT('',(-1.5,11.55,-2.15));
#10256=CARTESIAN_POINT('',(-1.5,11.55,-2.15));
#10257=CARTESIAN_POINT('',(-1.5,11.55,-2.75));
#10258=CARTESIAN_POINT('',(-1.5,11.55,-2.75));
#10259=CARTESIAN_POINT('',(-1.5,4.95,-2.75));
#10260=CARTESIAN_POINT('',(-3.58,11.55,-2.75));
#10261=CARTESIAN_POINT('',(-3.58,11.55,-2.75));
#10262=CARTESIAN_POINT('',(-3.58,11.55,-2.15));
#10263=CARTESIAN_POINT('',(-3.58,11.55,-2.15));
#10264=CARTESIAN_POINT('',(4.58,4.45,-3.25));
#10265=CARTESIAN_POINT('',(-2.54,37.2886013606023,-0.649999999999997));
#10266=CARTESIAN_POINT('',(-2.54,11.75,-0.65));
#10267=CARTESIAN_POINT('',(-2.54,11.75,-1.45));
#10268=CARTESIAN_POINT('',(-4.58,5.65,-0.400000000000001));
#10269=CARTESIAN_POINT('',(-4.58,5.65,-0.400000000000001));
#10270=CARTESIAN_POINT('',(-3.38,7.85,-0.400000000000001));
#10271=CARTESIAN_POINT('',(-3.38,5.65,-0.400000000000001));
#10272=CARTESIAN_POINT('',(-3.38,5.65,-0.400000000000001));
#10273=CARTESIAN_POINT('',(-3.38,7.85,-0.9));
#10274=CARTESIAN_POINT('',(-3.38,7.85,-0.9));
#10275=CARTESIAN_POINT('',(-3.38,5.65,-0.9));
#10276=CARTESIAN_POINT('',(-3.38,5.65,-0.9));
#10277=CARTESIAN_POINT('',(-4.30484076433121,6.15445859872611,-0.9));
#10278=CARTESIAN_POINT('',(-0.5,5.65,-0.4));
#10279=CARTESIAN_POINT('',(-1.7,5.65,-0.400000000000001));
#10280=CARTESIAN_POINT('',(-1.7,7.85,-0.400000000000001));
#10281=CARTESIAN_POINT('',(-0.500000000000001,5.65,-0.4));
#10282=CARTESIAN_POINT('',(-1.7,5.65,-0.400000000000001));
#10283=CARTESIAN_POINT('',(-1.7,5.65,-0.9));
#10284=CARTESIAN_POINT('',(-1.7,7.85,-0.899999999999999));
#10285=CARTESIAN_POINT('',(-1.7,7.85,-0.400000000000001));
#10286=CARTESIAN_POINT('',(-1.7,5.65,-0.9));
#10287=CARTESIAN_POINT('',(-0.500000000000001,5.65,-0.9));
#10288=CARTESIAN_POINT('',(-3.38,7.85,-0.400000000000001));
#10289=CARTESIAN_POINT('',(-0.500000000000001,5.65,5.44510424403831E-16));
#10290=CARTESIAN_POINT('',(-2.54,11.75,-0.65));
#10291=CARTESIAN_POINT('',(-2.54,12.45,-0.65));
#10292=CARTESIAN_POINT('',(-2.54,12.45,-2.15));
#10293=CARTESIAN_POINT('',(-2.54,12.45,-0.65));
#10294=CARTESIAN_POINT('',(-1.215,5.15,2.275));
#10295=CARTESIAN_POINT('',(-0.965000000000001,5.15,1.375));
#10296=CARTESIAN_POINT('',(-0.965000000000001,5.15,1.375));
#10297=CARTESIAN_POINT('',(-1.215,5.15,2.275));
#10298=CARTESIAN_POINT('',(-0.965000000000001,5.15000000000001,1.375));
#10299=CARTESIAN_POINT('',(-4.115,5.15000000000001,1.375));
#10300=CARTESIAN_POINT('',(-4.115,5.15000000000001,1.375));
#10301=CARTESIAN_POINT('',(-0.965000000000001,5.15000000000001,1.375));
#10302=CARTESIAN_POINT('',(-4.115,5.15000000000001,1.375));
#10303=CARTESIAN_POINT('',(-4.115,5.15000000000001,1.375));
#10304=CARTESIAN_POINT('',(0.,5.15,1.52714972671463E-15));
#10305=CARTESIAN_POINT('',(-1.58,5.15,3.27499999999999));
#10306=CARTESIAN_POINT('',(-1.58,5.15,3.275));
#10307=CARTESIAN_POINT('',(0.0199999999999992,5.15,3.275));
#10308=CARTESIAN_POINT('',(0.0199999999999992,5.15,3.275));
#10309=CARTESIAN_POINT('',(0.0199999999999992,5.15,2.27499999999999));
#10310=CARTESIAN_POINT('',(-2.54,5.15000000000001,-0.475));
#10311=CARTESIAN_POINT('',(-2.54,5.15000000000001,-0.475));
#10312=CARTESIAN_POINT('',(-4.77327114341273,5.15000000000001,-2.625));
#10313=CARTESIAN_POINT('',(-4.77327114341273,5.15000000000001,-2.625));
#10314=CARTESIAN_POINT('',(-2.54,5.15000000000001,-0.475));
#10315=CARTESIAN_POINT('',(-5.18,5.15,2.275));
#10316=CARTESIAN_POINT('',(-4.77327114341273,5.15000000000001,-2.625));
#10317=CARTESIAN_POINT('',(-4.77327114341273,5.15000000000001,-2.625));
#10318=CARTESIAN_POINT('',(-2.54,2.23678114093129,9.3));
#10319=CARTESIAN_POINT('',(-4.13,3.45000000000001,9.3));
#10320=CARTESIAN_POINT('',(-4.13,3.45,9.3));
#10321=CARTESIAN_POINT('',(-4.53,3.45,9.3));
#10322=CARTESIAN_POINT('',(-4.53,3.45,9.3));
#10323=CARTESIAN_POINT('',(-2.54,1.04999999999999,7.65));
#10324=CARTESIAN_POINT('',(-2.54,1.04999999999999,-18.0886013606023));
#10325=CARTESIAN_POINT('',(-3.54,-3.05,-15.0886013606023));
#10326=CARTESIAN_POINT('',(-3.54,-2.05,-15.0886013606023));
#10327=CARTESIAN_POINT('',(-3.54,-3.05,-15.0886013606023));
#10328=CARTESIAN_POINT('',(-3.54,-2.05,-15.0886013606023));
#10329=CARTESIAN_POINT('',(-1.54,-2.05,-15.0886013606023));
#10330=CARTESIAN_POINT('',(-1.54,-2.05,-15.0886013606023));
#10331=CARTESIAN_POINT('',(-1.54,-3.05,-15.0886013606023));
#10332=CARTESIAN_POINT('',(-1.54,-3.05,-15.0886013606023));
#10333=CARTESIAN_POINT('',(-3.54,-3.05,-15.0886013606023));
#10334=CARTESIAN_POINT('',(-3.54,-2.05,-15.0886013606023));
#10335=CARTESIAN_POINT('',(-3.54,-3.05,-15.0886013606023));
#10336=CARTESIAN_POINT('',(-3.54,-2.05,-15.0886013606023));
#10337=CARTESIAN_POINT('',(-1.54,-2.05,-15.0886013606023));
#10338=CARTESIAN_POINT('',(-1.54,-2.05,-15.0886013606023));
#10339=CARTESIAN_POINT('',(-1.54,-3.05,-15.0886013606023));
#10340=CARTESIAN_POINT('',(-1.54,-3.05,-15.0886013606023));
#10341=CARTESIAN_POINT('',(-0.600000000000002,-0.550000000000003,9.4));
#10342=CARTESIAN_POINT('',(-0.600000000000002,-0.550000000000003,7.9));
#10343=CARTESIAN_POINT('',(-0.600000000000002,-0.550000000000003,7.9));
#10344=CARTESIAN_POINT('',(-0.600000000000002,-0.550000000000003,7.9));
#10345=CARTESIAN_POINT('',(-0.600000000000002,-0.550000000000003,9.4));
#10346=CARTESIAN_POINT('',(-0.600000000000002,-0.550000000000003,7.9));
#10347=CARTESIAN_POINT('',(-0.600000000000002,-0.550000000000003,7.9));
#10348=CARTESIAN_POINT('',(-0.600000000000002,0.,0.));
#10349=CARTESIAN_POINT('',(-0.600000000000002,-0.550000000000003,7.9));
#10350=CARTESIAN_POINT('',(-0.600000000000002,-2.85,7.9));
#10351=CARTESIAN_POINT('',(-0.600000000000002,-2.85,7.9));
#10352=CARTESIAN_POINT('',(0.0199999999999992,30.5886013606023,2.275));
#10353=CARTESIAN_POINT('',(0.0199999999999992,30.5886013606023,3.275));
#10354=CARTESIAN_POINT('',(-1.58,30.5886013606023,3.275));
#10355=CARTESIAN_POINT('',(-1.58,30.5886013606023,3.275));
#10356=CARTESIAN_POINT('',(0.0199999999999992,30.5886013606023,3.275));
#10357=CARTESIAN_POINT('',(0.0200000000000003,4.85,6.55));
#10358=CARTESIAN_POINT('',(0.0200000000000003,4.85,6.55));
#10359=CARTESIAN_POINT('',(0.0200000000000003,8.53021584066883,5.33155016085965));
#10360=CARTESIAN_POINT('',(0.0200000000000003,8.53021584066883,5.33155016085965));
#10361=CARTESIAN_POINT('',(-1.58,8.53021584066883,5.33155016085965));
#10362=CARTESIAN_POINT('',(-1.58,4.85,6.55));
#10363=CARTESIAN_POINT('',(0.0200000000000003,8.55,5.325));
#10364=CARTESIAN_POINT('',(-1.58,8.55,5.325));
#10365=CARTESIAN_POINT('',(-1.58,8.56800873406204,5.31451176539111));
#10366=CARTESIAN_POINT('',(-1.58,10.0506534559015,4.45102376947114));
#10367=CARTESIAN_POINT('',(0.0200000000000003,8.56800873406204,5.31451176539111));
#10368=CARTESIAN_POINT('',(0.0200000000000003,8.56800873406204,5.31451176539111));
#10369=CARTESIAN_POINT('',(0.0200000000000003,8.55,5.325));
#10370=CARTESIAN_POINT('',(0.0200000000000003,10.0506534559015,4.45102376947114));
#10371=CARTESIAN_POINT('',(0.0200000000000003,10.0506534559015,4.45102376947114));
#10372=CARTESIAN_POINT('',(0.0200000000000003,10.15,4.39316462965057));
#10373=CARTESIAN_POINT('',(0.0200000000000003,10.15,4.39316462965057));
#10374=CARTESIAN_POINT('',(0.0200000000000003,10.15,4.27819760879205));
#10375=CARTESIAN_POINT('',(0.0200000000000003,10.15,3.79316462965057));
#10376=CARTESIAN_POINT('',(0.0200000000000003,10.15,3.79316462965057));
#10377=CARTESIAN_POINT('',(-1.58,10.15,3.79316462965057));
#10378=CARTESIAN_POINT('',(-1.58,10.15,4.39316462965057));
#10379=CARTESIAN_POINT('',(-1.58,10.15,4.27819760879205));
#10380=CARTESIAN_POINT('',(0.0200000000000003,10.15,4.27819760879205));
#10381=CARTESIAN_POINT('',(0.0200000000000003,10.15,3.59316462965057));
#10382=CARTESIAN_POINT('',(-1.58,10.15,3.59316462965057));
#10383=CARTESIAN_POINT('',(-1.58,9.95,3.59316462965057));
#10384=CARTESIAN_POINT('',(-1.58,8.55688102532074,3.59316462965057));
#10385=CARTESIAN_POINT('',(0.0200000000000003,9.95,3.59316462965057));
#10386=CARTESIAN_POINT('',(0.0200000000000003,9.95,3.59316462965057));
#10387=CARTESIAN_POINT('',(0.0200000000000003,10.15,3.59316462965057));
#10388=CARTESIAN_POINT('',(0.0200000000000003,8.55688102532074,3.59316462965057));
#10389=CARTESIAN_POINT('',(0.0200000000000003,8.55688102532074,3.59316462965057));
#10390=CARTESIAN_POINT('',(0.0200000000000003,8.45,3.59316462965057));
#10391=CARTESIAN_POINT('',(-1.58,8.45,3.59316462965057));
#10392=CARTESIAN_POINT('',(-1.58,8.39060542918911,3.6820231606524));
#10393=CARTESIAN_POINT('',(-1.58,8.20087543229661,3.96587282200491));
#10394=CARTESIAN_POINT('',(0.0200000000000003,8.39060542918911,3.6820231606524));
#10395=CARTESIAN_POINT('',(0.0200000000000003,8.39060542918911,3.6820231606524));
#10396=CARTESIAN_POINT('',(0.0200000000000003,8.45,3.59316462965057));
#10397=CARTESIAN_POINT('',(0.0200000000000003,8.20087543229661,3.96587282200491));
#10398=CARTESIAN_POINT('',(-1.58,8.20087543229661,3.96587282200491));
#10399=CARTESIAN_POINT('',(0.0200000000000003,8.15,4.04198611175918));
#10400=CARTESIAN_POINT('',(-1.58,8.15,4.04198611175918));
#10401=CARTESIAN_POINT('',(-1.58,8.05914108116611,4.05321996047275));
#10402=CARTESIAN_POINT('',(-1.58,5.07454124500113,4.42223759198687));
#10403=CARTESIAN_POINT('',(0.0200000000000003,8.05914108116611,4.05321996047275));
#10404=CARTESIAN_POINT('',(0.0200000000000003,8.05914108116611,4.05321996047275));
#10405=CARTESIAN_POINT('',(0.0200000000000003,8.15,4.04198611175918));
#10406=CARTESIAN_POINT('',(0.0200000000000003,5.07454124500113,4.42223759198687));
#10407=CARTESIAN_POINT('',(-1.58,5.07454124500113,4.42223759198687));
#10408=CARTESIAN_POINT('',(0.0200000000000003,0.,0.));
#10409=CARTESIAN_POINT('',(0.0200000000000003,9.95,3.79316462965057));
#10410=CARTESIAN_POINT('',(0.0200000000000003,9.95,4.27819760879205));
#10411=CARTESIAN_POINT('',(0.0200000000000003,8.4673552781605,5.14168560471202));
#10412=CARTESIAN_POINT('',(0.0200000000000003,5.05,4.22374898452086));
#10413=CARTESIAN_POINT('',(0.0200000000000003,8.03459983616498,3.85473135300674));
#10414=CARTESIAN_POINT('',(0.0200000000000003,8.55688102532074,3.79316462965057));
#10415=CARTESIAN_POINT('',(-1.58,0.,0.));
#10416=CARTESIAN_POINT('',(-1.58,9.95,3.79316462965057));
#10417=CARTESIAN_POINT('',(-1.58,8.55688102532074,3.79316462965057));
#10418=CARTESIAN_POINT('',(-1.58,8.03459983616498,3.85473135300674));
#10419=CARTESIAN_POINT('',(-1.58,5.05,4.22374898452086));
#10420=CARTESIAN_POINT('',(-1.58,8.4673552781605,5.14168560471202));
#10421=CARTESIAN_POINT('',(-1.58,9.95,4.27819760879205));
#10422=CARTESIAN_POINT('',(0.0200000000000003,9.95,4.27819760879205));
#10423=CARTESIAN_POINT('',(0.0200000000000003,5.05,4.22374898452086));
#10424=CARTESIAN_POINT('',(0.0200000000000003,8.03459983616498,3.85473135300674));
#10425=CARTESIAN_POINT('',(0.0200000000000003,8.55688102532074,3.79316462965057));
#10426=CARTESIAN_POINT('',(0.0200000000000003,8.4673552781605,5.14168560471202));
#10427=CARTESIAN_POINT('',(0.0200000000000003,9.95,3.79316462965057));
#10428=CARTESIAN_POINT('',(0.,11.95,1.32739511542808));
#10429=CARTESIAN_POINT('',(0.,11.95,1.32739511542808));
#10430=CARTESIAN_POINT('',(0.,11.95,1.32739511542808));
#10431=CARTESIAN_POINT('',(0.,11.95,1.32739511542808));
#10432=CARTESIAN_POINT('',(-1.19,11.95,0.725000000000005));
#10433=CARTESIAN_POINT('',(-1.19,11.95,0.725000000000005));
#10434=CARTESIAN_POINT('',(0.,11.95,1.32739511542808));
#10435=CARTESIAN_POINT('',(1.19,11.95,0.725000000000005));
#10436=CARTESIAN_POINT('',(1.19,11.95,0.725000000000005));
#10437=CARTESIAN_POINT('',(0.,11.95,1.32739511542808));
#10438=CARTESIAN_POINT('',(2.54,11.95,-0.65));
#10439=CARTESIAN_POINT('',(1.19,11.95,-2.025));
#10440=CARTESIAN_POINT('',(1.19,11.95,-2.025));
#10441=CARTESIAN_POINT('',(2.54,11.95,-0.65));
#10442=CARTESIAN_POINT('',(1.19,11.95,-2.025));
#10443=CARTESIAN_POINT('',(-1.19,11.95,-2.025));
#10444=CARTESIAN_POINT('',(-1.19,11.95,-2.025));
#10445=CARTESIAN_POINT('',(1.19,11.95,-2.025));
#10446=CARTESIAN_POINT('',(-2.54,11.95,-0.65));
#10447=CARTESIAN_POINT('',(-2.54,11.95,-0.65));
#10448=CARTESIAN_POINT('',(2.54,11.95,-0.65));
#10449=CARTESIAN_POINT('',(-5.18,0.,0.));
#10450=CARTESIAN_POINT('',(0.,0.,0.));
#10451=CARTESIAN_POINT('',(1.95,2.45,3.5));
#10452=CARTESIAN_POINT('',(-1.95,2.45,3.5));
#10453=CARTESIAN_POINT('',(-1.95,2.45,3.5));
#10454=CARTESIAN_POINT('',(-1.95,-2.45,3.5));
#10455=CARTESIAN_POINT('',(1.95,-2.45,3.5));
#10456=CARTESIAN_POINT('',(1.95,-2.45,3.5));
#10457=CARTESIAN_POINT('',(1.95,2.45,3.5));
#10458=CARTESIAN_POINT('',(1.95,2.45,3.5));
#10459=CARTESIAN_POINT('',(1.95,2.45,3.5));
#10460=CARTESIAN_POINT('',(0.,-3.09772049281573E-16,3.5));
#10461=CARTESIAN_POINT('',(0.,1.475,3.5));
#10462=CARTESIAN_POINT('',(-1.25,6.94255023941847,-1.8));
#10463=CARTESIAN_POINT('',(-1.25,6.94255023941847,1.9));
#10464=CARTESIAN_POINT('',(-1.25,2.45,1.9));
#10465=CARTESIAN_POINT('',(-1.25,0.783022988168292,1.9));
#10466=CARTESIAN_POINT('',(-1.25,0.783022988168293,-0.4));
#10467=CARTESIAN_POINT('',(-1.25,0.783022988168293,-0.4));
#10468=CARTESIAN_POINT('',(-1.25,6.94255023941847,-0.4));
#10469=CARTESIAN_POINT('',(-1.25,-0.783022988168293,-0.4));
#10470=CARTESIAN_POINT('',(-1.25,-0.783022988168293,-0.4));
#10471=CARTESIAN_POINT('',(-1.25,-0.783022988168293,1.9));
#10472=CARTESIAN_POINT('',(-1.25,6.94255023941847,1.9));
#10473=CARTESIAN_POINT('',(-1.25,-2.45,1.9));
#10474=CARTESIAN_POINT('',(-1.25,-2.45,-1.8));
#10475=CARTESIAN_POINT('',(-1.25,-2.45,-1.8));
#10476=CARTESIAN_POINT('',(-1.25,6.94255023941847,-1.8));
#10477=CARTESIAN_POINT('',(-1.25,2.45,-1.8));
#10478=CARTESIAN_POINT('',(-1.25,2.45,-3.5));
#10479=CARTESIAN_POINT('',(-1.25,6.94255023941847,1.9));
#10480=CARTESIAN_POINT('',(0.,-1.68161969609997E-16,1.9));
#10481=CARTESIAN_POINT('',(1.25,-0.783022988168293,1.9));
#10482=CARTESIAN_POINT('',(1.25,6.94255023941847,1.9));
#10483=CARTESIAN_POINT('',(1.25,-2.45,1.9));
#10484=CARTESIAN_POINT('',(-1.25,-2.45,1.9));
#10485=CARTESIAN_POINT('',(-1.25,6.94255023941847,1.9));
#10486=CARTESIAN_POINT('',(1.25,6.94255023941847,1.9));
#10487=CARTESIAN_POINT('',(1.25,2.45,1.9));
#10488=CARTESIAN_POINT('',(1.25,0.783022988168292,1.9));
#10489=CARTESIAN_POINT('',(0.,-1.68161969609997E-16,1.9));
#10490=CARTESIAN_POINT('',(1.95,2.45,1.9));
#10491=CARTESIAN_POINT('',(1.25,6.94255023941847,1.9));
#10492=CARTESIAN_POINT('',(1.25,-0.783022988168293,-0.4));
#10493=CARTESIAN_POINT('',(1.25,-0.783022988168293,-0.4));
#10494=CARTESIAN_POINT('',(1.25,6.94255023941847,-0.4));
#10495=CARTESIAN_POINT('',(1.25,0.783022988168293,-0.4));
#10496=CARTESIAN_POINT('',(1.25,0.783022988168293,-0.4));
#10497=CARTESIAN_POINT('',(1.25,2.45,-3.5));
#10498=CARTESIAN_POINT('',(1.25,2.45,-1.8));
#10499=CARTESIAN_POINT('',(1.25,6.94255023941847,-1.8));
#10500=CARTESIAN_POINT('',(1.25,-2.45,-1.8));
#10501=CARTESIAN_POINT('',(1.25,-2.45,1.9));
#10502=CARTESIAN_POINT('',(1.95,-2.45,3.5));
#10503=CARTESIAN_POINT('',(-1.95,-2.45,3.5));
#10504=CARTESIAN_POINT('',(-1.95,-2.45,-3.5));
#10505=CARTESIAN_POINT('',(1.95,-2.45,-3.5));
#10506=CARTESIAN_POINT('',(1.95,-2.45,-3.5));
#10507=CARTESIAN_POINT('',(1.95,-2.45,3.5));
#10508=CARTESIAN_POINT('',(1.25,-2.45,-1.8));
#10509=CARTESIAN_POINT('',(1.95,2.45,-3.5));
#10510=CARTESIAN_POINT('',(-1.95,2.45,-3.5));
#10511=CARTESIAN_POINT('',(-1.95,2.45,-3.5));
#10512=CARTESIAN_POINT('',(1.95,2.45,-3.5));
#10513=CARTESIAN_POINT('',(1.95,2.45,-3.5));
#10514=CARTESIAN_POINT('',(1.95,2.45,-3.5));
#10515=CARTESIAN_POINT('',(1.95,2.45,-1.8));
#10516=CARTESIAN_POINT('',(1.95,-2.45,-3.5));
#10517=CARTESIAN_POINT('',(-1.95,-2.45,-3.5));
#10518=CARTESIAN_POINT('',(1.95,-2.45,-3.5));
#10519=CARTESIAN_POINT('',(1.95,0.,0.));
#10520=CARTESIAN_POINT('',(-1.95,0.,0.));
#10521=CARTESIAN_POINT('',(1.25,6.94255023941847,-1.8));
#10522=CARTESIAN_POINT('',(0.,3.5402519917894E-17,-0.4));
#10523=CARTESIAN_POINT('',(0.,3.5402519917894E-17,-0.4));
#10524=CARTESIAN_POINT('',(0.,3.5402519917894E-17,-0.4));
#10525=CARTESIAN_POINT('',(0.,3.5402519917894E-17,-0.4));
#10526=CARTESIAN_POINT('',(0.,3.5402519917894E-17,-0.4));
#10527=CARTESIAN_POINT('',(2.54,1.05,0.249999999999999));
#10528=CARTESIAN_POINT('',(3.09398331853972,5.15760561037983,1.475));
#10529=CARTESIAN_POINT('',(3.09398331853972,5.15760561037983,1.475));
#10530=CARTESIAN_POINT('',(3.09398331853972,5.15760561037983,1.23493954436738));
#10531=CARTESIAN_POINT('',(3.09398331853972,5.15760561037983,-1.23493954436738));
#10532=CARTESIAN_POINT('',(3.17294548181146,4.83296980712095,0.916235516104208));
#10533=CARTESIAN_POINT('',(3.15838598346672,4.89282802584686,0.975));
#10534=CARTESIAN_POINT('',(3.86600384774374,1.98361069628416,0.975));
#10535=CARTESIAN_POINT('',(3.86600384774374,1.98361069628416,0.975));
#10536=CARTESIAN_POINT('',(3.86600384774374,1.98361069628416,1.475));
#10537=CARTESIAN_POINT('',(3.86600384774374,1.98361069628416,-0.975));
#10538=CARTESIAN_POINT('',(3.09398331853972,5.15760561037983,-0.975000000000001));
#10539=CARTESIAN_POINT('',(3.15838598346672,4.89282802584686,-0.975000000000001));
#10540=CARTESIAN_POINT('',(3.17294548181146,4.83296980712095,-0.916235516104208));
#10541=CARTESIAN_POINT('',(2.7,1.7,1.475));
#10542=CARTESIAN_POINT('',(2.7,1.7,0.975));
#10543=CARTESIAN_POINT('',(3.9,1.7,0.975));
#10544=CARTESIAN_POINT('',(3.9,1.7,1.475));
#10545=CARTESIAN_POINT('',(3.9,1.7,-0.975));
#10546=CARTESIAN_POINT('',(2.7,1.7,-0.975));
#10547=CARTESIAN_POINT('',(3.9,1.7,1.475));
#10548=CARTESIAN_POINT('',(3.9,1.1,0.975));
#10549=CARTESIAN_POINT('',(3.9,1.1,0.975));
#10550=CARTESIAN_POINT('',(3.9,1.1,1.475));
#10551=CARTESIAN_POINT('',(3.9,1.1,-0.975));
#10552=CARTESIAN_POINT('',(3.9,1.7,-0.975));
#10553=CARTESIAN_POINT('',(3.3,1.1,1.475));
#10554=CARTESIAN_POINT('',(3.3,1.1,0.975));
#10555=CARTESIAN_POINT('',(3.3,0.5,0.975));
#10556=CARTESIAN_POINT('',(3.3,0.5,1.26152653920244));
#10557=CARTESIAN_POINT('',(3.3,0.5,-0.975));
#10558=CARTESIAN_POINT('',(3.3,1.1,-0.975));
#10559=CARTESIAN_POINT('',(2.70531536929181,5.06306871161845,1.475));
#10560=CARTESIAN_POINT('',(2.70531536929181,5.06306871161845,0.975));
#10561=CARTESIAN_POINT('',(2.73997932492785,4.92055537845012,0.975));
#10562=CARTESIAN_POINT('',(3.47733589849583,1.88907379752277,0.975));
#10563=CARTESIAN_POINT('',(2.66281036503282,5.23781881506548,1.28646637017513));
#10564=CARTESIAN_POINT('',(2.7053153692918,5.06306871161845,1.11490931655107));
#10565=CARTESIAN_POINT('',(2.7053153692918,5.06306871161845,1.475));
#10566=CARTESIAN_POINT('',(2.7053153692918,5.06306871161845,-1.11490931655107));
#10567=CARTESIAN_POINT('',(3.01102754566918,3.80619942344117,0.118994341397992));
#10568=CARTESIAN_POINT('',(2.73997932492785,4.92055537845012,-0.975000000000001));
#10569=CARTESIAN_POINT('',(3.47733589849583,1.88907379752277,-0.975));
#10570=CARTESIAN_POINT('',(3.47733589849583,1.88907379752277,-0.975));
#10571=CARTESIAN_POINT('',(3.47733589849583,1.88907379752277,1.475));
#10572=CARTESIAN_POINT('',(2.7,1.7,1.475));
#10573=CARTESIAN_POINT('',(2.7,1.7,0.975));
#10574=CARTESIAN_POINT('',(3.5,1.7,0.975));
#10575=CARTESIAN_POINT('',(2.7,1.7,-0.975));
#10576=CARTESIAN_POINT('',(3.5,1.7,-0.975));
#10577=CARTESIAN_POINT('',(3.5,1.7,1.475));
#10578=CARTESIAN_POINT('',(3.5,1.7,1.475));
#10579=CARTESIAN_POINT('',(3.5,1.7,0.975));
#10580=CARTESIAN_POINT('',(3.5,1.1,0.975));
#10581=CARTESIAN_POINT('',(3.5,1.1,-0.975));
#10582=CARTESIAN_POINT('',(3.5,1.1,-0.975));
#10583=CARTESIAN_POINT('',(3.5,1.1,1.475));
#10584=CARTESIAN_POINT('',(3.3,1.1,1.475));
#10585=CARTESIAN_POINT('',(3.3,1.1,0.975));
#10586=CARTESIAN_POINT('',(3.3,0.9,0.975));
#10587=CARTESIAN_POINT('',(3.3,1.1,-0.975));
#10588=CARTESIAN_POINT('',(3.3,0.9,-0.975));
#10589=CARTESIAN_POINT('',(3.3,0.9,1.26152653920244));
#10590=CARTESIAN_POINT('',(3.3,-0.101526539202438,1.56));
#10591=CARTESIAN_POINT('',(3.3,0.45,-1.85));
#10592=CARTESIAN_POINT('',(3.3,0.136748377503056,-1.60125631464692));
#10593=CARTESIAN_POINT('',(3.3,0.45,-1.85));
#10594=CARTESIAN_POINT('',(3.3,0.810888033807344,-1.39552107737161));
#10595=CARTESIAN_POINT('',(3.3,0.810888033807343,-1.39552107737161));
#10596=CARTESIAN_POINT('',(3.3,0.489101404509765,-1.14));
#10597=CARTESIAN_POINT('',(3.3,0.9,-1.14));
#10598=CARTESIAN_POINT('',(3.3,0.9,-0.975));
#10599=CARTESIAN_POINT('',(3.3,0.5,-0.975));
#10600=CARTESIAN_POINT('',(3.3,0.5,-0.975));
#10601=CARTESIAN_POINT('',(3.3,0.5,-1.14));
#10602=CARTESIAN_POINT('',(3.3,0.489101404509765,-1.14));
#10603=CARTESIAN_POINT('',(3.3,0.4976364113104,-1.14677739201853));
#10604=CARTESIAN_POINT('',(3.3,0.4976364113104,-1.14677739201853));
#10605=CARTESIAN_POINT('',(1.5,1.1,1.475));
#10606=CARTESIAN_POINT('',(1.5,0.5,1.26152653920244));
#10607=CARTESIAN_POINT('',(1.5,0.5,-0.975));
#10608=CARTESIAN_POINT('',(1.5,0.5,0.975));
#10609=CARTESIAN_POINT('',(1.5,1.1,0.975));
#10610=CARTESIAN_POINT('',(0.9,1.1,0.975));
#10611=CARTESIAN_POINT('',(0.9,1.1,1.475));
#10612=CARTESIAN_POINT('',(0.9,1.1,-0.975));
#10613=CARTESIAN_POINT('',(1.5,1.1,-0.975));
#10614=CARTESIAN_POINT('',(0.9,1.1,1.475));
#10615=CARTESIAN_POINT('',(0.9,1.7,0.975));
#10616=CARTESIAN_POINT('',(0.9,1.7,0.975));
#10617=CARTESIAN_POINT('',(0.9,1.7,1.475));
#10618=CARTESIAN_POINT('',(0.9,1.7,-0.975));
#10619=CARTESIAN_POINT('',(0.9,1.1,-0.975));
#10620=CARTESIAN_POINT('',(2.1,1.7,1.475));
#10621=CARTESIAN_POINT('',(2.1,1.7,0.975));
#10622=CARTESIAN_POINT('',(0.933996152256256,1.98361069628416,0.975));
#10623=CARTESIAN_POINT('',(0.933996152256257,1.98361069628416,1.475));
#10624=CARTESIAN_POINT('',(0.933996152256257,1.98361069628416,-0.975));
#10625=CARTESIAN_POINT('',(2.1,1.7,-0.975));
#10626=CARTESIAN_POINT('',(0.933996152256256,1.98361069628416,1.475));
#10627=CARTESIAN_POINT('',(1.70601668146028,5.15760561037983,0.975000000000001));
#10628=CARTESIAN_POINT('',(1.64161401653328,4.89282802584686,0.975000000000001));
#10629=CARTESIAN_POINT('',(1.62705451818854,4.83296980712095,0.916235516104208));
#10630=CARTESIAN_POINT('',(1.70601668146028,5.15760561037983,1.23493954436738));
#10631=CARTESIAN_POINT('',(1.70601668146028,5.15760561037983,1.475));
#10632=CARTESIAN_POINT('',(1.70601668146028,5.15760561037983,-1.23493954436738));
#10633=CARTESIAN_POINT('',(1.62705451818854,4.83296980712095,-0.916235516104208));
#10634=CARTESIAN_POINT('',(1.64161401653328,4.89282802584686,-0.975000000000001));
#10635=CARTESIAN_POINT('',(0.933996152256256,1.98361069628416,-0.975));
#10636=CARTESIAN_POINT('',(1.5,1.1,1.475));
#10637=CARTESIAN_POINT('',(1.5,1.1,0.975));
#10638=CARTESIAN_POINT('',(1.5,0.9,0.975));
#10639=CARTESIAN_POINT('',(1.3,1.1,0.975));
#10640=CARTESIAN_POINT('',(1.5,0.9,1.26152653920244));
#10641=CARTESIAN_POINT('',(1.5,0.9,-0.975));
#10642=CARTESIAN_POINT('',(1.5,1.1,-0.975));
#10643=CARTESIAN_POINT('',(1.3,1.1,-0.975));
#10644=CARTESIAN_POINT('',(1.3,1.1,1.475));
#10645=CARTESIAN_POINT('',(1.3,1.1,1.475));
#10646=CARTESIAN_POINT('',(1.3,1.1,0.975));
#10647=CARTESIAN_POINT('',(1.3,1.7,0.975));
#10648=CARTESIAN_POINT('',(1.3,1.1,-0.975));
#10649=CARTESIAN_POINT('',(1.3,1.7,-0.975));
#10650=CARTESIAN_POINT('',(1.3,1.7,1.475));
#10651=CARTESIAN_POINT('',(2.1,1.7,1.475));
#10652=CARTESIAN_POINT('',(2.1,1.7,0.975));
#10653=CARTESIAN_POINT('',(1.32266410150417,1.88907379752277,0.975));
#10654=CARTESIAN_POINT('',(2.1,1.7,-0.975));
#10655=CARTESIAN_POINT('',(1.32266410150417,1.88907379752277,-0.975));
#10656=CARTESIAN_POINT('',(1.32266410150417,1.88907379752277,1.475));
#10657=CARTESIAN_POINT('',(1.32266410150417,1.88907379752277,1.475));
#10658=CARTESIAN_POINT('',(1.32266410150417,1.88907379752277,0.975));
#10659=CARTESIAN_POINT('',(2.06002067507215,4.92055537845012,0.975000000000001));
#10660=CARTESIAN_POINT('',(1.32266410150417,1.88907379752277,-0.975));
#10661=CARTESIAN_POINT('',(2.06002067507215,4.92055537845012,-0.975000000000001));
#10662=CARTESIAN_POINT('',(1.38476362760956,2.14438252646224,1.75044636851972));
#10663=CARTESIAN_POINT('',(2.09468463070819,5.06306871161845,-1.11490931655107));
#10664=CARTESIAN_POINT('',(2.09468463070819,5.06306871161845,1.475));
#10665=CARTESIAN_POINT('',(2.09468463070819,5.06306871161845,1.11490931655107));
#10666=CARTESIAN_POINT('',(1.73298080824592,3.57600191808655,-0.344985656946597));
#10667=CARTESIAN_POINT('',(1.5,-0.101526539202438,1.56));
#10668=CARTESIAN_POINT('',(1.5,0.5,0.975));
#10669=CARTESIAN_POINT('',(1.5,0.5,1.15));
#10670=CARTESIAN_POINT('',(1.5,0.49,1.15));
#10671=CARTESIAN_POINT('',(1.5,0.49,1.16));
#10672=CARTESIAN_POINT('',(1.5,-0.101526539202438,1.16));
#10673=CARTESIAN_POINT('',(1.5,0.0099999999999997,1.16));
#10674=CARTESIAN_POINT('',(1.5,0.00999999999999986,1.15));
#10675=CARTESIAN_POINT('',(1.5,-9.80652174991902E-17,1.15));
#10676=CARTESIAN_POINT('',(1.5,-0.4,1.15));
#10677=CARTESIAN_POINT('',(1.5,-0.4,1.15));
#10678=CARTESIAN_POINT('',(1.5,0.00999999999999986,1.15));
#10679=CARTESIAN_POINT('',(1.5,0.0099999999999997,1.56));
#10680=CARTESIAN_POINT('',(1.5,-0.101526539202438,1.56));
#10681=CARTESIAN_POINT('',(1.5,0.49,1.56));
#10682=CARTESIAN_POINT('',(1.5,0.49,1.15));
#10683=CARTESIAN_POINT('',(1.5,0.9,1.15));
#10684=CARTESIAN_POINT('',(1.5,0.9,0.975));
#10685=CARTESIAN_POINT('',(1.5,0.5,0.975));
#10686=CARTESIAN_POINT('',(3.3,-0.101526539202438,1.56));
#10687=CARTESIAN_POINT('',(3.3,0.49,1.15));
#10688=CARTESIAN_POINT('',(3.3,0.49,1.16));
#10689=CARTESIAN_POINT('',(3.3,0.5,1.15));
#10690=CARTESIAN_POINT('',(3.3,0.5,1.26152653920244));
#10691=CARTESIAN_POINT('',(3.3,0.9,0.975));
#10692=CARTESIAN_POINT('',(3.3,0.9,1.26152653920244));
#10693=CARTESIAN_POINT('',(3.3,0.9,1.15));
#10694=CARTESIAN_POINT('',(3.3,0.49,1.15));
#10695=CARTESIAN_POINT('',(3.3,0.49,1.56));
#10696=CARTESIAN_POINT('',(3.3,-0.101526539202438,1.56));
#10697=CARTESIAN_POINT('',(3.3,0.0099999999999997,1.56));
#10698=CARTESIAN_POINT('',(3.3,0.00999999999999976,1.15));
#10699=CARTESIAN_POINT('',(3.3,-0.4,1.15));
#10700=CARTESIAN_POINT('',(3.3,-0.4,1.15));
#10701=CARTESIAN_POINT('',(3.3,-2.08283429422452E-16,1.15));
#10702=CARTESIAN_POINT('',(3.3,0.00999999999999976,1.15));
#10703=CARTESIAN_POINT('',(3.3,0.00999999999999976,1.16));
#10704=CARTESIAN_POINT('',(3.3,-0.101526539202438,1.16));
#10705=CARTESIAN_POINT('',(1.5,-0.101526539202438,1.56));
#10706=CARTESIAN_POINT('',(1.5,0.489101404509765,-1.14));
#10707=CARTESIAN_POINT('',(1.5,0.5,-1.14));
#10708=CARTESIAN_POINT('',(1.5,0.4976364113104,-1.14677739201853));
#10709=CARTESIAN_POINT('',(1.5,0.5,1.26152653920244));
#10710=CARTESIAN_POINT('',(1.5,0.9,-0.975));
#10711=CARTESIAN_POINT('',(1.5,0.9,1.26152653920244));
#10712=CARTESIAN_POINT('',(1.5,0.9,-1.14));
#10713=CARTESIAN_POINT('',(1.5,0.489101404509765,-1.14));
#10714=CARTESIAN_POINT('',(1.5,0.810888033807343,-1.39552107737161));
#10715=CARTESIAN_POINT('',(1.5,0.810888033807344,-1.39552107737161));
#10716=CARTESIAN_POINT('',(1.5,0.45,-1.85));
#10717=CARTESIAN_POINT('',(1.5,0.45,-1.85));
#10718=CARTESIAN_POINT('',(1.5,0.136748377503056,-1.60125631464692));
#10719=CARTESIAN_POINT('',(1.5,0.4976364113104,-1.14677739201853));
#10720=CARTESIAN_POINT('',(-8.55670597438364E-33,7.10295143505465E-17,1.56));
#10721=CARTESIAN_POINT('',(3.3,0.49,1.56));
#10722=CARTESIAN_POINT('',(1.5,0.0099999999999997,1.56));
#10723=CARTESIAN_POINT('',(-0.414875442062374,-7.,1.15));
#10724=CARTESIAN_POINT('',(-0.101526539202438,0.,1.15));
#10725=CARTESIAN_POINT('',(4.,-2.71050543121376E-16,1.15));
#10726=CARTESIAN_POINT('',(-0.101526539202438,-0.4,1.15));
#10727=CARTESIAN_POINT('',(4.,-0.4,1.15));
#10728=CARTESIAN_POINT('',(4.,-2.71050543121376E-16,1.15));
#10729=CARTESIAN_POINT('',(-0.414875442062374,-7.,1.15));
#10730=CARTESIAN_POINT('',(-0.748925302261575,-6.77997570383957,1.15));
#10731=CARTESIAN_POINT('',(-0.638913154181358,-6.61295077373997,1.15));
#10732=CARTESIAN_POINT('',(-0.19886456186049,-5.94485105334156,1.15));
#10733=CARTESIAN_POINT('',(-0.304863293982157,-6.8329750699004,1.15));
#10734=CARTESIAN_POINT('',(-0.304863293982157,-6.8329750699004,1.15));
#10735=CARTESIAN_POINT('',(-0.414875442062374,-7.,1.15));
#10736=CARTESIAN_POINT('',(0.135185298338711,-6.164875349502,1.15));
#10737=CARTESIAN_POINT('',(-0.322392313032974,-5.86348862890648,1.15));
#10738=CARTESIAN_POINT('',(0.135185298338711,-5.56210190831097,1.15));
#10739=CARTESIAN_POINT('',(0.592762909710396,-5.26071518771545,1.15));
#10740=CARTESIAN_POINT('',(0.135185298338711,-4.95932846711994,1.15));
#10741=CARTESIAN_POINT('',(-0.322392313032974,-4.65794174652442,1.15));
#10742=CARTESIAN_POINT('',(0.135185298338711,-4.35655502592891,1.15));
#10743=CARTESIAN_POINT('',(0.592762909710396,-4.05516830533339,1.15));
#10744=CARTESIAN_POINT('',(0.135185298338711,-3.75378158473787,1.15));
#10745=CARTESIAN_POINT('',(-0.322392313032974,-3.45239486414236,1.15));
#10746=CARTESIAN_POINT('',(0.135185298338711,-3.15100814354684,1.15));
#10747=CARTESIAN_POINT('',(0.819924256397547,-2.7,1.15));
#10748=CARTESIAN_POINT('',(-2.16840434497101E-16,-2.7,1.15));
#10749=CARTESIAN_POINT('',(0.,-2.7,1.15));
#10750=CARTESIAN_POINT('',(0.,-0.41,1.15));
#10751=CARTESIAN_POINT('',(0.01,-0.41,1.15));
#10752=CARTESIAN_POINT('',(0.01,-0.4,1.15));
#10753=CARTESIAN_POINT('',(-0.101526539202438,-0.4,1.15));
#10754=CARTESIAN_POINT('',(-0.101526539202438,0.,1.15));
#10755=CARTESIAN_POINT('',(0.00999999999999997,-6.82903096271236E-18,1.15));
#10756=CARTESIAN_POINT('',(0.01,-0.41,1.15));
#10757=CARTESIAN_POINT('',(-0.4,-0.41,1.15));
#10758=CARTESIAN_POINT('',(-0.4,-2.7,1.15));
#10759=CARTESIAN_POINT('',(-0.4,-2.7,1.15));
#10760=CARTESIAN_POINT('',(0.819924256397547,-2.7,1.15));
#10761=CARTESIAN_POINT('',(-0.19886456186049,-3.37103243970728,1.15));
#10762=CARTESIAN_POINT('',(-0.322392313032974,-3.45239486414236,1.15));
#10763=CARTESIAN_POINT('',(-0.19886456186049,-3.53375728857744,1.15));
#10764=CARTESIAN_POINT('',(0.592762909710396,-4.05516830533339,1.15));
#10765=CARTESIAN_POINT('',(-0.19886456186049,-4.57657932208934,1.15));
#10766=CARTESIAN_POINT('',(-0.322392313032974,-4.65794174652442,1.15));
#10767=CARTESIAN_POINT('',(-0.198864561860489,-4.7393041709595,1.15));
#10768=CARTESIAN_POINT('',(0.592762909710396,-5.26071518771545,1.15));
#10769=CARTESIAN_POINT('',(-0.19886456186049,-5.7821262044714,1.15));
#10770=CARTESIAN_POINT('',(-0.322392313032974,-5.86348862890648,1.15));
#10771=CARTESIAN_POINT('',(0.,-2.7,-1.15));
#10772=CARTESIAN_POINT('',(-0.101526539202438,-0.4,-1.15));
#10773=CARTESIAN_POINT('',(4.,-0.4,-1.15));
#10774=CARTESIAN_POINT('',(3.3,-0.4,-1.15));
#10775=CARTESIAN_POINT('',(3.3,-0.4,-1.15));
#10776=CARTESIAN_POINT('',(3.3,-2.08283429422452E-16,-1.15));
#10777=CARTESIAN_POINT('',(-0.101526539202438,0.,-1.15));
#10778=CARTESIAN_POINT('',(4.,-2.71050543121376E-16,-1.15));
#10779=CARTESIAN_POINT('',(4.,-2.71050543121376E-16,-1.15));
#10780=CARTESIAN_POINT('',(0.,-2.7,-1.15));
#10781=CARTESIAN_POINT('',(-0.414875442062374,-7.,-1.15));
#10782=CARTESIAN_POINT('',(-0.304863293982157,-6.8329750699004,-1.15));
#10783=CARTESIAN_POINT('',(0.135185298338711,-6.164875349502,-1.15));
#10784=CARTESIAN_POINT('',(-1.99080331373967,-5.72251878653405,-1.15));
#10785=CARTESIAN_POINT('',(-0.638913154181358,-6.61295077373997,-1.15));
#10786=CARTESIAN_POINT('',(-0.748925302261575,-6.77997570383957,-1.15));
#10787=CARTESIAN_POINT('',(-0.19886456186049,-5.94485105334156,-1.15));
#10788=CARTESIAN_POINT('',(-0.322392313032974,-5.86348862890648,-1.15));
#10789=CARTESIAN_POINT('',(-0.19886456186049,-5.7821262044714,-1.15));
#10790=CARTESIAN_POINT('',(0.592762909710396,-5.26071518771545,-1.15));
#10791=CARTESIAN_POINT('',(-0.19886456186049,-4.7393041709595,-1.15));
#10792=CARTESIAN_POINT('',(-0.322392313032974,-4.65794174652442,-1.15));
#10793=CARTESIAN_POINT('',(-0.19886456186049,-4.57657932208934,-1.15));
#10794=CARTESIAN_POINT('',(0.592762909710396,-4.05516830533339,-1.15));
#10795=CARTESIAN_POINT('',(-0.19886456186049,-3.53375728857744,-1.15));
#10796=CARTESIAN_POINT('',(-0.322392313032974,-3.45239486414236,-1.15));
#10797=CARTESIAN_POINT('',(-0.19886456186049,-3.37103243970728,-1.15));
#10798=CARTESIAN_POINT('',(0.819924256397547,-2.7,-1.15));
#10799=CARTESIAN_POINT('',(-0.4,-2.7,-1.15));
#10800=CARTESIAN_POINT('',(-0.4,-2.7,-1.15));
#10801=CARTESIAN_POINT('',(-0.4,-0.41,-1.15));
#10802=CARTESIAN_POINT('',(0.01,-0.41,-1.15));
#10803=CARTESIAN_POINT('',(0.00999999999999997,-6.82903096271236E-18,-1.15));
#10804=CARTESIAN_POINT('',(-0.101526539202438,0.,-1.15));
#10805=CARTESIAN_POINT('',(1.5,-9.18485099360515E-17,-1.15));
#10806=CARTESIAN_POINT('',(1.5,-0.4,-1.15));
#10807=CARTESIAN_POINT('',(1.5,-0.4,-1.15));
#10808=CARTESIAN_POINT('',(-0.101526539202438,-0.4,-1.15));
#10809=CARTESIAN_POINT('',(0.00999999999999997,-0.4,-1.15));
#10810=CARTESIAN_POINT('',(0.01,-0.41,-1.15));
#10811=CARTESIAN_POINT('',(0.,-0.41,-1.15));
#10812=CARTESIAN_POINT('',(0.,-2.7,-1.15));
#10813=CARTESIAN_POINT('',(-2.16840434497101E-16,-2.7,-1.15));
#10814=CARTESIAN_POINT('',(0.819924256397547,-2.7,-1.15));
#10815=CARTESIAN_POINT('',(0.135185298338711,-3.15100814354684,-1.15));
#10816=CARTESIAN_POINT('',(-0.322392313032974,-3.45239486414236,-1.15));
#10817=CARTESIAN_POINT('',(0.135185298338711,-3.75378158473787,-1.15));
#10818=CARTESIAN_POINT('',(0.592762909710396,-4.05516830533339,-1.15));
#10819=CARTESIAN_POINT('',(0.135185298338711,-4.35655502592891,-1.15));
#10820=CARTESIAN_POINT('',(-0.322392313032974,-4.65794174652442,-1.15));
#10821=CARTESIAN_POINT('',(0.135185298338711,-4.95932846711994,-1.15));
#10822=CARTESIAN_POINT('',(0.592762909710396,-5.26071518771545,-1.15));
#10823=CARTESIAN_POINT('',(0.135185298338711,-5.56210190831097,-1.15));
#10824=CARTESIAN_POINT('',(-0.322392313032974,-5.86348862890648,-1.15));
#10825=CARTESIAN_POINT('',(-0.4,-2.7,-1.15));
#10826=CARTESIAN_POINT('',(-0.4,-0.41,1.15));
#10827=CARTESIAN_POINT('',(-0.4,-2.7,-1.15));
#10828=CARTESIAN_POINT('',(-0.414875442062374,-7.,-1.15));
#10829=CARTESIAN_POINT('',(-0.414875442062374,-7.,-1.15));
#10830=CARTESIAN_POINT('',(-0.414875442062374,-7.,-0.95));
#10831=CARTESIAN_POINT('',(-0.414875442062374,-7.,0.95));
#10832=CARTESIAN_POINT('',(-0.414875442062374,-7.,0.95));
#10833=CARTESIAN_POINT('',(-0.748925302261575,-6.77997570383957,0.95));
#10834=CARTESIAN_POINT('',(-0.748925302261575,-6.77997570383957,-1.15));
#10835=CARTESIAN_POINT('',(-0.748925302261575,-6.77997570383957,-0.95));
#10836=CARTESIAN_POINT('',(-0.414875442062374,-7.,-0.95));
#10837=CARTESIAN_POINT('',(-0.414875442062374,-7.,-1.15));
#10838=CARTESIAN_POINT('',(-0.304863293982157,-6.8329750699004,0.95));
#10839=CARTESIAN_POINT('',(-0.304863293982157,-6.8329750699004,-0.95));
#10840=CARTESIAN_POINT('',(0.135185298338711,-6.164875349502,-1.15));
#10841=CARTESIAN_POINT('',(-0.322392313032974,-5.86348862890648,-1.15));
#10842=CARTESIAN_POINT('',(0.135185298338711,-5.56210190831097,-1.15));
#10843=CARTESIAN_POINT('',(0.592762909710396,-5.26071518771545,-1.15));
#10844=CARTESIAN_POINT('',(0.135185298338711,-4.95932846711994,-1.15));
#10845=CARTESIAN_POINT('',(-0.322392313032974,-4.65794174652442,-1.15));
#10846=CARTESIAN_POINT('',(0.135185298338711,-4.35655502592891,-1.15));
#10847=CARTESIAN_POINT('',(0.592762909710396,-4.05516830533339,-1.15));
#10848=CARTESIAN_POINT('',(0.135185298338711,-3.75378158473787,-1.15));
#10849=CARTESIAN_POINT('',(-0.322392313032974,-3.45239486414236,-1.15));
#10850=CARTESIAN_POINT('',(0.135185298338711,-3.15100814354684,-1.15));
#10851=CARTESIAN_POINT('',(0.819924256397547,-2.7,-1.15));
#10852=CARTESIAN_POINT('',(-2.16840434497101E-16,-2.7,-1.15));
#10853=CARTESIAN_POINT('',(0.,-2.7,-1.15));
#10854=CARTESIAN_POINT('',(0.,-0.41,1.15));
#10855=CARTESIAN_POINT('',(-0.748925302261575,-6.77997570383957,-1.15));
#10856=CARTESIAN_POINT('',(-0.638913154181358,-6.61295077373997,0.95));
#10857=CARTESIAN_POINT('',(-0.19886456186049,-5.94485105334156,-1.15));
#10858=CARTESIAN_POINT('',(-0.638913154181358,-6.61295077373997,-0.95));
#10859=CARTESIAN_POINT('',(-0.322392313032974,-5.86348862890648,-1.15));
#10860=CARTESIAN_POINT('',(-0.19886456186049,-5.7821262044714,-1.15));
#10861=CARTESIAN_POINT('',(0.592762909710396,-5.26071518771545,-1.15));
#10862=CARTESIAN_POINT('',(-0.198864561860489,-4.7393041709595,-1.15));
#10863=CARTESIAN_POINT('',(-0.322392313032974,-4.65794174652442,-1.15));
#10864=CARTESIAN_POINT('',(-0.19886456186049,-4.57657932208934,-1.15));
#10865=CARTESIAN_POINT('',(0.592762909710396,-4.05516830533339,-1.15));
#10866=CARTESIAN_POINT('',(-0.19886456186049,-3.53375728857744,-1.15));
#10867=CARTESIAN_POINT('',(-0.322392313032974,-3.45239486414236,-1.15));
#10868=CARTESIAN_POINT('',(-0.19886456186049,-3.37103243970728,-1.15));
#10869=CARTESIAN_POINT('',(0.819924256397547,-2.7,-1.15));
#10870=CARTESIAN_POINT('',(0.,0.,1.82625465373418E-32));
#10871=CARTESIAN_POINT('',(0.0100000000000001,-5.42101086242752E-17,1.15));
#10872=CARTESIAN_POINT('',(4.,-2.71050543121376E-16,1.15));
#10873=CARTESIAN_POINT('',(3.3,-2.02066721859313E-16,-1.85));
#10874=CARTESIAN_POINT('',(3.3,-2.02066721859313E-16,-1.85));
#10875=CARTESIAN_POINT('',(1.5,-9.18485099360515E-17,-1.85));
#10876=CARTESIAN_POINT('',(1.5,-9.18485099360515E-17,-1.85));
#10877=CARTESIAN_POINT('',(1.5,-9.18485099360515E-17,-1.15));
#10878=CARTESIAN_POINT('',(0.00999999999999997,-6.82903096271236E-18,-1.15));
#10879=CARTESIAN_POINT('',(-2.44929359829471E-17,-0.4,0.));
#10880=CARTESIAN_POINT('',(1.5,-0.4,-1.15));
#10881=CARTESIAN_POINT('',(1.5,-0.4,-1.85));
#10882=CARTESIAN_POINT('',(1.5,-0.4,-1.85));
#10883=CARTESIAN_POINT('',(3.3,-0.4,-1.85));
#10884=CARTESIAN_POINT('',(3.3,-0.4,-1.85));
#10885=CARTESIAN_POINT('',(4.,-0.4,1.15));
#10886=CARTESIAN_POINT('',(3.3,-0.4,1.15));
#10887=CARTESIAN_POINT('',(0.00999999999999995,-0.4,-1.15));
#10888=CARTESIAN_POINT('',(4.,-2.71050543121376E-16,1.15));
#10889=CARTESIAN_POINT('',(0.01,-0.41,1.15));
#10890=CARTESIAN_POINT('',(0.01,-0.41,1.15));
#10891=CARTESIAN_POINT('',(3.3,-0.4,-1.85));
#10892=CARTESIAN_POINT('',(3.3,-0.4,-1.85));
#10893=CARTESIAN_POINT('',(1.5,-0.4,-1.85));
#10894=CARTESIAN_POINT('',(1.5,-0.4,-1.85));
#10895=CARTESIAN_POINT('',(1.5,-0.4,-1.15));
#10896=CARTESIAN_POINT('',(-8.55670597438364E-33,7.10295143505465E-17,1.16));
#10897=CARTESIAN_POINT('',(3.3,0.49,1.16));
#10898=CARTESIAN_POINT('',(1.5,0.00999999999999968,1.16));
#10899=CARTESIAN_POINT('',(0.0100000000000001,0.00999999999999997,1.15));
#10900=CARTESIAN_POINT('',(0.0100000000000001,0.00999999999999997,1.15));
#10901=CARTESIAN_POINT('',(-2.80991216079992E-32,0.9,-1.15407989726147E-16));
#10902=CARTESIAN_POINT('',(1.5,0.9,1.15));
#10903=CARTESIAN_POINT('',(1.5,0.9,-1.14));
#10904=CARTESIAN_POINT('',(0.,0.5,-6.12323399573676E-17));
#10905=CARTESIAN_POINT('',(1.5,0.5,1.15));
#10906=CARTESIAN_POINT('',(1.5,0.5,-1.14));
#10907=CARTESIAN_POINT('',(3.3,0.49,1.15));
#10908=CARTESIAN_POINT('',(3.3,0.49,1.15));
#10909=CARTESIAN_POINT('',(1.5,0.45,-1.85));
#10910=CARTESIAN_POINT('',(1.5,0.136748377503056,-1.60125631464692));
#10911=CARTESIAN_POINT('',(1.5,0.45,-1.85));
#10912=CARTESIAN_POINT('',(1.5,0.489101404509765,-1.14));
#10913=CARTESIAN_POINT('',(1.5,0.810888033807344,-1.39552107737161));
#10914=CARTESIAN_POINT('',(1.5,0.810888033807344,-1.39552107737161));
#10915=CARTESIAN_POINT('',(1.5,0.489101404509765,-1.14));
#10916=CARTESIAN_POINT('',(1.5,0.4976364113104,-1.14677739201853));
#10917=CARTESIAN_POINT('',(1.5,0.4976364113104,-1.14677739201853));
#10918=CARTESIAN_POINT('',(1.93394565872176,6.00199805525566,1.475));
#10919=CARTESIAN_POINT('',(0.928680782964451,5.34667940790261,1.475));
#10920=CARTESIAN_POINT('',(1.71716056920522,5.48195552068571,1.475));
#10921=CARTESIAN_POINT('',(1.59885736680266,5.78355850613797,1.475));
#10922=CARTESIAN_POINT('',(2.12057660794918,5.50868946127625,1.475));
#10923=CARTESIAN_POINT('',(2.11771991061476,5.50850015106176,1.475));
#10924=CARTESIAN_POINT('',(0.928680782964451,5.34667940790261,1.475));
#10925=CARTESIAN_POINT('',(1.93394565872177,6.00199805525566,1.475));
#10926=CARTESIAN_POINT('',(1.93394565872176,6.00199805525566,1.475));
#10927=CARTESIAN_POINT('',(1.71852466577821,6.33245585404045,1.475));
#10928=CARTESIAN_POINT('',(1.71852466577821,6.33245585404045,1.475));
#10929=CARTESIAN_POINT('',(1.38343637385911,6.11401630492276,1.475));
#10930=CARTESIAN_POINT('',(1.59885736680266,5.78355850613797,1.475));
#10931=CARTESIAN_POINT('',(1.60930489121937,6.5,1.475));
#10932=CARTESIAN_POINT('',(1.27421659930027,6.28156045088232,1.475));
#10933=CARTESIAN_POINT('',(1.27421659930027,6.28156045088232,1.275));
#10934=CARTESIAN_POINT('',(1.27421659930027,6.28156045088232,-1.275));
#10935=CARTESIAN_POINT('',(1.60930489121937,6.5,1.275));
#10936=CARTESIAN_POINT('',(1.60930489121937,6.5,1.275));
#10937=CARTESIAN_POINT('',(1.60930489121937,6.5,1.475));
#10938=CARTESIAN_POINT('',(1.60930489121937,6.5,-1.275));
#10939=CARTESIAN_POINT('',(1.60930489121937,6.5,-1.275));
#10940=CARTESIAN_POINT('',(1.5,1.1,-1.475));
#10941=CARTESIAN_POINT('',(0.928680782964451,5.34667940790261,-1.475));
#10942=CARTESIAN_POINT('',(2.11771991061476,5.50850015106176,-1.475));
#10943=CARTESIAN_POINT('',(1.93394565872177,6.00199805525566,-1.475));
#10944=CARTESIAN_POINT('',(1.72145203926364,5.48223991172268,-1.475));
#10945=CARTESIAN_POINT('',(1.71716056920522,5.48195552068571,-1.475));
#10946=CARTESIAN_POINT('',(0.928680782964451,5.34667940790261,-1.475));
#10947=CARTESIAN_POINT('',(1.59885736680266,5.78355850613797,-1.475));
#10948=CARTESIAN_POINT('',(1.59885736680266,5.78355850613797,-1.475));
#10949=CARTESIAN_POINT('',(1.38343637385911,6.11401630492276,-1.475));
#10950=CARTESIAN_POINT('',(-0.828565955670137,4.67204174728504,-1.475));
#10951=CARTESIAN_POINT('',(1.71852466577821,6.33245585404045,-1.475));
#10952=CARTESIAN_POINT('',(1.93394565872176,6.00199805525566,-1.475));
#10953=CARTESIAN_POINT('',(0.928680782964451,5.34667940790261,1.475));
#10954=CARTESIAN_POINT('',(0.928680782964451,5.34667940790261,1.475));
#10955=CARTESIAN_POINT('',(1.72866052384999,5.34098606330557,1.41642135623731));
#10956=CARTESIAN_POINT('',(1.72866052384999,5.34098606330557,1.41642135623731));
#10957=CARTESIAN_POINT('',(1.72892684684226,5.37840747609958,1.45374325903189));
#10958=CARTESIAN_POINT('',(1.72609993637495,5.42985090169494,1.475));
#10959=CARTESIAN_POINT('',(1.71716056920522,5.48195552068571,1.475));
#10960=CARTESIAN_POINT('',(1.59885736680266,5.78355850613797,1.475));
#10961=CARTESIAN_POINT('',(1.71716056920522,5.48195552068571,-1.475));
#10962=CARTESIAN_POINT('',(1.72609802280696,5.4298620552508,-1.475));
#10963=CARTESIAN_POINT('',(1.72892681944953,5.37840362710881,-1.45373942027625));
#10964=CARTESIAN_POINT('',(1.72866052384999,5.34098606330557,-1.41642135623731));
#10965=CARTESIAN_POINT('',(1.72866052384999,5.34098606330557,-1.41642135623731));
#10966=CARTESIAN_POINT('',(0.928680782964451,5.34667940790261,-1.475));
#10967=CARTESIAN_POINT('',(1.59885736680266,5.78355850613797,1.475));
#10968=CARTESIAN_POINT('',(1.38343637385911,6.11401630492276,1.275));
#10969=CARTESIAN_POINT('',(1.38343637385911,6.11401630492276,-1.275));
#10970=CARTESIAN_POINT('',(0.928680782964451,5.34667940790261,1.475));
#10971=CARTESIAN_POINT('',(2.11771991061476,5.50850015106176,1.475));
#10972=CARTESIAN_POINT('',(2.12484316876259,5.45615931706998,1.475));
#10973=CARTESIAN_POINT('',(2.12785255634548,5.40484882775383,1.4537482284138));
#10974=CARTESIAN_POINT('',(2.12850044016299,5.36748301816567,1.41642135623731));
#10975=CARTESIAN_POINT('',(2.12850044016299,5.36748301816567,1.41642135623731));
#10976=CARTESIAN_POINT('',(0.928680782964451,5.34667940790261,1.475));
#10977=CARTESIAN_POINT('',(0.928680782964451,5.34667940790261,-1.475));
#10978=CARTESIAN_POINT('',(2.12850044016299,5.36748301816566,-1.41642135623731));
#10979=CARTESIAN_POINT('',(2.12850044016299,5.36748301816566,-1.41642135623731));
#10980=CARTESIAN_POINT('',(2.12785252208158,5.40485080387719,-1.45375020247793));
#10981=CARTESIAN_POINT('',(2.12484388545236,5.4561540509208,-1.475));
#10982=CARTESIAN_POINT('',(2.11771991061476,5.50850015106176,-1.475));
#10983=CARTESIAN_POINT('',(1.93394565872177,6.00199805525566,1.475));
#10984=CARTESIAN_POINT('',(1.93394565872176,6.00199805525566,1.475));
#10985=CARTESIAN_POINT('',(1.71852466577821,6.33245585404045,1.275));
#10986=CARTESIAN_POINT('',(1.71852466577821,6.33245585404045,-1.275));
#10987=CARTESIAN_POINT('',(1.5,1.1,-0.975));
#10988=CARTESIAN_POINT('',(1.2503715941001,4.86690081752268,-0.975000000000001));
#10989=CARTESIAN_POINT('',(1.5,1.1,0.975));
#10990=CARTESIAN_POINT('',(1.2503715941001,4.86690081752269,0.975000000000001));
#10991=CARTESIAN_POINT('',(1.2503715941001,4.86690081752269,0.975000000000001));
#10992=CARTESIAN_POINT('',(1.73080336718797,5.34112806719483,1.41642135623731));
#10993=CARTESIAN_POINT('',(1.2503715941001,4.86690081752269,-0.975000000000001));
#10994=CARTESIAN_POINT('',(2.12992793587351,5.3675776167484,-1.41642135623731));
#10995=CARTESIAN_POINT('',(1.21183177608627,5.44846793309253,1.275));
#10996=CARTESIAN_POINT('',(1.21183177608627,5.44846793309253,-1.275));
#10997=CARTESIAN_POINT('',(1.71852466577821,6.33245585404045,1.275));
#10998=CARTESIAN_POINT('',(1.71852466577821,6.33245585404045,-1.275));
#10999=CARTESIAN_POINT('',(3.3,1.1,1.475));
#11000=CARTESIAN_POINT('',(3.87131921703555,5.34667940790261,1.475));
#11001=CARTESIAN_POINT('',(2.86605434127823,6.00199805525566,1.475));
#11002=CARTESIAN_POINT('',(2.68228008938523,5.50850015106176,1.475));
#11003=CARTESIAN_POINT('',(3.07854796073636,5.48223991172268,1.475));
#11004=CARTESIAN_POINT('',(3.08283943079478,5.48195552068571,1.475));
#11005=CARTESIAN_POINT('',(3.87131921703555,5.34667940790261,1.475));
#11006=CARTESIAN_POINT('',(3.20114263319734,5.78355850613797,1.475));
#11007=CARTESIAN_POINT('',(3.52578340069973,6.28156045088232,1.475));
#11008=CARTESIAN_POINT('',(3.41656362614089,6.11401630492276,1.475));
#11009=CARTESIAN_POINT('',(5.62856595567014,4.67204174728504,1.475));
#11010=CARTESIAN_POINT('',(3.08147533422179,6.33245585404045,1.475));
#11011=CARTESIAN_POINT('',(3.19069510878063,6.5,1.475));
#11012=CARTESIAN_POINT('',(3.19069510878063,6.5,-1.475));
#11013=CARTESIAN_POINT('',(3.87131921703555,5.34667940790261,-1.475));
#11014=CARTESIAN_POINT('',(3.20114263319734,5.78355850613797,-1.475));
#11015=CARTESIAN_POINT('',(3.08283943079478,5.48195552068571,-1.475));
#11016=CARTESIAN_POINT('',(2.67942339205082,5.50868946127625,-1.475));
#11017=CARTESIAN_POINT('',(2.68228008938523,5.50850015106176,-1.475));
#11018=CARTESIAN_POINT('',(3.87131921703555,5.34667940790261,-1.475));
#11019=CARTESIAN_POINT('',(2.86605434127823,6.00199805525566,-1.475));
#11020=CARTESIAN_POINT('',(3.19069510878063,6.5,-1.475));
#11021=CARTESIAN_POINT('',(3.08147533422179,6.33245585404045,-1.475));
#11022=CARTESIAN_POINT('',(3.08147533422179,6.33245585404045,-1.475));
#11023=CARTESIAN_POINT('',(3.41656362614089,6.11401630492276,-1.475));
#11024=CARTESIAN_POINT('',(3.52578340069973,6.28156045088232,-1.475));
#11025=CARTESIAN_POINT('',(3.19069510878063,6.5,1.475));
#11026=CARTESIAN_POINT('',(3.19069510878063,6.5,1.475));
#11027=CARTESIAN_POINT('',(3.19069510878063,6.5,1.275));
#11028=CARTESIAN_POINT('',(3.19069510878063,6.5,-1.275));
#11029=CARTESIAN_POINT('',(3.19069510878063,6.5,1.275));
#11030=CARTESIAN_POINT('',(3.52578340069973,6.28156045088232,1.275));
#11031=CARTESIAN_POINT('',(3.52578340069973,6.28156045088232,1.475));
#11032=CARTESIAN_POINT('',(3.52578340069973,6.28156045088232,-1.275));
#11033=CARTESIAN_POINT('',(3.19069510878063,6.5,-1.275));
#11034=CARTESIAN_POINT('',(3.52578340069973,6.28156045088232,1.475));
#11035=CARTESIAN_POINT('',(3.41656362614089,6.11401630492276,1.275));
#11036=CARTESIAN_POINT('',(3.20114263319734,5.78355850613797,1.475));
#11037=CARTESIAN_POINT('',(3.41656362614089,6.11401630492276,-1.275));
#11038=CARTESIAN_POINT('',(3.87131921703555,5.34667940790261,1.475));
#11039=CARTESIAN_POINT('',(3.08283943079478,5.48195552068571,1.475));
#11040=CARTESIAN_POINT('',(3.07390197719304,5.4298620552508,1.475));
#11041=CARTESIAN_POINT('',(3.07107318055047,5.37840362710881,1.45373942027625));
#11042=CARTESIAN_POINT('',(3.07133947615001,5.34098606330557,1.41642135623731));
#11043=CARTESIAN_POINT('',(3.07133947615001,5.34098606330557,1.41642135623731));
#11044=CARTESIAN_POINT('',(3.87131921703555,5.34667940790261,1.475));
#11045=CARTESIAN_POINT('',(3.87131921703555,5.34667940790261,-1.475));
#11046=CARTESIAN_POINT('',(3.07133947615001,5.34098606330557,-1.41642135623731));
#11047=CARTESIAN_POINT('',(3.07133947615001,5.34098606330557,-1.41642135623731));
#11048=CARTESIAN_POINT('',(3.07107315315774,5.37840747609958,-1.45374325903189));
#11049=CARTESIAN_POINT('',(3.07390006362505,5.42985090169494,-1.475));
#11050=CARTESIAN_POINT('',(3.08283943079478,5.48195552068571,-1.475));
#11051=CARTESIAN_POINT('',(3.19069510878063,6.5,1.475));
#11052=CARTESIAN_POINT('',(3.08147533422179,6.33245585404045,1.275));
#11053=CARTESIAN_POINT('',(3.08147533422179,6.33245585404045,-1.275));
#11054=CARTESIAN_POINT('',(2.86605434127823,6.00199805525566,1.475));
#11055=CARTESIAN_POINT('',(3.87131921703555,5.34667940790261,1.475));
#11056=CARTESIAN_POINT('',(3.87131921703555,5.34667940790261,1.475));
#11057=CARTESIAN_POINT('',(2.67149955983701,5.36748301816567,1.41642135623731));
#11058=CARTESIAN_POINT('',(2.67149955983701,5.36748301816566,1.41642135623731));
#11059=CARTESIAN_POINT('',(2.67214747791842,5.40485080387719,1.45375020247793));
#11060=CARTESIAN_POINT('',(2.67515611454764,5.4561540509208,1.475));
#11061=CARTESIAN_POINT('',(2.68228008938523,5.50850015106176,1.475));
#11062=CARTESIAN_POINT('',(2.68228008938523,5.50850015106176,-1.475));
#11063=CARTESIAN_POINT('',(2.67515683123741,5.45615931706998,-1.475));
#11064=CARTESIAN_POINT('',(2.67214744365452,5.40484882775383,-1.4537482284138));
#11065=CARTESIAN_POINT('',(2.67149955983701,5.36748301816567,-1.41642135623731));
#11066=CARTESIAN_POINT('',(2.67149955983701,5.36748301816567,-1.41642135623731));
#11067=CARTESIAN_POINT('',(3.87131921703555,5.34667940790261,-1.475));
#11068=CARTESIAN_POINT('',(3.3,1.1,-0.975));
#11069=CARTESIAN_POINT('',(3.5496284058999,4.86690081752269,-0.975000000000001));
#11070=CARTESIAN_POINT('',(3.3,1.1,0.975));
#11071=CARTESIAN_POINT('',(3.5496284058999,4.86690081752269,0.975));
#11072=CARTESIAN_POINT('',(3.5496284058999,4.86690081752269,0.975));
#11073=CARTESIAN_POINT('',(2.67007206412649,5.3675776167484,1.41642135623731));
#11074=CARTESIAN_POINT('',(3.5496284058999,4.86690081752269,-0.975000000000001));
#11075=CARTESIAN_POINT('',(3.06919663281203,5.34112806719483,-1.41642135623731));
#11076=CARTESIAN_POINT('',(3.58816822391373,5.44846793309253,1.275));
#11077=CARTESIAN_POINT('',(3.58816822391373,5.44846793309253,-1.275));
#11078=CARTESIAN_POINT('',(3.08147533422179,6.33245585404045,1.275));
#11079=CARTESIAN_POINT('',(3.08147533422179,6.33245585404045,-1.275));
#11080=CARTESIAN_POINT('',(-0.304863293982157,-6.8329750699004,0.95));
#11081=CARTESIAN_POINT('',(-0.304863293982157,-6.8329750699004,-0.95));
#11082=CARTESIAN_POINT('',(2.54,4.95,1.75));
#11083=CARTESIAN_POINT('',(0.,0.,6.9));
#11084=CARTESIAN_POINT('',(0.,0.,5.45));
#11085=CARTESIAN_POINT('',(-1.9,0.,5.45));
#11086=CARTESIAN_POINT('',(0.,0.,6.1));
#11087=CARTESIAN_POINT('',(-0.4,-1.85741756210067,6.1));
#11088=CARTESIAN_POINT('',(0.400000000000001,-1.85741756210067,6.1));
#11089=CARTESIAN_POINT('',(-0.4,-1.85741756210067,6.9));
#11090=CARTESIAN_POINT('',(-0.4,-1.85741756210095,6.65000000000058));
#11091=CARTESIAN_POINT('',(0.,0.,6.65));
#11092=CARTESIAN_POINT('',(-0.4,1.85741756210067,6.65));
#11093=CARTESIAN_POINT('',(-0.4,1.85741756210067,6.9));
#11094=CARTESIAN_POINT('',(-0.4,1.85741756210067,6.1));
#11095=CARTESIAN_POINT('',(0.,0.,6.1));
#11096=CARTESIAN_POINT('',(0.4,1.85741756210067,6.1));
#11097=CARTESIAN_POINT('',(0.4,1.85741756210067,6.9));
#11098=CARTESIAN_POINT('',(0.4,1.85741756210067,6.65));
#11099=CARTESIAN_POINT('',(0.,0.,6.65));
#11100=CARTESIAN_POINT('',(0.400000000000001,-1.85741756212216,6.64999999999604));
#11101=CARTESIAN_POINT('',(0.400000000000001,-1.85741756210067,6.9));
#11102=CARTESIAN_POINT('',(0.,0.,6.9));
#11103=CARTESIAN_POINT('',(-0.4,-2.,6.9));
#11104=CARTESIAN_POINT('',(-0.4,-1.60078105935821,6.9));
#11105=CARTESIAN_POINT('',(-0.4,1.60078105935821,6.9));
#11106=CARTESIAN_POINT('',(0.,0.,6.9));
#11107=CARTESIAN_POINT('',(0.,0.,6.9));
#11108=CARTESIAN_POINT('',(0.4,2.,6.9));
#11109=CARTESIAN_POINT('',(0.4,1.60078105935821,6.9));
#11110=CARTESIAN_POINT('',(0.400000000000001,-1.60078105935821,6.9));
#11111=CARTESIAN_POINT('',(0.,0.,6.9));
#11112=CARTESIAN_POINT('',(0.,0.,6.65));
#11113=CARTESIAN_POINT('',(-0.4,-1.85741756210067,6.65000000000056));
#11114=CARTESIAN_POINT('',(-0.4,-1.85741756210037,6.78378478281649));
#11115=CARTESIAN_POINT('',(-0.4,-1.7336755167542,6.9));
#11116=CARTESIAN_POINT('',(-0.4,-1.60078105935821,6.9));
#11117=CARTESIAN_POINT('',(-0.4,1.60078105935821,6.9));
#11118=CARTESIAN_POINT('',(-0.4,1.73430201562269,6.9));
#11119=CARTESIAN_POINT('',(-0.4,1.85741756210076,6.78210891387157));
#11120=CARTESIAN_POINT('',(-0.4,1.85741756210076,6.65));
#11121=CARTESIAN_POINT('',(0.,0.,6.65));
#11122=CARTESIAN_POINT('',(0.400000000000001,-1.60078105935821,6.90000000000001));
#11123=CARTESIAN_POINT('',(0.400000000000001,-1.73285282286725,6.90000000000001));
#11124=CARTESIAN_POINT('',(0.400000000000001,-1.85741756210318,6.78205884829183));
#11125=CARTESIAN_POINT('',(0.400000000000001,-1.85741756210071,6.64999999999543));
#11126=CARTESIAN_POINT('',(0.4,1.85741756210067,6.65));
#11127=CARTESIAN_POINT('',(0.4,1.85741756210067,6.78329761041539));
#11128=CARTESIAN_POINT('',(0.4,1.73365869900283,6.9));
#11129=CARTESIAN_POINT('',(0.4,1.60078105935821,6.9));
#11130=CARTESIAN_POINT('',(0.,0.,5.2));
#11131=CARTESIAN_POINT('',(0.,0.,1.2));
#11132=CARTESIAN_POINT('',(1.45,0.,1.2));
#11133=CARTESIAN_POINT('',(0.,0.,5.2));
#11134=CARTESIAN_POINT('',(-1.45,0.,5.2));
#11135=CARTESIAN_POINT('',(0.,0.,5.2));
#11136=CARTESIAN_POINT('',(0.,0.,5.2));
#11137=CARTESIAN_POINT('',(-1.65,0.,5.2));
#11138=CARTESIAN_POINT('',(0.,0.,5.45));
#11139=CARTESIAN_POINT('',(-0.4,-2.,6.1));
#11140=CARTESIAN_POINT('',(-0.4,-2.,6.1));
#11141=CARTESIAN_POINT('',(0.4,2.,6.1));
#11142=CARTESIAN_POINT('',(0.4,2.,6.1));
#11143=CARTESIAN_POINT('',(0.,0.,6.1));
#11144=CARTESIAN_POINT('',(0.,0.,1.));
#11145=CARTESIAN_POINT('',(0.,0.,1.));
#11146=CARTESIAN_POINT('',(0.,1.1,1.));
#11147=CARTESIAN_POINT('',(0.,0.,0.));
#11148=CARTESIAN_POINT('',(0.,1.1,0.));
#11149=CARTESIAN_POINT('',(0.,0.,1.));
#11150=CARTESIAN_POINT('',(0.,0.,1.));
#11151=CARTESIAN_POINT('',(1.25,0.,1.));
#11152=CARTESIAN_POINT('',(0.,0.,0.));
#11153=CARTESIAN_POINT('',(0.,0.,1.2));
#11154=CARTESIAN_POINT('',(2.54,1.05,2.35));
#11155=CARTESIAN_POINT('',(-2.54,1.05,2.35));
#11156=CARTESIAN_POINT('',(-2.54,1.05,0.249999999999999));
#11157=CARTESIAN_POINT('',(-2.54,4.95,1.75));
#11158=CARTESIAN_POINT('',(4.53,1.5,-6.305));
#11159=CARTESIAN_POINT('',(1.74,0.899999999999997,-6.305));
#11160=CARTESIAN_POINT('',(1.74,0.899999999999997,-6.305));
#11161=CARTESIAN_POINT('',(3.34,0.899999999999997,-6.305));
#11162=CARTESIAN_POINT('',(1.74,-0.100000000000002,-6.305));
#11163=CARTESIAN_POINT('',(1.74,-0.100000000000002,-6.305));
#11164=CARTESIAN_POINT('',(3.34,-0.100000000000002,-6.305));
#11165=CARTESIAN_POINT('',(3.34,-0.100000000000003,-6.305));
#11166=CARTESIAN_POINT('',(3.34,0.899999999999997,-6.305));
#11167=CARTESIAN_POINT('',(0.5,-0.949999999999998,-6.305));
#11168=CARTESIAN_POINT('',(0.5,-0.949999999999998,-6.305));
#11169=CARTESIAN_POINT('',(0.5,1.5,-6.305));
#11170=CARTESIAN_POINT('',(4.53,1.5,-6.305));
#11171=CARTESIAN_POINT('',(4.53,1.5,-6.305));
#11172=CARTESIAN_POINT('',(4.53,1.5,-6.305));
#11173=CARTESIAN_POINT('',(4.53,-1.5,-6.305));
#11174=CARTESIAN_POINT('',(4.53,-1.5,-6.305));
#11175=CARTESIAN_POINT('',(-4.53,-1.5,-6.305));
#11176=CARTESIAN_POINT('',(-4.53,1.5,-6.305));
#11177=CARTESIAN_POINT('',(-4.53,1.5,-6.305));
#11178=CARTESIAN_POINT('',(4.53,1.5,-6.305));
#11179=CARTESIAN_POINT('',(-0.5,1.5,-6.305));
#11180=CARTESIAN_POINT('',(-0.5,-0.949999999999998,-6.305));
#11181=CARTESIAN_POINT('',(-0.5,-0.949999999999999,-6.305));
#11182=CARTESIAN_POINT('',(0.5,-0.949999999999998,-6.305));
#11183=CARTESIAN_POINT('',(-1.74,0.899999999999997,-6.305));
#11184=CARTESIAN_POINT('',(-1.74,0.899999999999997,-6.305));
#11185=CARTESIAN_POINT('',(-1.74,-0.100000000000002,-6.305));
#11186=CARTESIAN_POINT('',(-3.34,0.899999999999997,-6.305));
#11187=CARTESIAN_POINT('',(-3.34,0.899999999999997,-6.305));
#11188=CARTESIAN_POINT('',(-3.34,-0.100000000000002,-6.305));
#11189=CARTESIAN_POINT('',(-3.34,-0.100000000000003,-6.305));
#11190=CARTESIAN_POINT('',(-1.74,-0.100000000000002,-6.305));
#11191=CARTESIAN_POINT('',(4.53,-0.400000000000001,6.305));
#11192=CARTESIAN_POINT('',(1.74,-0.100000000000001,6.305));
#11193=CARTESIAN_POINT('',(1.74,-0.100000000000001,6.305));
#11194=CARTESIAN_POINT('',(3.34,-0.100000000000001,6.305));
#11195=CARTESIAN_POINT('',(1.74,0.899999999999998,6.305));
#11196=CARTESIAN_POINT('',(1.74,0.899999999999998,6.305));
#11197=CARTESIAN_POINT('',(3.34,0.899999999999998,6.305));
#11198=CARTESIAN_POINT('',(3.34,0.899999999999998,6.305));
#11199=CARTESIAN_POINT('',(3.34,-0.100000000000001,6.305));
#11200=CARTESIAN_POINT('',(-4.53,-0.400000000000001,6.305));
#11201=CARTESIAN_POINT('',(-4.53,-0.400000000000001,6.305));
#11202=CARTESIAN_POINT('',(-4.53,1.5,6.305));
#11203=CARTESIAN_POINT('',(4.53,-0.400000000000001,6.305));
#11204=CARTESIAN_POINT('',(4.53,-0.400000000000001,6.305));
#11205=CARTESIAN_POINT('',(4.53,-0.400000000000001,6.305));
#11206=CARTESIAN_POINT('',(4.53,1.5,6.305));
#11207=CARTESIAN_POINT('',(4.53,1.5,6.305));
#11208=CARTESIAN_POINT('',(-1.74,-0.100000000000001,6.305));
#11209=CARTESIAN_POINT('',(-1.74,-0.100000000000001,6.305));
#11210=CARTESIAN_POINT('',(-1.74,0.899999999999998,6.305));
#11211=CARTESIAN_POINT('',(-3.34,-0.100000000000001,6.305));
#11212=CARTESIAN_POINT('',(-3.34,-0.100000000000001,6.305));
#11213=CARTESIAN_POINT('',(-3.34,0.899999999999998,6.305));
#11214=CARTESIAN_POINT('',(-3.34,0.899999999999998,6.305));
#11215=CARTESIAN_POINT('',(-1.74,0.899999999999998,6.305));
#11216=CARTESIAN_POINT('',(-3.84,1.,-2.16840434497101E-16));
#11217=CARTESIAN_POINT('',(-3.66716306259323,2.49378600194483,-4.06931160727652));
#11218=CARTESIAN_POINT('',(-4.12925986918767,-1.5,-5.555));
#11219=CARTESIAN_POINT('',(-3.84,1.,-4.625));
#11220=CARTESIAN_POINT('',(-3.84,1.,-2.16840434497101E-16));
#11221=CARTESIAN_POINT('',(-3.84,1.,-1.425));
#11222=CARTESIAN_POINT('',(-3.9217008260699,0.29388039292026,-0.761247569345044));
#11223=CARTESIAN_POINT('',(-4.12925986918767,-1.5,0.925));
#11224=CARTESIAN_POINT('',(-4.12925986918767,-1.5,-7.89088780566049E-16));
#11225=CARTESIAN_POINT('',(-1.24,0.999999999999999,1.56845057363516E-16));
#11226=CARTESIAN_POINT('',(-1.04697380808343,0.3178598994848,-0.783788305515712));
#11227=CARTESIAN_POINT('',(-1.24,0.999999999999999,-1.425));
#11228=CARTESIAN_POINT('',(-0.532571306939795,-1.5,0.925));
#11229=CARTESIAN_POINT('',(-1.24,0.999999999999999,1.56845057363516E-16));
#11230=CARTESIAN_POINT('',(-1.24,1.,-4.625));
#11231=CARTESIAN_POINT('',(-1.63956476406866,2.41203194042151,-4.0997241181632));
#11232=CARTESIAN_POINT('',(-0.532571306939795,-1.5,-5.555));
#11233=CARTESIAN_POINT('',(-0.532571306939795,-1.5,-4.29039799889266E-16));
#11234=CARTESIAN_POINT('',(-3.84,0.5,0.0250000000000005));
#11235=CARTESIAN_POINT('',(-2.115,-0.574074074074076,1.025));
#11236=CARTESIAN_POINT('',(-2.965,-0.574074074074076,1.025));
#11237=CARTESIAN_POINT('',(-2.115,-0.574074074074076,1.025));
#11238=CARTESIAN_POINT('',(-2.965,-8.36734380640858,8.28080285424248));
#11239=CARTESIAN_POINT('',(-2.965,0.499999999999999,0.0250000000000003));
#11240=CARTESIAN_POINT('',(-3.84,0.5,0.0250000000000005));
#11241=CARTESIAN_POINT('',(-3.84,0.5,0.0250000000000005));
#11242=CARTESIAN_POINT('',(-3.84,0.5,0.0250000000000005));
#11243=CARTESIAN_POINT('',(-3.84,-0.949999999999999,1.375));
#11244=CARTESIAN_POINT('',(-3.84,-0.949999999999999,1.375));
#11245=CARTESIAN_POINT('',(-1.24,-0.949999999999999,1.375));
#11246=CARTESIAN_POINT('',(-1.24,0.5,0.0250000000000005));
#11247=CARTESIAN_POINT('',(-1.24,0.5,0.0250000000000005));
#11248=CARTESIAN_POINT('',(-3.84,0.5,0.0250000000000005));
#11249=CARTESIAN_POINT('',(-2.115,0.5,0.0249999999999981));
#11250=CARTESIAN_POINT('',(-2.115,-7.8686176917589,7.81647164405139));
#11251=CARTESIAN_POINT('',(-3.84,1.5,0.0250000000000007));
#11252=CARTESIAN_POINT('',(-2.965,-15.1227464638068,0.0249999999999987));
#11253=CARTESIAN_POINT('',(-2.965,1.5,0.0250000000000004));
#11254=CARTESIAN_POINT('',(-3.84,1.5,0.0250000000000007));
#11255=CARTESIAN_POINT('',(-3.84,1.5,0.0250000000000007));
#11256=CARTESIAN_POINT('',(-3.84,1.5,0.0250000000000007));
#11257=CARTESIAN_POINT('',(-3.84,1.5,0.0250000000000007));
#11258=CARTESIAN_POINT('',(-3.84,1.5,0.0250000000000007));
#11259=CARTESIAN_POINT('',(-2.115,1.5,0.0250000000000007));
#11260=CARTESIAN_POINT('',(-1.24,1.5,0.0250000000000007));
#11261=CARTESIAN_POINT('',(-2.115,-15.1227464638068,0.0249999999999987));
#11262=CARTESIAN_POINT('',(-1.24,1.5,0.0250000000000007));
#11263=CARTESIAN_POINT('',(4.53,1.5,6.305));
#11264=CARTESIAN_POINT('',(3.84,1.5,-4.625));
#11265=CARTESIAN_POINT('',(3.84,1.5,-4.625));
#11266=CARTESIAN_POINT('',(1.24,1.5,-4.625));
#11267=CARTESIAN_POINT('',(3.84,1.5,-4.625));
#11268=CARTESIAN_POINT('',(3.84,1.5,-1.425));
#11269=CARTESIAN_POINT('',(3.84,1.5,-1.425));
#11270=CARTESIAN_POINT('',(1.24,1.5,-1.425));
#11271=CARTESIAN_POINT('',(1.24,1.5,-4.625));
#11272=CARTESIAN_POINT('',(3.84,1.5,-0.975));
#11273=CARTESIAN_POINT('',(3.84,1.5,-0.975));
#11274=CARTESIAN_POINT('',(3.84,1.5,-0.424999999999999));
#11275=CARTESIAN_POINT('',(3.84,1.5,-0.424999999999999));
#11276=CARTESIAN_POINT('',(1.24,1.5,-0.424999999999999));
#11277=CARTESIAN_POINT('',(1.24,1.5,-0.975));
#11278=CARTESIAN_POINT('',(1.24,1.5,-0.975));
#11279=CARTESIAN_POINT('',(3.84,1.5,-0.975));
#11280=CARTESIAN_POINT('',(3.84,1.5,5.655));
#11281=CARTESIAN_POINT('',(3.84,1.5,0.0250000000000007));
#11282=CARTESIAN_POINT('',(3.84,1.5,5.655));
#11283=CARTESIAN_POINT('',(3.84,1.5,5.655));
#11284=CARTESIAN_POINT('',(1.24,1.5,5.655));
#11285=CARTESIAN_POINT('',(1.24,1.5,5.655));
#11286=CARTESIAN_POINT('',(1.24,1.5,0.0249999999999998));
#11287=CARTESIAN_POINT('',(3.84,1.5,0.0250000000000007));
#11288=CARTESIAN_POINT('',(2.115,1.5,0.0250000000000005));
#11289=CARTESIAN_POINT('',(2.115,1.5,1.025));
#11290=CARTESIAN_POINT('',(2.115,1.5,1.025));
#11291=CARTESIAN_POINT('',(2.965,1.5,1.025));
#11292=CARTESIAN_POINT('',(2.965,1.5,1.025));
#11293=CARTESIAN_POINT('',(2.965,1.5,0.0250000000000007));
#11294=CARTESIAN_POINT('',(2.965,1.5,0.0250000000000007));
#11295=CARTESIAN_POINT('',(3.84,1.5,0.0250000000000007));
#11296=CARTESIAN_POINT('',(0.5,1.5,-6.305));
#11297=CARTESIAN_POINT('',(0.5,1.5,5.655));
#11298=CARTESIAN_POINT('',(0.5,1.5,5.655));
#11299=CARTESIAN_POINT('',(-0.5,1.5,5.655));
#11300=CARTESIAN_POINT('',(-0.5,1.5,-6.305));
#11301=CARTESIAN_POINT('',(-4.53,1.5,6.305));
#11302=CARTESIAN_POINT('',(4.53,1.5,6.305));
#11303=CARTESIAN_POINT('',(-3.84,1.5,5.655));
#11304=CARTESIAN_POINT('',(-3.84,1.5,5.655));
#11305=CARTESIAN_POINT('',(-2.965,1.5,1.025));
#11306=CARTESIAN_POINT('',(-2.965,1.5,1.025));
#11307=CARTESIAN_POINT('',(-2.115,1.5,1.025));
#11308=CARTESIAN_POINT('',(-2.115,1.5,1.025));
#11309=CARTESIAN_POINT('',(-2.115,1.5,0.0250000000000008));
#11310=CARTESIAN_POINT('',(-1.24,1.5,5.655));
#11311=CARTESIAN_POINT('',(-1.24,1.5,5.655));
#11312=CARTESIAN_POINT('',(-3.84,1.5,5.655));
#11313=CARTESIAN_POINT('',(-3.84,1.5,-0.424999999999999));
#11314=CARTESIAN_POINT('',(-3.84,1.5,-0.424999999999999));
#11315=CARTESIAN_POINT('',(-3.84,1.5,-0.975));
#11316=CARTESIAN_POINT('',(-3.84,1.5,-0.975));
#11317=CARTESIAN_POINT('',(-1.24,1.5,-0.975));
#11318=CARTESIAN_POINT('',(-1.24,1.5,-0.424999999999999));
#11319=CARTESIAN_POINT('',(-1.24,1.5,-0.424999999999999));
#11320=CARTESIAN_POINT('',(-3.84,1.5,-0.424999999999999));
#11321=CARTESIAN_POINT('',(-3.84,1.5,-1.425));
#11322=CARTESIAN_POINT('',(-3.84,1.5,-1.425));
#11323=CARTESIAN_POINT('',(-1.24,1.5,-1.425));
#11324=CARTESIAN_POINT('',(-3.84,1.5,-4.625));
#11325=CARTESIAN_POINT('',(-3.84,1.5,-4.625));
#11326=CARTESIAN_POINT('',(-3.84,1.5,-4.625));
#11327=CARTESIAN_POINT('',(-1.24,1.5,-4.625));
#11328=CARTESIAN_POINT('',(-1.24,1.5,-4.625));
#11329=CARTESIAN_POINT('',(4.53,-1.5,-6.305));
#11330=CARTESIAN_POINT('',(3.84,-1.5,0.925));
#11331=CARTESIAN_POINT('',(4.12925986918767,-1.5,0.925));
#11332=CARTESIAN_POINT('',(0.532571306939795,-1.5,0.925));
#11333=CARTESIAN_POINT('',(4.12925986918767,-1.5,-7.89088780566049E-16));
#11334=CARTESIAN_POINT('',(4.12925986918767,-1.5,-5.555));
#11335=CARTESIAN_POINT('',(3.84,-1.5,-5.555));
#11336=CARTESIAN_POINT('',(0.532571306939795,-1.5,-5.555));
#11337=CARTESIAN_POINT('',(0.532571306939795,-1.5,-4.29039799889266E-16));
#11338=CARTESIAN_POINT('',(-4.53,-1.5,-6.305));
#11339=CARTESIAN_POINT('',(-4.53,-1.5,1.375));
#11340=CARTESIAN_POINT('',(4.53,-1.5,-6.305));
#11341=CARTESIAN_POINT('',(4.53,-1.5,1.375));
#11342=CARTESIAN_POINT('',(4.53,-1.5,1.375));
#11343=CARTESIAN_POINT('',(-3.84,-1.5,-5.555));
#11344=CARTESIAN_POINT('',(-3.84,-1.5,0.925));
#11345=CARTESIAN_POINT('',(3.84,0.,0.));
#11346=CARTESIAN_POINT('',(3.84,1.5,-4.625));
#11347=CARTESIAN_POINT('',(3.84,1.,-4.625));
#11348=CARTESIAN_POINT('',(3.84,1.,0.));
#11349=CARTESIAN_POINT('',(3.84,1.,-1.425));
#11350=CARTESIAN_POINT('',(3.84,0.999999999999999,-1.425));
#11351=CARTESIAN_POINT('',(1.24,0.,0.));
#11352=CARTESIAN_POINT('',(1.24,0.999999999999999,-1.425));
#11353=CARTESIAN_POINT('',(1.24,0.999999999999999,-1.425));
#11354=CARTESIAN_POINT('',(1.24,0.999999999999999,1.1999075426717E-16));
#11355=CARTESIAN_POINT('',(1.24,1.,-4.625));
#11356=CARTESIAN_POINT('',(1.24,1.5,-4.625));
#11357=CARTESIAN_POINT('',(3.84,-0.949999999999999,1.375));
#11358=CARTESIAN_POINT('',(3.84,0.5,0.0250000000000005));
#11359=CARTESIAN_POINT('',(3.84,0.5,0.0250000000000005));
#11360=CARTESIAN_POINT('',(2.965,0.5,0.0250000000000005));
#11361=CARTESIAN_POINT('',(2.965,-7.43561938570192,7.41333529013627));
#11362=CARTESIAN_POINT('',(2.965,-0.574074074074075,1.025));
#11363=CARTESIAN_POINT('',(2.965,-0.574074074074076,1.025));
#11364=CARTESIAN_POINT('',(2.115,-0.574074074074078,1.025));
#11365=CARTESIAN_POINT('',(2.115,-7.9343455003516,7.87766650032736));
#11366=CARTESIAN_POINT('',(2.115,0.5,0.0250000000000005));
#11367=CARTESIAN_POINT('',(3.84,0.5,0.0250000000000005));
#11368=CARTESIAN_POINT('',(1.24,0.5,0.0250000000000005));
#11369=CARTESIAN_POINT('',(1.24,-0.949999999999999,1.375));
#11370=CARTESIAN_POINT('',(1.24,-0.949999999999999,1.375));
#11371=CARTESIAN_POINT('',(3.84,-0.949999999999999,1.375));
#11372=CARTESIAN_POINT('',(3.84,-0.949999999999999,1.375));
#11373=CARTESIAN_POINT('',(3.84,-0.949999999999999,1.375));
#11374=CARTESIAN_POINT('',(3.84,0.5,0.0250000000000005));
#11375=CARTESIAN_POINT('',(2.965,-14.3144143110012,0.0249999999999988));
#11376=CARTESIAN_POINT('',(3.84,0.5,0.0250000000000005));
#11377=CARTESIAN_POINT('',(3.84,0.5,0.0250000000000005));
#11378=CARTESIAN_POINT('',(2.115,-14.3144143110012,0.0249999999999988));
#11379=CARTESIAN_POINT('',(1.24,0.5,0.0250000000000005));
#11380=CARTESIAN_POINT('',(4.53,-1.5,1.375));
#11381=CARTESIAN_POINT('',(-4.53,-1.5,1.375));
#11382=CARTESIAN_POINT('',(4.53,-1.5,1.375));
#11383=CARTESIAN_POINT('',(4.53,0.,0.));
#11384=CARTESIAN_POINT('',(-4.53,0.,0.));
#11385=CARTESIAN_POINT('',(0.5,1.5,5.655));
#11386=CARTESIAN_POINT('',(-0.5,1.5,5.655));
#11387=CARTESIAN_POINT('',(-0.5,0.00496957403651197,5.655));
#11388=CARTESIAN_POINT('',(0.5,1.5,5.655));
#11389=CARTESIAN_POINT('',(0.5,0.00496957403651197,5.655));
#11390=CARTESIAN_POINT('',(0.5,0.00496957403651197,5.655));
#11391=CARTESIAN_POINT('',(0.5,0.00496957403651197,5.655));
#11392=CARTESIAN_POINT('',(-0.5,0.00496957403651197,5.655));
#11393=CARTESIAN_POINT('',(-0.5,-0.949999999999999,1.375));
#11394=CARTESIAN_POINT('',(0.5,0.00496957403651197,5.655));
#11395=CARTESIAN_POINT('',(0.5,-0.949999999999999,1.375));
#11396=CARTESIAN_POINT('',(0.5,-0.949999999999999,1.375));
#11397=CARTESIAN_POINT('',(0.5,-0.949999999999999,1.375));
#11398=CARTESIAN_POINT('',(-0.5,-0.949999999999999,1.375));
#11399=CARTESIAN_POINT('',(0.5,-0.949999999999999,1.375));
#11400=CARTESIAN_POINT('',(0.5,0.,0.));
#11401=CARTESIAN_POINT('',(-0.5,0.,0.));
#11402=CARTESIAN_POINT('',(3.84,-0.949999999999999,1.375));
#11403=CARTESIAN_POINT('',(1.24,-0.949999999999999,1.375));
#11404=CARTESIAN_POINT('',(1.24,0.00496957403651197,5.655));
#11405=CARTESIAN_POINT('',(3.84,0.00496957403651197,5.655));
#11406=CARTESIAN_POINT('',(3.84,0.00496957403651197,5.655));
#11407=CARTESIAN_POINT('',(3.84,-0.949999999999999,1.375));
#11408=CARTESIAN_POINT('',(3.84,0.00496957403651197,5.655));
#11409=CARTESIAN_POINT('',(1.24,0.00496957403651197,5.655));
#11410=CARTESIAN_POINT('',(3.84,0.00496957403651197,5.655));
#11411=CARTESIAN_POINT('',(3.84,0.,0.));
#11412=CARTESIAN_POINT('',(1.24,0.,0.));
#11413=CARTESIAN_POINT('',(3.84,0.999999999999999,-0.975));
#11414=CARTESIAN_POINT('',(1.24,0.999999999999999,-0.975));
#11415=CARTESIAN_POINT('',(1.24,0.999999999999999,-0.975));
#11416=CARTESIAN_POINT('',(3.84,0.999999999999999,-0.975));
#11417=CARTESIAN_POINT('',(3.84,0.999999999999999,-0.975));
#11418=CARTESIAN_POINT('',(3.84,0.999999999999999,-0.975));
#11419=CARTESIAN_POINT('',(3.84,1.5,-0.424999999999999));
#11420=CARTESIAN_POINT('',(1.24,1.5,-0.424999999999999));
#11421=CARTESIAN_POINT('',(1.24,0.999999999999999,-0.425));
#11422=CARTESIAN_POINT('',(3.84,1.5,-0.424999999999999));
#11423=CARTESIAN_POINT('',(3.84,0.999999999999999,-0.425));
#11424=CARTESIAN_POINT('',(3.84,0.999999999999999,-0.425));
#11425=CARTESIAN_POINT('',(3.84,0.999999999999999,-0.425));
#11426=CARTESIAN_POINT('',(1.24,0.999999999999999,-0.425));
#11427=CARTESIAN_POINT('',(3.84,0.999999999999999,-0.425));
#11428=CARTESIAN_POINT('',(3.84,0.,0.));
#11429=CARTESIAN_POINT('',(1.24,0.,0.));
#11430=CARTESIAN_POINT('',(3.84,1.5,-4.625));
#11431=CARTESIAN_POINT('',(3.84,0.999999999999999,-4.625));
#11432=CARTESIAN_POINT('',(3.84,-1.5,-5.555));
#11433=CARTESIAN_POINT('',(1.63956476406866,2.41203194042151,-4.0997241181632));
#11434=CARTESIAN_POINT('',(3.66716306259323,2.49378600194483,-4.06931160727652));
#11435=CARTESIAN_POINT('',(3.84,0.999999999999999,-1.425));
#11436=CARTESIAN_POINT('',(1.04697380808343,0.3178598994848,-0.783788305515712));
#11437=CARTESIAN_POINT('',(3.84,0.999999999999999,-1.425));
#11438=CARTESIAN_POINT('',(3.9217008260699,0.29388039292026,-0.761247569345044));
#11439=CARTESIAN_POINT('',(3.84,0.999999999999999,-1.425));
#11440=CARTESIAN_POINT('',(3.84,1.,-2.16840434497101E-16));
#11441=CARTESIAN_POINT('',(1.24,0.999999999999999,1.56845057363516E-16));
#11442=CARTESIAN_POINT('',(2.965,-14.3144143110012,0.0249999999999988));
#11443=CARTESIAN_POINT('',(2.965,-14.3144143110012,1.025));
#11444=CARTESIAN_POINT('',(2.965,-14.3144143110012,1.025));
#11445=CARTESIAN_POINT('',(2.115,-14.3144143110012,1.025));
#11446=CARTESIAN_POINT('',(2.115,-14.3144143110012,1.025));
#11447=CARTESIAN_POINT('',(1.74,0.899999999999998,6.805));
#11448=CARTESIAN_POINT('',(1.74,0.399999999999999,6.805));
#11449=CARTESIAN_POINT('',(1.74,0.399999999999999,6.805));
#11450=CARTESIAN_POINT('',(1.74,0.899999999999998,6.805));
#11451=CARTESIAN_POINT('',(1.74,0.899999999999998,6.805));
#11452=CARTESIAN_POINT('',(1.74,0.899999999999998,6.805));
#11453=CARTESIAN_POINT('',(3.34,-0.100000000000001,6.805));
#11454=CARTESIAN_POINT('',(3.34,-0.100000000000001,6.805));
#11455=CARTESIAN_POINT('',(3.34,0.399999999999999,6.805));
#11456=CARTESIAN_POINT('',(3.34,0.899999999999998,6.805));
#11457=CARTESIAN_POINT('',(3.34,0.399999999999999,6.805));
#11458=CARTESIAN_POINT('',(3.34,0.899999999999998,6.805));
#11459=CARTESIAN_POINT('',(3.34,0.899999999999998,6.805));
#11460=CARTESIAN_POINT('',(3.34,0.899999999999998,6.805));
#11461=CARTESIAN_POINT('',(0.,0.,6.805));
#11462=CARTESIAN_POINT('',(3.34,0.399999999999999,6.805));
#11463=CARTESIAN_POINT('',(1.74,-0.100000000000002,-6.805));
#11464=CARTESIAN_POINT('',(1.74,-0.100000000000002,-6.805));
#11465=CARTESIAN_POINT('',(1.74,0.399999999999998,-6.805));
#11466=CARTESIAN_POINT('',(1.74,0.899999999999997,-6.805));
#11467=CARTESIAN_POINT('',(1.74,0.399999999999998,-6.805));
#11468=CARTESIAN_POINT('',(1.74,0.899999999999997,-6.805));
#11469=CARTESIAN_POINT('',(1.74,0.899999999999997,-6.805));
#11470=CARTESIAN_POINT('',(3.34,0.899999999999997,-6.805));
#11471=CARTESIAN_POINT('',(3.34,0.899999999999997,-6.805));
#11472=CARTESIAN_POINT('',(1.74,0.899999999999997,-6.805));
#11473=CARTESIAN_POINT('',(3.34,0.899999999999997,-6.805));
#11474=CARTESIAN_POINT('',(3.34,0.399999999999998,-6.805));
#11475=CARTESIAN_POINT('',(3.34,0.399999999999998,-6.805));
#11476=CARTESIAN_POINT('',(3.34,0.899999999999997,-6.805));
#11477=CARTESIAN_POINT('',(0.,0.,-6.805));
#11478=CARTESIAN_POINT('',(1.74,0.399999999999998,-6.805));
#11479=CARTESIAN_POINT('',(4.74338450462406E-17,0.399999999999998,-6.805));
#11480=CARTESIAN_POINT('',(0.,0.399999999999999,6.805));
#11481=CARTESIAN_POINT('',(-3.84,-0.949999999999999,1.375));
#11482=CARTESIAN_POINT('',(-1.24,-0.949999999999999,1.375));
#11483=CARTESIAN_POINT('',(-1.24,0.00496957403651197,5.655));
#11484=CARTESIAN_POINT('',(-3.84,-0.949999999999999,1.375));
#11485=CARTESIAN_POINT('',(-3.84,0.00496957403651197,5.655));
#11486=CARTESIAN_POINT('',(-3.84,0.00496957403651197,5.655));
#11487=CARTESIAN_POINT('',(-3.84,0.00496957403651197,5.655));
#11488=CARTESIAN_POINT('',(-1.24,0.00496957403651197,5.655));
#11489=CARTESIAN_POINT('',(-3.84,0.00496957403651197,5.655));
#11490=CARTESIAN_POINT('',(-3.84,0.,0.));
#11491=CARTESIAN_POINT('',(-1.24,0.,0.));
#11492=CARTESIAN_POINT('',(-3.84,1.5,-0.975));
#11493=CARTESIAN_POINT('',(-1.24,1.5,-0.975));
#11494=CARTESIAN_POINT('',(-1.24,0.999999999999999,-0.975));
#11495=CARTESIAN_POINT('',(-3.84,1.5,-0.975));
#11496=CARTESIAN_POINT('',(-3.84,0.999999999999999,-0.975));
#11497=CARTESIAN_POINT('',(-3.84,0.999999999999999,-0.975));
#11498=CARTESIAN_POINT('',(-3.84,0.999999999999999,-0.975));
#11499=CARTESIAN_POINT('',(-1.24,0.999999999999999,-0.975));
#11500=CARTESIAN_POINT('',(-1.24,0.999999999999999,-0.425));
#11501=CARTESIAN_POINT('',(-3.84,0.999999999999999,-0.975));
#11502=CARTESIAN_POINT('',(-3.84,0.999999999999999,-0.425));
#11503=CARTESIAN_POINT('',(-3.84,0.999999999999999,-0.425));
#11504=CARTESIAN_POINT('',(-3.84,0.999999999999999,-0.425));
#11505=CARTESIAN_POINT('',(-1.24,0.999999999999999,-0.425));
#11506=CARTESIAN_POINT('',(-3.84,0.999999999999999,-0.425));
#11507=CARTESIAN_POINT('',(-3.84,0.,0.));
#11508=CARTESIAN_POINT('',(-1.24,0.,0.));
#11509=CARTESIAN_POINT('',(-3.84,0.999999999999999,-4.625));
#11510=CARTESIAN_POINT('',(-1.24,0.999999999999999,-4.625));
#11511=CARTESIAN_POINT('',(-3.84,0.999999999999999,-4.625));
#11512=CARTESIAN_POINT('',(-3.84,0.999999999999999,-4.625));
#11513=CARTESIAN_POINT('',(-3.84,1.5,-1.425));
#11514=CARTESIAN_POINT('',(-1.24,1.5,-1.425));
#11515=CARTESIAN_POINT('',(-3.84,0.999999999999999,-1.425));
#11516=CARTESIAN_POINT('',(-3.84,1.5,-1.425));
#11517=CARTESIAN_POINT('',(-3.84,0.999999999999999,-1.425));
#11518=CARTESIAN_POINT('',(-3.84,-1.5,-5.555));
#11519=CARTESIAN_POINT('',(-3.84,0.,0.));
#11520=CARTESIAN_POINT('',(-1.24,0.,0.));
#11521=CARTESIAN_POINT('',(-2.965,-15.1227464638068,1.025));
#11522=CARTESIAN_POINT('',(-2.965,-15.1227464638068,1.025));
#11523=CARTESIAN_POINT('',(-2.115,-15.1227464638068,0.0249999999999988));
#11524=CARTESIAN_POINT('',(-2.115,-15.1227464638068,1.025));
#11525=CARTESIAN_POINT('',(-2.115,-15.1227464638068,1.025));
#11526=CARTESIAN_POINT('',(-1.74,-0.100000000000001,6.805));
#11527=CARTESIAN_POINT('',(-1.74,-0.100000000000001,6.805));
#11528=CARTESIAN_POINT('',(-1.74,0.399999999999999,6.805));
#11529=CARTESIAN_POINT('',(-1.74,0.899999999999998,6.805));
#11530=CARTESIAN_POINT('',(-1.74,0.399999999999999,6.805));
#11531=CARTESIAN_POINT('',(-1.74,0.899999999999998,6.805));
#11532=CARTESIAN_POINT('',(-1.74,0.899999999999998,6.805));
#11533=CARTESIAN_POINT('',(-3.34,0.899999999999998,6.805));
#11534=CARTESIAN_POINT('',(-3.34,0.899999999999998,6.805));
#11535=CARTESIAN_POINT('',(-1.74,0.899999999999998,6.805));
#11536=CARTESIAN_POINT('',(-3.34,0.899999999999998,6.805));
#11537=CARTESIAN_POINT('',(-3.34,0.399999999999999,6.805));
#11538=CARTESIAN_POINT('',(-3.34,0.399999999999999,6.805));
#11539=CARTESIAN_POINT('',(-3.34,0.899999999999998,6.805));
#11540=CARTESIAN_POINT('',(0.,0.,6.805));
#11541=CARTESIAN_POINT('',(-1.74,0.399999999999999,6.805));
#11542=CARTESIAN_POINT('',(-3.34,0.899999999999997,-6.805));
#11543=CARTESIAN_POINT('',(-1.74,0.899999999999997,-6.805));
#11544=CARTESIAN_POINT('',(-1.74,0.899999999999997,-6.805));
#11545=CARTESIAN_POINT('',(-3.34,0.899999999999997,-6.805));
#11546=CARTESIAN_POINT('',(-3.34,0.899999999999997,-6.805));
#11547=CARTESIAN_POINT('',(-3.34,0.899999999999997,-6.805));
#11548=CARTESIAN_POINT('',(-1.74,0.899999999999997,-6.805));
#11549=CARTESIAN_POINT('',(-1.74,0.399999999999998,-6.805));
#11550=CARTESIAN_POINT('',(-1.74,0.399999999999998,-6.805));
#11551=CARTESIAN_POINT('',(-1.74,0.899999999999997,-6.805));
#11552=CARTESIAN_POINT('',(-3.34,-0.100000000000002,-6.805));
#11553=CARTESIAN_POINT('',(-3.34,-0.100000000000002,-6.805));
#11554=CARTESIAN_POINT('',(-3.34,0.399999999999998,-6.805));
#11555=CARTESIAN_POINT('',(-3.34,0.399999999999998,-6.805));
#11556=CARTESIAN_POINT('',(0.,0.,-6.805));
#11557=CARTESIAN_POINT('',(-3.34,0.399999999999998,-6.805));
#11558=CARTESIAN_POINT('',(-4.74338450462406E-17,0.399999999999998,-6.805));
#11559=CARTESIAN_POINT('',(0.,0.399999999999999,6.805));
#11560=CARTESIAN_POINT('',(1.10453096321961E-15,-2.95,3.095));
#11561=MECHANICAL_DESIGN_GEOMETRIC_PRESENTATION_REPRESENTATION('',(#6931,
#6932,#6933,#6934,#6935,#6936,#6937,#6938,#6939,#6940,#6941,#6942,#6943,
#6944,#6945,#6946,#6947,#6948,#6949,#6950,#6951,#6952,#6953,#6954,#6955,
#6956,#6957,#6958,#6959,#6960,#6961,#6962),#11562);
#11562=(
GEOMETRIC_REPRESENTATION_CONTEXT(3)
GLOBAL_UNCERTAINTY_ASSIGNED_CONTEXT((#11568))
GLOBAL_UNIT_ASSIGNED_CONTEXT((#11576,#11575,#11574))
REPRESENTATION_CONTEXT('6913515000xx','TOP_LEVEL_ASSEMBLY_PART')
);
#11563=(
GEOMETRIC_REPRESENTATION_CONTEXT(3)
GLOBAL_UNCERTAINTY_ASSIGNED_CONTEXT((#11569))
GLOBAL_UNIT_ASSIGNED_CONTEXT((#11576,#11575,#11574))
REPRESENTATION_CONTEXT('691351500002','COMPONENT_PART')
);
#11564=(
GEOMETRIC_REPRESENTATION_CONTEXT(3)
GLOBAL_UNCERTAINTY_ASSIGNED_CONTEXT((#11570))
GLOBAL_UNIT_ASSIGNED_CONTEXT((#11576,#11575,#11574))
REPRESENTATION_CONTEXT('6913515000xx_CAGE','COMPONENT_PART')
);
#11565=(
GEOMETRIC_REPRESENTATION_CONTEXT(3)
GLOBAL_UNCERTAINTY_ASSIGNED_CONTEXT((#11571))
GLOBAL_UNIT_ASSIGNED_CONTEXT((#11576,#11575,#11574))
REPRESENTATION_CONTEXT('6913515000xx_PIN','COMPONENT_PART')
);
#11566=(
GEOMETRIC_REPRESENTATION_CONTEXT(3)
GLOBAL_UNCERTAINTY_ASSIGNED_CONTEXT((#11572))
GLOBAL_UNIT_ASSIGNED_CONTEXT((#11576,#11575,#11574))
REPRESENTATION_CONTEXT('6913515000xx_VIS','COMPONENT_PART')
);
#11567=(
GEOMETRIC_REPRESENTATION_CONTEXT(3)
GLOBAL_UNCERTAINTY_ASSIGNED_CONTEXT((#11573))
GLOBAL_UNIT_ASSIGNED_CONTEXT((#11576,#11575,#11574))
REPRESENTATION_CONTEXT('691351500002_CAPOT','COMPONENT_PART')
);
#11568=UNCERTAINTY_MEASURE_WITH_UNIT(LENGTH_MEASURE(0.005),#11576,
'DISTANCE_ACCURACY_VALUE','Maximum Tolerance applied to model');
#11569=UNCERTAINTY_MEASURE_WITH_UNIT(LENGTH_MEASURE(0.005),#11576,
'DISTANCE_ACCURACY_VALUE','Maximum Tolerance applied to model');
#11570=UNCERTAINTY_MEASURE_WITH_UNIT(LENGTH_MEASURE(0.005),#11576,
'DISTANCE_ACCURACY_VALUE','Maximum Tolerance applied to model');
#11571=UNCERTAINTY_MEASURE_WITH_UNIT(LENGTH_MEASURE(0.005),#11576,
'DISTANCE_ACCURACY_VALUE','Maximum Tolerance applied to model');
#11572=UNCERTAINTY_MEASURE_WITH_UNIT(LENGTH_MEASURE(0.005),#11576,
'DISTANCE_ACCURACY_VALUE','Maximum Tolerance applied to model');
#11573=UNCERTAINTY_MEASURE_WITH_UNIT(LENGTH_MEASURE(0.005),#11576,
'DISTANCE_ACCURACY_VALUE','Maximum Tolerance applied to model');
#11574=(
NAMED_UNIT(*)
SI_UNIT($,.STERADIAN.)
SOLID_ANGLE_UNIT()
);
#11575=(
NAMED_UNIT(*)
PLANE_ANGLE_UNIT()
SI_UNIT($,.RADIAN.)
);
#11576=(
LENGTH_UNIT()
NAMED_UNIT(*)
SI_UNIT(.MILLI.,.METRE.)
);
#11577=PRODUCT_DEFINITION_SHAPE('','',#11591);
#11578=PRODUCT_DEFINITION_SHAPE('','',#11592);
#11579=PRODUCT_DEFINITION_SHAPE(' ','NAUO PRDDFN',#49);
#11580=PRODUCT_DEFINITION_SHAPE('','',#11593);
#11581=PRODUCT_DEFINITION_SHAPE(' ','NAUO PRDDFN',#50);
#11582=PRODUCT_DEFINITION_SHAPE('','',#11594);
#11583=PRODUCT_DEFINITION_SHAPE(' ','NAUO PRDDFN',#51);
#11584=PRODUCT_DEFINITION_SHAPE('','',#11595);
#11585=PRODUCT_DEFINITION_SHAPE(' ','NAUO PRDDFN',#52);
#11586=PRODUCT_DEFINITION_SHAPE(' ','NAUO PRDDFN',#53);
#11587=PRODUCT_DEFINITION_SHAPE(' ','NAUO PRDDFN',#54);
#11588=PRODUCT_DEFINITION_SHAPE(' ','NAUO PRDDFN',#55);
#11589=PRODUCT_DEFINITION_SHAPE('','',#11596);
#11590=PRODUCT_DEFINITION_SHAPE(' ','NAUO PRDDFN',#56);
#11591=PRODUCT_DEFINITION('','',#11603,#11597);
#11592=PRODUCT_DEFINITION('','',#11604,#11598);
#11593=PRODUCT_DEFINITION('','',#11605,#11599);
#11594=PRODUCT_DEFINITION('','',#11606,#11600);
#11595=PRODUCT_DEFINITION('','',#11607,#11601);
#11596=PRODUCT_DEFINITION('','',#11608,#11602);
#11597=PRODUCT_DEFINITION_CONTEXT('',#11634,'design');
#11598=PRODUCT_DEFINITION_CONTEXT('',#11634,'design');
#11599=PRODUCT_DEFINITION_CONTEXT('',#11634,'design');
#11600=PRODUCT_DEFINITION_CONTEXT('',#11634,'design');
#11601=PRODUCT_DEFINITION_CONTEXT('',#11634,'design');
#11602=PRODUCT_DEFINITION_CONTEXT('',#11634,'design');
#11603=PRODUCT_DEFINITION_FORMATION_WITH_SPECIFIED_SOURCE('','',#11615,
 .NOT_KNOWN.);
#11604=PRODUCT_DEFINITION_FORMATION_WITH_SPECIFIED_SOURCE('','',#11616,
 .NOT_KNOWN.);
#11605=PRODUCT_DEFINITION_FORMATION_WITH_SPECIFIED_SOURCE('','',#11617,
 .NOT_KNOWN.);
#11606=PRODUCT_DEFINITION_FORMATION_WITH_SPECIFIED_SOURCE('','',#11618,
 .NOT_KNOWN.);
#11607=PRODUCT_DEFINITION_FORMATION_WITH_SPECIFIED_SOURCE('','',#11619,
 .NOT_KNOWN.);
#11608=PRODUCT_DEFINITION_FORMATION_WITH_SPECIFIED_SOURCE('','',#11620,
 .NOT_KNOWN.);
#11609=PRODUCT_RELATED_PRODUCT_CATEGORY('','',(#11615));
#11610=PRODUCT_RELATED_PRODUCT_CATEGORY('','',(#11616));
#11611=PRODUCT_RELATED_PRODUCT_CATEGORY('','',(#11617));
#11612=PRODUCT_RELATED_PRODUCT_CATEGORY('','',(#11618));
#11613=PRODUCT_RELATED_PRODUCT_CATEGORY('','',(#11619));
#11614=PRODUCT_RELATED_PRODUCT_CATEGORY('','',(#11620));
#11615=PRODUCT('6913515000xx','6913515000xx','6913515000xx',(#11627));
#11616=PRODUCT('691351500002','691351500002','691351500002',(#11628));
#11617=PRODUCT('6913515000xx_CAGE','6913515000xx_CAGE',
'6913515000xx_CAGE',(#11629));
#11618=PRODUCT('6913515000xx_PIN','6913515000xx_PIN','6913515000xx_PIN',
(#11630));
#11619=PRODUCT('6913515000xx_VIS','6913515000xx_VIS','6913515000xx_VIS',
(#11631));
#11620=PRODUCT('691351500002_CAPOT','691351500002_CAPOT',
'691351500002_CAPOT',(#11632));
#11621=PRODUCT_CATEGORY('','');
#11622=PRODUCT_CATEGORY('','');
#11623=PRODUCT_CATEGORY('','');
#11624=PRODUCT_CATEGORY('','');
#11625=PRODUCT_CATEGORY('','');
#11626=PRODUCT_CATEGORY('','');
#11627=PRODUCT_CONTEXT('',#11634,'mechanical');
#11628=PRODUCT_CONTEXT('',#11634,'mechanical');
#11629=PRODUCT_CONTEXT('',#11634,'mechanical');
#11630=PRODUCT_CONTEXT('',#11634,'mechanical');
#11631=PRODUCT_CONTEXT('',#11634,'mechanical');
#11632=PRODUCT_CONTEXT('',#11634,'mechanical');
#11633=APPLICATION_PROTOCOL_DEFINITION('international standard',
'automotive_design',2010,#11634);
#11634=APPLICATION_CONTEXT(
'core data for automotive mechanical design processes');
ENDSEC;
END-ISO-10303-21;
